ISO-10303-21;
HEADER;
/* Generated by software containing ST-Developer
 * from STEP Tools, Inc. (www.steptools.com) 
 */

FILE_DESCRIPTION(
/* description */ ('KiCad electronic assembly'),
/* implementation_level */ '2;1');

FILE_NAME(
/* name */ 'Main_PCB.step',
/* time_stamp */ '2026-08-29T23:05:09-05:00',
/* author */ (''),
/* organization */ (''),
/* preprocessor_version */ 'ST-DEVELOPER v20.1',
/* originating_system */ 'Autodesk Translation Framework v15.8.0.0',
/* authorisation */ '');

FILE_SCHEMA (('AUTOMOTIVE_DESIGN { 1 0 10303 214 3 1 1 }'));
ENDSEC;

DATA;
#10=MECHANICAL_DESIGN_GEOMETRIC_PRESENTATION_REPRESENTATION('',(#10207,
#10208,#10209,#10210,#10211,#10212,#10213,#10214,#10215,#10216,#10217,#10218,
#10219,#10220,#10221,#10222,#10223,#10224,#10225,#10226,#10227,#10228,#10229,
#10230,#10231,#10232,#10233,#10234,#10235,#10236,#10237,#10238,#10239,#10240,
#10241,#10242,#10243,#10244,#10245,#10246,#10247,#10248,#10249,#10250,#10251,
#10252,#10253,#10254,#10255,#10256,#10257,#10258,#10259,#10260,#10261,#10262,
#10263,#10264,#10265,#10266,#10267,#10268,#10269,#10270,#10271,#10272,#10273,
#10274,#10275,#10276,#10277,#10278,#10279,#10280,#10281,#10282,#10283,#10284,
#10285,#10286,#10287,#10288,#10289,#10290,#10291,#10292,#10293,#10294,#10295,
#10296,#10297,#10298,#10299,#10300,#10301,#10302,#10303,#10304,#10305,#10306,
#10307,#10308,#10309,#10310,#10311,#10312,#10313,#10314,#10315,#10316,#10317,
#10318,#10319,#10320,#10321,#10322,#10323,#10324,#10325,#10326,#10327,#10328,
#10329,#10330,#10331,#10332,#10333,#10334,#10335,#10336,#10337,#10338,#10339,
#10340,#10341,#10342,#10343,#10344,#10345,#10346,#10347,#10348,#10349,#10350,
#10351,#10352,#10353,#10354,#10355,#10356,#10357,#10358,#10359,#10360,#10361,
#10362,#10363,#10364,#10365,#10366,#10367,#10368,#10369,#10370,#10371,#10372,
#10373,#10374,#10375,#10376,#10377,#10378,#10379,#10380,#10381,#10382,#10383,
#10384,#10385,#10386,#10387,#10388,#10389,#10390,#10391,#10392,#10393,#10394,
#10395,#10396,#10397,#10398,#10399,#10400,#10401,#10402,#10403,#10404,#10405,
#10406,#10407,#10408,#10409,#10410,#10411,#10412,#10413,#10414,#10415,#10416,
#10417,#10418,#10419,#10420,#10421,#10422,#10423,#10424,#10425,#10426,#10427,
#10428,#10429,#10430,#10431,#10432,#10433,#10434,#10435,#10436,#10437,#10438,
#10439,#10440,#10441,#10442,#10443,#10444,#10445,#10446,#10447,#10448,#10449,
#10450,#10451,#10452,#10453,#10454,#10455,#10456,#10457,#10458,#10459,#10460,
#10461,#10462,#10463,#10464,#10465,#10466,#10467,#10468,#10469,#10470,#10471,
#10472,#10473,#10474,#10475,#10476,#10477,#10478,#10479,#10480,#10481,#10482,
#10483,#10484,#10485,#10486,#10487,#10488,#10489,#10490,#10491,#10492,#10493,
#10494,#10495,#10496,#10497,#10498,#10499,#10500,#10501,#10502,#10503,#10504,
#10505,#10506,#10507,#10508,#10509,#10510,#10511,#10512,#10513,#10514,#10515,
#10516,#10517,#10518,#10519,#10520,#10521,#10522,#10523,#10524,#10525,#10526,
#10527,#10528,#10529,#10530,#10531,#10532,#10533,#10534,#10535,#10536,#10537,
#10538,#10539,#10540,#10541,#10542,#10543,#10544,#10545,#10546,#10547,#10548,
#10549,#10550,#10551,#10552,#10553,#10554,#10555,#10556,#10557,#10558,#10559,
#10560,#10561,#10562,#10563,#10564,#10565,#10566,#10567,#10568,#10569,#10570,
#10571,#10572,#10573,#10574,#10575,#10576,#10577,#10578,#10579,#10580,#10581,
#10582,#10583,#10584,#10585,#10586,#10587,#10588,#10589,#10590,#10591,#10592,
#10593,#10594,#10595,#10596,#10597,#10598,#10599,#10600,#10601,#10602,#10603,
#10604,#10605,#10606,#10607,#10608,#10609,#10610,#10611,#10612,#10613,#10614,
#10615,#10616,#10617,#10618,#10619,#10620,#10621,#10622,#10623,#10624,#10625,
#10626,#10627,#10628,#10629,#10630,#10631,#10632,#10633,#10634),#18068);
#11=(
BOUNDED_SURFACE()
B_SPLINE_SURFACE(2,2,((#17087,#17088,#17089),(#17090,#17091,#17092),(#17093,
#17094,#17095)),.UNSPECIFIED.,.F.,.F.,.F.)
B_SPLINE_SURFACE_WITH_KNOTS((3,3),(3,3),(0.,1.5707963267949),(-1.5707963267949,
0.),.UNSPECIFIED.)
GEOMETRIC_REPRESENTATION_ITEM()
RATIONAL_B_SPLINE_SURFACE(((1.,0.707106781186548,1.),(0.707106781186544,
0.499999999999998,0.707106781186544),(1.,0.707106781186548,1.)))
REPRESENTATION_ITEM('')
SURFACE()
);
#12=(
BOUNDED_SURFACE()
B_SPLINE_SURFACE(2,2,((#17099,#17100,#17101),(#17102,#17103,#17104),(#17105,
#17106,#17107)),.UNSPECIFIED.,.F.,.F.,.F.)
B_SPLINE_SURFACE_WITH_KNOTS((3,3),(3,3),(0.,1.5707963267949),(-1.5707963267949,
-1.044915787883E-15),.UNSPECIFIED.)
GEOMETRIC_REPRESENTATION_ITEM()
RATIONAL_B_SPLINE_SURFACE(((1.,0.707106781186548,1.),(0.707106781186544,
0.499999999999998,0.707106781186544),(1.,0.707106781186548,1.)))
REPRESENTATION_ITEM('')
SURFACE()
);
#13=(
BOUNDED_SURFACE()
B_SPLINE_SURFACE(2,2,((#17119,#17120,#17121),(#17122,#17123,#17124),(#17125,
#17126,#17127)),.UNSPECIFIED.,.F.,.F.,.F.)
B_SPLINE_SURFACE_WITH_KNOTS((3,3),(3,3),(0.,1.5707963267949),(-1.57079632679489,
2.089831575765E-15),.UNSPECIFIED.)
GEOMETRIC_REPRESENTATION_ITEM()
RATIONAL_B_SPLINE_SURFACE(((1.,0.707106781186548,1.),(0.707106781186536,
0.499999999999992,0.707106781186536),(1.,0.707106781186548,1.)))
REPRESENTATION_ITEM('')
SURFACE()
);
#14=(
BOUNDED_SURFACE()
B_SPLINE_SURFACE(2,2,((#17131,#17132,#17133),(#17134,#17135,#17136),(#17137,
#17138,#17139)),.UNSPECIFIED.,.F.,.F.,.F.)
B_SPLINE_SURFACE_WITH_KNOTS((3,3),(3,3),(0.,1.5707963267949),(-1.5707963267949,
1.044915787883E-15),.UNSPECIFIED.)
GEOMETRIC_REPRESENTATION_ITEM()
RATIONAL_B_SPLINE_SURFACE(((1.,0.707106781186547,1.),(0.70710678118654,
0.499999999999995,0.70710678118654),(1.,0.707106781186547,1.)))
REPRESENTATION_ITEM('')
SURFACE()
);
#15=CYLINDRICAL_SURFACE('',#11680,0.25);
#16=CYLINDRICAL_SURFACE('',#11691,0.425);
#17=CYLINDRICAL_SURFACE('',#11693,0.425);
#18=CYLINDRICAL_SURFACE('',#11697,0.425);
#19=CYLINDRICAL_SURFACE('',#11699,0.425);
#20=CYLINDRICAL_SURFACE('',#11702,0.25);
#21=CYLINDRICAL_SURFACE('',#11704,0.25);
#22=CYLINDRICAL_SURFACE('',#11706,0.2125);
#23=CYLINDRICAL_SURFACE('',#11713,0.2125);
#24=CYLINDRICAL_SURFACE('',#11715,0.2125);
#25=CYLINDRICAL_SURFACE('',#11721,0.2125);
#26=CYLINDRICAL_SURFACE('',#12015,1.05);
#27=CYLINDRICAL_SURFACE('',#12016,0.5);
#28=CYLINDRICAL_SURFACE('',#12017,0.5);
#29=CYLINDRICAL_SURFACE('',#12018,0.5);
#30=CYLINDRICAL_SURFACE('',#12019,0.5);
#31=CYLINDRICAL_SURFACE('',#12020,0.5);
#32=CYLINDRICAL_SURFACE('',#12021,1.05);
#33=CYLINDRICAL_SURFACE('',#12022,0.5);
#34=CYLINDRICAL_SURFACE('',#12023,0.66);
#35=CYLINDRICAL_SURFACE('',#12024,0.66);
#36=CYLINDRICAL_SURFACE('',#12025,0.66);
#37=CYLINDRICAL_SURFACE('',#12026,0.66);
#38=CYLINDRICAL_SURFACE('',#12027,0.66);
#39=CYLINDRICAL_SURFACE('',#12028,0.66);
#40=CYLINDRICAL_SURFACE('',#12029,0.66);
#41=CYLINDRICAL_SURFACE('',#12030,0.66);
#42=CYLINDRICAL_SURFACE('',#12031,0.5);
#43=CYLINDRICAL_SURFACE('',#12032,0.5);
#44=CYLINDRICAL_SURFACE('',#12033,1.5);
#45=CYLINDRICAL_SURFACE('',#12034,0.66);
#46=CYLINDRICAL_SURFACE('',#12035,0.66);
#47=CYLINDRICAL_SURFACE('',#12036,0.66);
#48=CYLINDRICAL_SURFACE('',#12037,0.66);
#49=CYLINDRICAL_SURFACE('',#12038,0.66);
#50=CYLINDRICAL_SURFACE('',#12039,0.66);
#51=CYLINDRICAL_SURFACE('',#12040,0.66);
#52=CYLINDRICAL_SURFACE('',#12041,0.66);
#53=CYLINDRICAL_SURFACE('',#12042,1.05);
#54=CYLINDRICAL_SURFACE('',#12043,0.51);
#55=CYLINDRICAL_SURFACE('',#12044,0.51);
#56=CYLINDRICAL_SURFACE('',#12045,0.51);
#57=CYLINDRICAL_SURFACE('',#12046,0.51);
#58=CYLINDRICAL_SURFACE('',#12047,0.51);
#59=CYLINDRICAL_SURFACE('',#12048,0.51);
#60=CYLINDRICAL_SURFACE('',#12049,0.51);
#61=CYLINDRICAL_SURFACE('',#12050,0.51);
#62=CYLINDRICAL_SURFACE('',#12051,0.51);
#63=CYLINDRICAL_SURFACE('',#12052,0.51);
#64=CYLINDRICAL_SURFACE('',#12053,0.51);
#65=CYLINDRICAL_SURFACE('',#12054,1.5);
#66=CYLINDRICAL_SURFACE('',#12055,0.66);
#67=CYLINDRICAL_SURFACE('',#12056,0.66);
#68=CYLINDRICAL_SURFACE('',#12057,0.66);
#69=CYLINDRICAL_SURFACE('',#12058,0.66);
#70=CYLINDRICAL_SURFACE('',#12059,0.66);
#71=CYLINDRICAL_SURFACE('',#12060,0.66);
#72=CYLINDRICAL_SURFACE('',#12061,1.05);
#73=CYLINDRICAL_SURFACE('',#12062,0.5);
#74=CYLINDRICAL_SURFACE('',#12063,0.5);
#75=CYLINDRICAL_SURFACE('',#12064,0.5);
#76=CYLINDRICAL_SURFACE('',#12065,0.66);
#77=CYLINDRICAL_SURFACE('',#12066,0.66);
#78=CYLINDRICAL_SURFACE('',#12067,0.5);
#79=CYLINDRICAL_SURFACE('',#12068,0.5);
#80=CYLINDRICAL_SURFACE('',#12069,0.5);
#81=CYLINDRICAL_SURFACE('',#12070,1.05);
#82=CYLINDRICAL_SURFACE('',#12071,0.51);
#83=CYLINDRICAL_SURFACE('',#12072,0.51);
#84=CYLINDRICAL_SURFACE('',#12073,0.51);
#85=CYLINDRICAL_SURFACE('',#12074,0.51);
#86=CYLINDRICAL_SURFACE('',#12075,0.51);
#87=CYLINDRICAL_SURFACE('',#12076,0.5);
#88=CYLINDRICAL_SURFACE('',#12077,0.66);
#89=CYLINDRICAL_SURFACE('',#12078,0.66);
#90=CYLINDRICAL_SURFACE('',#12079,0.51);
#91=CYLINDRICAL_SURFACE('',#12080,0.51);
#92=CYLINDRICAL_SURFACE('',#12081,0.51);
#93=CYLINDRICAL_SURFACE('',#12082,0.51);
#94=CYLINDRICAL_SURFACE('',#12083,0.51);
#95=CYLINDRICAL_SURFACE('',#12084,0.51);
#96=CYLINDRICAL_SURFACE('',#12085,0.5);
#97=CYLINDRICAL_SURFACE('',#12086,0.5);
#98=CYLINDRICAL_SURFACE('',#12087,0.5);
#99=CYLINDRICAL_SURFACE('',#12088,0.5);
#100=CYLINDRICAL_SURFACE('',#12089,1.05);
#101=CYLINDRICAL_SURFACE('',#12090,0.5);
#102=CYLINDRICAL_SURFACE('',#12091,0.5);
#103=CYLINDRICAL_SURFACE('',#12092,0.5);
#104=CYLINDRICAL_SURFACE('',#12093,0.5);
#105=CYLINDRICAL_SURFACE('',#12094,0.5);
#106=CYLINDRICAL_SURFACE('',#12095,0.5);
#107=CYLINDRICAL_SURFACE('',#12096,0.66);
#108=CYLINDRICAL_SURFACE('',#12097,0.66);
#109=CYLINDRICAL_SURFACE('',#12098,0.66);
#110=CYLINDRICAL_SURFACE('',#12099,0.66);
#111=CYLINDRICAL_SURFACE('',#12100,0.66);
#112=CYLINDRICAL_SURFACE('',#12101,0.66);
#113=CYLINDRICAL_SURFACE('',#12102,0.5);
#114=CYLINDRICAL_SURFACE('',#12103,0.95);
#115=CYLINDRICAL_SURFACE('',#12104,0.51);
#116=CYLINDRICAL_SURFACE('',#12105,0.51);
#117=CYLINDRICAL_SURFACE('',#12106,0.51);
#118=CYLINDRICAL_SURFACE('',#12107,0.51);
#119=CYLINDRICAL_SURFACE('',#12108,1.5);
#120=CYLINDRICAL_SURFACE('',#12109,0.95);
#121=CYLINDRICAL_SURFACE('',#12110,0.5);
#122=CYLINDRICAL_SURFACE('',#12111,1.05);
#123=CYLINDRICAL_SURFACE('',#12112,0.66);
#124=CYLINDRICAL_SURFACE('',#12113,0.66);
#125=CYLINDRICAL_SURFACE('',#12114,0.66);
#126=CYLINDRICAL_SURFACE('',#12115,0.66);
#127=CYLINDRICAL_SURFACE('',#12116,0.66);
#128=CYLINDRICAL_SURFACE('',#12117,0.66);
#129=CYLINDRICAL_SURFACE('',#12118,0.66);
#130=CYLINDRICAL_SURFACE('',#12119,0.66);
#131=CYLINDRICAL_SURFACE('',#12120,0.5);
#132=CYLINDRICAL_SURFACE('',#12121,1.05);
#133=CYLINDRICAL_SURFACE('',#12122,0.5);
#134=CYLINDRICAL_SURFACE('',#12123,0.5);
#135=CYLINDRICAL_SURFACE('',#12124,0.51);
#136=CYLINDRICAL_SURFACE('',#12125,0.51);
#137=CYLINDRICAL_SURFACE('',#12126,0.51);
#138=CYLINDRICAL_SURFACE('',#12127,0.51);
#139=CYLINDRICAL_SURFACE('',#12128,1.5);
#140=CYLINDRICAL_SURFACE('',#12129,0.5);
#141=CYLINDRICAL_SURFACE('',#12130,0.5);
#142=CYLINDRICAL_SURFACE('',#12131,0.5);
#143=CYLINDRICAL_SURFACE('',#12132,1.05);
#144=CYLINDRICAL_SURFACE('',#12133,0.66);
#145=CYLINDRICAL_SURFACE('',#12134,0.66);
#146=CYLINDRICAL_SURFACE('',#12135,0.66);
#147=CYLINDRICAL_SURFACE('',#12136,0.66);
#148=CYLINDRICAL_SURFACE('',#12137,0.66);
#149=CYLINDRICAL_SURFACE('',#12138,0.5);
#150=CYLINDRICAL_SURFACE('',#12139,0.5);
#151=CYLINDRICAL_SURFACE('',#12140,0.5);
#152=CYLINDRICAL_SURFACE('',#12141,0.66);
#153=CYLINDRICAL_SURFACE('',#12142,0.66);
#154=CYLINDRICAL_SURFACE('',#12143,0.66);
#155=CYLINDRICAL_SURFACE('',#12144,0.5);
#156=CYLINDRICAL_SURFACE('',#12145,0.5);
#157=CYLINDRICAL_SURFACE('',#12146,0.5);
#158=CYLINDRICAL_SURFACE('',#12147,1.05);
#159=CIRCLE('',#11677,0.15);
#160=CIRCLE('',#11678,0.1);
#161=CIRCLE('',#11679,0.25);
#162=CIRCLE('',#11681,0.25);
#163=CIRCLE('',#11684,0.425);
#164=CIRCLE('',#11685,0.425);
#165=CIRCLE('',#11686,0.425);
#166=CIRCLE('',#11687,0.425);
#167=CIRCLE('',#11688,0.25);
#168=CIRCLE('',#11689,0.25);
#169=CIRCLE('',#11692,0.425);
#170=CIRCLE('',#11694,0.425);
#171=CIRCLE('',#11698,0.425);
#172=CIRCLE('',#11700,0.425);
#173=CIRCLE('',#11703,0.25);
#174=CIRCLE('',#11705,0.25);
#175=CIRCLE('',#11707,0.2125);
#176=CIRCLE('',#11708,0.2125);
#177=CIRCLE('',#11709,0.2125);
#178=CIRCLE('',#11710,0.2125);
#179=CIRCLE('',#11711,0.2125);
#180=CIRCLE('',#11712,0.2125);
#181=CIRCLE('',#11714,0.2125);
#182=CIRCLE('',#11716,0.2125);
#183=CIRCLE('',#11717,0.2125);
#184=CIRCLE('',#11718,0.2125);
#185=CIRCLE('',#11719,0.2125);
#186=CIRCLE('',#11720,0.2125);
#187=CIRCLE('',#11723,0.15);
#188=CIRCLE('',#11724,0.1);
#189=CIRCLE('',#11726,0.15);
#190=CIRCLE('',#11727,0.1);
#191=CIRCLE('',#11737,1.05);
#192=CIRCLE('',#11738,0.5);
#193=CIRCLE('',#11739,0.5);
#194=CIRCLE('',#11740,0.5);
#195=CIRCLE('',#11741,0.5);
#196=CIRCLE('',#11742,0.5);
#197=CIRCLE('',#11743,1.05);
#198=CIRCLE('',#11744,0.5);
#199=CIRCLE('',#11745,0.66);
#200=CIRCLE('',#11746,0.66);
#201=CIRCLE('',#11747,0.66);
#202=CIRCLE('',#11748,0.66);
#203=CIRCLE('',#11749,0.66);
#204=CIRCLE('',#11750,0.66);
#205=CIRCLE('',#11751,0.66);
#206=CIRCLE('',#11752,0.66);
#207=CIRCLE('',#11753,0.5);
#208=CIRCLE('',#11754,0.5);
#209=CIRCLE('',#11755,1.5);
#210=CIRCLE('',#11756,0.66);
#211=CIRCLE('',#11757,0.66);
#212=CIRCLE('',#11758,0.66);
#213=CIRCLE('',#11759,0.66);
#214=CIRCLE('',#11760,0.66);
#215=CIRCLE('',#11761,0.66);
#216=CIRCLE('',#11762,0.66);
#217=CIRCLE('',#11763,0.66);
#218=CIRCLE('',#11764,1.05);
#219=CIRCLE('',#11765,0.51);
#220=CIRCLE('',#11766,0.51);
#221=CIRCLE('',#11767,0.51);
#222=CIRCLE('',#11768,0.51);
#223=CIRCLE('',#11769,0.51);
#224=CIRCLE('',#11770,0.51);
#225=CIRCLE('',#11771,0.51);
#226=CIRCLE('',#11772,0.51);
#227=CIRCLE('',#11773,0.51);
#228=CIRCLE('',#11774,0.51);
#229=CIRCLE('',#11775,0.51);
#230=CIRCLE('',#11776,1.5);
#231=CIRCLE('',#11777,0.66);
#232=CIRCLE('',#11778,0.66);
#233=CIRCLE('',#11779,0.66);
#234=CIRCLE('',#11780,0.66);
#235=CIRCLE('',#11781,0.66);
#236=CIRCLE('',#11782,0.66);
#237=CIRCLE('',#11783,1.05);
#238=CIRCLE('',#11784,0.5);
#239=CIRCLE('',#11785,0.5);
#240=CIRCLE('',#11786,0.5);
#241=CIRCLE('',#11787,0.66);
#242=CIRCLE('',#11788,0.66);
#243=CIRCLE('',#11789,0.5);
#244=CIRCLE('',#11790,0.5);
#245=CIRCLE('',#11791,0.5);
#246=CIRCLE('',#11792,1.05);
#247=CIRCLE('',#11793,0.51);
#248=CIRCLE('',#11794,0.51);
#249=CIRCLE('',#11795,0.51);
#250=CIRCLE('',#11796,0.51);
#251=CIRCLE('',#11797,0.51);
#252=CIRCLE('',#11798,0.5);
#253=CIRCLE('',#11799,0.66);
#254=CIRCLE('',#11800,0.66);
#255=CIRCLE('',#11801,0.51);
#256=CIRCLE('',#11802,0.51);
#257=CIRCLE('',#11803,0.51);
#258=CIRCLE('',#11804,0.51);
#259=CIRCLE('',#11805,0.51);
#260=CIRCLE('',#11806,0.51);
#261=CIRCLE('',#11807,0.5);
#262=CIRCLE('',#11808,0.5);
#263=CIRCLE('',#11809,0.5);
#264=CIRCLE('',#11810,0.5);
#265=CIRCLE('',#11811,1.05);
#266=CIRCLE('',#11812,0.5);
#267=CIRCLE('',#11813,0.5);
#268=CIRCLE('',#11814,0.5);
#269=CIRCLE('',#11815,0.5);
#270=CIRCLE('',#11816,0.5);
#271=CIRCLE('',#11817,0.5);
#272=CIRCLE('',#11818,0.66);
#273=CIRCLE('',#11819,0.66);
#274=CIRCLE('',#11820,0.66);
#275=CIRCLE('',#11821,0.66);
#276=CIRCLE('',#11822,0.66);
#277=CIRCLE('',#11823,0.66);
#278=CIRCLE('',#11824,0.5);
#279=CIRCLE('',#11825,0.95);
#280=CIRCLE('',#11826,0.51);
#281=CIRCLE('',#11827,0.51);
#282=CIRCLE('',#11828,0.51);
#283=CIRCLE('',#11829,0.51);
#284=CIRCLE('',#11830,1.5);
#285=CIRCLE('',#11831,0.95);
#286=CIRCLE('',#11832,0.5);
#287=CIRCLE('',#11833,1.05);
#288=CIRCLE('',#11834,0.66);
#289=CIRCLE('',#11835,0.66);
#290=CIRCLE('',#11836,0.66);
#291=CIRCLE('',#11837,0.66);
#292=CIRCLE('',#11838,0.66);
#293=CIRCLE('',#11839,0.66);
#294=CIRCLE('',#11840,0.66);
#295=CIRCLE('',#11841,0.66);
#296=CIRCLE('',#11842,0.5);
#297=CIRCLE('',#11843,1.05);
#298=CIRCLE('',#11844,0.5);
#299=CIRCLE('',#11845,0.5);
#300=CIRCLE('',#11846,0.51);
#301=CIRCLE('',#11847,0.51);
#302=CIRCLE('',#11848,0.51);
#303=CIRCLE('',#11849,0.51);
#304=CIRCLE('',#11850,1.5);
#305=CIRCLE('',#11851,0.5);
#306=CIRCLE('',#11852,0.5);
#307=CIRCLE('',#11853,0.5);
#308=CIRCLE('',#11854,1.05);
#309=CIRCLE('',#11855,0.66);
#310=CIRCLE('',#11856,0.66);
#311=CIRCLE('',#11857,0.66);
#312=CIRCLE('',#11858,0.66);
#313=CIRCLE('',#11859,0.66);
#314=CIRCLE('',#11860,0.5);
#315=CIRCLE('',#11861,0.5);
#316=CIRCLE('',#11862,0.5);
#317=CIRCLE('',#11863,0.66);
#318=CIRCLE('',#11864,0.66);
#319=CIRCLE('',#11865,0.66);
#320=CIRCLE('',#11866,0.5);
#321=CIRCLE('',#11867,0.5);
#322=CIRCLE('',#11868,0.5);
#323=CIRCLE('',#11869,1.05);
#324=CIRCLE('',#11871,1.05);
#325=CIRCLE('',#11872,0.5);
#326=CIRCLE('',#11873,0.5);
#327=CIRCLE('',#11874,0.5);
#328=CIRCLE('',#11875,0.5);
#329=CIRCLE('',#11876,0.5);
#330=CIRCLE('',#11877,1.05);
#331=CIRCLE('',#11878,0.5);
#332=CIRCLE('',#11879,0.66);
#333=CIRCLE('',#11880,0.66);
#334=CIRCLE('',#11881,0.66);
#335=CIRCLE('',#11882,0.66);
#336=CIRCLE('',#11883,0.66);
#337=CIRCLE('',#11884,0.66);
#338=CIRCLE('',#11885,0.66);
#339=CIRCLE('',#11886,0.66);
#340=CIRCLE('',#11887,0.5);
#341=CIRCLE('',#11888,0.5);
#342=CIRCLE('',#11889,1.5);
#343=CIRCLE('',#11890,0.66);
#344=CIRCLE('',#11891,0.66);
#345=CIRCLE('',#11892,0.66);
#346=CIRCLE('',#11893,0.66);
#347=CIRCLE('',#11894,0.66);
#348=CIRCLE('',#11895,0.66);
#349=CIRCLE('',#11896,0.66);
#350=CIRCLE('',#11897,0.66);
#351=CIRCLE('',#11898,1.05);
#352=CIRCLE('',#11899,0.51);
#353=CIRCLE('',#11900,0.51);
#354=CIRCLE('',#11901,0.51);
#355=CIRCLE('',#11902,0.51);
#356=CIRCLE('',#11903,0.51);
#357=CIRCLE('',#11904,0.51);
#358=CIRCLE('',#11905,0.51);
#359=CIRCLE('',#11906,0.51);
#360=CIRCLE('',#11907,0.51);
#361=CIRCLE('',#11908,0.51);
#362=CIRCLE('',#11909,0.51);
#363=CIRCLE('',#11910,1.5);
#364=CIRCLE('',#11911,0.66);
#365=CIRCLE('',#11912,0.66);
#366=CIRCLE('',#11913,0.66);
#367=CIRCLE('',#11914,0.66);
#368=CIRCLE('',#11915,0.66);
#369=CIRCLE('',#11916,0.66);
#370=CIRCLE('',#11917,1.05);
#371=CIRCLE('',#11918,0.5);
#372=CIRCLE('',#11919,0.5);
#373=CIRCLE('',#11920,0.5);
#374=CIRCLE('',#11921,0.66);
#375=CIRCLE('',#11922,0.66);
#376=CIRCLE('',#11923,0.5);
#377=CIRCLE('',#11924,0.5);
#378=CIRCLE('',#11925,0.5);
#379=CIRCLE('',#11926,1.05);
#380=CIRCLE('',#11927,0.51);
#381=CIRCLE('',#11928,0.51);
#382=CIRCLE('',#11929,0.51);
#383=CIRCLE('',#11930,0.51);
#384=CIRCLE('',#11931,0.51);
#385=CIRCLE('',#11932,0.5);
#386=CIRCLE('',#11933,0.66);
#387=CIRCLE('',#11934,0.66);
#388=CIRCLE('',#11935,0.51);
#389=CIRCLE('',#11936,0.51);
#390=CIRCLE('',#11937,0.51);
#391=CIRCLE('',#11938,0.51);
#392=CIRCLE('',#11939,0.51);
#393=CIRCLE('',#11940,0.51);
#394=CIRCLE('',#11941,0.5);
#395=CIRCLE('',#11942,0.5);
#396=CIRCLE('',#11943,0.5);
#397=CIRCLE('',#11944,0.5);
#398=CIRCLE('',#11945,1.05);
#399=CIRCLE('',#11946,0.5);
#400=CIRCLE('',#11947,0.5);
#401=CIRCLE('',#11948,0.5);
#402=CIRCLE('',#11949,0.5);
#403=CIRCLE('',#11950,0.5);
#404=CIRCLE('',#11951,0.5);
#405=CIRCLE('',#11952,0.66);
#406=CIRCLE('',#11953,0.66);
#407=CIRCLE('',#11954,0.66);
#408=CIRCLE('',#11955,0.66);
#409=CIRCLE('',#11956,0.66);
#410=CIRCLE('',#11957,0.66);
#411=CIRCLE('',#11958,0.5);
#412=CIRCLE('',#11959,0.95);
#413=CIRCLE('',#11960,0.51);
#414=CIRCLE('',#11961,0.51);
#415=CIRCLE('',#11962,0.51);
#416=CIRCLE('',#11963,0.51);
#417=CIRCLE('',#11964,1.5);
#418=CIRCLE('',#11965,0.95);
#419=CIRCLE('',#11966,0.5);
#420=CIRCLE('',#11967,1.05);
#421=CIRCLE('',#11968,0.66);
#422=CIRCLE('',#11969,0.66);
#423=CIRCLE('',#11970,0.66);
#424=CIRCLE('',#11971,0.66);
#425=CIRCLE('',#11972,0.66);
#426=CIRCLE('',#11973,0.66);
#427=CIRCLE('',#11974,0.66);
#428=CIRCLE('',#11975,0.66);
#429=CIRCLE('',#11976,0.5);
#430=CIRCLE('',#11977,1.05);
#431=CIRCLE('',#11978,0.5);
#432=CIRCLE('',#11979,0.5);
#433=CIRCLE('',#11980,0.51);
#434=CIRCLE('',#11981,0.51);
#435=CIRCLE('',#11982,0.51);
#436=CIRCLE('',#11983,0.51);
#437=CIRCLE('',#11984,1.5);
#438=CIRCLE('',#11985,0.5);
#439=CIRCLE('',#11986,0.5);
#440=CIRCLE('',#11987,0.5);
#441=CIRCLE('',#11988,1.05);
#442=CIRCLE('',#11989,0.66);
#443=CIRCLE('',#11990,0.66);
#444=CIRCLE('',#11991,0.66);
#445=CIRCLE('',#11992,0.66);
#446=CIRCLE('',#11993,0.66);
#447=CIRCLE('',#11994,0.5);
#448=CIRCLE('',#11995,0.5);
#449=CIRCLE('',#11996,0.5);
#450=CIRCLE('',#11997,0.66);
#451=CIRCLE('',#11998,0.66);
#452=CIRCLE('',#11999,0.66);
#453=CIRCLE('',#12000,0.5);
#454=CIRCLE('',#12001,0.5);
#455=CIRCLE('',#12002,0.5);
#456=CIRCLE('',#12003,1.05);
#457=TOROIDAL_SURFACE('',#11676,0.15,0.1);
#458=TOROIDAL_SURFACE('',#11722,0.15,0.1);
#459=TOROIDAL_SURFACE('',#11725,0.15,0.1);
#460=ITEM_DEFINED_TRANSFORMATION($,$,#11270,#11323);
#461=ITEM_DEFINED_TRANSFORMATION($,$,#11325,#11426);
#462=ITEM_DEFINED_TRANSFORMATION($,$,#11428,#11673);
#463=ITEM_DEFINED_TRANSFORMATION($,$,#11675,#11731);
#464=ITEM_DEFINED_TRANSFORMATION($,$,#11269,#12148);
#465=ITEM_DEFINED_TRANSFORMATION($,$,#11324,#12149);
#466=ITEM_DEFINED_TRANSFORMATION($,$,#11427,#12150);
#467=ITEM_DEFINED_TRANSFORMATION($,$,#11674,#12151);
#468=ITEM_DEFINED_TRANSFORMATION($,$,#11732,#12152);
#469=(
REPRESENTATION_RELATIONSHIP($,$,#18104,#18103)
REPRESENTATION_RELATIONSHIP_WITH_TRANSFORMATION(#460)
SHAPE_REPRESENTATION_RELATIONSHIP()
);
#470=(
REPRESENTATION_RELATIONSHIP($,$,#18106,#18105)
REPRESENTATION_RELATIONSHIP_WITH_TRANSFORMATION(#461)
SHAPE_REPRESENTATION_RELATIONSHIP()
);
#471=(
REPRESENTATION_RELATIONSHIP($,$,#18108,#18107)
REPRESENTATION_RELATIONSHIP_WITH_TRANSFORMATION(#462)
SHAPE_REPRESENTATION_RELATIONSHIP()
);
#472=(
REPRESENTATION_RELATIONSHIP($,$,#18110,#18109)
REPRESENTATION_RELATIONSHIP_WITH_TRANSFORMATION(#463)
SHAPE_REPRESENTATION_RELATIONSHIP()
);
#473=(
REPRESENTATION_RELATIONSHIP($,$,#18103,#18102)
REPRESENTATION_RELATIONSHIP_WITH_TRANSFORMATION(#464)
SHAPE_REPRESENTATION_RELATIONSHIP()
);
#474=(
REPRESENTATION_RELATIONSHIP($,$,#18105,#18102)
REPRESENTATION_RELATIONSHIP_WITH_TRANSFORMATION(#465)
SHAPE_REPRESENTATION_RELATIONSHIP()
);
#475=(
REPRESENTATION_RELATIONSHIP($,$,#18107,#18102)
REPRESENTATION_RELATIONSHIP_WITH_TRANSFORMATION(#466)
SHAPE_REPRESENTATION_RELATIONSHIP()
);
#476=(
REPRESENTATION_RELATIONSHIP($,$,#18109,#18102)
REPRESENTATION_RELATIONSHIP_WITH_TRANSFORMATION(#467)
SHAPE_REPRESENTATION_RELATIONSHIP()
);
#477=(
REPRESENTATION_RELATIONSHIP($,$,#18111,#18102)
REPRESENTATION_RELATIONSHIP_WITH_TRANSFORMATION(#468)
SHAPE_REPRESENTATION_RELATIONSHIP()
);
#478=CONTEXT_DEPENDENT_SHAPE_REPRESENTATION(#469,#18086);
#479=CONTEXT_DEPENDENT_SHAPE_REPRESENTATION(#470,#18089);
#480=CONTEXT_DEPENDENT_SHAPE_REPRESENTATION(#471,#18092);
#481=CONTEXT_DEPENDENT_SHAPE_REPRESENTATION(#472,#18095);
#482=CONTEXT_DEPENDENT_SHAPE_REPRESENTATION(#473,#18097);
#483=CONTEXT_DEPENDENT_SHAPE_REPRESENTATION(#474,#18098);
#484=CONTEXT_DEPENDENT_SHAPE_REPRESENTATION(#475,#18099);
#485=CONTEXT_DEPENDENT_SHAPE_REPRESENTATION(#476,#18100);
#486=CONTEXT_DEPENDENT_SHAPE_REPRESENTATION(#477,#18101);
#487=NEXT_ASSEMBLY_USAGE_OCCURRENCE('PinHeader_1x02_P254mm_Vertical:1',
'PinHeader_1x02_P254mm_Vertical:1','PinHeader_1x02_P254mm_Vertical:1',#18114,
#18115,'PinHeader_1x02_P254mm_Vertical:1');
#488=NEXT_ASSEMBLY_USAGE_OCCURRENCE('PinHeader_1x04_P254mm_Vertical:1',
'PinHeader_1x04_P254mm_Vertical:1','PinHeader_1x04_P254mm_Vertical:1',#18116,
#18117,'PinHeader_1x04_P254mm_Vertical:1');
#489=NEXT_ASSEMBLY_USAGE_OCCURRENCE('PinHeader_1x10_P254mm_Vertical:1',
'PinHeader_1x10_P254mm_Vertical:1','PinHeader_1x10_P254mm_Vertical:1',#18118,
#18119,'PinHeader_1x10_P254mm_Vertical:1');
#490=NEXT_ASSEMBLY_USAGE_OCCURRENCE(
'Converter_DCDC_RECOM_R_78E_05_THT:1',
'Converter_DCDC_RECOM_R_78E_05_THT:1',
'Converter_DCDC_RECOM_R_78E_05_THT:1',#18120,#18121,
'Converter_DCDC_RECOM_R_78E_05_THT:1');
#491=NEXT_ASSEMBLY_USAGE_OCCURRENCE('PinHeader_1x02_P2.54mm_Vertical:1',
'PinHeader_1x02_P2.54mm_Vertical:1','PinHeader_1x02_P2.54mm_Vertical:1',
#18113,#18114,'PinHeader_1x02_P2.54mm_Vertical:1');
#492=NEXT_ASSEMBLY_USAGE_OCCURRENCE('PinHeader_1x04_P2.54mm_Vertical:1',
'PinHeader_1x04_P2.54mm_Vertical:1','PinHeader_1x04_P2.54mm_Vertical:1',
#18113,#18116,'PinHeader_1x04_P2.54mm_Vertical:1');
#493=NEXT_ASSEMBLY_USAGE_OCCURRENCE('PinHeader_1x10_P2.54mm_Vertical:1',
'PinHeader_1x10_P2.54mm_Vertical:1','PinHeader_1x10_P2.54mm_Vertical:1',
#18113,#18118,'PinHeader_1x10_P2.54mm_Vertical:1');
#494=NEXT_ASSEMBLY_USAGE_OCCURRENCE(
'Converter_DCDC_RECOM_R-78E-0.5_THT:1',
'Converter_DCDC_RECOM_R-78E-0.5_THT:1',
'Converter_DCDC_RECOM_R-78E-0.5_THT:1',#18113,#18120,
'Converter_DCDC_RECOM_R-78E-0.5_THT:1');
#495=NEXT_ASSEMBLY_USAGE_OCCURRENCE('KiwiDrive_PCB:1','KiwiDrive_PCB:1',
'KiwiDrive_PCB:1',#18113,#18122,'KiwiDrive_PCB:1');
#496=SHAPE_REPRESENTATION_RELATIONSHIP('SRR','None',#18104,#501);
#497=SHAPE_REPRESENTATION_RELATIONSHIP('SRR','None',#18106,#502);
#498=SHAPE_REPRESENTATION_RELATIONSHIP('SRR','None',#18108,#503);
#499=SHAPE_REPRESENTATION_RELATIONSHIP('SRR','None',#18110,#504);
#500=SHAPE_REPRESENTATION_RELATIONSHIP('SRR','None',#18111,#505);
#501=ADVANCED_BREP_SHAPE_REPRESENTATION('',(#506),#18060);
#502=ADVANCED_BREP_SHAPE_REPRESENTATION('',(#507),#18062);
#503=ADVANCED_BREP_SHAPE_REPRESENTATION('',(#508),#18064);
#504=ADVANCED_BREP_SHAPE_REPRESENTATION('',(#509),#18066);
#505=ADVANCED_BREP_SHAPE_REPRESENTATION('',(#510),#18067);
#506=MANIFOLD_SOLID_BREP('Body1',#11207);
#507=MANIFOLD_SOLID_BREP('Body1',#11208);
#508=MANIFOLD_SOLID_BREP('Body1',#11209);
#509=MANIFOLD_SOLID_BREP('Body1',#11210);
#510=MANIFOLD_SOLID_BREP('Body1',#11211);
#511=FACE_BOUND('',#1388,.T.);
#512=FACE_BOUND('',#1389,.T.);
#513=FACE_BOUND('',#1391,.T.);
#514=FACE_BOUND('',#1392,.T.);
#515=FACE_BOUND('',#1444,.T.);
#516=FACE_BOUND('',#1445,.T.);
#517=FACE_BOUND('',#1446,.T.);
#518=FACE_BOUND('',#1447,.T.);
#519=FACE_BOUND('',#1449,.T.);
#520=FACE_BOUND('',#1450,.T.);
#521=FACE_BOUND('',#1451,.T.);
#522=FACE_BOUND('',#1452,.T.);
#523=FACE_BOUND('',#1552,.T.);
#524=FACE_BOUND('',#1553,.T.);
#525=FACE_BOUND('',#1554,.T.);
#526=FACE_BOUND('',#1555,.T.);
#527=FACE_BOUND('',#1556,.T.);
#528=FACE_BOUND('',#1557,.T.);
#529=FACE_BOUND('',#1558,.T.);
#530=FACE_BOUND('',#1559,.T.);
#531=FACE_BOUND('',#1560,.T.);
#532=FACE_BOUND('',#1561,.T.);
#533=FACE_BOUND('',#1563,.T.);
#534=FACE_BOUND('',#1564,.T.);
#535=FACE_BOUND('',#1565,.T.);
#536=FACE_BOUND('',#1566,.T.);
#537=FACE_BOUND('',#1567,.T.);
#538=FACE_BOUND('',#1568,.T.);
#539=FACE_BOUND('',#1569,.T.);
#540=FACE_BOUND('',#1570,.T.);
#541=FACE_BOUND('',#1571,.T.);
#542=FACE_BOUND('',#1572,.T.);
#543=FACE_BOUND('',#1816,.T.);
#544=FACE_BOUND('',#1817,.T.);
#545=FACE_BOUND('',#1818,.T.);
#546=FACE_BOUND('',#1846,.T.);
#547=FACE_BOUND('',#1847,.T.);
#548=FACE_BOUND('',#1848,.T.);
#549=FACE_BOUND('',#1849,.T.);
#550=FACE_BOUND('',#1850,.T.);
#551=FACE_BOUND('',#1851,.T.);
#552=FACE_BOUND('',#1852,.T.);
#553=FACE_BOUND('',#1853,.T.);
#554=FACE_BOUND('',#1854,.T.);
#555=FACE_BOUND('',#1855,.T.);
#556=FACE_BOUND('',#1856,.T.);
#557=FACE_BOUND('',#1857,.T.);
#558=FACE_BOUND('',#1858,.T.);
#559=FACE_BOUND('',#1859,.T.);
#560=FACE_BOUND('',#1860,.T.);
#561=FACE_BOUND('',#1861,.T.);
#562=FACE_BOUND('',#1862,.T.);
#563=FACE_BOUND('',#1863,.T.);
#564=FACE_BOUND('',#1864,.T.);
#565=FACE_BOUND('',#1865,.T.);
#566=FACE_BOUND('',#1866,.T.);
#567=FACE_BOUND('',#1867,.T.);
#568=FACE_BOUND('',#1868,.T.);
#569=FACE_BOUND('',#1869,.T.);
#570=FACE_BOUND('',#1870,.T.);
#571=FACE_BOUND('',#1871,.T.);
#572=FACE_BOUND('',#1872,.T.);
#573=FACE_BOUND('',#1873,.T.);
#574=FACE_BOUND('',#1874,.T.);
#575=FACE_BOUND('',#1875,.T.);
#576=FACE_BOUND('',#1876,.T.);
#577=FACE_BOUND('',#1877,.T.);
#578=FACE_BOUND('',#1878,.T.);
#579=FACE_BOUND('',#1879,.T.);
#580=FACE_BOUND('',#1880,.T.);
#581=FACE_BOUND('',#1881,.T.);
#582=FACE_BOUND('',#1882,.T.);
#583=FACE_BOUND('',#1883,.T.);
#584=FACE_BOUND('',#1884,.T.);
#585=FACE_BOUND('',#1885,.T.);
#586=FACE_BOUND('',#1886,.T.);
#587=FACE_BOUND('',#1887,.T.);
#588=FACE_BOUND('',#1888,.T.);
#589=FACE_BOUND('',#1889,.T.);
#590=FACE_BOUND('',#1890,.T.);
#591=FACE_BOUND('',#1891,.T.);
#592=FACE_BOUND('',#1892,.T.);
#593=FACE_BOUND('',#1893,.T.);
#594=FACE_BOUND('',#1894,.T.);
#595=FACE_BOUND('',#1895,.T.);
#596=FACE_BOUND('',#1896,.T.);
#597=FACE_BOUND('',#1897,.T.);
#598=FACE_BOUND('',#1898,.T.);
#599=FACE_BOUND('',#1899,.T.);
#600=FACE_BOUND('',#1900,.T.);
#601=FACE_BOUND('',#1901,.T.);
#602=FACE_BOUND('',#1902,.T.);
#603=FACE_BOUND('',#1903,.T.);
#604=FACE_BOUND('',#1904,.T.);
#605=FACE_BOUND('',#1905,.T.);
#606=FACE_BOUND('',#1906,.T.);
#607=FACE_BOUND('',#1907,.T.);
#608=FACE_BOUND('',#1908,.T.);
#609=FACE_BOUND('',#1909,.T.);
#610=FACE_BOUND('',#1910,.T.);
#611=FACE_BOUND('',#1911,.T.);
#612=FACE_BOUND('',#1912,.T.);
#613=FACE_BOUND('',#1913,.T.);
#614=FACE_BOUND('',#1914,.T.);
#615=FACE_BOUND('',#1915,.T.);
#616=FACE_BOUND('',#1916,.T.);
#617=FACE_BOUND('',#1917,.T.);
#618=FACE_BOUND('',#1918,.T.);
#619=FACE_BOUND('',#1919,.T.);
#620=FACE_BOUND('',#1920,.T.);
#621=FACE_BOUND('',#1921,.T.);
#622=FACE_BOUND('',#1922,.T.);
#623=FACE_BOUND('',#1923,.T.);
#624=FACE_BOUND('',#1924,.T.);
#625=FACE_BOUND('',#1925,.T.);
#626=FACE_BOUND('',#1926,.T.);
#627=FACE_BOUND('',#1927,.T.);
#628=FACE_BOUND('',#1928,.T.);
#629=FACE_BOUND('',#1929,.T.);
#630=FACE_BOUND('',#1930,.T.);
#631=FACE_BOUND('',#1931,.T.);
#632=FACE_BOUND('',#1932,.T.);
#633=FACE_BOUND('',#1933,.T.);
#634=FACE_BOUND('',#1934,.T.);
#635=FACE_BOUND('',#1935,.T.);
#636=FACE_BOUND('',#1936,.T.);
#637=FACE_BOUND('',#1937,.T.);
#638=FACE_BOUND('',#1938,.T.);
#639=FACE_BOUND('',#1939,.T.);
#640=FACE_BOUND('',#1940,.T.);
#641=FACE_BOUND('',#1941,.T.);
#642=FACE_BOUND('',#1942,.T.);
#643=FACE_BOUND('',#1943,.T.);
#644=FACE_BOUND('',#1944,.T.);
#645=FACE_BOUND('',#1945,.T.);
#646=FACE_BOUND('',#1946,.T.);
#647=FACE_BOUND('',#1947,.T.);
#648=FACE_BOUND('',#1948,.T.);
#649=FACE_BOUND('',#1949,.T.);
#650=FACE_BOUND('',#1950,.T.);
#651=FACE_BOUND('',#1951,.T.);
#652=FACE_BOUND('',#1952,.T.);
#653=FACE_BOUND('',#1953,.T.);
#654=FACE_BOUND('',#1954,.T.);
#655=FACE_BOUND('',#1955,.T.);
#656=FACE_BOUND('',#1956,.T.);
#657=FACE_BOUND('',#1957,.T.);
#658=FACE_BOUND('',#1958,.T.);
#659=FACE_BOUND('',#1959,.T.);
#660=FACE_BOUND('',#1960,.T.);
#661=FACE_BOUND('',#1961,.T.);
#662=FACE_BOUND('',#1962,.T.);
#663=FACE_BOUND('',#1963,.T.);
#664=FACE_BOUND('',#1964,.T.);
#665=FACE_BOUND('',#1965,.T.);
#666=FACE_BOUND('',#1966,.T.);
#667=FACE_BOUND('',#1967,.T.);
#668=FACE_BOUND('',#1968,.T.);
#669=FACE_BOUND('',#1969,.T.);
#670=FACE_BOUND('',#1970,.T.);
#671=FACE_BOUND('',#1971,.T.);
#672=FACE_BOUND('',#1972,.T.);
#673=FACE_BOUND('',#1973,.T.);
#674=FACE_BOUND('',#1974,.T.);
#675=FACE_BOUND('',#1975,.T.);
#676=FACE_BOUND('',#1976,.T.);
#677=FACE_BOUND('',#1977,.T.);
#678=FACE_BOUND('',#1978,.T.);
#679=FACE_BOUND('',#1980,.T.);
#680=FACE_BOUND('',#1981,.T.);
#681=FACE_BOUND('',#1982,.T.);
#682=FACE_BOUND('',#1983,.T.);
#683=FACE_BOUND('',#1984,.T.);
#684=FACE_BOUND('',#1985,.T.);
#685=FACE_BOUND('',#1986,.T.);
#686=FACE_BOUND('',#1987,.T.);
#687=FACE_BOUND('',#1988,.T.);
#688=FACE_BOUND('',#1989,.T.);
#689=FACE_BOUND('',#1990,.T.);
#690=FACE_BOUND('',#1991,.T.);
#691=FACE_BOUND('',#1992,.T.);
#692=FACE_BOUND('',#1993,.T.);
#693=FACE_BOUND('',#1994,.T.);
#694=FACE_BOUND('',#1995,.T.);
#695=FACE_BOUND('',#1996,.T.);
#696=FACE_BOUND('',#1997,.T.);
#697=FACE_BOUND('',#1998,.T.);
#698=FACE_BOUND('',#1999,.T.);
#699=FACE_BOUND('',#2000,.T.);
#700=FACE_BOUND('',#2001,.T.);
#701=FACE_BOUND('',#2002,.T.);
#702=FACE_BOUND('',#2003,.T.);
#703=FACE_BOUND('',#2004,.T.);
#704=FACE_BOUND('',#2005,.T.);
#705=FACE_BOUND('',#2006,.T.);
#706=FACE_BOUND('',#2007,.T.);
#707=FACE_BOUND('',#2008,.T.);
#708=FACE_BOUND('',#2009,.T.);
#709=FACE_BOUND('',#2010,.T.);
#710=FACE_BOUND('',#2011,.T.);
#711=FACE_BOUND('',#2012,.T.);
#712=FACE_BOUND('',#2013,.T.);
#713=FACE_BOUND('',#2014,.T.);
#714=FACE_BOUND('',#2015,.T.);
#715=FACE_BOUND('',#2016,.T.);
#716=FACE_BOUND('',#2017,.T.);
#717=FACE_BOUND('',#2018,.T.);
#718=FACE_BOUND('',#2019,.T.);
#719=FACE_BOUND('',#2020,.T.);
#720=FACE_BOUND('',#2021,.T.);
#721=FACE_BOUND('',#2022,.T.);
#722=FACE_BOUND('',#2023,.T.);
#723=FACE_BOUND('',#2024,.T.);
#724=FACE_BOUND('',#2025,.T.);
#725=FACE_BOUND('',#2026,.T.);
#726=FACE_BOUND('',#2027,.T.);
#727=FACE_BOUND('',#2028,.T.);
#728=FACE_BOUND('',#2029,.T.);
#729=FACE_BOUND('',#2030,.T.);
#730=FACE_BOUND('',#2031,.T.);
#731=FACE_BOUND('',#2032,.T.);
#732=FACE_BOUND('',#2033,.T.);
#733=FACE_BOUND('',#2034,.T.);
#734=FACE_BOUND('',#2035,.T.);
#735=FACE_BOUND('',#2036,.T.);
#736=FACE_BOUND('',#2037,.T.);
#737=FACE_BOUND('',#2038,.T.);
#738=FACE_BOUND('',#2039,.T.);
#739=FACE_BOUND('',#2040,.T.);
#740=FACE_BOUND('',#2041,.T.);
#741=FACE_BOUND('',#2042,.T.);
#742=FACE_BOUND('',#2043,.T.);
#743=FACE_BOUND('',#2044,.T.);
#744=FACE_BOUND('',#2045,.T.);
#745=FACE_BOUND('',#2046,.T.);
#746=FACE_BOUND('',#2047,.T.);
#747=FACE_BOUND('',#2048,.T.);
#748=FACE_BOUND('',#2049,.T.);
#749=FACE_BOUND('',#2050,.T.);
#750=FACE_BOUND('',#2051,.T.);
#751=FACE_BOUND('',#2052,.T.);
#752=FACE_BOUND('',#2053,.T.);
#753=FACE_BOUND('',#2054,.T.);
#754=FACE_BOUND('',#2055,.T.);
#755=FACE_BOUND('',#2056,.T.);
#756=FACE_BOUND('',#2057,.T.);
#757=FACE_BOUND('',#2058,.T.);
#758=FACE_BOUND('',#2059,.T.);
#759=FACE_BOUND('',#2060,.T.);
#760=FACE_BOUND('',#2061,.T.);
#761=FACE_BOUND('',#2062,.T.);
#762=FACE_BOUND('',#2063,.T.);
#763=FACE_BOUND('',#2064,.T.);
#764=FACE_BOUND('',#2065,.T.);
#765=FACE_BOUND('',#2066,.T.);
#766=FACE_BOUND('',#2067,.T.);
#767=FACE_BOUND('',#2068,.T.);
#768=FACE_BOUND('',#2069,.T.);
#769=FACE_BOUND('',#2070,.T.);
#770=FACE_BOUND('',#2071,.T.);
#771=FACE_BOUND('',#2072,.T.);
#772=FACE_BOUND('',#2073,.T.);
#773=FACE_BOUND('',#2074,.T.);
#774=FACE_BOUND('',#2075,.T.);
#775=FACE_BOUND('',#2076,.T.);
#776=FACE_BOUND('',#2077,.T.);
#777=FACE_BOUND('',#2078,.T.);
#778=FACE_BOUND('',#2079,.T.);
#779=FACE_BOUND('',#2080,.T.);
#780=FACE_BOUND('',#2081,.T.);
#781=FACE_BOUND('',#2082,.T.);
#782=FACE_BOUND('',#2083,.T.);
#783=FACE_BOUND('',#2084,.T.);
#784=FACE_BOUND('',#2085,.T.);
#785=FACE_BOUND('',#2086,.T.);
#786=FACE_BOUND('',#2087,.T.);
#787=FACE_BOUND('',#2088,.T.);
#788=FACE_BOUND('',#2089,.T.);
#789=FACE_BOUND('',#2090,.T.);
#790=FACE_BOUND('',#2091,.T.);
#791=FACE_BOUND('',#2092,.T.);
#792=FACE_BOUND('',#2093,.T.);
#793=FACE_BOUND('',#2094,.T.);
#794=FACE_BOUND('',#2095,.T.);
#795=FACE_BOUND('',#2096,.T.);
#796=FACE_BOUND('',#2097,.T.);
#797=FACE_BOUND('',#2098,.T.);
#798=FACE_BOUND('',#2099,.T.);
#799=FACE_BOUND('',#2100,.T.);
#800=FACE_BOUND('',#2101,.T.);
#801=FACE_BOUND('',#2102,.T.);
#802=FACE_BOUND('',#2103,.T.);
#803=FACE_BOUND('',#2104,.T.);
#804=FACE_BOUND('',#2105,.T.);
#805=FACE_BOUND('',#2106,.T.);
#806=FACE_BOUND('',#2107,.T.);
#807=FACE_BOUND('',#2108,.T.);
#808=FACE_BOUND('',#2109,.T.);
#809=FACE_BOUND('',#2110,.T.);
#810=FACE_BOUND('',#2111,.T.);
#811=FACE_BOUND('',#2112,.T.);
#812=FACE_OUTER_BOUND('',#1384,.T.);
#813=FACE_OUTER_BOUND('',#1385,.T.);
#814=FACE_OUTER_BOUND('',#1386,.T.);
#815=FACE_OUTER_BOUND('',#1387,.T.);
#816=FACE_OUTER_BOUND('',#1390,.T.);
#817=FACE_OUTER_BOUND('',#1393,.T.);
#818=FACE_OUTER_BOUND('',#1394,.T.);
#819=FACE_OUTER_BOUND('',#1395,.T.);
#820=FACE_OUTER_BOUND('',#1396,.T.);
#821=FACE_OUTER_BOUND('',#1397,.T.);
#822=FACE_OUTER_BOUND('',#1398,.T.);
#823=FACE_OUTER_BOUND('',#1399,.T.);
#824=FACE_OUTER_BOUND('',#1400,.T.);
#825=FACE_OUTER_BOUND('',#1401,.T.);
#826=FACE_OUTER_BOUND('',#1402,.T.);
#827=FACE_OUTER_BOUND('',#1403,.T.);
#828=FACE_OUTER_BOUND('',#1404,.T.);
#829=FACE_OUTER_BOUND('',#1405,.T.);
#830=FACE_OUTER_BOUND('',#1406,.T.);
#831=FACE_OUTER_BOUND('',#1407,.T.);
#832=FACE_OUTER_BOUND('',#1408,.T.);
#833=FACE_OUTER_BOUND('',#1409,.T.);
#834=FACE_OUTER_BOUND('',#1410,.T.);
#835=FACE_OUTER_BOUND('',#1411,.T.);
#836=FACE_OUTER_BOUND('',#1412,.T.);
#837=FACE_OUTER_BOUND('',#1413,.T.);
#838=FACE_OUTER_BOUND('',#1414,.T.);
#839=FACE_OUTER_BOUND('',#1415,.T.);
#840=FACE_OUTER_BOUND('',#1416,.T.);
#841=FACE_OUTER_BOUND('',#1417,.T.);
#842=FACE_OUTER_BOUND('',#1418,.T.);
#843=FACE_OUTER_BOUND('',#1419,.T.);
#844=FACE_OUTER_BOUND('',#1420,.T.);
#845=FACE_OUTER_BOUND('',#1421,.T.);
#846=FACE_OUTER_BOUND('',#1422,.T.);
#847=FACE_OUTER_BOUND('',#1423,.T.);
#848=FACE_OUTER_BOUND('',#1424,.T.);
#849=FACE_OUTER_BOUND('',#1425,.T.);
#850=FACE_OUTER_BOUND('',#1426,.T.);
#851=FACE_OUTER_BOUND('',#1427,.T.);
#852=FACE_OUTER_BOUND('',#1428,.T.);
#853=FACE_OUTER_BOUND('',#1429,.T.);
#854=FACE_OUTER_BOUND('',#1430,.T.);
#855=FACE_OUTER_BOUND('',#1431,.T.);
#856=FACE_OUTER_BOUND('',#1432,.T.);
#857=FACE_OUTER_BOUND('',#1433,.T.);
#858=FACE_OUTER_BOUND('',#1434,.T.);
#859=FACE_OUTER_BOUND('',#1435,.T.);
#860=FACE_OUTER_BOUND('',#1436,.T.);
#861=FACE_OUTER_BOUND('',#1437,.T.);
#862=FACE_OUTER_BOUND('',#1438,.T.);
#863=FACE_OUTER_BOUND('',#1439,.T.);
#864=FACE_OUTER_BOUND('',#1440,.T.);
#865=FACE_OUTER_BOUND('',#1441,.T.);
#866=FACE_OUTER_BOUND('',#1442,.T.);
#867=FACE_OUTER_BOUND('',#1443,.T.);
#868=FACE_OUTER_BOUND('',#1448,.T.);
#869=FACE_OUTER_BOUND('',#1453,.T.);
#870=FACE_OUTER_BOUND('',#1454,.T.);
#871=FACE_OUTER_BOUND('',#1455,.T.);
#872=FACE_OUTER_BOUND('',#1456,.T.);
#873=FACE_OUTER_BOUND('',#1457,.T.);
#874=FACE_OUTER_BOUND('',#1458,.T.);
#875=FACE_OUTER_BOUND('',#1459,.T.);
#876=FACE_OUTER_BOUND('',#1460,.T.);
#877=FACE_OUTER_BOUND('',#1461,.T.);
#878=FACE_OUTER_BOUND('',#1462,.T.);
#879=FACE_OUTER_BOUND('',#1463,.T.);
#880=FACE_OUTER_BOUND('',#1464,.T.);
#881=FACE_OUTER_BOUND('',#1465,.T.);
#882=FACE_OUTER_BOUND('',#1466,.T.);
#883=FACE_OUTER_BOUND('',#1467,.T.);
#884=FACE_OUTER_BOUND('',#1468,.T.);
#885=FACE_OUTER_BOUND('',#1469,.T.);
#886=FACE_OUTER_BOUND('',#1470,.T.);
#887=FACE_OUTER_BOUND('',#1471,.T.);
#888=FACE_OUTER_BOUND('',#1472,.T.);
#889=FACE_OUTER_BOUND('',#1473,.T.);
#890=FACE_OUTER_BOUND('',#1474,.T.);
#891=FACE_OUTER_BOUND('',#1475,.T.);
#892=FACE_OUTER_BOUND('',#1476,.T.);
#893=FACE_OUTER_BOUND('',#1477,.T.);
#894=FACE_OUTER_BOUND('',#1478,.T.);
#895=FACE_OUTER_BOUND('',#1479,.T.);
#896=FACE_OUTER_BOUND('',#1480,.T.);
#897=FACE_OUTER_BOUND('',#1481,.T.);
#898=FACE_OUTER_BOUND('',#1482,.T.);
#899=FACE_OUTER_BOUND('',#1483,.T.);
#900=FACE_OUTER_BOUND('',#1484,.T.);
#901=FACE_OUTER_BOUND('',#1485,.T.);
#902=FACE_OUTER_BOUND('',#1486,.T.);
#903=FACE_OUTER_BOUND('',#1487,.T.);
#904=FACE_OUTER_BOUND('',#1488,.T.);
#905=FACE_OUTER_BOUND('',#1489,.T.);
#906=FACE_OUTER_BOUND('',#1490,.T.);
#907=FACE_OUTER_BOUND('',#1491,.T.);
#908=FACE_OUTER_BOUND('',#1492,.T.);
#909=FACE_OUTER_BOUND('',#1493,.T.);
#910=FACE_OUTER_BOUND('',#1494,.T.);
#911=FACE_OUTER_BOUND('',#1495,.T.);
#912=FACE_OUTER_BOUND('',#1496,.T.);
#913=FACE_OUTER_BOUND('',#1497,.T.);
#914=FACE_OUTER_BOUND('',#1498,.T.);
#915=FACE_OUTER_BOUND('',#1499,.T.);
#916=FACE_OUTER_BOUND('',#1500,.T.);
#917=FACE_OUTER_BOUND('',#1501,.T.);
#918=FACE_OUTER_BOUND('',#1502,.T.);
#919=FACE_OUTER_BOUND('',#1503,.T.);
#920=FACE_OUTER_BOUND('',#1504,.T.);
#921=FACE_OUTER_BOUND('',#1505,.T.);
#922=FACE_OUTER_BOUND('',#1506,.T.);
#923=FACE_OUTER_BOUND('',#1507,.T.);
#924=FACE_OUTER_BOUND('',#1508,.T.);
#925=FACE_OUTER_BOUND('',#1509,.T.);
#926=FACE_OUTER_BOUND('',#1510,.T.);
#927=FACE_OUTER_BOUND('',#1511,.T.);
#928=FACE_OUTER_BOUND('',#1512,.T.);
#929=FACE_OUTER_BOUND('',#1513,.T.);
#930=FACE_OUTER_BOUND('',#1514,.T.);
#931=FACE_OUTER_BOUND('',#1515,.T.);
#932=FACE_OUTER_BOUND('',#1516,.T.);
#933=FACE_OUTER_BOUND('',#1517,.T.);
#934=FACE_OUTER_BOUND('',#1518,.T.);
#935=FACE_OUTER_BOUND('',#1519,.T.);
#936=FACE_OUTER_BOUND('',#1520,.T.);
#937=FACE_OUTER_BOUND('',#1521,.T.);
#938=FACE_OUTER_BOUND('',#1522,.T.);
#939=FACE_OUTER_BOUND('',#1523,.T.);
#940=FACE_OUTER_BOUND('',#1524,.T.);
#941=FACE_OUTER_BOUND('',#1525,.T.);
#942=FACE_OUTER_BOUND('',#1526,.T.);
#943=FACE_OUTER_BOUND('',#1527,.T.);
#944=FACE_OUTER_BOUND('',#1528,.T.);
#945=FACE_OUTER_BOUND('',#1529,.T.);
#946=FACE_OUTER_BOUND('',#1530,.T.);
#947=FACE_OUTER_BOUND('',#1531,.T.);
#948=FACE_OUTER_BOUND('',#1532,.T.);
#949=FACE_OUTER_BOUND('',#1533,.T.);
#950=FACE_OUTER_BOUND('',#1534,.T.);
#951=FACE_OUTER_BOUND('',#1535,.T.);
#952=FACE_OUTER_BOUND('',#1536,.T.);
#953=FACE_OUTER_BOUND('',#1537,.T.);
#954=FACE_OUTER_BOUND('',#1538,.T.);
#955=FACE_OUTER_BOUND('',#1539,.T.);
#956=FACE_OUTER_BOUND('',#1540,.T.);
#957=FACE_OUTER_BOUND('',#1541,.T.);
#958=FACE_OUTER_BOUND('',#1542,.T.);
#959=FACE_OUTER_BOUND('',#1543,.T.);
#960=FACE_OUTER_BOUND('',#1544,.T.);
#961=FACE_OUTER_BOUND('',#1545,.T.);
#962=FACE_OUTER_BOUND('',#1546,.T.);
#963=FACE_OUTER_BOUND('',#1547,.T.);
#964=FACE_OUTER_BOUND('',#1548,.T.);
#965=FACE_OUTER_BOUND('',#1549,.T.);
#966=FACE_OUTER_BOUND('',#1550,.T.);
#967=FACE_OUTER_BOUND('',#1551,.T.);
#968=FACE_OUTER_BOUND('',#1562,.T.);
#969=FACE_OUTER_BOUND('',#1573,.T.);
#970=FACE_OUTER_BOUND('',#1574,.T.);
#971=FACE_OUTER_BOUND('',#1575,.T.);
#972=FACE_OUTER_BOUND('',#1576,.T.);
#973=FACE_OUTER_BOUND('',#1577,.T.);
#974=FACE_OUTER_BOUND('',#1578,.T.);
#975=FACE_OUTER_BOUND('',#1579,.T.);
#976=FACE_OUTER_BOUND('',#1580,.T.);
#977=FACE_OUTER_BOUND('',#1581,.T.);
#978=FACE_OUTER_BOUND('',#1582,.T.);
#979=FACE_OUTER_BOUND('',#1583,.T.);
#980=FACE_OUTER_BOUND('',#1584,.T.);
#981=FACE_OUTER_BOUND('',#1585,.T.);
#982=FACE_OUTER_BOUND('',#1586,.T.);
#983=FACE_OUTER_BOUND('',#1587,.T.);
#984=FACE_OUTER_BOUND('',#1588,.T.);
#985=FACE_OUTER_BOUND('',#1589,.T.);
#986=FACE_OUTER_BOUND('',#1590,.T.);
#987=FACE_OUTER_BOUND('',#1591,.T.);
#988=FACE_OUTER_BOUND('',#1592,.T.);
#989=FACE_OUTER_BOUND('',#1593,.T.);
#990=FACE_OUTER_BOUND('',#1594,.T.);
#991=FACE_OUTER_BOUND('',#1595,.T.);
#992=FACE_OUTER_BOUND('',#1596,.T.);
#993=FACE_OUTER_BOUND('',#1597,.T.);
#994=FACE_OUTER_BOUND('',#1598,.T.);
#995=FACE_OUTER_BOUND('',#1599,.T.);
#996=FACE_OUTER_BOUND('',#1600,.T.);
#997=FACE_OUTER_BOUND('',#1601,.T.);
#998=FACE_OUTER_BOUND('',#1602,.T.);
#999=FACE_OUTER_BOUND('',#1603,.T.);
#1000=FACE_OUTER_BOUND('',#1604,.T.);
#1001=FACE_OUTER_BOUND('',#1605,.T.);
#1002=FACE_OUTER_BOUND('',#1606,.T.);
#1003=FACE_OUTER_BOUND('',#1607,.T.);
#1004=FACE_OUTER_BOUND('',#1608,.T.);
#1005=FACE_OUTER_BOUND('',#1609,.T.);
#1006=FACE_OUTER_BOUND('',#1610,.T.);
#1007=FACE_OUTER_BOUND('',#1611,.T.);
#1008=FACE_OUTER_BOUND('',#1612,.T.);
#1009=FACE_OUTER_BOUND('',#1613,.T.);
#1010=FACE_OUTER_BOUND('',#1614,.T.);
#1011=FACE_OUTER_BOUND('',#1615,.T.);
#1012=FACE_OUTER_BOUND('',#1616,.T.);
#1013=FACE_OUTER_BOUND('',#1617,.T.);
#1014=FACE_OUTER_BOUND('',#1618,.T.);
#1015=FACE_OUTER_BOUND('',#1619,.T.);
#1016=FACE_OUTER_BOUND('',#1620,.T.);
#1017=FACE_OUTER_BOUND('',#1621,.T.);
#1018=FACE_OUTER_BOUND('',#1622,.T.);
#1019=FACE_OUTER_BOUND('',#1623,.T.);
#1020=FACE_OUTER_BOUND('',#1624,.T.);
#1021=FACE_OUTER_BOUND('',#1625,.T.);
#1022=FACE_OUTER_BOUND('',#1626,.T.);
#1023=FACE_OUTER_BOUND('',#1627,.T.);
#1024=FACE_OUTER_BOUND('',#1628,.T.);
#1025=FACE_OUTER_BOUND('',#1629,.T.);
#1026=FACE_OUTER_BOUND('',#1630,.T.);
#1027=FACE_OUTER_BOUND('',#1631,.T.);
#1028=FACE_OUTER_BOUND('',#1632,.T.);
#1029=FACE_OUTER_BOUND('',#1633,.T.);
#1030=FACE_OUTER_BOUND('',#1634,.T.);
#1031=FACE_OUTER_BOUND('',#1635,.T.);
#1032=FACE_OUTER_BOUND('',#1636,.T.);
#1033=FACE_OUTER_BOUND('',#1637,.T.);
#1034=FACE_OUTER_BOUND('',#1638,.T.);
#1035=FACE_OUTER_BOUND('',#1639,.T.);
#1036=FACE_OUTER_BOUND('',#1640,.T.);
#1037=FACE_OUTER_BOUND('',#1641,.T.);
#1038=FACE_OUTER_BOUND('',#1642,.T.);
#1039=FACE_OUTER_BOUND('',#1643,.T.);
#1040=FACE_OUTER_BOUND('',#1644,.T.);
#1041=FACE_OUTER_BOUND('',#1645,.T.);
#1042=FACE_OUTER_BOUND('',#1646,.T.);
#1043=FACE_OUTER_BOUND('',#1647,.T.);
#1044=FACE_OUTER_BOUND('',#1648,.T.);
#1045=FACE_OUTER_BOUND('',#1649,.T.);
#1046=FACE_OUTER_BOUND('',#1650,.T.);
#1047=FACE_OUTER_BOUND('',#1651,.T.);
#1048=FACE_OUTER_BOUND('',#1652,.T.);
#1049=FACE_OUTER_BOUND('',#1653,.T.);
#1050=FACE_OUTER_BOUND('',#1654,.T.);
#1051=FACE_OUTER_BOUND('',#1655,.T.);
#1052=FACE_OUTER_BOUND('',#1656,.T.);
#1053=FACE_OUTER_BOUND('',#1657,.T.);
#1054=FACE_OUTER_BOUND('',#1658,.T.);
#1055=FACE_OUTER_BOUND('',#1659,.T.);
#1056=FACE_OUTER_BOUND('',#1660,.T.);
#1057=FACE_OUTER_BOUND('',#1661,.T.);
#1058=FACE_OUTER_BOUND('',#1662,.T.);
#1059=FACE_OUTER_BOUND('',#1663,.T.);
#1060=FACE_OUTER_BOUND('',#1664,.T.);
#1061=FACE_OUTER_BOUND('',#1665,.T.);
#1062=FACE_OUTER_BOUND('',#1666,.T.);
#1063=FACE_OUTER_BOUND('',#1667,.T.);
#1064=FACE_OUTER_BOUND('',#1668,.T.);
#1065=FACE_OUTER_BOUND('',#1669,.T.);
#1066=FACE_OUTER_BOUND('',#1670,.T.);
#1067=FACE_OUTER_BOUND('',#1671,.T.);
#1068=FACE_OUTER_BOUND('',#1672,.T.);
#1069=FACE_OUTER_BOUND('',#1673,.T.);
#1070=FACE_OUTER_BOUND('',#1674,.T.);
#1071=FACE_OUTER_BOUND('',#1675,.T.);
#1072=FACE_OUTER_BOUND('',#1676,.T.);
#1073=FACE_OUTER_BOUND('',#1677,.T.);
#1074=FACE_OUTER_BOUND('',#1678,.T.);
#1075=FACE_OUTER_BOUND('',#1679,.T.);
#1076=FACE_OUTER_BOUND('',#1680,.T.);
#1077=FACE_OUTER_BOUND('',#1681,.T.);
#1078=FACE_OUTER_BOUND('',#1682,.T.);
#1079=FACE_OUTER_BOUND('',#1683,.T.);
#1080=FACE_OUTER_BOUND('',#1684,.T.);
#1081=FACE_OUTER_BOUND('',#1685,.T.);
#1082=FACE_OUTER_BOUND('',#1686,.T.);
#1083=FACE_OUTER_BOUND('',#1687,.T.);
#1084=FACE_OUTER_BOUND('',#1688,.T.);
#1085=FACE_OUTER_BOUND('',#1689,.T.);
#1086=FACE_OUTER_BOUND('',#1690,.T.);
#1087=FACE_OUTER_BOUND('',#1691,.T.);
#1088=FACE_OUTER_BOUND('',#1692,.T.);
#1089=FACE_OUTER_BOUND('',#1693,.T.);
#1090=FACE_OUTER_BOUND('',#1694,.T.);
#1091=FACE_OUTER_BOUND('',#1695,.T.);
#1092=FACE_OUTER_BOUND('',#1696,.T.);
#1093=FACE_OUTER_BOUND('',#1697,.T.);
#1094=FACE_OUTER_BOUND('',#1698,.T.);
#1095=FACE_OUTER_BOUND('',#1699,.T.);
#1096=FACE_OUTER_BOUND('',#1700,.T.);
#1097=FACE_OUTER_BOUND('',#1701,.T.);
#1098=FACE_OUTER_BOUND('',#1702,.T.);
#1099=FACE_OUTER_BOUND('',#1703,.T.);
#1100=FACE_OUTER_BOUND('',#1704,.T.);
#1101=FACE_OUTER_BOUND('',#1705,.T.);
#1102=FACE_OUTER_BOUND('',#1706,.T.);
#1103=FACE_OUTER_BOUND('',#1707,.T.);
#1104=FACE_OUTER_BOUND('',#1708,.T.);
#1105=FACE_OUTER_BOUND('',#1709,.T.);
#1106=FACE_OUTER_BOUND('',#1710,.T.);
#1107=FACE_OUTER_BOUND('',#1711,.T.);
#1108=FACE_OUTER_BOUND('',#1712,.T.);
#1109=FACE_OUTER_BOUND('',#1713,.T.);
#1110=FACE_OUTER_BOUND('',#1714,.T.);
#1111=FACE_OUTER_BOUND('',#1715,.T.);
#1112=FACE_OUTER_BOUND('',#1716,.T.);
#1113=FACE_OUTER_BOUND('',#1717,.T.);
#1114=FACE_OUTER_BOUND('',#1718,.T.);
#1115=FACE_OUTER_BOUND('',#1719,.T.);
#1116=FACE_OUTER_BOUND('',#1720,.T.);
#1117=FACE_OUTER_BOUND('',#1721,.T.);
#1118=FACE_OUTER_BOUND('',#1722,.T.);
#1119=FACE_OUTER_BOUND('',#1723,.T.);
#1120=FACE_OUTER_BOUND('',#1724,.T.);
#1121=FACE_OUTER_BOUND('',#1725,.T.);
#1122=FACE_OUTER_BOUND('',#1726,.T.);
#1123=FACE_OUTER_BOUND('',#1727,.T.);
#1124=FACE_OUTER_BOUND('',#1728,.T.);
#1125=FACE_OUTER_BOUND('',#1729,.T.);
#1126=FACE_OUTER_BOUND('',#1730,.T.);
#1127=FACE_OUTER_BOUND('',#1731,.T.);
#1128=FACE_OUTER_BOUND('',#1732,.T.);
#1129=FACE_OUTER_BOUND('',#1733,.T.);
#1130=FACE_OUTER_BOUND('',#1734,.T.);
#1131=FACE_OUTER_BOUND('',#1735,.T.);
#1132=FACE_OUTER_BOUND('',#1736,.T.);
#1133=FACE_OUTER_BOUND('',#1737,.T.);
#1134=FACE_OUTER_BOUND('',#1738,.T.);
#1135=FACE_OUTER_BOUND('',#1739,.T.);
#1136=FACE_OUTER_BOUND('',#1740,.T.);
#1137=FACE_OUTER_BOUND('',#1741,.T.);
#1138=FACE_OUTER_BOUND('',#1742,.T.);
#1139=FACE_OUTER_BOUND('',#1743,.T.);
#1140=FACE_OUTER_BOUND('',#1744,.T.);
#1141=FACE_OUTER_BOUND('',#1745,.T.);
#1142=FACE_OUTER_BOUND('',#1746,.T.);
#1143=FACE_OUTER_BOUND('',#1747,.T.);
#1144=FACE_OUTER_BOUND('',#1748,.T.);
#1145=FACE_OUTER_BOUND('',#1749,.T.);
#1146=FACE_OUTER_BOUND('',#1750,.T.);
#1147=FACE_OUTER_BOUND('',#1751,.T.);
#1148=FACE_OUTER_BOUND('',#1752,.T.);
#1149=FACE_OUTER_BOUND('',#1753,.T.);
#1150=FACE_OUTER_BOUND('',#1754,.T.);
#1151=FACE_OUTER_BOUND('',#1755,.T.);
#1152=FACE_OUTER_BOUND('',#1756,.T.);
#1153=FACE_OUTER_BOUND('',#1757,.T.);
#1154=FACE_OUTER_BOUND('',#1758,.T.);
#1155=FACE_OUTER_BOUND('',#1759,.T.);
#1156=FACE_OUTER_BOUND('',#1760,.T.);
#1157=FACE_OUTER_BOUND('',#1761,.T.);
#1158=FACE_OUTER_BOUND('',#1762,.T.);
#1159=FACE_OUTER_BOUND('',#1763,.T.);
#1160=FACE_OUTER_BOUND('',#1764,.T.);
#1161=FACE_OUTER_BOUND('',#1765,.T.);
#1162=FACE_OUTER_BOUND('',#1766,.T.);
#1163=FACE_OUTER_BOUND('',#1767,.T.);
#1164=FACE_OUTER_BOUND('',#1768,.T.);
#1165=FACE_OUTER_BOUND('',#1769,.T.);
#1166=FACE_OUTER_BOUND('',#1770,.T.);
#1167=FACE_OUTER_BOUND('',#1771,.T.);
#1168=FACE_OUTER_BOUND('',#1772,.T.);
#1169=FACE_OUTER_BOUND('',#1773,.T.);
#1170=FACE_OUTER_BOUND('',#1774,.T.);
#1171=FACE_OUTER_BOUND('',#1775,.T.);
#1172=FACE_OUTER_BOUND('',#1776,.T.);
#1173=FACE_OUTER_BOUND('',#1777,.T.);
#1174=FACE_OUTER_BOUND('',#1778,.T.);
#1175=FACE_OUTER_BOUND('',#1779,.T.);
#1176=FACE_OUTER_BOUND('',#1780,.T.);
#1177=FACE_OUTER_BOUND('',#1781,.T.);
#1178=FACE_OUTER_BOUND('',#1782,.T.);
#1179=FACE_OUTER_BOUND('',#1783,.T.);
#1180=FACE_OUTER_BOUND('',#1784,.T.);
#1181=FACE_OUTER_BOUND('',#1785,.T.);
#1182=FACE_OUTER_BOUND('',#1786,.T.);
#1183=FACE_OUTER_BOUND('',#1787,.T.);
#1184=FACE_OUTER_BOUND('',#1788,.T.);
#1185=FACE_OUTER_BOUND('',#1789,.T.);
#1186=FACE_OUTER_BOUND('',#1790,.T.);
#1187=FACE_OUTER_BOUND('',#1791,.T.);
#1188=FACE_OUTER_BOUND('',#1792,.T.);
#1189=FACE_OUTER_BOUND('',#1793,.T.);
#1190=FACE_OUTER_BOUND('',#1794,.T.);
#1191=FACE_OUTER_BOUND('',#1795,.T.);
#1192=FACE_OUTER_BOUND('',#1796,.T.);
#1193=FACE_OUTER_BOUND('',#1797,.T.);
#1194=FACE_OUTER_BOUND('',#1798,.T.);
#1195=FACE_OUTER_BOUND('',#1799,.T.);
#1196=FACE_OUTER_BOUND('',#1800,.T.);
#1197=FACE_OUTER_BOUND('',#1801,.T.);
#1198=FACE_OUTER_BOUND('',#1802,.T.);
#1199=FACE_OUTER_BOUND('',#1803,.T.);
#1200=FACE_OUTER_BOUND('',#1804,.T.);
#1201=FACE_OUTER_BOUND('',#1805,.T.);
#1202=FACE_OUTER_BOUND('',#1806,.T.);
#1203=FACE_OUTER_BOUND('',#1807,.T.);
#1204=FACE_OUTER_BOUND('',#1808,.T.);
#1205=FACE_OUTER_BOUND('',#1809,.T.);
#1206=FACE_OUTER_BOUND('',#1810,.T.);
#1207=FACE_OUTER_BOUND('',#1811,.T.);
#1208=FACE_OUTER_BOUND('',#1812,.T.);
#1209=FACE_OUTER_BOUND('',#1813,.T.);
#1210=FACE_OUTER_BOUND('',#1814,.T.);
#1211=FACE_OUTER_BOUND('',#1815,.T.);
#1212=FACE_OUTER_BOUND('',#1819,.T.);
#1213=FACE_OUTER_BOUND('',#1820,.T.);
#1214=FACE_OUTER_BOUND('',#1821,.T.);
#1215=FACE_OUTER_BOUND('',#1822,.T.);
#1216=FACE_OUTER_BOUND('',#1823,.T.);
#1217=FACE_OUTER_BOUND('',#1824,.T.);
#1218=FACE_OUTER_BOUND('',#1825,.T.);
#1219=FACE_OUTER_BOUND('',#1826,.T.);
#1220=FACE_OUTER_BOUND('',#1827,.T.);
#1221=FACE_OUTER_BOUND('',#1828,.T.);
#1222=FACE_OUTER_BOUND('',#1829,.T.);
#1223=FACE_OUTER_BOUND('',#1830,.T.);
#1224=FACE_OUTER_BOUND('',#1831,.T.);
#1225=FACE_OUTER_BOUND('',#1832,.T.);
#1226=FACE_OUTER_BOUND('',#1833,.T.);
#1227=FACE_OUTER_BOUND('',#1834,.T.);
#1228=FACE_OUTER_BOUND('',#1835,.T.);
#1229=FACE_OUTER_BOUND('',#1836,.T.);
#1230=FACE_OUTER_BOUND('',#1837,.T.);
#1231=FACE_OUTER_BOUND('',#1838,.T.);
#1232=FACE_OUTER_BOUND('',#1839,.T.);
#1233=FACE_OUTER_BOUND('',#1840,.T.);
#1234=FACE_OUTER_BOUND('',#1841,.T.);
#1235=FACE_OUTER_BOUND('',#1842,.T.);
#1236=FACE_OUTER_BOUND('',#1843,.T.);
#1237=FACE_OUTER_BOUND('',#1844,.T.);
#1238=FACE_OUTER_BOUND('',#1845,.T.);
#1239=FACE_OUTER_BOUND('',#1979,.T.);
#1240=FACE_OUTER_BOUND('',#2113,.T.);
#1241=FACE_OUTER_BOUND('',#2114,.T.);
#1242=FACE_OUTER_BOUND('',#2115,.T.);
#1243=FACE_OUTER_BOUND('',#2116,.T.);
#1244=FACE_OUTER_BOUND('',#2117,.T.);
#1245=FACE_OUTER_BOUND('',#2118,.T.);
#1246=FACE_OUTER_BOUND('',#2119,.T.);
#1247=FACE_OUTER_BOUND('',#2120,.T.);
#1248=FACE_OUTER_BOUND('',#2121,.T.);
#1249=FACE_OUTER_BOUND('',#2122,.T.);
#1250=FACE_OUTER_BOUND('',#2123,.T.);
#1251=FACE_OUTER_BOUND('',#2124,.T.);
#1252=FACE_OUTER_BOUND('',#2125,.T.);
#1253=FACE_OUTER_BOUND('',#2126,.T.);
#1254=FACE_OUTER_BOUND('',#2127,.T.);
#1255=FACE_OUTER_BOUND('',#2128,.T.);
#1256=FACE_OUTER_BOUND('',#2129,.T.);
#1257=FACE_OUTER_BOUND('',#2130,.T.);
#1258=FACE_OUTER_BOUND('',#2131,.T.);
#1259=FACE_OUTER_BOUND('',#2132,.T.);
#1260=FACE_OUTER_BOUND('',#2133,.T.);
#1261=FACE_OUTER_BOUND('',#2134,.T.);
#1262=FACE_OUTER_BOUND('',#2135,.T.);
#1263=FACE_OUTER_BOUND('',#2136,.T.);
#1264=FACE_OUTER_BOUND('',#2137,.T.);
#1265=FACE_OUTER_BOUND('',#2138,.T.);
#1266=FACE_OUTER_BOUND('',#2139,.T.);
#1267=FACE_OUTER_BOUND('',#2140,.T.);
#1268=FACE_OUTER_BOUND('',#2141,.T.);
#1269=FACE_OUTER_BOUND('',#2142,.T.);
#1270=FACE_OUTER_BOUND('',#2143,.T.);
#1271=FACE_OUTER_BOUND('',#2144,.T.);
#1272=FACE_OUTER_BOUND('',#2145,.T.);
#1273=FACE_OUTER_BOUND('',#2146,.T.);
#1274=FACE_OUTER_BOUND('',#2147,.T.);
#1275=FACE_OUTER_BOUND('',#2148,.T.);
#1276=FACE_OUTER_BOUND('',#2149,.T.);
#1277=FACE_OUTER_BOUND('',#2150,.T.);
#1278=FACE_OUTER_BOUND('',#2151,.T.);
#1279=FACE_OUTER_BOUND('',#2152,.T.);
#1280=FACE_OUTER_BOUND('',#2153,.T.);
#1281=FACE_OUTER_BOUND('',#2154,.T.);
#1282=FACE_OUTER_BOUND('',#2155,.T.);
#1283=FACE_OUTER_BOUND('',#2156,.T.);
#1284=FACE_OUTER_BOUND('',#2157,.T.);
#1285=FACE_OUTER_BOUND('',#2158,.T.);
#1286=FACE_OUTER_BOUND('',#2159,.T.);
#1287=FACE_OUTER_BOUND('',#2160,.T.);
#1288=FACE_OUTER_BOUND('',#2161,.T.);
#1289=FACE_OUTER_BOUND('',#2162,.T.);
#1290=FACE_OUTER_BOUND('',#2163,.T.);
#1291=FACE_OUTER_BOUND('',#2164,.T.);
#1292=FACE_OUTER_BOUND('',#2165,.T.);
#1293=FACE_OUTER_BOUND('',#2166,.T.);
#1294=FACE_OUTER_BOUND('',#2167,.T.);
#1295=FACE_OUTER_BOUND('',#2168,.T.);
#1296=FACE_OUTER_BOUND('',#2169,.T.);
#1297=FACE_OUTER_BOUND('',#2170,.T.);
#1298=FACE_OUTER_BOUND('',#2171,.T.);
#1299=FACE_OUTER_BOUND('',#2172,.T.);
#1300=FACE_OUTER_BOUND('',#2173,.T.);
#1301=FACE_OUTER_BOUND('',#2174,.T.);
#1302=FACE_OUTER_BOUND('',#2175,.T.);
#1303=FACE_OUTER_BOUND('',#2176,.T.);
#1304=FACE_OUTER_BOUND('',#2177,.T.);
#1305=FACE_OUTER_BOUND('',#2178,.T.);
#1306=FACE_OUTER_BOUND('',#2179,.T.);
#1307=FACE_OUTER_BOUND('',#2180,.T.);
#1308=FACE_OUTER_BOUND('',#2181,.T.);
#1309=FACE_OUTER_BOUND('',#2182,.T.);
#1310=FACE_OUTER_BOUND('',#2183,.T.);
#1311=FACE_OUTER_BOUND('',#2184,.T.);
#1312=FACE_OUTER_BOUND('',#2185,.T.);
#1313=FACE_OUTER_BOUND('',#2186,.T.);
#1314=FACE_OUTER_BOUND('',#2187,.T.);
#1315=FACE_OUTER_BOUND('',#2188,.T.);
#1316=FACE_OUTER_BOUND('',#2189,.T.);
#1317=FACE_OUTER_BOUND('',#2190,.T.);
#1318=FACE_OUTER_BOUND('',#2191,.T.);
#1319=FACE_OUTER_BOUND('',#2192,.T.);
#1320=FACE_OUTER_BOUND('',#2193,.T.);
#1321=FACE_OUTER_BOUND('',#2194,.T.);
#1322=FACE_OUTER_BOUND('',#2195,.T.);
#1323=FACE_OUTER_BOUND('',#2196,.T.);
#1324=FACE_OUTER_BOUND('',#2197,.T.);
#1325=FACE_OUTER_BOUND('',#2198,.T.);
#1326=FACE_OUTER_BOUND('',#2199,.T.);
#1327=FACE_OUTER_BOUND('',#2200,.T.);
#1328=FACE_OUTER_BOUND('',#2201,.T.);
#1329=FACE_OUTER_BOUND('',#2202,.T.);
#1330=FACE_OUTER_BOUND('',#2203,.T.);
#1331=FACE_OUTER_BOUND('',#2204,.T.);
#1332=FACE_OUTER_BOUND('',#2205,.T.);
#1333=FACE_OUTER_BOUND('',#2206,.T.);
#1334=FACE_OUTER_BOUND('',#2207,.T.);
#1335=FACE_OUTER_BOUND('',#2208,.T.);
#1336=FACE_OUTER_BOUND('',#2209,.T.);
#1337=FACE_OUTER_BOUND('',#2210,.T.);
#1338=FACE_OUTER_BOUND('',#2211,.T.);
#1339=FACE_OUTER_BOUND('',#2212,.T.);
#1340=FACE_OUTER_BOUND('',#2213,.T.);
#1341=FACE_OUTER_BOUND('',#2214,.T.);
#1342=FACE_OUTER_BOUND('',#2215,.T.);
#1343=FACE_OUTER_BOUND('',#2216,.T.);
#1344=FACE_OUTER_BOUND('',#2217,.T.);
#1345=FACE_OUTER_BOUND('',#2218,.T.);
#1346=FACE_OUTER_BOUND('',#2219,.T.);
#1347=FACE_OUTER_BOUND('',#2220,.T.);
#1348=FACE_OUTER_BOUND('',#2221,.T.);
#1349=FACE_OUTER_BOUND('',#2222,.T.);
#1350=FACE_OUTER_BOUND('',#2223,.T.);
#1351=FACE_OUTER_BOUND('',#2224,.T.);
#1352=FACE_OUTER_BOUND('',#2225,.T.);
#1353=FACE_OUTER_BOUND('',#2226,.T.);
#1354=FACE_OUTER_BOUND('',#2227,.T.);
#1355=FACE_OUTER_BOUND('',#2228,.T.);
#1356=FACE_OUTER_BOUND('',#2229,.T.);
#1357=FACE_OUTER_BOUND('',#2230,.T.);
#1358=FACE_OUTER_BOUND('',#2231,.T.);
#1359=FACE_OUTER_BOUND('',#2232,.T.);
#1360=FACE_OUTER_BOUND('',#2233,.T.);
#1361=FACE_OUTER_BOUND('',#2234,.T.);
#1362=FACE_OUTER_BOUND('',#2235,.T.);
#1363=FACE_OUTER_BOUND('',#2236,.T.);
#1364=FACE_OUTER_BOUND('',#2237,.T.);
#1365=FACE_OUTER_BOUND('',#2238,.T.);
#1366=FACE_OUTER_BOUND('',#2239,.T.);
#1367=FACE_OUTER_BOUND('',#2240,.T.);
#1368=FACE_OUTER_BOUND('',#2241,.T.);
#1369=FACE_OUTER_BOUND('',#2242,.T.);
#1370=FACE_OUTER_BOUND('',#2243,.T.);
#1371=FACE_OUTER_BOUND('',#2244,.T.);
#1372=FACE_OUTER_BOUND('',#2245,.T.);
#1373=FACE_OUTER_BOUND('',#2246,.T.);
#1374=FACE_OUTER_BOUND('',#2247,.T.);
#1375=FACE_OUTER_BOUND('',#2248,.T.);
#1376=FACE_OUTER_BOUND('',#2249,.T.);
#1377=FACE_OUTER_BOUND('',#2250,.T.);
#1378=FACE_OUTER_BOUND('',#2251,.T.);
#1379=FACE_OUTER_BOUND('',#2252,.T.);
#1380=FACE_OUTER_BOUND('',#2253,.T.);
#1381=FACE_OUTER_BOUND('',#2254,.T.);
#1382=FACE_OUTER_BOUND('',#2255,.T.);
#1383=FACE_OUTER_BOUND('',#2256,.T.);
#1384=EDGE_LOOP('',(#6902,#6903,#6904,#6905));
#1385=EDGE_LOOP('',(#6906,#6907,#6908,#6909));
#1386=EDGE_LOOP('',(#6910,#6911,#6912,#6913));
#1387=EDGE_LOOP('',(#6914,#6915,#6916,#6917,#6918,#6919,#6920,#6921,#6922,
#6923,#6924,#6925,#6926,#6927));
#1388=EDGE_LOOP('',(#6928,#6929,#6930,#6931));
#1389=EDGE_LOOP('',(#6932,#6933,#6934,#6935));
#1390=EDGE_LOOP('',(#6936,#6937,#6938,#6939,#6940,#6941,#6942,#6943,#6944,
#6945,#6946,#6947,#6948,#6949));
#1391=EDGE_LOOP('',(#6950,#6951,#6952,#6953));
#1392=EDGE_LOOP('',(#6954,#6955,#6956,#6957));
#1393=EDGE_LOOP('',(#6958,#6959,#6960,#6961));
#1394=EDGE_LOOP('',(#6962,#6963,#6964,#6965));
#1395=EDGE_LOOP('',(#6966,#6967,#6968,#6969));
#1396=EDGE_LOOP('',(#6970,#6971,#6972,#6973));
#1397=EDGE_LOOP('',(#6974,#6975,#6976,#6977));
#1398=EDGE_LOOP('',(#6978,#6979,#6980,#6981));
#1399=EDGE_LOOP('',(#6982,#6983,#6984,#6985));
#1400=EDGE_LOOP('',(#6986,#6987,#6988,#6989));
#1401=EDGE_LOOP('',(#6990,#6991,#6992,#6993));
#1402=EDGE_LOOP('',(#6994,#6995,#6996,#6997));
#1403=EDGE_LOOP('',(#6998,#6999,#7000,#7001));
#1404=EDGE_LOOP('',(#7002,#7003,#7004,#7005));
#1405=EDGE_LOOP('',(#7006,#7007,#7008,#7009));
#1406=EDGE_LOOP('',(#7010,#7011,#7012,#7013));
#1407=EDGE_LOOP('',(#7014,#7015,#7016,#7017));
#1408=EDGE_LOOP('',(#7018,#7019,#7020,#7021));
#1409=EDGE_LOOP('',(#7022,#7023,#7024,#7025));
#1410=EDGE_LOOP('',(#7026,#7027,#7028,#7029));
#1411=EDGE_LOOP('',(#7030,#7031,#7032,#7033));
#1412=EDGE_LOOP('',(#7034,#7035,#7036,#7037));
#1413=EDGE_LOOP('',(#7038,#7039,#7040,#7041));
#1414=EDGE_LOOP('',(#7042,#7043,#7044,#7045));
#1415=EDGE_LOOP('',(#7046,#7047,#7048,#7049));
#1416=EDGE_LOOP('',(#7050,#7051,#7052,#7053));
#1417=EDGE_LOOP('',(#7054,#7055,#7056,#7057));
#1418=EDGE_LOOP('',(#7058,#7059,#7060,#7061));
#1419=EDGE_LOOP('',(#7062,#7063,#7064,#7065));
#1420=EDGE_LOOP('',(#7066,#7067,#7068,#7069));
#1421=EDGE_LOOP('',(#7070,#7071,#7072,#7073));
#1422=EDGE_LOOP('',(#7074,#7075,#7076,#7077));
#1423=EDGE_LOOP('',(#7078,#7079,#7080,#7081));
#1424=EDGE_LOOP('',(#7082,#7083,#7084,#7085));
#1425=EDGE_LOOP('',(#7086,#7087,#7088,#7089));
#1426=EDGE_LOOP('',(#7090,#7091,#7092,#7093));
#1427=EDGE_LOOP('',(#7094,#7095,#7096,#7097));
#1428=EDGE_LOOP('',(#7098,#7099,#7100,#7101));
#1429=EDGE_LOOP('',(#7102,#7103,#7104,#7105));
#1430=EDGE_LOOP('',(#7106,#7107,#7108,#7109));
#1431=EDGE_LOOP('',(#7110,#7111,#7112,#7113));
#1432=EDGE_LOOP('',(#7114,#7115,#7116,#7117));
#1433=EDGE_LOOP('',(#7118,#7119,#7120,#7121));
#1434=EDGE_LOOP('',(#7122,#7123,#7124,#7125));
#1435=EDGE_LOOP('',(#7126,#7127,#7128,#7129));
#1436=EDGE_LOOP('',(#7130,#7131,#7132,#7133));
#1437=EDGE_LOOP('',(#7134,#7135,#7136,#7137));
#1438=EDGE_LOOP('',(#7138,#7139,#7140,#7141));
#1439=EDGE_LOOP('',(#7142,#7143,#7144,#7145));
#1440=EDGE_LOOP('',(#7146,#7147,#7148,#7149));
#1441=EDGE_LOOP('',(#7150,#7151,#7152,#7153));
#1442=EDGE_LOOP('',(#7154,#7155,#7156,#7157));
#1443=EDGE_LOOP('',(#7158,#7159,#7160,#7161,#7162,#7163,#7164,#7165,#7166,
#7167,#7168,#7169,#7170,#7171,#7172,#7173,#7174,#7175,#7176,#7177,#7178,
#7179,#7180,#7181,#7182,#7183));
#1444=EDGE_LOOP('',(#7184,#7185,#7186,#7187));
#1445=EDGE_LOOP('',(#7188,#7189,#7190,#7191));
#1446=EDGE_LOOP('',(#7192,#7193,#7194,#7195));
#1447=EDGE_LOOP('',(#7196,#7197,#7198,#7199));
#1448=EDGE_LOOP('',(#7200,#7201,#7202,#7203,#7204,#7205,#7206,#7207,#7208,
#7209,#7210,#7211,#7212,#7213,#7214,#7215,#7216,#7217,#7218,#7219,#7220,
#7221,#7222,#7223,#7224,#7225));
#1449=EDGE_LOOP('',(#7226,#7227,#7228,#7229));
#1450=EDGE_LOOP('',(#7230,#7231,#7232,#7233));
#1451=EDGE_LOOP('',(#7234,#7235,#7236,#7237));
#1452=EDGE_LOOP('',(#7238,#7239,#7240,#7241));
#1453=EDGE_LOOP('',(#7242,#7243,#7244,#7245));
#1454=EDGE_LOOP('',(#7246,#7247,#7248,#7249));
#1455=EDGE_LOOP('',(#7250,#7251,#7252,#7253));
#1456=EDGE_LOOP('',(#7254,#7255,#7256,#7257));
#1457=EDGE_LOOP('',(#7258,#7259,#7260,#7261));
#1458=EDGE_LOOP('',(#7262,#7263,#7264,#7265));
#1459=EDGE_LOOP('',(#7266,#7267,#7268,#7269));
#1460=EDGE_LOOP('',(#7270,#7271,#7272,#7273));
#1461=EDGE_LOOP('',(#7274,#7275,#7276,#7277));
#1462=EDGE_LOOP('',(#7278,#7279,#7280,#7281));
#1463=EDGE_LOOP('',(#7282,#7283,#7284,#7285));
#1464=EDGE_LOOP('',(#7286,#7287,#7288,#7289));
#1465=EDGE_LOOP('',(#7290,#7291,#7292,#7293));
#1466=EDGE_LOOP('',(#7294,#7295,#7296,#7297));
#1467=EDGE_LOOP('',(#7298,#7299,#7300,#7301));
#1468=EDGE_LOOP('',(#7302,#7303,#7304,#7305));
#1469=EDGE_LOOP('',(#7306,#7307,#7308,#7309));
#1470=EDGE_LOOP('',(#7310,#7311,#7312,#7313));
#1471=EDGE_LOOP('',(#7314,#7315,#7316,#7317));
#1472=EDGE_LOOP('',(#7318,#7319,#7320,#7321));
#1473=EDGE_LOOP('',(#7322,#7323,#7324,#7325));
#1474=EDGE_LOOP('',(#7326,#7327,#7328,#7329));
#1475=EDGE_LOOP('',(#7330,#7331,#7332,#7333));
#1476=EDGE_LOOP('',(#7334,#7335,#7336,#7337));
#1477=EDGE_LOOP('',(#7338,#7339,#7340,#7341));
#1478=EDGE_LOOP('',(#7342,#7343,#7344,#7345));
#1479=EDGE_LOOP('',(#7346,#7347,#7348,#7349));
#1480=EDGE_LOOP('',(#7350,#7351,#7352,#7353));
#1481=EDGE_LOOP('',(#7354,#7355,#7356,#7357));
#1482=EDGE_LOOP('',(#7358,#7359,#7360,#7361));
#1483=EDGE_LOOP('',(#7362,#7363,#7364,#7365));
#1484=EDGE_LOOP('',(#7366,#7367,#7368,#7369));
#1485=EDGE_LOOP('',(#7370,#7371,#7372,#7373));
#1486=EDGE_LOOP('',(#7374,#7375,#7376,#7377));
#1487=EDGE_LOOP('',(#7378,#7379,#7380,#7381));
#1488=EDGE_LOOP('',(#7382,#7383,#7384,#7385));
#1489=EDGE_LOOP('',(#7386,#7387,#7388,#7389));
#1490=EDGE_LOOP('',(#7390,#7391,#7392,#7393));
#1491=EDGE_LOOP('',(#7394,#7395,#7396,#7397));
#1492=EDGE_LOOP('',(#7398,#7399,#7400,#7401));
#1493=EDGE_LOOP('',(#7402,#7403,#7404,#7405));
#1494=EDGE_LOOP('',(#7406,#7407,#7408,#7409));
#1495=EDGE_LOOP('',(#7410,#7411,#7412,#7413));
#1496=EDGE_LOOP('',(#7414,#7415,#7416,#7417));
#1497=EDGE_LOOP('',(#7418,#7419,#7420,#7421));
#1498=EDGE_LOOP('',(#7422,#7423,#7424,#7425));
#1499=EDGE_LOOP('',(#7426,#7427,#7428,#7429));
#1500=EDGE_LOOP('',(#7430,#7431,#7432,#7433));
#1501=EDGE_LOOP('',(#7434,#7435,#7436,#7437));
#1502=EDGE_LOOP('',(#7438,#7439,#7440,#7441));
#1503=EDGE_LOOP('',(#7442,#7443,#7444,#7445));
#1504=EDGE_LOOP('',(#7446,#7447,#7448,#7449));
#1505=EDGE_LOOP('',(#7450,#7451,#7452,#7453));
#1506=EDGE_LOOP('',(#7454,#7455,#7456,#7457));
#1507=EDGE_LOOP('',(#7458,#7459,#7460,#7461));
#1508=EDGE_LOOP('',(#7462,#7463,#7464,#7465));
#1509=EDGE_LOOP('',(#7466,#7467,#7468,#7469));
#1510=EDGE_LOOP('',(#7470,#7471,#7472,#7473));
#1511=EDGE_LOOP('',(#7474,#7475,#7476,#7477));
#1512=EDGE_LOOP('',(#7478,#7479,#7480,#7481));
#1513=EDGE_LOOP('',(#7482,#7483,#7484,#7485));
#1514=EDGE_LOOP('',(#7486,#7487,#7488,#7489));
#1515=EDGE_LOOP('',(#7490,#7491,#7492,#7493));
#1516=EDGE_LOOP('',(#7494,#7495,#7496,#7497));
#1517=EDGE_LOOP('',(#7498,#7499,#7500,#7501));
#1518=EDGE_LOOP('',(#7502,#7503,#7504,#7505));
#1519=EDGE_LOOP('',(#7506,#7507,#7508,#7509));
#1520=EDGE_LOOP('',(#7510,#7511,#7512,#7513));
#1521=EDGE_LOOP('',(#7514,#7515,#7516,#7517));
#1522=EDGE_LOOP('',(#7518,#7519,#7520,#7521));
#1523=EDGE_LOOP('',(#7522,#7523,#7524,#7525));
#1524=EDGE_LOOP('',(#7526,#7527,#7528,#7529));
#1525=EDGE_LOOP('',(#7530,#7531,#7532,#7533));
#1526=EDGE_LOOP('',(#7534,#7535,#7536,#7537));
#1527=EDGE_LOOP('',(#7538,#7539,#7540,#7541));
#1528=EDGE_LOOP('',(#7542,#7543,#7544,#7545));
#1529=EDGE_LOOP('',(#7546,#7547,#7548,#7549));
#1530=EDGE_LOOP('',(#7550,#7551,#7552,#7553));
#1531=EDGE_LOOP('',(#7554,#7555,#7556,#7557));
#1532=EDGE_LOOP('',(#7558,#7559,#7560,#7561));
#1533=EDGE_LOOP('',(#7562,#7563,#7564,#7565));
#1534=EDGE_LOOP('',(#7566,#7567,#7568,#7569));
#1535=EDGE_LOOP('',(#7570,#7571,#7572,#7573));
#1536=EDGE_LOOP('',(#7574,#7575,#7576,#7577));
#1537=EDGE_LOOP('',(#7578,#7579,#7580,#7581));
#1538=EDGE_LOOP('',(#7582,#7583,#7584,#7585));
#1539=EDGE_LOOP('',(#7586,#7587,#7588,#7589));
#1540=EDGE_LOOP('',(#7590,#7591,#7592,#7593));
#1541=EDGE_LOOP('',(#7594,#7595,#7596,#7597));
#1542=EDGE_LOOP('',(#7598,#7599,#7600,#7601));
#1543=EDGE_LOOP('',(#7602,#7603,#7604,#7605));
#1544=EDGE_LOOP('',(#7606,#7607,#7608,#7609));
#1545=EDGE_LOOP('',(#7610,#7611,#7612,#7613));
#1546=EDGE_LOOP('',(#7614,#7615,#7616,#7617));
#1547=EDGE_LOOP('',(#7618,#7619,#7620,#7621));
#1548=EDGE_LOOP('',(#7622,#7623,#7624,#7625));
#1549=EDGE_LOOP('',(#7626,#7627,#7628,#7629));
#1550=EDGE_LOOP('',(#7630,#7631,#7632,#7633));
#1551=EDGE_LOOP('',(#7634,#7635,#7636,#7637,#7638,#7639,#7640,#7641,#7642,
#7643,#7644,#7645,#7646,#7647,#7648,#7649,#7650,#7651,#7652,#7653,#7654,
#7655,#7656,#7657,#7658,#7659,#7660,#7661,#7662,#7663,#7664,#7665,#7666,
#7667,#7668,#7669,#7670,#7671,#7672,#7673,#7674,#7675,#7676,#7677,#7678,
#7679,#7680,#7681,#7682,#7683,#7684,#7685,#7686,#7687,#7688,#7689,#7690,
#7691,#7692,#7693,#7694,#7695));
#1552=EDGE_LOOP('',(#7696,#7697,#7698,#7699));
#1553=EDGE_LOOP('',(#7700,#7701,#7702,#7703));
#1554=EDGE_LOOP('',(#7704,#7705,#7706,#7707));
#1555=EDGE_LOOP('',(#7708,#7709,#7710,#7711));
#1556=EDGE_LOOP('',(#7712,#7713,#7714,#7715));
#1557=EDGE_LOOP('',(#7716,#7717,#7718,#7719));
#1558=EDGE_LOOP('',(#7720,#7721,#7722,#7723));
#1559=EDGE_LOOP('',(#7724,#7725,#7726,#7727));
#1560=EDGE_LOOP('',(#7728,#7729,#7730,#7731));
#1561=EDGE_LOOP('',(#7732,#7733,#7734,#7735));
#1562=EDGE_LOOP('',(#7736,#7737,#7738,#7739,#7740,#7741,#7742,#7743,#7744,
#7745,#7746,#7747,#7748,#7749,#7750,#7751,#7752,#7753,#7754,#7755,#7756,
#7757,#7758,#7759,#7760,#7761,#7762,#7763,#7764,#7765,#7766,#7767,#7768,
#7769,#7770,#7771,#7772,#7773,#7774,#7775,#7776,#7777,#7778,#7779,#7780,
#7781,#7782,#7783,#7784,#7785,#7786,#7787,#7788,#7789,#7790,#7791,#7792,
#7793,#7794,#7795,#7796,#7797));
#1563=EDGE_LOOP('',(#7798,#7799,#7800,#7801));
#1564=EDGE_LOOP('',(#7802,#7803,#7804,#7805));
#1565=EDGE_LOOP('',(#7806,#7807,#7808,#7809));
#1566=EDGE_LOOP('',(#7810,#7811,#7812,#7813));
#1567=EDGE_LOOP('',(#7814,#7815,#7816,#7817));
#1568=EDGE_LOOP('',(#7818,#7819,#7820,#7821));
#1569=EDGE_LOOP('',(#7822,#7823,#7824,#7825));
#1570=EDGE_LOOP('',(#7826,#7827,#7828,#7829));
#1571=EDGE_LOOP('',(#7830,#7831,#7832,#7833));
#1572=EDGE_LOOP('',(#7834,#7835,#7836,#7837));
#1573=EDGE_LOOP('',(#7838,#7839,#7840,#7841));
#1574=EDGE_LOOP('',(#7842,#7843,#7844,#7845));
#1575=EDGE_LOOP('',(#7846,#7847,#7848,#7849));
#1576=EDGE_LOOP('',(#7850,#7851,#7852,#7853));
#1577=EDGE_LOOP('',(#7854,#7855,#7856,#7857));
#1578=EDGE_LOOP('',(#7858,#7859,#7860,#7861));
#1579=EDGE_LOOP('',(#7862,#7863,#7864,#7865));
#1580=EDGE_LOOP('',(#7866,#7867,#7868,#7869));
#1581=EDGE_LOOP('',(#7870,#7871,#7872,#7873));
#1582=EDGE_LOOP('',(#7874,#7875,#7876,#7877));
#1583=EDGE_LOOP('',(#7878,#7879,#7880,#7881));
#1584=EDGE_LOOP('',(#7882,#7883,#7884,#7885));
#1585=EDGE_LOOP('',(#7886,#7887,#7888,#7889));
#1586=EDGE_LOOP('',(#7890,#7891,#7892,#7893));
#1587=EDGE_LOOP('',(#7894,#7895,#7896,#7897));
#1588=EDGE_LOOP('',(#7898,#7899,#7900,#7901));
#1589=EDGE_LOOP('',(#7902,#7903,#7904,#7905));
#1590=EDGE_LOOP('',(#7906,#7907,#7908,#7909));
#1591=EDGE_LOOP('',(#7910,#7911,#7912,#7913));
#1592=EDGE_LOOP('',(#7914,#7915,#7916,#7917));
#1593=EDGE_LOOP('',(#7918,#7919,#7920,#7921));
#1594=EDGE_LOOP('',(#7922,#7923,#7924,#7925));
#1595=EDGE_LOOP('',(#7926,#7927,#7928,#7929));
#1596=EDGE_LOOP('',(#7930,#7931,#7932,#7933));
#1597=EDGE_LOOP('',(#7934,#7935,#7936,#7937));
#1598=EDGE_LOOP('',(#7938,#7939,#7940,#7941));
#1599=EDGE_LOOP('',(#7942,#7943,#7944,#7945));
#1600=EDGE_LOOP('',(#7946,#7947,#7948,#7949));
#1601=EDGE_LOOP('',(#7950,#7951,#7952,#7953));
#1602=EDGE_LOOP('',(#7954,#7955,#7956,#7957));
#1603=EDGE_LOOP('',(#7958,#7959,#7960,#7961));
#1604=EDGE_LOOP('',(#7962,#7963,#7964,#7965));
#1605=EDGE_LOOP('',(#7966,#7967,#7968,#7969));
#1606=EDGE_LOOP('',(#7970,#7971,#7972,#7973));
#1607=EDGE_LOOP('',(#7974,#7975,#7976,#7977));
#1608=EDGE_LOOP('',(#7978,#7979,#7980,#7981));
#1609=EDGE_LOOP('',(#7982,#7983,#7984,#7985));
#1610=EDGE_LOOP('',(#7986,#7987,#7988,#7989));
#1611=EDGE_LOOP('',(#7990,#7991,#7992,#7993));
#1612=EDGE_LOOP('',(#7994,#7995,#7996,#7997));
#1613=EDGE_LOOP('',(#7998,#7999,#8000,#8001));
#1614=EDGE_LOOP('',(#8002,#8003,#8004,#8005));
#1615=EDGE_LOOP('',(#8006,#8007,#8008,#8009));
#1616=EDGE_LOOP('',(#8010,#8011,#8012,#8013));
#1617=EDGE_LOOP('',(#8014,#8015,#8016,#8017));
#1618=EDGE_LOOP('',(#8018,#8019,#8020,#8021));
#1619=EDGE_LOOP('',(#8022,#8023,#8024,#8025));
#1620=EDGE_LOOP('',(#8026,#8027,#8028,#8029));
#1621=EDGE_LOOP('',(#8030,#8031,#8032,#8033));
#1622=EDGE_LOOP('',(#8034,#8035,#8036,#8037));
#1623=EDGE_LOOP('',(#8038,#8039,#8040,#8041));
#1624=EDGE_LOOP('',(#8042,#8043,#8044,#8045));
#1625=EDGE_LOOP('',(#8046,#8047,#8048,#8049));
#1626=EDGE_LOOP('',(#8050,#8051,#8052,#8053));
#1627=EDGE_LOOP('',(#8054,#8055,#8056,#8057));
#1628=EDGE_LOOP('',(#8058,#8059,#8060,#8061));
#1629=EDGE_LOOP('',(#8062,#8063,#8064,#8065));
#1630=EDGE_LOOP('',(#8066,#8067,#8068,#8069));
#1631=EDGE_LOOP('',(#8070,#8071,#8072,#8073));
#1632=EDGE_LOOP('',(#8074,#8075,#8076,#8077));
#1633=EDGE_LOOP('',(#8078,#8079,#8080,#8081));
#1634=EDGE_LOOP('',(#8082,#8083,#8084,#8085));
#1635=EDGE_LOOP('',(#8086,#8087,#8088,#8089));
#1636=EDGE_LOOP('',(#8090,#8091,#8092,#8093));
#1637=EDGE_LOOP('',(#8094,#8095,#8096,#8097));
#1638=EDGE_LOOP('',(#8098,#8099,#8100,#8101));
#1639=EDGE_LOOP('',(#8102,#8103,#8104,#8105));
#1640=EDGE_LOOP('',(#8106,#8107,#8108,#8109));
#1641=EDGE_LOOP('',(#8110,#8111,#8112,#8113));
#1642=EDGE_LOOP('',(#8114,#8115,#8116,#8117));
#1643=EDGE_LOOP('',(#8118,#8119,#8120,#8121));
#1644=EDGE_LOOP('',(#8122,#8123,#8124,#8125));
#1645=EDGE_LOOP('',(#8126,#8127,#8128,#8129));
#1646=EDGE_LOOP('',(#8130,#8131,#8132,#8133));
#1647=EDGE_LOOP('',(#8134,#8135,#8136,#8137));
#1648=EDGE_LOOP('',(#8138,#8139,#8140,#8141));
#1649=EDGE_LOOP('',(#8142,#8143,#8144,#8145));
#1650=EDGE_LOOP('',(#8146,#8147,#8148,#8149));
#1651=EDGE_LOOP('',(#8150,#8151,#8152,#8153));
#1652=EDGE_LOOP('',(#8154,#8155,#8156,#8157));
#1653=EDGE_LOOP('',(#8158,#8159,#8160,#8161));
#1654=EDGE_LOOP('',(#8162,#8163,#8164,#8165));
#1655=EDGE_LOOP('',(#8166,#8167,#8168,#8169));
#1656=EDGE_LOOP('',(#8170,#8171,#8172,#8173));
#1657=EDGE_LOOP('',(#8174,#8175,#8176,#8177));
#1658=EDGE_LOOP('',(#8178,#8179,#8180,#8181));
#1659=EDGE_LOOP('',(#8182,#8183,#8184,#8185));
#1660=EDGE_LOOP('',(#8186,#8187,#8188,#8189));
#1661=EDGE_LOOP('',(#8190,#8191,#8192,#8193));
#1662=EDGE_LOOP('',(#8194,#8195,#8196,#8197));
#1663=EDGE_LOOP('',(#8198,#8199,#8200,#8201));
#1664=EDGE_LOOP('',(#8202,#8203,#8204,#8205));
#1665=EDGE_LOOP('',(#8206,#8207,#8208,#8209));
#1666=EDGE_LOOP('',(#8210,#8211,#8212,#8213));
#1667=EDGE_LOOP('',(#8214,#8215,#8216,#8217));
#1668=EDGE_LOOP('',(#8218,#8219,#8220,#8221));
#1669=EDGE_LOOP('',(#8222,#8223,#8224,#8225));
#1670=EDGE_LOOP('',(#8226,#8227,#8228,#8229));
#1671=EDGE_LOOP('',(#8230,#8231,#8232,#8233));
#1672=EDGE_LOOP('',(#8234,#8235,#8236,#8237));
#1673=EDGE_LOOP('',(#8238,#8239,#8240,#8241));
#1674=EDGE_LOOP('',(#8242,#8243,#8244,#8245));
#1675=EDGE_LOOP('',(#8246,#8247,#8248,#8249));
#1676=EDGE_LOOP('',(#8250,#8251,#8252,#8253));
#1677=EDGE_LOOP('',(#8254,#8255,#8256,#8257));
#1678=EDGE_LOOP('',(#8258,#8259,#8260,#8261));
#1679=EDGE_LOOP('',(#8262,#8263,#8264,#8265));
#1680=EDGE_LOOP('',(#8266,#8267,#8268,#8269));
#1681=EDGE_LOOP('',(#8270,#8271,#8272,#8273));
#1682=EDGE_LOOP('',(#8274,#8275,#8276,#8277));
#1683=EDGE_LOOP('',(#8278,#8279,#8280,#8281));
#1684=EDGE_LOOP('',(#8282,#8283,#8284,#8285));
#1685=EDGE_LOOP('',(#8286,#8287,#8288,#8289));
#1686=EDGE_LOOP('',(#8290,#8291,#8292,#8293));
#1687=EDGE_LOOP('',(#8294,#8295,#8296,#8297));
#1688=EDGE_LOOP('',(#8298,#8299,#8300,#8301));
#1689=EDGE_LOOP('',(#8302,#8303,#8304,#8305));
#1690=EDGE_LOOP('',(#8306,#8307,#8308,#8309));
#1691=EDGE_LOOP('',(#8310,#8311,#8312,#8313));
#1692=EDGE_LOOP('',(#8314,#8315,#8316,#8317));
#1693=EDGE_LOOP('',(#8318,#8319,#8320,#8321));
#1694=EDGE_LOOP('',(#8322,#8323,#8324,#8325));
#1695=EDGE_LOOP('',(#8326,#8327,#8328,#8329));
#1696=EDGE_LOOP('',(#8330,#8331,#8332,#8333));
#1697=EDGE_LOOP('',(#8334,#8335,#8336,#8337));
#1698=EDGE_LOOP('',(#8338,#8339,#8340,#8341));
#1699=EDGE_LOOP('',(#8342,#8343,#8344,#8345));
#1700=EDGE_LOOP('',(#8346,#8347,#8348,#8349));
#1701=EDGE_LOOP('',(#8350,#8351,#8352,#8353));
#1702=EDGE_LOOP('',(#8354,#8355,#8356,#8357));
#1703=EDGE_LOOP('',(#8358,#8359,#8360,#8361));
#1704=EDGE_LOOP('',(#8362,#8363,#8364,#8365));
#1705=EDGE_LOOP('',(#8366,#8367,#8368,#8369));
#1706=EDGE_LOOP('',(#8370,#8371,#8372,#8373));
#1707=EDGE_LOOP('',(#8374,#8375,#8376,#8377));
#1708=EDGE_LOOP('',(#8378,#8379,#8380,#8381));
#1709=EDGE_LOOP('',(#8382,#8383,#8384,#8385));
#1710=EDGE_LOOP('',(#8386,#8387,#8388,#8389));
#1711=EDGE_LOOP('',(#8390,#8391,#8392,#8393));
#1712=EDGE_LOOP('',(#8394,#8395,#8396,#8397));
#1713=EDGE_LOOP('',(#8398,#8399,#8400,#8401));
#1714=EDGE_LOOP('',(#8402,#8403,#8404,#8405));
#1715=EDGE_LOOP('',(#8406,#8407,#8408,#8409));
#1716=EDGE_LOOP('',(#8410,#8411,#8412,#8413));
#1717=EDGE_LOOP('',(#8414,#8415,#8416,#8417));
#1718=EDGE_LOOP('',(#8418,#8419,#8420,#8421));
#1719=EDGE_LOOP('',(#8422,#8423,#8424,#8425));
#1720=EDGE_LOOP('',(#8426,#8427,#8428,#8429));
#1721=EDGE_LOOP('',(#8430,#8431,#8432,#8433));
#1722=EDGE_LOOP('',(#8434,#8435,#8436,#8437));
#1723=EDGE_LOOP('',(#8438,#8439,#8440,#8441));
#1724=EDGE_LOOP('',(#8442,#8443,#8444,#8445));
#1725=EDGE_LOOP('',(#8446,#8447,#8448,#8449));
#1726=EDGE_LOOP('',(#8450,#8451,#8452,#8453));
#1727=EDGE_LOOP('',(#8454,#8455,#8456,#8457));
#1728=EDGE_LOOP('',(#8458,#8459,#8460,#8461));
#1729=EDGE_LOOP('',(#8462,#8463,#8464,#8465));
#1730=EDGE_LOOP('',(#8466,#8467,#8468,#8469));
#1731=EDGE_LOOP('',(#8470,#8471,#8472,#8473));
#1732=EDGE_LOOP('',(#8474,#8475,#8476,#8477));
#1733=EDGE_LOOP('',(#8478,#8479,#8480,#8481));
#1734=EDGE_LOOP('',(#8482,#8483,#8484,#8485));
#1735=EDGE_LOOP('',(#8486,#8487,#8488,#8489));
#1736=EDGE_LOOP('',(#8490,#8491,#8492,#8493));
#1737=EDGE_LOOP('',(#8494,#8495,#8496,#8497));
#1738=EDGE_LOOP('',(#8498,#8499,#8500,#8501));
#1739=EDGE_LOOP('',(#8502,#8503,#8504,#8505));
#1740=EDGE_LOOP('',(#8506,#8507,#8508,#8509));
#1741=EDGE_LOOP('',(#8510,#8511,#8512,#8513));
#1742=EDGE_LOOP('',(#8514,#8515,#8516,#8517));
#1743=EDGE_LOOP('',(#8518,#8519,#8520,#8521));
#1744=EDGE_LOOP('',(#8522,#8523,#8524,#8525));
#1745=EDGE_LOOP('',(#8526,#8527,#8528,#8529));
#1746=EDGE_LOOP('',(#8530,#8531,#8532,#8533));
#1747=EDGE_LOOP('',(#8534,#8535,#8536,#8537));
#1748=EDGE_LOOP('',(#8538,#8539,#8540,#8541));
#1749=EDGE_LOOP('',(#8542,#8543,#8544,#8545));
#1750=EDGE_LOOP('',(#8546,#8547,#8548,#8549));
#1751=EDGE_LOOP('',(#8550,#8551,#8552,#8553));
#1752=EDGE_LOOP('',(#8554,#8555,#8556,#8557));
#1753=EDGE_LOOP('',(#8558,#8559,#8560,#8561));
#1754=EDGE_LOOP('',(#8562,#8563,#8564,#8565));
#1755=EDGE_LOOP('',(#8566,#8567,#8568,#8569));
#1756=EDGE_LOOP('',(#8570,#8571,#8572,#8573));
#1757=EDGE_LOOP('',(#8574,#8575,#8576,#8577));
#1758=EDGE_LOOP('',(#8578,#8579,#8580,#8581));
#1759=EDGE_LOOP('',(#8582,#8583,#8584,#8585));
#1760=EDGE_LOOP('',(#8586,#8587,#8588,#8589));
#1761=EDGE_LOOP('',(#8590,#8591,#8592,#8593));
#1762=EDGE_LOOP('',(#8594,#8595,#8596,#8597));
#1763=EDGE_LOOP('',(#8598,#8599,#8600,#8601));
#1764=EDGE_LOOP('',(#8602,#8603,#8604,#8605));
#1765=EDGE_LOOP('',(#8606,#8607,#8608,#8609));
#1766=EDGE_LOOP('',(#8610,#8611,#8612,#8613));
#1767=EDGE_LOOP('',(#8614,#8615,#8616,#8617));
#1768=EDGE_LOOP('',(#8618,#8619,#8620,#8621));
#1769=EDGE_LOOP('',(#8622,#8623,#8624,#8625));
#1770=EDGE_LOOP('',(#8626,#8627,#8628,#8629));
#1771=EDGE_LOOP('',(#8630,#8631,#8632,#8633));
#1772=EDGE_LOOP('',(#8634,#8635,#8636,#8637));
#1773=EDGE_LOOP('',(#8638,#8639,#8640,#8641));
#1774=EDGE_LOOP('',(#8642,#8643,#8644,#8645));
#1775=EDGE_LOOP('',(#8646,#8647,#8648,#8649));
#1776=EDGE_LOOP('',(#8650,#8651,#8652,#8653));
#1777=EDGE_LOOP('',(#8654,#8655,#8656,#8657));
#1778=EDGE_LOOP('',(#8658,#8659,#8660,#8661));
#1779=EDGE_LOOP('',(#8662,#8663,#8664,#8665));
#1780=EDGE_LOOP('',(#8666,#8667,#8668,#8669));
#1781=EDGE_LOOP('',(#8670,#8671,#8672,#8673));
#1782=EDGE_LOOP('',(#8674,#8675,#8676,#8677));
#1783=EDGE_LOOP('',(#8678,#8679,#8680,#8681));
#1784=EDGE_LOOP('',(#8682,#8683,#8684,#8685));
#1785=EDGE_LOOP('',(#8686,#8687,#8688,#8689));
#1786=EDGE_LOOP('',(#8690,#8691,#8692,#8693));
#1787=EDGE_LOOP('',(#8694,#8695,#8696,#8697));
#1788=EDGE_LOOP('',(#8698,#8699,#8700,#8701));
#1789=EDGE_LOOP('',(#8702,#8703,#8704,#8705));
#1790=EDGE_LOOP('',(#8706,#8707,#8708,#8709));
#1791=EDGE_LOOP('',(#8710,#8711,#8712,#8713));
#1792=EDGE_LOOP('',(#8714,#8715,#8716,#8717));
#1793=EDGE_LOOP('',(#8718,#8719,#8720,#8721));
#1794=EDGE_LOOP('',(#8722,#8723,#8724,#8725));
#1795=EDGE_LOOP('',(#8726,#8727,#8728,#8729));
#1796=EDGE_LOOP('',(#8730,#8731,#8732,#8733));
#1797=EDGE_LOOP('',(#8734,#8735,#8736,#8737));
#1798=EDGE_LOOP('',(#8738,#8739,#8740,#8741));
#1799=EDGE_LOOP('',(#8742,#8743,#8744,#8745));
#1800=EDGE_LOOP('',(#8746,#8747,#8748,#8749));
#1801=EDGE_LOOP('',(#8750,#8751,#8752,#8753));
#1802=EDGE_LOOP('',(#8754,#8755,#8756,#8757));
#1803=EDGE_LOOP('',(#8758,#8759,#8760,#8761));
#1804=EDGE_LOOP('',(#8762,#8763,#8764,#8765));
#1805=EDGE_LOOP('',(#8766,#8767,#8768,#8769));
#1806=EDGE_LOOP('',(#8770,#8771,#8772,#8773));
#1807=EDGE_LOOP('',(#8774,#8775,#8776,#8777));
#1808=EDGE_LOOP('',(#8778,#8779,#8780,#8781));
#1809=EDGE_LOOP('',(#8782,#8783,#8784,#8785));
#1810=EDGE_LOOP('',(#8786,#8787,#8788,#8789));
#1811=EDGE_LOOP('',(#8790,#8791,#8792,#8793));
#1812=EDGE_LOOP('',(#8794,#8795,#8796,#8797));
#1813=EDGE_LOOP('',(#8798,#8799,#8800,#8801));
#1814=EDGE_LOOP('',(#8802));
#1815=EDGE_LOOP('',(#8803,#8804,#8805,#8806,#8807,#8808,#8809,#8810));
#1816=EDGE_LOOP('',(#8811));
#1817=EDGE_LOOP('',(#8812));
#1818=EDGE_LOOP('',(#8813));
#1819=EDGE_LOOP('',(#8814,#8815,#8816,#8817));
#1820=EDGE_LOOP('',(#8818,#8819,#8820,#8821));
#1821=EDGE_LOOP('',(#8822,#8823,#8824,#8825));
#1822=EDGE_LOOP('',(#8826,#8827,#8828,#8829));
#1823=EDGE_LOOP('',(#8830,#8831,#8832,#8833));
#1824=EDGE_LOOP('',(#8834,#8835,#8836,#8837));
#1825=EDGE_LOOP('',(#8838,#8839,#8840,#8841));
#1826=EDGE_LOOP('',(#8842,#8843,#8844,#8845));
#1827=EDGE_LOOP('',(#8846,#8847,#8848,#8849));
#1828=EDGE_LOOP('',(#8850,#8851,#8852,#8853));
#1829=EDGE_LOOP('',(#8854,#8855,#8856,#8857));
#1830=EDGE_LOOP('',(#8858,#8859,#8860,#8861));
#1831=EDGE_LOOP('',(#8862,#8863,#8864,#8865));
#1832=EDGE_LOOP('',(#8866,#8867,#8868,#8869));
#1833=EDGE_LOOP('',(#8870,#8871,#8872,#8873));
#1834=EDGE_LOOP('',(#8874,#8875,#8876,#8877));
#1835=EDGE_LOOP('',(#8878,#8879,#8880,#8881));
#1836=EDGE_LOOP('',(#8882,#8883,#8884,#8885));
#1837=EDGE_LOOP('',(#8886,#8887,#8888,#8889));
#1838=EDGE_LOOP('',(#8890,#8891,#8892,#8893));
#1839=EDGE_LOOP('',(#8894,#8895,#8896,#8897,#8898,#8899,#8900,#8901));
#1840=EDGE_LOOP('',(#8902));
#1841=EDGE_LOOP('',(#8903));
#1842=EDGE_LOOP('',(#8904,#8905,#8906,#8907));
#1843=EDGE_LOOP('',(#8908,#8909,#8910,#8911));
#1844=EDGE_LOOP('',(#8912,#8913,#8914,#8915));
#1845=EDGE_LOOP('',(#8916,#8917,#8918,#8919,#8920,#8921,#8922,#8923,#8924,
#8925,#8926,#8927,#8928,#8929));
#1846=EDGE_LOOP('',(#8930));
#1847=EDGE_LOOP('',(#8931));
#1848=EDGE_LOOP('',(#8932));
#1849=EDGE_LOOP('',(#8933));
#1850=EDGE_LOOP('',(#8934));
#1851=EDGE_LOOP('',(#8935));
#1852=EDGE_LOOP('',(#8936));
#1853=EDGE_LOOP('',(#8937));
#1854=EDGE_LOOP('',(#8938));
#1855=EDGE_LOOP('',(#8939));
#1856=EDGE_LOOP('',(#8940));
#1857=EDGE_LOOP('',(#8941));
#1858=EDGE_LOOP('',(#8942));
#1859=EDGE_LOOP('',(#8943));
#1860=EDGE_LOOP('',(#8944));
#1861=EDGE_LOOP('',(#8945));
#1862=EDGE_LOOP('',(#8946));
#1863=EDGE_LOOP('',(#8947));
#1864=EDGE_LOOP('',(#8948));
#1865=EDGE_LOOP('',(#8949));
#1866=EDGE_LOOP('',(#8950));
#1867=EDGE_LOOP('',(#8951));
#1868=EDGE_LOOP('',(#8952));
#1869=EDGE_LOOP('',(#8953));
#1870=EDGE_LOOP('',(#8954));
#1871=EDGE_LOOP('',(#8955));
#1872=EDGE_LOOP('',(#8956));
#1873=EDGE_LOOP('',(#8957));
#1874=EDGE_LOOP('',(#8958));
#1875=EDGE_LOOP('',(#8959));
#1876=EDGE_LOOP('',(#8960));
#1877=EDGE_LOOP('',(#8961));
#1878=EDGE_LOOP('',(#8962));
#1879=EDGE_LOOP('',(#8963));
#1880=EDGE_LOOP('',(#8964));
#1881=EDGE_LOOP('',(#8965));
#1882=EDGE_LOOP('',(#8966));
#1883=EDGE_LOOP('',(#8967));
#1884=EDGE_LOOP('',(#8968));
#1885=EDGE_LOOP('',(#8969));
#1886=EDGE_LOOP('',(#8970));
#1887=EDGE_LOOP('',(#8971));
#1888=EDGE_LOOP('',(#8972));
#1889=EDGE_LOOP('',(#8973));
#1890=EDGE_LOOP('',(#8974));
#1891=EDGE_LOOP('',(#8975));
#1892=EDGE_LOOP('',(#8976));
#1893=EDGE_LOOP('',(#8977));
#1894=EDGE_LOOP('',(#8978));
#1895=EDGE_LOOP('',(#8979));
#1896=EDGE_LOOP('',(#8980));
#1897=EDGE_LOOP('',(#8981));
#1898=EDGE_LOOP('',(#8982));
#1899=EDGE_LOOP('',(#8983));
#1900=EDGE_LOOP('',(#8984));
#1901=EDGE_LOOP('',(#8985));
#1902=EDGE_LOOP('',(#8986));
#1903=EDGE_LOOP('',(#8987));
#1904=EDGE_LOOP('',(#8988));
#1905=EDGE_LOOP('',(#8989));
#1906=EDGE_LOOP('',(#8990));
#1907=EDGE_LOOP('',(#8991));
#1908=EDGE_LOOP('',(#8992));
#1909=EDGE_LOOP('',(#8993));
#1910=EDGE_LOOP('',(#8994));
#1911=EDGE_LOOP('',(#8995));
#1912=EDGE_LOOP('',(#8996));
#1913=EDGE_LOOP('',(#8997));
#1914=EDGE_LOOP('',(#8998));
#1915=EDGE_LOOP('',(#8999));
#1916=EDGE_LOOP('',(#9000));
#1917=EDGE_LOOP('',(#9001));
#1918=EDGE_LOOP('',(#9002));
#1919=EDGE_LOOP('',(#9003));
#1920=EDGE_LOOP('',(#9004));
#1921=EDGE_LOOP('',(#9005));
#1922=EDGE_LOOP('',(#9006));
#1923=EDGE_LOOP('',(#9007));
#1924=EDGE_LOOP('',(#9008));
#1925=EDGE_LOOP('',(#9009));
#1926=EDGE_LOOP('',(#9010));
#1927=EDGE_LOOP('',(#9011));
#1928=EDGE_LOOP('',(#9012));
#1929=EDGE_LOOP('',(#9013));
#1930=EDGE_LOOP('',(#9014));
#1931=EDGE_LOOP('',(#9015));
#1932=EDGE_LOOP('',(#9016));
#1933=EDGE_LOOP('',(#9017));
#1934=EDGE_LOOP('',(#9018));
#1935=EDGE_LOOP('',(#9019));
#1936=EDGE_LOOP('',(#9020));
#1937=EDGE_LOOP('',(#9021));
#1938=EDGE_LOOP('',(#9022));
#1939=EDGE_LOOP('',(#9023));
#1940=EDGE_LOOP('',(#9024));
#1941=EDGE_LOOP('',(#9025));
#1942=EDGE_LOOP('',(#9026));
#1943=EDGE_LOOP('',(#9027));
#1944=EDGE_LOOP('',(#9028));
#1945=EDGE_LOOP('',(#9029));
#1946=EDGE_LOOP('',(#9030));
#1947=EDGE_LOOP('',(#9031));
#1948=EDGE_LOOP('',(#9032));
#1949=EDGE_LOOP('',(#9033));
#1950=EDGE_LOOP('',(#9034));
#1951=EDGE_LOOP('',(#9035));
#1952=EDGE_LOOP('',(#9036));
#1953=EDGE_LOOP('',(#9037));
#1954=EDGE_LOOP('',(#9038));
#1955=EDGE_LOOP('',(#9039));
#1956=EDGE_LOOP('',(#9040));
#1957=EDGE_LOOP('',(#9041));
#1958=EDGE_LOOP('',(#9042));
#1959=EDGE_LOOP('',(#9043));
#1960=EDGE_LOOP('',(#9044));
#1961=EDGE_LOOP('',(#9045));
#1962=EDGE_LOOP('',(#9046));
#1963=EDGE_LOOP('',(#9047));
#1964=EDGE_LOOP('',(#9048));
#1965=EDGE_LOOP('',(#9049));
#1966=EDGE_LOOP('',(#9050));
#1967=EDGE_LOOP('',(#9051));
#1968=EDGE_LOOP('',(#9052));
#1969=EDGE_LOOP('',(#9053));
#1970=EDGE_LOOP('',(#9054));
#1971=EDGE_LOOP('',(#9055));
#1972=EDGE_LOOP('',(#9056));
#1973=EDGE_LOOP('',(#9057));
#1974=EDGE_LOOP('',(#9058));
#1975=EDGE_LOOP('',(#9059));
#1976=EDGE_LOOP('',(#9060));
#1977=EDGE_LOOP('',(#9061));
#1978=EDGE_LOOP('',(#9062));
#1979=EDGE_LOOP('',(#9063,#9064,#9065,#9066,#9067,#9068,#9069,#9070,#9071,
#9072,#9073,#9074,#9075,#9076));
#1980=EDGE_LOOP('',(#9077));
#1981=EDGE_LOOP('',(#9078));
#1982=EDGE_LOOP('',(#9079));
#1983=EDGE_LOOP('',(#9080));
#1984=EDGE_LOOP('',(#9081));
#1985=EDGE_LOOP('',(#9082));
#1986=EDGE_LOOP('',(#9083));
#1987=EDGE_LOOP('',(#9084));
#1988=EDGE_LOOP('',(#9085));
#1989=EDGE_LOOP('',(#9086));
#1990=EDGE_LOOP('',(#9087));
#1991=EDGE_LOOP('',(#9088));
#1992=EDGE_LOOP('',(#9089));
#1993=EDGE_LOOP('',(#9090));
#1994=EDGE_LOOP('',(#9091));
#1995=EDGE_LOOP('',(#9092));
#1996=EDGE_LOOP('',(#9093));
#1997=EDGE_LOOP('',(#9094));
#1998=EDGE_LOOP('',(#9095));
#1999=EDGE_LOOP('',(#9096));
#2000=EDGE_LOOP('',(#9097));
#2001=EDGE_LOOP('',(#9098));
#2002=EDGE_LOOP('',(#9099));
#2003=EDGE_LOOP('',(#9100));
#2004=EDGE_LOOP('',(#9101));
#2005=EDGE_LOOP('',(#9102));
#2006=EDGE_LOOP('',(#9103));
#2007=EDGE_LOOP('',(#9104));
#2008=EDGE_LOOP('',(#9105));
#2009=EDGE_LOOP('',(#9106));
#2010=EDGE_LOOP('',(#9107));
#2011=EDGE_LOOP('',(#9108));
#2012=EDGE_LOOP('',(#9109));
#2013=EDGE_LOOP('',(#9110));
#2014=EDGE_LOOP('',(#9111));
#2015=EDGE_LOOP('',(#9112));
#2016=EDGE_LOOP('',(#9113));
#2017=EDGE_LOOP('',(#9114));
#2018=EDGE_LOOP('',(#9115));
#2019=EDGE_LOOP('',(#9116));
#2020=EDGE_LOOP('',(#9117));
#2021=EDGE_LOOP('',(#9118));
#2022=EDGE_LOOP('',(#9119));
#2023=EDGE_LOOP('',(#9120));
#2024=EDGE_LOOP('',(#9121));
#2025=EDGE_LOOP('',(#9122));
#2026=EDGE_LOOP('',(#9123));
#2027=EDGE_LOOP('',(#9124));
#2028=EDGE_LOOP('',(#9125));
#2029=EDGE_LOOP('',(#9126));
#2030=EDGE_LOOP('',(#9127));
#2031=EDGE_LOOP('',(#9128));
#2032=EDGE_LOOP('',(#9129));
#2033=EDGE_LOOP('',(#9130));
#2034=EDGE_LOOP('',(#9131));
#2035=EDGE_LOOP('',(#9132));
#2036=EDGE_LOOP('',(#9133));
#2037=EDGE_LOOP('',(#9134));
#2038=EDGE_LOOP('',(#9135));
#2039=EDGE_LOOP('',(#9136));
#2040=EDGE_LOOP('',(#9137));
#2041=EDGE_LOOP('',(#9138));
#2042=EDGE_LOOP('',(#9139));
#2043=EDGE_LOOP('',(#9140));
#2044=EDGE_LOOP('',(#9141));
#2045=EDGE_LOOP('',(#9142));
#2046=EDGE_LOOP('',(#9143));
#2047=EDGE_LOOP('',(#9144));
#2048=EDGE_LOOP('',(#9145));
#2049=EDGE_LOOP('',(#9146));
#2050=EDGE_LOOP('',(#9147));
#2051=EDGE_LOOP('',(#9148));
#2052=EDGE_LOOP('',(#9149));
#2053=EDGE_LOOP('',(#9150));
#2054=EDGE_LOOP('',(#9151));
#2055=EDGE_LOOP('',(#9152));
#2056=EDGE_LOOP('',(#9153));
#2057=EDGE_LOOP('',(#9154));
#2058=EDGE_LOOP('',(#9155));
#2059=EDGE_LOOP('',(#9156));
#2060=EDGE_LOOP('',(#9157));
#2061=EDGE_LOOP('',(#9158));
#2062=EDGE_LOOP('',(#9159));
#2063=EDGE_LOOP('',(#9160));
#2064=EDGE_LOOP('',(#9161));
#2065=EDGE_LOOP('',(#9162));
#2066=EDGE_LOOP('',(#9163));
#2067=EDGE_LOOP('',(#9164));
#2068=EDGE_LOOP('',(#9165));
#2069=EDGE_LOOP('',(#9166));
#2070=EDGE_LOOP('',(#9167));
#2071=EDGE_LOOP('',(#9168));
#2072=EDGE_LOOP('',(#9169));
#2073=EDGE_LOOP('',(#9170));
#2074=EDGE_LOOP('',(#9171));
#2075=EDGE_LOOP('',(#9172));
#2076=EDGE_LOOP('',(#9173));
#2077=EDGE_LOOP('',(#9174));
#2078=EDGE_LOOP('',(#9175));
#2079=EDGE_LOOP('',(#9176));
#2080=EDGE_LOOP('',(#9177));
#2081=EDGE_LOOP('',(#9178));
#2082=EDGE_LOOP('',(#9179));
#2083=EDGE_LOOP('',(#9180));
#2084=EDGE_LOOP('',(#9181));
#2085=EDGE_LOOP('',(#9182));
#2086=EDGE_LOOP('',(#9183));
#2087=EDGE_LOOP('',(#9184));
#2088=EDGE_LOOP('',(#9185));
#2089=EDGE_LOOP('',(#9186));
#2090=EDGE_LOOP('',(#9187));
#2091=EDGE_LOOP('',(#9188));
#2092=EDGE_LOOP('',(#9189));
#2093=EDGE_LOOP('',(#9190));
#2094=EDGE_LOOP('',(#9191));
#2095=EDGE_LOOP('',(#9192));
#2096=EDGE_LOOP('',(#9193));
#2097=EDGE_LOOP('',(#9194));
#2098=EDGE_LOOP('',(#9195));
#2099=EDGE_LOOP('',(#9196));
#2100=EDGE_LOOP('',(#9197));
#2101=EDGE_LOOP('',(#9198));
#2102=EDGE_LOOP('',(#9199));
#2103=EDGE_LOOP('',(#9200));
#2104=EDGE_LOOP('',(#9201));
#2105=EDGE_LOOP('',(#9202));
#2106=EDGE_LOOP('',(#9203));
#2107=EDGE_LOOP('',(#9204));
#2108=EDGE_LOOP('',(#9205));
#2109=EDGE_LOOP('',(#9206));
#2110=EDGE_LOOP('',(#9207));
#2111=EDGE_LOOP('',(#9208));
#2112=EDGE_LOOP('',(#9209));
#2113=EDGE_LOOP('',(#9210,#9211,#9212,#9213));
#2114=EDGE_LOOP('',(#9214,#9215,#9216,#9217));
#2115=EDGE_LOOP('',(#9218,#9219,#9220,#9221));
#2116=EDGE_LOOP('',(#9222,#9223,#9224,#9225));
#2117=EDGE_LOOP('',(#9226,#9227,#9228,#9229));
#2118=EDGE_LOOP('',(#9230,#9231,#9232,#9233));
#2119=EDGE_LOOP('',(#9234,#9235,#9236,#9237));
#2120=EDGE_LOOP('',(#9238,#9239,#9240,#9241));
#2121=EDGE_LOOP('',(#9242,#9243,#9244,#9245));
#2122=EDGE_LOOP('',(#9246,#9247,#9248,#9249));
#2123=EDGE_LOOP('',(#9250,#9251,#9252,#9253));
#2124=EDGE_LOOP('',(#9254,#9255,#9256,#9257));
#2125=EDGE_LOOP('',(#9258,#9259,#9260,#9261));
#2126=EDGE_LOOP('',(#9262,#9263,#9264,#9265));
#2127=EDGE_LOOP('',(#9266,#9267,#9268,#9269));
#2128=EDGE_LOOP('',(#9270,#9271,#9272,#9273));
#2129=EDGE_LOOP('',(#9274,#9275,#9276,#9277));
#2130=EDGE_LOOP('',(#9278,#9279,#9280,#9281));
#2131=EDGE_LOOP('',(#9282,#9283,#9284,#9285));
#2132=EDGE_LOOP('',(#9286,#9287,#9288,#9289));
#2133=EDGE_LOOP('',(#9290,#9291,#9292,#9293));
#2134=EDGE_LOOP('',(#9294,#9295,#9296,#9297));
#2135=EDGE_LOOP('',(#9298,#9299,#9300,#9301));
#2136=EDGE_LOOP('',(#9302,#9303,#9304,#9305));
#2137=EDGE_LOOP('',(#9306,#9307,#9308,#9309));
#2138=EDGE_LOOP('',(#9310,#9311,#9312,#9313));
#2139=EDGE_LOOP('',(#9314,#9315,#9316,#9317));
#2140=EDGE_LOOP('',(#9318,#9319,#9320,#9321));
#2141=EDGE_LOOP('',(#9322,#9323,#9324,#9325));
#2142=EDGE_LOOP('',(#9326,#9327,#9328,#9329));
#2143=EDGE_LOOP('',(#9330,#9331,#9332,#9333));
#2144=EDGE_LOOP('',(#9334,#9335,#9336,#9337));
#2145=EDGE_LOOP('',(#9338,#9339,#9340,#9341));
#2146=EDGE_LOOP('',(#9342,#9343,#9344,#9345));
#2147=EDGE_LOOP('',(#9346,#9347,#9348,#9349));
#2148=EDGE_LOOP('',(#9350,#9351,#9352,#9353));
#2149=EDGE_LOOP('',(#9354,#9355,#9356,#9357));
#2150=EDGE_LOOP('',(#9358,#9359,#9360,#9361));
#2151=EDGE_LOOP('',(#9362,#9363,#9364,#9365));
#2152=EDGE_LOOP('',(#9366,#9367,#9368,#9369));
#2153=EDGE_LOOP('',(#9370,#9371,#9372,#9373));
#2154=EDGE_LOOP('',(#9374,#9375,#9376,#9377));
#2155=EDGE_LOOP('',(#9378,#9379,#9380,#9381));
#2156=EDGE_LOOP('',(#9382,#9383,#9384,#9385));
#2157=EDGE_LOOP('',(#9386,#9387,#9388,#9389));
#2158=EDGE_LOOP('',(#9390,#9391,#9392,#9393));
#2159=EDGE_LOOP('',(#9394,#9395,#9396,#9397));
#2160=EDGE_LOOP('',(#9398,#9399,#9400,#9401));
#2161=EDGE_LOOP('',(#9402,#9403,#9404,#9405));
#2162=EDGE_LOOP('',(#9406,#9407,#9408,#9409));
#2163=EDGE_LOOP('',(#9410,#9411,#9412,#9413));
#2164=EDGE_LOOP('',(#9414,#9415,#9416,#9417));
#2165=EDGE_LOOP('',(#9418,#9419,#9420,#9421));
#2166=EDGE_LOOP('',(#9422,#9423,#9424,#9425));
#2167=EDGE_LOOP('',(#9426,#9427,#9428,#9429));
#2168=EDGE_LOOP('',(#9430,#9431,#9432,#9433));
#2169=EDGE_LOOP('',(#9434,#9435,#9436,#9437));
#2170=EDGE_LOOP('',(#9438,#9439,#9440,#9441));
#2171=EDGE_LOOP('',(#9442,#9443,#9444,#9445));
#2172=EDGE_LOOP('',(#9446,#9447,#9448,#9449));
#2173=EDGE_LOOP('',(#9450,#9451,#9452,#9453));
#2174=EDGE_LOOP('',(#9454,#9455,#9456,#9457));
#2175=EDGE_LOOP('',(#9458,#9459,#9460,#9461));
#2176=EDGE_LOOP('',(#9462,#9463,#9464,#9465));
#2177=EDGE_LOOP('',(#9466,#9467,#9468,#9469));
#2178=EDGE_LOOP('',(#9470,#9471,#9472,#9473));
#2179=EDGE_LOOP('',(#9474,#9475,#9476,#9477));
#2180=EDGE_LOOP('',(#9478,#9479,#9480,#9481));
#2181=EDGE_LOOP('',(#9482,#9483,#9484,#9485));
#2182=EDGE_LOOP('',(#9486,#9487,#9488,#9489));
#2183=EDGE_LOOP('',(#9490,#9491,#9492,#9493));
#2184=EDGE_LOOP('',(#9494,#9495,#9496,#9497));
#2185=EDGE_LOOP('',(#9498,#9499,#9500,#9501));
#2186=EDGE_LOOP('',(#9502,#9503,#9504,#9505));
#2187=EDGE_LOOP('',(#9506,#9507,#9508,#9509));
#2188=EDGE_LOOP('',(#9510,#9511,#9512,#9513));
#2189=EDGE_LOOP('',(#9514,#9515,#9516,#9517));
#2190=EDGE_LOOP('',(#9518,#9519,#9520,#9521));
#2191=EDGE_LOOP('',(#9522,#9523,#9524,#9525));
#2192=EDGE_LOOP('',(#9526,#9527,#9528,#9529));
#2193=EDGE_LOOP('',(#9530,#9531,#9532,#9533));
#2194=EDGE_LOOP('',(#9534,#9535,#9536,#9537));
#2195=EDGE_LOOP('',(#9538,#9539,#9540,#9541));
#2196=EDGE_LOOP('',(#9542,#9543,#9544,#9545));
#2197=EDGE_LOOP('',(#9546,#9547,#9548,#9549));
#2198=EDGE_LOOP('',(#9550,#9551,#9552,#9553));
#2199=EDGE_LOOP('',(#9554,#9555,#9556,#9557));
#2200=EDGE_LOOP('',(#9558,#9559,#9560,#9561));
#2201=EDGE_LOOP('',(#9562,#9563,#9564,#9565));
#2202=EDGE_LOOP('',(#9566,#9567,#9568,#9569));
#2203=EDGE_LOOP('',(#9570,#9571,#9572,#9573));
#2204=EDGE_LOOP('',(#9574,#9575,#9576,#9577));
#2205=EDGE_LOOP('',(#9578,#9579,#9580,#9581));
#2206=EDGE_LOOP('',(#9582,#9583,#9584,#9585));
#2207=EDGE_LOOP('',(#9586,#9587,#9588,#9589));
#2208=EDGE_LOOP('',(#9590,#9591,#9592,#9593));
#2209=EDGE_LOOP('',(#9594,#9595,#9596,#9597));
#2210=EDGE_LOOP('',(#9598,#9599,#9600,#9601));
#2211=EDGE_LOOP('',(#9602,#9603,#9604,#9605));
#2212=EDGE_LOOP('',(#9606,#9607,#9608,#9609));
#2213=EDGE_LOOP('',(#9610,#9611,#9612,#9613));
#2214=EDGE_LOOP('',(#9614,#9615,#9616,#9617));
#2215=EDGE_LOOP('',(#9618,#9619,#9620,#9621));
#2216=EDGE_LOOP('',(#9622,#9623,#9624,#9625));
#2217=EDGE_LOOP('',(#9626,#9627,#9628,#9629));
#2218=EDGE_LOOP('',(#9630,#9631,#9632,#9633));
#2219=EDGE_LOOP('',(#9634,#9635,#9636,#9637));
#2220=EDGE_LOOP('',(#9638,#9639,#9640,#9641));
#2221=EDGE_LOOP('',(#9642,#9643,#9644,#9645));
#2222=EDGE_LOOP('',(#9646,#9647,#9648,#9649));
#2223=EDGE_LOOP('',(#9650,#9651,#9652,#9653));
#2224=EDGE_LOOP('',(#9654,#9655,#9656,#9657));
#2225=EDGE_LOOP('',(#9658,#9659,#9660,#9661));
#2226=EDGE_LOOP('',(#9662,#9663,#9664,#9665));
#2227=EDGE_LOOP('',(#9666,#9667,#9668,#9669));
#2228=EDGE_LOOP('',(#9670,#9671,#9672,#9673));
#2229=EDGE_LOOP('',(#9674,#9675,#9676,#9677));
#2230=EDGE_LOOP('',(#9678,#9679,#9680,#9681));
#2231=EDGE_LOOP('',(#9682,#9683,#9684,#9685));
#2232=EDGE_LOOP('',(#9686,#9687,#9688,#9689));
#2233=EDGE_LOOP('',(#9690,#9691,#9692,#9693));
#2234=EDGE_LOOP('',(#9694,#9695,#9696,#9697));
#2235=EDGE_LOOP('',(#9698,#9699,#9700,#9701));
#2236=EDGE_LOOP('',(#9702,#9703,#9704,#9705));
#2237=EDGE_LOOP('',(#9706,#9707,#9708,#9709));
#2238=EDGE_LOOP('',(#9710,#9711,#9712,#9713));
#2239=EDGE_LOOP('',(#9714,#9715,#9716,#9717));
#2240=EDGE_LOOP('',(#9718,#9719,#9720,#9721));
#2241=EDGE_LOOP('',(#9722,#9723,#9724,#9725));
#2242=EDGE_LOOP('',(#9726,#9727,#9728,#9729));
#2243=EDGE_LOOP('',(#9730,#9731,#9732,#9733));
#2244=EDGE_LOOP('',(#9734,#9735,#9736,#9737));
#2245=EDGE_LOOP('',(#9738,#9739,#9740,#9741));
#2246=EDGE_LOOP('',(#9742,#9743,#9744,#9745));
#2247=EDGE_LOOP('',(#9746,#9747,#9748,#9749));
#2248=EDGE_LOOP('',(#9750,#9751,#9752,#9753));
#2249=EDGE_LOOP('',(#9754,#9755,#9756,#9757));
#2250=EDGE_LOOP('',(#9758,#9759,#9760,#9761));
#2251=EDGE_LOOP('',(#9762,#9763,#9764,#9765));
#2252=EDGE_LOOP('',(#9766,#9767,#9768,#9769));
#2253=EDGE_LOOP('',(#9770,#9771,#9772,#9773));
#2254=EDGE_LOOP('',(#9774,#9775,#9776,#9777));
#2255=EDGE_LOOP('',(#9778,#9779,#9780,#9781));
#2256=EDGE_LOOP('',(#9782,#9783,#9784,#9785));
#2257=LINE('',#15073,#3401);
#2258=LINE('',#15075,#3402);
#2259=LINE('',#15077,#3403);
#2260=LINE('',#15078,#3404);
#2261=LINE('',#15082,#3405);
#2262=LINE('',#15083,#3406);
#2263=LINE('',#15084,#3407);
#2264=LINE('',#15087,#3408);
#2265=LINE('',#15089,#3409);
#2266=LINE('',#15090,#3410);
#2267=LINE('',#15093,#3411);
#2268=LINE('',#15095,#3412);
#2269=LINE('',#15097,#3413);
#2270=LINE('',#15099,#3414);
#2271=LINE('',#15101,#3415);
#2272=LINE('',#15103,#3416);
#2273=LINE('',#15105,#3417);
#2274=LINE('',#15107,#3418);
#2275=LINE('',#15109,#3419);
#2276=LINE('',#15111,#3420);
#2277=LINE('',#15112,#3421);
#2278=LINE('',#15115,#3422);
#2279=LINE('',#15117,#3423);
#2280=LINE('',#15119,#3424);
#2281=LINE('',#15120,#3425);
#2282=LINE('',#15123,#3426);
#2283=LINE('',#15125,#3427);
#2284=LINE('',#15127,#3428);
#2285=LINE('',#15128,#3429);
#2286=LINE('',#15131,#3430);
#2287=LINE('',#15133,#3431);
#2288=LINE('',#15135,#3432);
#2289=LINE('',#15137,#3433);
#2290=LINE('',#15139,#3434);
#2291=LINE('',#15141,#3435);
#2292=LINE('',#15143,#3436);
#2293=LINE('',#15145,#3437);
#2294=LINE('',#15147,#3438);
#2295=LINE('',#15149,#3439);
#2296=LINE('',#15150,#3440);
#2297=LINE('',#15153,#3441);
#2298=LINE('',#15155,#3442);
#2299=LINE('',#15157,#3443);
#2300=LINE('',#15158,#3444);
#2301=LINE('',#15161,#3445);
#2302=LINE('',#15163,#3446);
#2303=LINE('',#15165,#3447);
#2304=LINE('',#15166,#3448);
#2305=LINE('',#15168,#3449);
#2306=LINE('',#15170,#3450);
#2307=LINE('',#15172,#3451);
#2308=LINE('',#15174,#3452);
#2309=LINE('',#15176,#3453);
#2310=LINE('',#15178,#3454);
#2311=LINE('',#15180,#3455);
#2312=LINE('',#15182,#3456);
#2313=LINE('',#15184,#3457);
#2314=LINE('',#15186,#3458);
#2315=LINE('',#15190,#3459);
#2316=LINE('',#15192,#3460);
#2317=LINE('',#15193,#3461);
#2318=LINE('',#15196,#3462);
#2319=LINE('',#15197,#3463);
#2320=LINE('',#15200,#3464);
#2321=LINE('',#15201,#3465);
#2322=LINE('',#15203,#3466);
#2323=LINE('',#15206,#3467);
#2324=LINE('',#15208,#3468);
#2325=LINE('',#15209,#3469);
#2326=LINE('',#15212,#3470);
#2327=LINE('',#15213,#3471);
#2328=LINE('',#15216,#3472);
#2329=LINE('',#15217,#3473);
#2330=LINE('',#15219,#3474);
#2331=LINE('',#15222,#3475);
#2332=LINE('',#15224,#3476);
#2333=LINE('',#15225,#3477);
#2334=LINE('',#15228,#3478);
#2335=LINE('',#15229,#3479);
#2336=LINE('',#15232,#3480);
#2337=LINE('',#15233,#3481);
#2338=LINE('',#15235,#3482);
#2339=LINE('',#15238,#3483);
#2340=LINE('',#15240,#3484);
#2341=LINE('',#15241,#3485);
#2342=LINE('',#15244,#3486);
#2343=LINE('',#15245,#3487);
#2344=LINE('',#15248,#3488);
#2345=LINE('',#15249,#3489);
#2346=LINE('',#15251,#3490);
#2347=LINE('',#15254,#3491);
#2348=LINE('',#15256,#3492);
#2349=LINE('',#15257,#3493);
#2350=LINE('',#15260,#3494);
#2351=LINE('',#15261,#3495);
#2352=LINE('',#15264,#3496);
#2353=LINE('',#15265,#3497);
#2354=LINE('',#15267,#3498);
#2355=LINE('',#15270,#3499);
#2356=LINE('',#15272,#3500);
#2357=LINE('',#15273,#3501);
#2358=LINE('',#15276,#3502);
#2359=LINE('',#15277,#3503);
#2360=LINE('',#15280,#3504);
#2361=LINE('',#15281,#3505);
#2362=LINE('',#15283,#3506);
#2363=LINE('',#15286,#3507);
#2364=LINE('',#15288,#3508);
#2365=LINE('',#15289,#3509);
#2366=LINE('',#15292,#3510);
#2367=LINE('',#15293,#3511);
#2368=LINE('',#15296,#3512);
#2369=LINE('',#15297,#3513);
#2370=LINE('',#15299,#3514);
#2371=LINE('',#15302,#3515);
#2372=LINE('',#15304,#3516);
#2373=LINE('',#15305,#3517);
#2374=LINE('',#15308,#3518);
#2375=LINE('',#15309,#3519);
#2376=LINE('',#15312,#3520);
#2377=LINE('',#15313,#3521);
#2378=LINE('',#15315,#3522);
#2379=LINE('',#15326,#3523);
#2380=LINE('',#15328,#3524);
#2381=LINE('',#15330,#3525);
#2382=LINE('',#15331,#3526);
#2383=LINE('',#15335,#3527);
#2384=LINE('',#15336,#3528);
#2385=LINE('',#15337,#3529);
#2386=LINE('',#15340,#3530);
#2387=LINE('',#15342,#3531);
#2388=LINE('',#15343,#3532);
#2389=LINE('',#15346,#3533);
#2390=LINE('',#15348,#3534);
#2391=LINE('',#15350,#3535);
#2392=LINE('',#15352,#3536);
#2393=LINE('',#15354,#3537);
#2394=LINE('',#15356,#3538);
#2395=LINE('',#15358,#3539);
#2396=LINE('',#15360,#3540);
#2397=LINE('',#15362,#3541);
#2398=LINE('',#15364,#3542);
#2399=LINE('',#15366,#3543);
#2400=LINE('',#15368,#3544);
#2401=LINE('',#15370,#3545);
#2402=LINE('',#15372,#3546);
#2403=LINE('',#15374,#3547);
#2404=LINE('',#15376,#3548);
#2405=LINE('',#15378,#3549);
#2406=LINE('',#15380,#3550);
#2407=LINE('',#15382,#3551);
#2408=LINE('',#15384,#3552);
#2409=LINE('',#15386,#3553);
#2410=LINE('',#15388,#3554);
#2411=LINE('',#15389,#3555);
#2412=LINE('',#15392,#3556);
#2413=LINE('',#15394,#3557);
#2414=LINE('',#15396,#3558);
#2415=LINE('',#15397,#3559);
#2416=LINE('',#15400,#3560);
#2417=LINE('',#15402,#3561);
#2418=LINE('',#15404,#3562);
#2419=LINE('',#15405,#3563);
#2420=LINE('',#15408,#3564);
#2421=LINE('',#15410,#3565);
#2422=LINE('',#15412,#3566);
#2423=LINE('',#15413,#3567);
#2424=LINE('',#15416,#3568);
#2425=LINE('',#15418,#3569);
#2426=LINE('',#15420,#3570);
#2427=LINE('',#15421,#3571);
#2428=LINE('',#15424,#3572);
#2429=LINE('',#15426,#3573);
#2430=LINE('',#15428,#3574);
#2431=LINE('',#15430,#3575);
#2432=LINE('',#15432,#3576);
#2433=LINE('',#15434,#3577);
#2434=LINE('',#15436,#3578);
#2435=LINE('',#15438,#3579);
#2436=LINE('',#15440,#3580);
#2437=LINE('',#15442,#3581);
#2438=LINE('',#15444,#3582);
#2439=LINE('',#15446,#3583);
#2440=LINE('',#15448,#3584);
#2441=LINE('',#15450,#3585);
#2442=LINE('',#15452,#3586);
#2443=LINE('',#15454,#3587);
#2444=LINE('',#15456,#3588);
#2445=LINE('',#15458,#3589);
#2446=LINE('',#15460,#3590);
#2447=LINE('',#15462,#3591);
#2448=LINE('',#15464,#3592);
#2449=LINE('',#15466,#3593);
#2450=LINE('',#15467,#3594);
#2451=LINE('',#15470,#3595);
#2452=LINE('',#15472,#3596);
#2453=LINE('',#15474,#3597);
#2454=LINE('',#15475,#3598);
#2455=LINE('',#15478,#3599);
#2456=LINE('',#15480,#3600);
#2457=LINE('',#15482,#3601);
#2458=LINE('',#15483,#3602);
#2459=LINE('',#15486,#3603);
#2460=LINE('',#15488,#3604);
#2461=LINE('',#15490,#3605);
#2462=LINE('',#15491,#3606);
#2463=LINE('',#15494,#3607);
#2464=LINE('',#15496,#3608);
#2465=LINE('',#15498,#3609);
#2466=LINE('',#15499,#3610);
#2467=LINE('',#15501,#3611);
#2468=LINE('',#15503,#3612);
#2469=LINE('',#15505,#3613);
#2470=LINE('',#15507,#3614);
#2471=LINE('',#15509,#3615);
#2472=LINE('',#15511,#3616);
#2473=LINE('',#15513,#3617);
#2474=LINE('',#15515,#3618);
#2475=LINE('',#15517,#3619);
#2476=LINE('',#15519,#3620);
#2477=LINE('',#15521,#3621);
#2478=LINE('',#15523,#3622);
#2479=LINE('',#15525,#3623);
#2480=LINE('',#15527,#3624);
#2481=LINE('',#15529,#3625);
#2482=LINE('',#15531,#3626);
#2483=LINE('',#15533,#3627);
#2484=LINE('',#15535,#3628);
#2485=LINE('',#15537,#3629);
#2486=LINE('',#15539,#3630);
#2487=LINE('',#15541,#3631);
#2488=LINE('',#15543,#3632);
#2489=LINE('',#15547,#3633);
#2490=LINE('',#15549,#3634);
#2491=LINE('',#15550,#3635);
#2492=LINE('',#15553,#3636);
#2493=LINE('',#15554,#3637);
#2494=LINE('',#15557,#3638);
#2495=LINE('',#15558,#3639);
#2496=LINE('',#15560,#3640);
#2497=LINE('',#15563,#3641);
#2498=LINE('',#15565,#3642);
#2499=LINE('',#15566,#3643);
#2500=LINE('',#15569,#3644);
#2501=LINE('',#15570,#3645);
#2502=LINE('',#15573,#3646);
#2503=LINE('',#15574,#3647);
#2504=LINE('',#15576,#3648);
#2505=LINE('',#15579,#3649);
#2506=LINE('',#15581,#3650);
#2507=LINE('',#15582,#3651);
#2508=LINE('',#15585,#3652);
#2509=LINE('',#15586,#3653);
#2510=LINE('',#15589,#3654);
#2511=LINE('',#15590,#3655);
#2512=LINE('',#15592,#3656);
#2513=LINE('',#15595,#3657);
#2514=LINE('',#15597,#3658);
#2515=LINE('',#15598,#3659);
#2516=LINE('',#15601,#3660);
#2517=LINE('',#15602,#3661);
#2518=LINE('',#15605,#3662);
#2519=LINE('',#15606,#3663);
#2520=LINE('',#15608,#3664);
#2521=LINE('',#15611,#3665);
#2522=LINE('',#15613,#3666);
#2523=LINE('',#15614,#3667);
#2524=LINE('',#15617,#3668);
#2525=LINE('',#15618,#3669);
#2526=LINE('',#15621,#3670);
#2527=LINE('',#15622,#3671);
#2528=LINE('',#15624,#3672);
#2529=LINE('',#15627,#3673);
#2530=LINE('',#15629,#3674);
#2531=LINE('',#15630,#3675);
#2532=LINE('',#15633,#3676);
#2533=LINE('',#15634,#3677);
#2534=LINE('',#15637,#3678);
#2535=LINE('',#15638,#3679);
#2536=LINE('',#15640,#3680);
#2537=LINE('',#15643,#3681);
#2538=LINE('',#15645,#3682);
#2539=LINE('',#15646,#3683);
#2540=LINE('',#15649,#3684);
#2541=LINE('',#15650,#3685);
#2542=LINE('',#15653,#3686);
#2543=LINE('',#15654,#3687);
#2544=LINE('',#15656,#3688);
#2545=LINE('',#15659,#3689);
#2546=LINE('',#15661,#3690);
#2547=LINE('',#15662,#3691);
#2548=LINE('',#15665,#3692);
#2549=LINE('',#15666,#3693);
#2550=LINE('',#15669,#3694);
#2551=LINE('',#15670,#3695);
#2552=LINE('',#15672,#3696);
#2553=LINE('',#15675,#3697);
#2554=LINE('',#15677,#3698);
#2555=LINE('',#15678,#3699);
#2556=LINE('',#15681,#3700);
#2557=LINE('',#15682,#3701);
#2558=LINE('',#15685,#3702);
#2559=LINE('',#15686,#3703);
#2560=LINE('',#15688,#3704);
#2561=LINE('',#15691,#3705);
#2562=LINE('',#15693,#3706);
#2563=LINE('',#15694,#3707);
#2564=LINE('',#15697,#3708);
#2565=LINE('',#15698,#3709);
#2566=LINE('',#15701,#3710);
#2567=LINE('',#15702,#3711);
#2568=LINE('',#15704,#3712);
#2569=LINE('',#15707,#3713);
#2570=LINE('',#15709,#3714);
#2571=LINE('',#15710,#3715);
#2572=LINE('',#15713,#3716);
#2573=LINE('',#15714,#3717);
#2574=LINE('',#15717,#3718);
#2575=LINE('',#15718,#3719);
#2576=LINE('',#15720,#3720);
#2577=LINE('',#15723,#3721);
#2578=LINE('',#15725,#3722);
#2579=LINE('',#15726,#3723);
#2580=LINE('',#15729,#3724);
#2581=LINE('',#15730,#3725);
#2582=LINE('',#15733,#3726);
#2583=LINE('',#15734,#3727);
#2584=LINE('',#15736,#3728);
#2585=LINE('',#15739,#3729);
#2586=LINE('',#15741,#3730);
#2587=LINE('',#15742,#3731);
#2588=LINE('',#15745,#3732);
#2589=LINE('',#15746,#3733);
#2590=LINE('',#15749,#3734);
#2591=LINE('',#15750,#3735);
#2592=LINE('',#15752,#3736);
#2593=LINE('',#15755,#3737);
#2594=LINE('',#15757,#3738);
#2595=LINE('',#15758,#3739);
#2596=LINE('',#15761,#3740);
#2597=LINE('',#15762,#3741);
#2598=LINE('',#15765,#3742);
#2599=LINE('',#15766,#3743);
#2600=LINE('',#15768,#3744);
#2601=LINE('',#15771,#3745);
#2602=LINE('',#15773,#3746);
#2603=LINE('',#15774,#3747);
#2604=LINE('',#15777,#3748);
#2605=LINE('',#15778,#3749);
#2606=LINE('',#15781,#3750);
#2607=LINE('',#15782,#3751);
#2608=LINE('',#15784,#3752);
#2609=LINE('',#15787,#3753);
#2610=LINE('',#15789,#3754);
#2611=LINE('',#15790,#3755);
#2612=LINE('',#15793,#3756);
#2613=LINE('',#15794,#3757);
#2614=LINE('',#15797,#3758);
#2615=LINE('',#15798,#3759);
#2616=LINE('',#15800,#3760);
#2617=LINE('',#15815,#3761);
#2618=LINE('',#15817,#3762);
#2619=LINE('',#15819,#3763);
#2620=LINE('',#15820,#3764);
#2621=LINE('',#15824,#3765);
#2622=LINE('',#15825,#3766);
#2623=LINE('',#15826,#3767);
#2624=LINE('',#15829,#3768);
#2625=LINE('',#15831,#3769);
#2626=LINE('',#15832,#3770);
#2627=LINE('',#15835,#3771);
#2628=LINE('',#15837,#3772);
#2629=LINE('',#15839,#3773);
#2630=LINE('',#15841,#3774);
#2631=LINE('',#15843,#3775);
#2632=LINE('',#15845,#3776);
#2633=LINE('',#15847,#3777);
#2634=LINE('',#15849,#3778);
#2635=LINE('',#15851,#3779);
#2636=LINE('',#15853,#3780);
#2637=LINE('',#15855,#3781);
#2638=LINE('',#15857,#3782);
#2639=LINE('',#15859,#3783);
#2640=LINE('',#15861,#3784);
#2641=LINE('',#15863,#3785);
#2642=LINE('',#15865,#3786);
#2643=LINE('',#15867,#3787);
#2644=LINE('',#15869,#3788);
#2645=LINE('',#15871,#3789);
#2646=LINE('',#15873,#3790);
#2647=LINE('',#15875,#3791);
#2648=LINE('',#15877,#3792);
#2649=LINE('',#15879,#3793);
#2650=LINE('',#15881,#3794);
#2651=LINE('',#15883,#3795);
#2652=LINE('',#15885,#3796);
#2653=LINE('',#15887,#3797);
#2654=LINE('',#15889,#3798);
#2655=LINE('',#15891,#3799);
#2656=LINE('',#15893,#3800);
#2657=LINE('',#15895,#3801);
#2658=LINE('',#15897,#3802);
#2659=LINE('',#15899,#3803);
#2660=LINE('',#15901,#3804);
#2661=LINE('',#15903,#3805);
#2662=LINE('',#15905,#3806);
#2663=LINE('',#15907,#3807);
#2664=LINE('',#15909,#3808);
#2665=LINE('',#15911,#3809);
#2666=LINE('',#15913,#3810);
#2667=LINE('',#15915,#3811);
#2668=LINE('',#15917,#3812);
#2669=LINE('',#15919,#3813);
#2670=LINE('',#15921,#3814);
#2671=LINE('',#15923,#3815);
#2672=LINE('',#15925,#3816);
#2673=LINE('',#15927,#3817);
#2674=LINE('',#15929,#3818);
#2675=LINE('',#15931,#3819);
#2676=LINE('',#15933,#3820);
#2677=LINE('',#15935,#3821);
#2678=LINE('',#15937,#3822);
#2679=LINE('',#15939,#3823);
#2680=LINE('',#15941,#3824);
#2681=LINE('',#15943,#3825);
#2682=LINE('',#15945,#3826);
#2683=LINE('',#15947,#3827);
#2684=LINE('',#15949,#3828);
#2685=LINE('',#15950,#3829);
#2686=LINE('',#15953,#3830);
#2687=LINE('',#15955,#3831);
#2688=LINE('',#15957,#3832);
#2689=LINE('',#15958,#3833);
#2690=LINE('',#15961,#3834);
#2691=LINE('',#15963,#3835);
#2692=LINE('',#15965,#3836);
#2693=LINE('',#15966,#3837);
#2694=LINE('',#15969,#3838);
#2695=LINE('',#15971,#3839);
#2696=LINE('',#15973,#3840);
#2697=LINE('',#15974,#3841);
#2698=LINE('',#15977,#3842);
#2699=LINE('',#15979,#3843);
#2700=LINE('',#15981,#3844);
#2701=LINE('',#15982,#3845);
#2702=LINE('',#15985,#3846);
#2703=LINE('',#15987,#3847);
#2704=LINE('',#15989,#3848);
#2705=LINE('',#15990,#3849);
#2706=LINE('',#15993,#3850);
#2707=LINE('',#15995,#3851);
#2708=LINE('',#15997,#3852);
#2709=LINE('',#15998,#3853);
#2710=LINE('',#16001,#3854);
#2711=LINE('',#16003,#3855);
#2712=LINE('',#16005,#3856);
#2713=LINE('',#16006,#3857);
#2714=LINE('',#16009,#3858);
#2715=LINE('',#16011,#3859);
#2716=LINE('',#16013,#3860);
#2717=LINE('',#16014,#3861);
#2718=LINE('',#16017,#3862);
#2719=LINE('',#16019,#3863);
#2720=LINE('',#16021,#3864);
#2721=LINE('',#16022,#3865);
#2722=LINE('',#16025,#3866);
#2723=LINE('',#16027,#3867);
#2724=LINE('',#16029,#3868);
#2725=LINE('',#16030,#3869);
#2726=LINE('',#16033,#3870);
#2727=LINE('',#16035,#3871);
#2728=LINE('',#16037,#3872);
#2729=LINE('',#16039,#3873);
#2730=LINE('',#16041,#3874);
#2731=LINE('',#16043,#3875);
#2732=LINE('',#16045,#3876);
#2733=LINE('',#16047,#3877);
#2734=LINE('',#16049,#3878);
#2735=LINE('',#16051,#3879);
#2736=LINE('',#16053,#3880);
#2737=LINE('',#16055,#3881);
#2738=LINE('',#16057,#3882);
#2739=LINE('',#16059,#3883);
#2740=LINE('',#16061,#3884);
#2741=LINE('',#16063,#3885);
#2742=LINE('',#16065,#3886);
#2743=LINE('',#16067,#3887);
#2744=LINE('',#16069,#3888);
#2745=LINE('',#16071,#3889);
#2746=LINE('',#16073,#3890);
#2747=LINE('',#16075,#3891);
#2748=LINE('',#16077,#3892);
#2749=LINE('',#16079,#3893);
#2750=LINE('',#16081,#3894);
#2751=LINE('',#16083,#3895);
#2752=LINE('',#16085,#3896);
#2753=LINE('',#16087,#3897);
#2754=LINE('',#16089,#3898);
#2755=LINE('',#16091,#3899);
#2756=LINE('',#16093,#3900);
#2757=LINE('',#16095,#3901);
#2758=LINE('',#16097,#3902);
#2759=LINE('',#16099,#3903);
#2760=LINE('',#16101,#3904);
#2761=LINE('',#16103,#3905);
#2762=LINE('',#16105,#3906);
#2763=LINE('',#16107,#3907);
#2764=LINE('',#16109,#3908);
#2765=LINE('',#16111,#3909);
#2766=LINE('',#16113,#3910);
#2767=LINE('',#16115,#3911);
#2768=LINE('',#16117,#3912);
#2769=LINE('',#16119,#3913);
#2770=LINE('',#16121,#3914);
#2771=LINE('',#16123,#3915);
#2772=LINE('',#16125,#3916);
#2773=LINE('',#16127,#3917);
#2774=LINE('',#16129,#3918);
#2775=LINE('',#16131,#3919);
#2776=LINE('',#16133,#3920);
#2777=LINE('',#16135,#3921);
#2778=LINE('',#16137,#3922);
#2779=LINE('',#16139,#3923);
#2780=LINE('',#16141,#3924);
#2781=LINE('',#16143,#3925);
#2782=LINE('',#16145,#3926);
#2783=LINE('',#16147,#3927);
#2784=LINE('',#16148,#3928);
#2785=LINE('',#16151,#3929);
#2786=LINE('',#16153,#3930);
#2787=LINE('',#16155,#3931);
#2788=LINE('',#16156,#3932);
#2789=LINE('',#16159,#3933);
#2790=LINE('',#16161,#3934);
#2791=LINE('',#16163,#3935);
#2792=LINE('',#16164,#3936);
#2793=LINE('',#16167,#3937);
#2794=LINE('',#16169,#3938);
#2795=LINE('',#16171,#3939);
#2796=LINE('',#16172,#3940);
#2797=LINE('',#16175,#3941);
#2798=LINE('',#16177,#3942);
#2799=LINE('',#16179,#3943);
#2800=LINE('',#16180,#3944);
#2801=LINE('',#16183,#3945);
#2802=LINE('',#16185,#3946);
#2803=LINE('',#16187,#3947);
#2804=LINE('',#16188,#3948);
#2805=LINE('',#16191,#3949);
#2806=LINE('',#16193,#3950);
#2807=LINE('',#16195,#3951);
#2808=LINE('',#16196,#3952);
#2809=LINE('',#16199,#3953);
#2810=LINE('',#16201,#3954);
#2811=LINE('',#16203,#3955);
#2812=LINE('',#16204,#3956);
#2813=LINE('',#16207,#3957);
#2814=LINE('',#16209,#3958);
#2815=LINE('',#16211,#3959);
#2816=LINE('',#16212,#3960);
#2817=LINE('',#16215,#3961);
#2818=LINE('',#16217,#3962);
#2819=LINE('',#16219,#3963);
#2820=LINE('',#16220,#3964);
#2821=LINE('',#16223,#3965);
#2822=LINE('',#16225,#3966);
#2823=LINE('',#16227,#3967);
#2824=LINE('',#16228,#3968);
#2825=LINE('',#16230,#3969);
#2826=LINE('',#16232,#3970);
#2827=LINE('',#16234,#3971);
#2828=LINE('',#16236,#3972);
#2829=LINE('',#16238,#3973);
#2830=LINE('',#16240,#3974);
#2831=LINE('',#16242,#3975);
#2832=LINE('',#16244,#3976);
#2833=LINE('',#16246,#3977);
#2834=LINE('',#16248,#3978);
#2835=LINE('',#16250,#3979);
#2836=LINE('',#16252,#3980);
#2837=LINE('',#16254,#3981);
#2838=LINE('',#16256,#3982);
#2839=LINE('',#16258,#3983);
#2840=LINE('',#16260,#3984);
#2841=LINE('',#16262,#3985);
#2842=LINE('',#16264,#3986);
#2843=LINE('',#16266,#3987);
#2844=LINE('',#16268,#3988);
#2845=LINE('',#16270,#3989);
#2846=LINE('',#16272,#3990);
#2847=LINE('',#16274,#3991);
#2848=LINE('',#16276,#3992);
#2849=LINE('',#16278,#3993);
#2850=LINE('',#16280,#3994);
#2851=LINE('',#16282,#3995);
#2852=LINE('',#16284,#3996);
#2853=LINE('',#16286,#3997);
#2854=LINE('',#16288,#3998);
#2855=LINE('',#16290,#3999);
#2856=LINE('',#16292,#4000);
#2857=LINE('',#16294,#4001);
#2858=LINE('',#16296,#4002);
#2859=LINE('',#16298,#4003);
#2860=LINE('',#16300,#4004);
#2861=LINE('',#16302,#4005);
#2862=LINE('',#16304,#4006);
#2863=LINE('',#16306,#4007);
#2864=LINE('',#16308,#4008);
#2865=LINE('',#16310,#4009);
#2866=LINE('',#16312,#4010);
#2867=LINE('',#16314,#4011);
#2868=LINE('',#16316,#4012);
#2869=LINE('',#16318,#4013);
#2870=LINE('',#16320,#4014);
#2871=LINE('',#16322,#4015);
#2872=LINE('',#16324,#4016);
#2873=LINE('',#16326,#4017);
#2874=LINE('',#16328,#4018);
#2875=LINE('',#16330,#4019);
#2876=LINE('',#16332,#4020);
#2877=LINE('',#16334,#4021);
#2878=LINE('',#16336,#4022);
#2879=LINE('',#16338,#4023);
#2880=LINE('',#16340,#4024);
#2881=LINE('',#16342,#4025);
#2882=LINE('',#16344,#4026);
#2883=LINE('',#16348,#4027);
#2884=LINE('',#16350,#4028);
#2885=LINE('',#16351,#4029);
#2886=LINE('',#16354,#4030);
#2887=LINE('',#16355,#4031);
#2888=LINE('',#16358,#4032);
#2889=LINE('',#16359,#4033);
#2890=LINE('',#16361,#4034);
#2891=LINE('',#16364,#4035);
#2892=LINE('',#16366,#4036);
#2893=LINE('',#16367,#4037);
#2894=LINE('',#16370,#4038);
#2895=LINE('',#16371,#4039);
#2896=LINE('',#16374,#4040);
#2897=LINE('',#16375,#4041);
#2898=LINE('',#16377,#4042);
#2899=LINE('',#16380,#4043);
#2900=LINE('',#16382,#4044);
#2901=LINE('',#16383,#4045);
#2902=LINE('',#16386,#4046);
#2903=LINE('',#16387,#4047);
#2904=LINE('',#16390,#4048);
#2905=LINE('',#16391,#4049);
#2906=LINE('',#16393,#4050);
#2907=LINE('',#16396,#4051);
#2908=LINE('',#16398,#4052);
#2909=LINE('',#16399,#4053);
#2910=LINE('',#16402,#4054);
#2911=LINE('',#16403,#4055);
#2912=LINE('',#16406,#4056);
#2913=LINE('',#16407,#4057);
#2914=LINE('',#16409,#4058);
#2915=LINE('',#16412,#4059);
#2916=LINE('',#16414,#4060);
#2917=LINE('',#16415,#4061);
#2918=LINE('',#16418,#4062);
#2919=LINE('',#16419,#4063);
#2920=LINE('',#16422,#4064);
#2921=LINE('',#16423,#4065);
#2922=LINE('',#16425,#4066);
#2923=LINE('',#16428,#4067);
#2924=LINE('',#16430,#4068);
#2925=LINE('',#16431,#4069);
#2926=LINE('',#16434,#4070);
#2927=LINE('',#16435,#4071);
#2928=LINE('',#16438,#4072);
#2929=LINE('',#16439,#4073);
#2930=LINE('',#16441,#4074);
#2931=LINE('',#16444,#4075);
#2932=LINE('',#16446,#4076);
#2933=LINE('',#16447,#4077);
#2934=LINE('',#16450,#4078);
#2935=LINE('',#16451,#4079);
#2936=LINE('',#16454,#4080);
#2937=LINE('',#16455,#4081);
#2938=LINE('',#16457,#4082);
#2939=LINE('',#16460,#4083);
#2940=LINE('',#16462,#4084);
#2941=LINE('',#16463,#4085);
#2942=LINE('',#16466,#4086);
#2943=LINE('',#16467,#4087);
#2944=LINE('',#16470,#4088);
#2945=LINE('',#16471,#4089);
#2946=LINE('',#16473,#4090);
#2947=LINE('',#16476,#4091);
#2948=LINE('',#16478,#4092);
#2949=LINE('',#16479,#4093);
#2950=LINE('',#16482,#4094);
#2951=LINE('',#16483,#4095);
#2952=LINE('',#16486,#4096);
#2953=LINE('',#16487,#4097);
#2954=LINE('',#16489,#4098);
#2955=LINE('',#16492,#4099);
#2956=LINE('',#16494,#4100);
#2957=LINE('',#16495,#4101);
#2958=LINE('',#16498,#4102);
#2959=LINE('',#16499,#4103);
#2960=LINE('',#16502,#4104);
#2961=LINE('',#16503,#4105);
#2962=LINE('',#16505,#4106);
#2963=LINE('',#16508,#4107);
#2964=LINE('',#16510,#4108);
#2965=LINE('',#16511,#4109);
#2966=LINE('',#16514,#4110);
#2967=LINE('',#16515,#4111);
#2968=LINE('',#16518,#4112);
#2969=LINE('',#16519,#4113);
#2970=LINE('',#16521,#4114);
#2971=LINE('',#16524,#4115);
#2972=LINE('',#16526,#4116);
#2973=LINE('',#16527,#4117);
#2974=LINE('',#16530,#4118);
#2975=LINE('',#16531,#4119);
#2976=LINE('',#16534,#4120);
#2977=LINE('',#16535,#4121);
#2978=LINE('',#16537,#4122);
#2979=LINE('',#16540,#4123);
#2980=LINE('',#16542,#4124);
#2981=LINE('',#16543,#4125);
#2982=LINE('',#16546,#4126);
#2983=LINE('',#16547,#4127);
#2984=LINE('',#16550,#4128);
#2985=LINE('',#16551,#4129);
#2986=LINE('',#16553,#4130);
#2987=LINE('',#16556,#4131);
#2988=LINE('',#16558,#4132);
#2989=LINE('',#16559,#4133);
#2990=LINE('',#16562,#4134);
#2991=LINE('',#16563,#4135);
#2992=LINE('',#16566,#4136);
#2993=LINE('',#16567,#4137);
#2994=LINE('',#16569,#4138);
#2995=LINE('',#16572,#4139);
#2996=LINE('',#16574,#4140);
#2997=LINE('',#16575,#4141);
#2998=LINE('',#16578,#4142);
#2999=LINE('',#16579,#4143);
#3000=LINE('',#16582,#4144);
#3001=LINE('',#16583,#4145);
#3002=LINE('',#16585,#4146);
#3003=LINE('',#16588,#4147);
#3004=LINE('',#16590,#4148);
#3005=LINE('',#16591,#4149);
#3006=LINE('',#16594,#4150);
#3007=LINE('',#16595,#4151);
#3008=LINE('',#16598,#4152);
#3009=LINE('',#16599,#4153);
#3010=LINE('',#16601,#4154);
#3011=LINE('',#16604,#4155);
#3012=LINE('',#16606,#4156);
#3013=LINE('',#16607,#4157);
#3014=LINE('',#16610,#4158);
#3015=LINE('',#16611,#4159);
#3016=LINE('',#16614,#4160);
#3017=LINE('',#16615,#4161);
#3018=LINE('',#16617,#4162);
#3019=LINE('',#16620,#4163);
#3020=LINE('',#16622,#4164);
#3021=LINE('',#16623,#4165);
#3022=LINE('',#16626,#4166);
#3023=LINE('',#16627,#4167);
#3024=LINE('',#16630,#4168);
#3025=LINE('',#16631,#4169);
#3026=LINE('',#16633,#4170);
#3027=LINE('',#16636,#4171);
#3028=LINE('',#16638,#4172);
#3029=LINE('',#16639,#4173);
#3030=LINE('',#16642,#4174);
#3031=LINE('',#16643,#4175);
#3032=LINE('',#16646,#4176);
#3033=LINE('',#16647,#4177);
#3034=LINE('',#16649,#4178);
#3035=LINE('',#16652,#4179);
#3036=LINE('',#16654,#4180);
#3037=LINE('',#16655,#4181);
#3038=LINE('',#16658,#4182);
#3039=LINE('',#16659,#4183);
#3040=LINE('',#16662,#4184);
#3041=LINE('',#16663,#4185);
#3042=LINE('',#16665,#4186);
#3043=LINE('',#16668,#4187);
#3044=LINE('',#16670,#4188);
#3045=LINE('',#16671,#4189);
#3046=LINE('',#16674,#4190);
#3047=LINE('',#16675,#4191);
#3048=LINE('',#16678,#4192);
#3049=LINE('',#16679,#4193);
#3050=LINE('',#16681,#4194);
#3051=LINE('',#16684,#4195);
#3052=LINE('',#16686,#4196);
#3053=LINE('',#16687,#4197);
#3054=LINE('',#16690,#4198);
#3055=LINE('',#16691,#4199);
#3056=LINE('',#16694,#4200);
#3057=LINE('',#16695,#4201);
#3058=LINE('',#16697,#4202);
#3059=LINE('',#16700,#4203);
#3060=LINE('',#16702,#4204);
#3061=LINE('',#16703,#4205);
#3062=LINE('',#16706,#4206);
#3063=LINE('',#16707,#4207);
#3064=LINE('',#16710,#4208);
#3065=LINE('',#16711,#4209);
#3066=LINE('',#16713,#4210);
#3067=LINE('',#16716,#4211);
#3068=LINE('',#16718,#4212);
#3069=LINE('',#16719,#4213);
#3070=LINE('',#16722,#4214);
#3071=LINE('',#16723,#4215);
#3072=LINE('',#16726,#4216);
#3073=LINE('',#16727,#4217);
#3074=LINE('',#16729,#4218);
#3075=LINE('',#16732,#4219);
#3076=LINE('',#16734,#4220);
#3077=LINE('',#16735,#4221);
#3078=LINE('',#16738,#4222);
#3079=LINE('',#16739,#4223);
#3080=LINE('',#16742,#4224);
#3081=LINE('',#16743,#4225);
#3082=LINE('',#16745,#4226);
#3083=LINE('',#16748,#4227);
#3084=LINE('',#16750,#4228);
#3085=LINE('',#16751,#4229);
#3086=LINE('',#16754,#4230);
#3087=LINE('',#16755,#4231);
#3088=LINE('',#16758,#4232);
#3089=LINE('',#16759,#4233);
#3090=LINE('',#16761,#4234);
#3091=LINE('',#16764,#4235);
#3092=LINE('',#16766,#4236);
#3093=LINE('',#16767,#4237);
#3094=LINE('',#16770,#4238);
#3095=LINE('',#16771,#4239);
#3096=LINE('',#16774,#4240);
#3097=LINE('',#16775,#4241);
#3098=LINE('',#16777,#4242);
#3099=LINE('',#16780,#4243);
#3100=LINE('',#16782,#4244);
#3101=LINE('',#16783,#4245);
#3102=LINE('',#16786,#4246);
#3103=LINE('',#16787,#4247);
#3104=LINE('',#16790,#4248);
#3105=LINE('',#16791,#4249);
#3106=LINE('',#16793,#4250);
#3107=LINE('',#16796,#4251);
#3108=LINE('',#16798,#4252);
#3109=LINE('',#16799,#4253);
#3110=LINE('',#16802,#4254);
#3111=LINE('',#16803,#4255);
#3112=LINE('',#16806,#4256);
#3113=LINE('',#16807,#4257);
#3114=LINE('',#16809,#4258);
#3115=LINE('',#16812,#4259);
#3116=LINE('',#16814,#4260);
#3117=LINE('',#16815,#4261);
#3118=LINE('',#16818,#4262);
#3119=LINE('',#16819,#4263);
#3120=LINE('',#16822,#4264);
#3121=LINE('',#16823,#4265);
#3122=LINE('',#16825,#4266);
#3123=LINE('',#16828,#4267);
#3124=LINE('',#16830,#4268);
#3125=LINE('',#16831,#4269);
#3126=LINE('',#16834,#4270);
#3127=LINE('',#16835,#4271);
#3128=LINE('',#16838,#4272);
#3129=LINE('',#16839,#4273);
#3130=LINE('',#16841,#4274);
#3131=LINE('',#16844,#4275);
#3132=LINE('',#16846,#4276);
#3133=LINE('',#16847,#4277);
#3134=LINE('',#16850,#4278);
#3135=LINE('',#16851,#4279);
#3136=LINE('',#16854,#4280);
#3137=LINE('',#16855,#4281);
#3138=LINE('',#16857,#4282);
#3139=LINE('',#16860,#4283);
#3140=LINE('',#16862,#4284);
#3141=LINE('',#16863,#4285);
#3142=LINE('',#16866,#4286);
#3143=LINE('',#16867,#4287);
#3144=LINE('',#16870,#4288);
#3145=LINE('',#16871,#4289);
#3146=LINE('',#16873,#4290);
#3147=LINE('',#16876,#4291);
#3148=LINE('',#16878,#4292);
#3149=LINE('',#16879,#4293);
#3150=LINE('',#16882,#4294);
#3151=LINE('',#16883,#4295);
#3152=LINE('',#16886,#4296);
#3153=LINE('',#16887,#4297);
#3154=LINE('',#16889,#4298);
#3155=LINE('',#16892,#4299);
#3156=LINE('',#16894,#4300);
#3157=LINE('',#16895,#4301);
#3158=LINE('',#16898,#4302);
#3159=LINE('',#16899,#4303);
#3160=LINE('',#16902,#4304);
#3161=LINE('',#16903,#4305);
#3162=LINE('',#16905,#4306);
#3163=LINE('',#16908,#4307);
#3164=LINE('',#16910,#4308);
#3165=LINE('',#16911,#4309);
#3166=LINE('',#16914,#4310);
#3167=LINE('',#16915,#4311);
#3168=LINE('',#16918,#4312);
#3169=LINE('',#16919,#4313);
#3170=LINE('',#16921,#4314);
#3171=LINE('',#16924,#4315);
#3172=LINE('',#16926,#4316);
#3173=LINE('',#16927,#4317);
#3174=LINE('',#16930,#4318);
#3175=LINE('',#16931,#4319);
#3176=LINE('',#16934,#4320);
#3177=LINE('',#16935,#4321);
#3178=LINE('',#16937,#4322);
#3179=LINE('',#16940,#4323);
#3180=LINE('',#16942,#4324);
#3181=LINE('',#16943,#4325);
#3182=LINE('',#16946,#4326);
#3183=LINE('',#16947,#4327);
#3184=LINE('',#16950,#4328);
#3185=LINE('',#16951,#4329);
#3186=LINE('',#16953,#4330);
#3187=LINE('',#16956,#4331);
#3188=LINE('',#16958,#4332);
#3189=LINE('',#16959,#4333);
#3190=LINE('',#16962,#4334);
#3191=LINE('',#16963,#4335);
#3192=LINE('',#16966,#4336);
#3193=LINE('',#16967,#4337);
#3194=LINE('',#16969,#4338);
#3195=LINE('',#16972,#4339);
#3196=LINE('',#16974,#4340);
#3197=LINE('',#16975,#4341);
#3198=LINE('',#16978,#4342);
#3199=LINE('',#16979,#4343);
#3200=LINE('',#16982,#4344);
#3201=LINE('',#16983,#4345);
#3202=LINE('',#16985,#4346);
#3203=LINE('',#17018,#4347);
#3204=LINE('',#17023,#4348);
#3205=LINE('',#17027,#4349);
#3206=LINE('',#17031,#4350);
#3207=LINE('',#17035,#4351);
#3208=LINE('',#17043,#4352);
#3209=LINE('',#17045,#4353);
#3210=LINE('',#17046,#4354);
#3211=LINE('',#17049,#4355);
#3212=LINE('',#17053,#4356);
#3213=LINE('',#17057,#4357);
#3214=LINE('',#17058,#4358);
#3215=LINE('',#17061,#4359);
#3216=LINE('',#17062,#4360);
#3217=LINE('',#17066,#4361);
#3218=LINE('',#17070,#4362);
#3219=LINE('',#17072,#4363);
#3220=LINE('',#17075,#4364);
#3221=LINE('',#17079,#4365);
#3222=LINE('',#17085,#4366);
#3223=LINE('',#17114,#4367);
#3224=LINE('',#17117,#4368);
#3225=LINE('',#17144,#4369);
#3226=LINE('',#17161,#4370);
#3227=LINE('',#17163,#4371);
#3228=LINE('',#17165,#4372);
#3229=LINE('',#17166,#4373);
#3230=LINE('',#17170,#4374);
#3231=LINE('',#17171,#4375);
#3232=LINE('',#17172,#4376);
#3233=LINE('',#17175,#4377);
#3234=LINE('',#17177,#4378);
#3235=LINE('',#17178,#4379);
#3236=LINE('',#17181,#4380);
#3237=LINE('',#17183,#4381);
#3238=LINE('',#17185,#4382);
#3239=LINE('',#17187,#4383);
#3240=LINE('',#17189,#4384);
#3241=LINE('',#17191,#4385);
#3242=LINE('',#17193,#4386);
#3243=LINE('',#17195,#4387);
#3244=LINE('',#17197,#4388);
#3245=LINE('',#17199,#4389);
#3246=LINE('',#17200,#4390);
#3247=LINE('',#17469,#4391);
#3248=LINE('',#17471,#4392);
#3249=LINE('',#17473,#4393);
#3250=LINE('',#17475,#4394);
#3251=LINE('',#17477,#4395);
#3252=LINE('',#17479,#4396);
#3253=LINE('',#17481,#4397);
#3254=LINE('',#17483,#4398);
#3255=LINE('',#17485,#4399);
#3256=LINE('',#17487,#4400);
#3257=LINE('',#17488,#4401);
#3258=LINE('',#17756,#4402);
#3259=LINE('',#17758,#4403);
#3260=LINE('',#17760,#4404);
#3261=LINE('',#17762,#4405);
#3262=LINE('',#17764,#4406);
#3263=LINE('',#17766,#4407);
#3264=LINE('',#17768,#4408);
#3265=LINE('',#17770,#4409);
#3266=LINE('',#17772,#4410);
#3267=LINE('',#17774,#4411);
#3268=LINE('',#17777,#4412);
#3269=LINE('',#17779,#4413);
#3270=LINE('',#17781,#4414);
#3271=LINE('',#17783,#4415);
#3272=LINE('',#17785,#4416);
#3273=LINE('',#17787,#4417);
#3274=LINE('',#17789,#4418);
#3275=LINE('',#17791,#4419);
#3276=LINE('',#17793,#4420);
#3277=LINE('',#17795,#4421);
#3278=LINE('',#17797,#4422);
#3279=LINE('',#17799,#4423);
#3280=LINE('',#17801,#4424);
#3281=LINE('',#17803,#4425);
#3282=LINE('',#17805,#4426);
#3283=LINE('',#17807,#4427);
#3284=LINE('',#17809,#4428);
#3285=LINE('',#17811,#4429);
#3286=LINE('',#17813,#4430);
#3287=LINE('',#17815,#4431);
#3288=LINE('',#17817,#4432);
#3289=LINE('',#17819,#4433);
#3290=LINE('',#17821,#4434);
#3291=LINE('',#17823,#4435);
#3292=LINE('',#17825,#4436);
#3293=LINE('',#17827,#4437);
#3294=LINE('',#17829,#4438);
#3295=LINE('',#17831,#4439);
#3296=LINE('',#17833,#4440);
#3297=LINE('',#17835,#4441);
#3298=LINE('',#17837,#4442);
#3299=LINE('',#17839,#4443);
#3300=LINE('',#17841,#4444);
#3301=LINE('',#17843,#4445);
#3302=LINE('',#17845,#4446);
#3303=LINE('',#17847,#4447);
#3304=LINE('',#17849,#4448);
#3305=LINE('',#17851,#4449);
#3306=LINE('',#17853,#4450);
#3307=LINE('',#17855,#4451);
#3308=LINE('',#17857,#4452);
#3309=LINE('',#17859,#4453);
#3310=LINE('',#17861,#4454);
#3311=LINE('',#17863,#4455);
#3312=LINE('',#17865,#4456);
#3313=LINE('',#17867,#4457);
#3314=LINE('',#17869,#4458);
#3315=LINE('',#17871,#4459);
#3316=LINE('',#17873,#4460);
#3317=LINE('',#17875,#4461);
#3318=LINE('',#17877,#4462);
#3319=LINE('',#17879,#4463);
#3320=LINE('',#17881,#4464);
#3321=LINE('',#17883,#4465);
#3322=LINE('',#17885,#4466);
#3323=LINE('',#17887,#4467);
#3324=LINE('',#17889,#4468);
#3325=LINE('',#17891,#4469);
#3326=LINE('',#17893,#4470);
#3327=LINE('',#17895,#4471);
#3328=LINE('',#17897,#4472);
#3329=LINE('',#17899,#4473);
#3330=LINE('',#17901,#4474);
#3331=LINE('',#17903,#4475);
#3332=LINE('',#17905,#4476);
#3333=LINE('',#17907,#4477);
#3334=LINE('',#17909,#4478);
#3335=LINE('',#17911,#4479);
#3336=LINE('',#17913,#4480);
#3337=LINE('',#17915,#4481);
#3338=LINE('',#17917,#4482);
#3339=LINE('',#17919,#4483);
#3340=LINE('',#17921,#4484);
#3341=LINE('',#17923,#4485);
#3342=LINE('',#17925,#4486);
#3343=LINE('',#17927,#4487);
#3344=LINE('',#17929,#4488);
#3345=LINE('',#17931,#4489);
#3346=LINE('',#17933,#4490);
#3347=LINE('',#17935,#4491);
#3348=LINE('',#17937,#4492);
#3349=LINE('',#17939,#4493);
#3350=LINE('',#17941,#4494);
#3351=LINE('',#17943,#4495);
#3352=LINE('',#17945,#4496);
#3353=LINE('',#17947,#4497);
#3354=LINE('',#17949,#4498);
#3355=LINE('',#17951,#4499);
#3356=LINE('',#17953,#4500);
#3357=LINE('',#17955,#4501);
#3358=LINE('',#17957,#4502);
#3359=LINE('',#17959,#4503);
#3360=LINE('',#17961,#4504);
#3361=LINE('',#17963,#4505);
#3362=LINE('',#17965,#4506);
#3363=LINE('',#17967,#4507);
#3364=LINE('',#17969,#4508);
#3365=LINE('',#17971,#4509);
#3366=LINE('',#17973,#4510);
#3367=LINE('',#17975,#4511);
#3368=LINE('',#17977,#4512);
#3369=LINE('',#17979,#4513);
#3370=LINE('',#17981,#4514);
#3371=LINE('',#17983,#4515);
#3372=LINE('',#17985,#4516);
#3373=LINE('',#17987,#4517);
#3374=LINE('',#17989,#4518);
#3375=LINE('',#17991,#4519);
#3376=LINE('',#17993,#4520);
#3377=LINE('',#17995,#4521);
#3378=LINE('',#17997,#4522);
#3379=LINE('',#17999,#4523);
#3380=LINE('',#18001,#4524);
#3381=LINE('',#18003,#4525);
#3382=LINE('',#18005,#4526);
#3383=LINE('',#18007,#4527);
#3384=LINE('',#18009,#4528);
#3385=LINE('',#18011,#4529);
#3386=LINE('',#18013,#4530);
#3387=LINE('',#18015,#4531);
#3388=LINE('',#18017,#4532);
#3389=LINE('',#18019,#4533);
#3390=LINE('',#18021,#4534);
#3391=LINE('',#18023,#4535);
#3392=LINE('',#18025,#4536);
#3393=LINE('',#18027,#4537);
#3394=LINE('',#18029,#4538);
#3395=LINE('',#18031,#4539);
#3396=LINE('',#18033,#4540);
#3397=LINE('',#18035,#4541);
#3398=LINE('',#18037,#4542);
#3399=LINE('',#18039,#4543);
#3400=LINE('',#18041,#4544);
#3401=VECTOR('',#12161,1.);
#3402=VECTOR('',#12162,1.00000000000064);
#3403=VECTOR('',#12163,1.);
#3404=VECTOR('',#12164,1.00000000000064);
#3405=VECTOR('',#12167,1.);
#3406=VECTOR('',#12168,1.);
#3407=VECTOR('',#12169,1.);
#3408=VECTOR('',#12172,1.);
#3409=VECTOR('',#12173,1.);
#3410=VECTOR('',#12174,1.);
#3411=VECTOR('',#12177,1.00000000000064);
#3412=VECTOR('',#12178,1.);
#3413=VECTOR('',#12179,1.00000000000064);
#3414=VECTOR('',#12180,1.00000000000064);
#3415=VECTOR('',#12181,1.);
#3416=VECTOR('',#12182,1.00000000000064);
#3417=VECTOR('',#12183,1.);
#3418=VECTOR('',#12184,1.00000000000064);
#3419=VECTOR('',#12185,1.);
#3420=VECTOR('',#12186,1.00000000000064);
#3421=VECTOR('',#12187,1.00000000000064);
#3422=VECTOR('',#12188,1.);
#3423=VECTOR('',#12189,1.);
#3424=VECTOR('',#12190,1.);
#3425=VECTOR('',#12191,1.);
#3426=VECTOR('',#12192,1.);
#3427=VECTOR('',#12193,1.);
#3428=VECTOR('',#12194,1.);
#3429=VECTOR('',#12195,1.);
#3430=VECTOR('',#12198,1.00000000000064);
#3431=VECTOR('',#12199,1.00000000000064);
#3432=VECTOR('',#12200,1.);
#3433=VECTOR('',#12201,1.00000000000064);
#3434=VECTOR('',#12202,1.);
#3435=VECTOR('',#12203,1.00000000000064);
#3436=VECTOR('',#12204,1.);
#3437=VECTOR('',#12205,1.00000000000064);
#3438=VECTOR('',#12206,1.00000000000064);
#3439=VECTOR('',#12207,1.);
#3440=VECTOR('',#12208,1.00000000000064);
#3441=VECTOR('',#12209,1.);
#3442=VECTOR('',#12210,1.);
#3443=VECTOR('',#12211,1.);
#3444=VECTOR('',#12212,1.);
#3445=VECTOR('',#12213,1.);
#3446=VECTOR('',#12214,1.);
#3447=VECTOR('',#12215,1.);
#3448=VECTOR('',#12216,1.);
#3449=VECTOR('',#12219,1.);
#3450=VECTOR('',#12222,1.);
#3451=VECTOR('',#12225,1.);
#3452=VECTOR('',#12228,1.);
#3453=VECTOR('',#12231,1.);
#3454=VECTOR('',#12234,1.);
#3455=VECTOR('',#12237,1.);
#3456=VECTOR('',#12240,1.);
#3457=VECTOR('',#12243,1.);
#3458=VECTOR('',#12246,1.);
#3459=VECTOR('',#12251,1.);
#3460=VECTOR('',#12252,1.);
#3461=VECTOR('',#12253,1.);
#3462=VECTOR('',#12256,1.);
#3463=VECTOR('',#12257,1.);
#3464=VECTOR('',#12260,1.);
#3465=VECTOR('',#12261,1.);
#3466=VECTOR('',#12264,1.);
#3467=VECTOR('',#12267,1.);
#3468=VECTOR('',#12268,1.);
#3469=VECTOR('',#12269,1.);
#3470=VECTOR('',#12272,1.);
#3471=VECTOR('',#12273,1.);
#3472=VECTOR('',#12276,1.);
#3473=VECTOR('',#12277,1.);
#3474=VECTOR('',#12280,1.);
#3475=VECTOR('',#12283,1.);
#3476=VECTOR('',#12284,1.);
#3477=VECTOR('',#12285,1.);
#3478=VECTOR('',#12288,1.);
#3479=VECTOR('',#12289,1.);
#3480=VECTOR('',#12292,1.);
#3481=VECTOR('',#12293,1.);
#3482=VECTOR('',#12296,1.);
#3483=VECTOR('',#12299,1.);
#3484=VECTOR('',#12300,1.);
#3485=VECTOR('',#12301,1.);
#3486=VECTOR('',#12304,1.);
#3487=VECTOR('',#12305,1.);
#3488=VECTOR('',#12308,1.);
#3489=VECTOR('',#12309,1.);
#3490=VECTOR('',#12312,1.);
#3491=VECTOR('',#12315,1.00000000000065);
#3492=VECTOR('',#12316,1.);
#3493=VECTOR('',#12317,1.00000000000065);
#3494=VECTOR('',#12320,1.);
#3495=VECTOR('',#12321,1.00000000000065);
#3496=VECTOR('',#12324,1.00000000000065);
#3497=VECTOR('',#12325,1.);
#3498=VECTOR('',#12328,1.);
#3499=VECTOR('',#12331,1.00000000000065);
#3500=VECTOR('',#12332,1.);
#3501=VECTOR('',#12333,1.00000000000065);
#3502=VECTOR('',#12336,1.);
#3503=VECTOR('',#12337,1.00000000000065);
#3504=VECTOR('',#12340,1.00000000000065);
#3505=VECTOR('',#12341,1.);
#3506=VECTOR('',#12344,1.);
#3507=VECTOR('',#12347,1.00000000000065);
#3508=VECTOR('',#12348,1.00000000000065);
#3509=VECTOR('',#12349,1.);
#3510=VECTOR('',#12352,1.00000000000065);
#3511=VECTOR('',#12353,1.);
#3512=VECTOR('',#12356,1.00000000000065);
#3513=VECTOR('',#12357,1.);
#3514=VECTOR('',#12360,1.);
#3515=VECTOR('',#12363,1.00000000000065);
#3516=VECTOR('',#12364,1.00000000000065);
#3517=VECTOR('',#12365,1.);
#3518=VECTOR('',#12368,1.00000000000065);
#3519=VECTOR('',#12369,1.);
#3520=VECTOR('',#12372,1.00000000000065);
#3521=VECTOR('',#12373,1.);
#3522=VECTOR('',#12376,1.);
#3523=VECTOR('',#12393,1.);
#3524=VECTOR('',#12394,1.00000000000064);
#3525=VECTOR('',#12395,1.);
#3526=VECTOR('',#12396,1.00000000000064);
#3527=VECTOR('',#12399,1.);
#3528=VECTOR('',#12400,1.);
#3529=VECTOR('',#12401,1.);
#3530=VECTOR('',#12404,1.);
#3531=VECTOR('',#12405,1.);
#3532=VECTOR('',#12406,1.);
#3533=VECTOR('',#12409,1.00000000000064);
#3534=VECTOR('',#12410,1.);
#3535=VECTOR('',#12411,1.00000000000064);
#3536=VECTOR('',#12412,1.00000000000064);
#3537=VECTOR('',#12413,1.);
#3538=VECTOR('',#12414,1.00000000000064);
#3539=VECTOR('',#12415,1.00000000000064);
#3540=VECTOR('',#12416,1.);
#3541=VECTOR('',#12417,1.00000000000064);
#3542=VECTOR('',#12418,1.00000000000064);
#3543=VECTOR('',#12419,1.);
#3544=VECTOR('',#12420,1.00000000000064);
#3545=VECTOR('',#12421,1.);
#3546=VECTOR('',#12422,1.00000000000064);
#3547=VECTOR('',#12423,1.);
#3548=VECTOR('',#12424,1.00000000000064);
#3549=VECTOR('',#12425,1.00000000000064);
#3550=VECTOR('',#12426,1.);
#3551=VECTOR('',#12427,1.00000000000064);
#3552=VECTOR('',#12428,1.00000000000064);
#3553=VECTOR('',#12429,1.);
#3554=VECTOR('',#12430,1.00000000000064);
#3555=VECTOR('',#12431,1.00000000000064);
#3556=VECTOR('',#12432,1.);
#3557=VECTOR('',#12433,1.);
#3558=VECTOR('',#12434,1.);
#3559=VECTOR('',#12435,1.);
#3560=VECTOR('',#12436,1.);
#3561=VECTOR('',#12437,1.);
#3562=VECTOR('',#12438,1.);
#3563=VECTOR('',#12439,1.);
#3564=VECTOR('',#12440,1.);
#3565=VECTOR('',#12441,1.);
#3566=VECTOR('',#12442,1.);
#3567=VECTOR('',#12443,1.);
#3568=VECTOR('',#12444,1.);
#3569=VECTOR('',#12445,1.);
#3570=VECTOR('',#12446,1.);
#3571=VECTOR('',#12447,1.);
#3572=VECTOR('',#12450,1.00000000000064);
#3573=VECTOR('',#12451,1.00000000000064);
#3574=VECTOR('',#12452,1.);
#3575=VECTOR('',#12453,1.00000000000064);
#3576=VECTOR('',#12454,1.00000000000064);
#3577=VECTOR('',#12455,1.);
#3578=VECTOR('',#12456,1.00000000000064);
#3579=VECTOR('',#12457,1.00000000000064);
#3580=VECTOR('',#12458,1.);
#3581=VECTOR('',#12459,1.00000000000064);
#3582=VECTOR('',#12460,1.);
#3583=VECTOR('',#12461,1.00000000000064);
#3584=VECTOR('',#12462,1.);
#3585=VECTOR('',#12463,1.00000000000064);
#3586=VECTOR('',#12464,1.00000000000064);
#3587=VECTOR('',#12465,1.);
#3588=VECTOR('',#12466,1.00000000000064);
#3589=VECTOR('',#12467,1.00000000000064);
#3590=VECTOR('',#12468,1.);
#3591=VECTOR('',#12469,1.00000000000064);
#3592=VECTOR('',#12470,1.00000000000064);
#3593=VECTOR('',#12471,1.);
#3594=VECTOR('',#12472,1.00000000000064);
#3595=VECTOR('',#12473,1.);
#3596=VECTOR('',#12474,1.);
#3597=VECTOR('',#12475,1.);
#3598=VECTOR('',#12476,1.);
#3599=VECTOR('',#12477,1.);
#3600=VECTOR('',#12478,1.);
#3601=VECTOR('',#12479,1.);
#3602=VECTOR('',#12480,1.);
#3603=VECTOR('',#12481,1.);
#3604=VECTOR('',#12482,1.);
#3605=VECTOR('',#12483,1.);
#3606=VECTOR('',#12484,1.);
#3607=VECTOR('',#12485,1.);
#3608=VECTOR('',#12486,1.);
#3609=VECTOR('',#12487,1.);
#3610=VECTOR('',#12488,1.);
#3611=VECTOR('',#12491,1.);
#3612=VECTOR('',#12494,1.);
#3613=VECTOR('',#12497,1.);
#3614=VECTOR('',#12500,1.);
#3615=VECTOR('',#12503,1.);
#3616=VECTOR('',#12506,1.);
#3617=VECTOR('',#12509,1.);
#3618=VECTOR('',#12512,1.);
#3619=VECTOR('',#12515,1.);
#3620=VECTOR('',#12518,1.);
#3621=VECTOR('',#12521,1.);
#3622=VECTOR('',#12524,1.);
#3623=VECTOR('',#12527,1.);
#3624=VECTOR('',#12530,1.);
#3625=VECTOR('',#12533,1.);
#3626=VECTOR('',#12536,1.);
#3627=VECTOR('',#12539,1.);
#3628=VECTOR('',#12542,1.);
#3629=VECTOR('',#12545,1.);
#3630=VECTOR('',#12548,1.);
#3631=VECTOR('',#12551,1.);
#3632=VECTOR('',#12554,1.);
#3633=VECTOR('',#12559,1.);
#3634=VECTOR('',#12560,1.);
#3635=VECTOR('',#12561,1.);
#3636=VECTOR('',#12564,1.);
#3637=VECTOR('',#12565,1.);
#3638=VECTOR('',#12568,1.);
#3639=VECTOR('',#12569,1.);
#3640=VECTOR('',#12572,1.);
#3641=VECTOR('',#12575,1.);
#3642=VECTOR('',#12576,1.);
#3643=VECTOR('',#12577,1.);
#3644=VECTOR('',#12580,1.);
#3645=VECTOR('',#12581,1.);
#3646=VECTOR('',#12584,1.);
#3647=VECTOR('',#12585,1.);
#3648=VECTOR('',#12588,1.);
#3649=VECTOR('',#12591,1.);
#3650=VECTOR('',#12592,1.);
#3651=VECTOR('',#12593,1.);
#3652=VECTOR('',#12596,1.);
#3653=VECTOR('',#12597,1.);
#3654=VECTOR('',#12600,1.);
#3655=VECTOR('',#12601,1.);
#3656=VECTOR('',#12604,1.);
#3657=VECTOR('',#12607,1.);
#3658=VECTOR('',#12608,1.);
#3659=VECTOR('',#12609,1.);
#3660=VECTOR('',#12612,1.);
#3661=VECTOR('',#12613,1.);
#3662=VECTOR('',#12616,1.);
#3663=VECTOR('',#12617,1.);
#3664=VECTOR('',#12620,1.);
#3665=VECTOR('',#12623,1.);
#3666=VECTOR('',#12624,1.);
#3667=VECTOR('',#12625,1.);
#3668=VECTOR('',#12628,1.);
#3669=VECTOR('',#12629,1.);
#3670=VECTOR('',#12632,1.);
#3671=VECTOR('',#12633,1.);
#3672=VECTOR('',#12636,1.);
#3673=VECTOR('',#12639,1.);
#3674=VECTOR('',#12640,1.);
#3675=VECTOR('',#12641,1.);
#3676=VECTOR('',#12644,1.);
#3677=VECTOR('',#12645,1.);
#3678=VECTOR('',#12648,1.);
#3679=VECTOR('',#12649,1.);
#3680=VECTOR('',#12652,1.);
#3681=VECTOR('',#12655,1.);
#3682=VECTOR('',#12656,1.);
#3683=VECTOR('',#12657,1.);
#3684=VECTOR('',#12660,1.);
#3685=VECTOR('',#12661,1.);
#3686=VECTOR('',#12664,1.);
#3687=VECTOR('',#12665,1.);
#3688=VECTOR('',#12668,1.);
#3689=VECTOR('',#12671,1.);
#3690=VECTOR('',#12672,1.);
#3691=VECTOR('',#12673,1.);
#3692=VECTOR('',#12676,1.);
#3693=VECTOR('',#12677,1.);
#3694=VECTOR('',#12680,1.);
#3695=VECTOR('',#12681,1.);
#3696=VECTOR('',#12684,1.);
#3697=VECTOR('',#12687,1.00000000000065);
#3698=VECTOR('',#12688,1.00000000000065);
#3699=VECTOR('',#12689,1.);
#3700=VECTOR('',#12692,1.00000000000065);
#3701=VECTOR('',#12693,1.);
#3702=VECTOR('',#12696,1.);
#3703=VECTOR('',#12697,1.00000000000065);
#3704=VECTOR('',#12700,1.);
#3705=VECTOR('',#12703,1.00000000000065);
#3706=VECTOR('',#12704,1.);
#3707=VECTOR('',#12705,1.00000000000065);
#3708=VECTOR('',#12708,1.00000000000065);
#3709=VECTOR('',#12709,1.);
#3710=VECTOR('',#12712,1.00000000000065);
#3711=VECTOR('',#12713,1.);
#3712=VECTOR('',#12716,1.);
#3713=VECTOR('',#12719,1.00000000000065);
#3714=VECTOR('',#12720,1.);
#3715=VECTOR('',#12721,1.00000000000065);
#3716=VECTOR('',#12724,1.00000000000065);
#3717=VECTOR('',#12725,1.);
#3718=VECTOR('',#12728,1.00000000000065);
#3719=VECTOR('',#12729,1.);
#3720=VECTOR('',#12732,1.);
#3721=VECTOR('',#12735,1.00000000000065);
#3722=VECTOR('',#12736,1.00000000000065);
#3723=VECTOR('',#12737,1.);
#3724=VECTOR('',#12740,1.00000000000065);
#3725=VECTOR('',#12741,1.);
#3726=VECTOR('',#12744,1.);
#3727=VECTOR('',#12745,1.00000000000065);
#3728=VECTOR('',#12748,1.);
#3729=VECTOR('',#12751,1.00000000000065);
#3730=VECTOR('',#12752,1.);
#3731=VECTOR('',#12753,1.00000000000065);
#3732=VECTOR('',#12756,1.00000000000065);
#3733=VECTOR('',#12757,1.);
#3734=VECTOR('',#12760,1.00000000000065);
#3735=VECTOR('',#12761,1.);
#3736=VECTOR('',#12764,1.);
#3737=VECTOR('',#12767,1.00000000000065);
#3738=VECTOR('',#12768,1.00000000000065);
#3739=VECTOR('',#12769,1.);
#3740=VECTOR('',#12772,1.00000000000065);
#3741=VECTOR('',#12773,1.);
#3742=VECTOR('',#12776,1.00000000000065);
#3743=VECTOR('',#12777,1.);
#3744=VECTOR('',#12780,1.);
#3745=VECTOR('',#12783,1.00000000000065);
#3746=VECTOR('',#12784,1.00000000000065);
#3747=VECTOR('',#12785,1.);
#3748=VECTOR('',#12788,1.00000000000065);
#3749=VECTOR('',#12789,1.);
#3750=VECTOR('',#12792,1.00000000000065);
#3751=VECTOR('',#12793,1.);
#3752=VECTOR('',#12796,1.);
#3753=VECTOR('',#12799,1.00000000000065);
#3754=VECTOR('',#12800,1.);
#3755=VECTOR('',#12801,1.00000000000065);
#3756=VECTOR('',#12804,1.00000000000065);
#3757=VECTOR('',#12805,1.);
#3758=VECTOR('',#12808,1.00000000000065);
#3759=VECTOR('',#12809,1.);
#3760=VECTOR('',#12812,1.);
#3761=VECTOR('',#12837,1.);
#3762=VECTOR('',#12838,1.00000000000064);
#3763=VECTOR('',#12839,1.);
#3764=VECTOR('',#12840,1.00000000000064);
#3765=VECTOR('',#12843,1.);
#3766=VECTOR('',#12844,1.);
#3767=VECTOR('',#12845,1.);
#3768=VECTOR('',#12848,1.);
#3769=VECTOR('',#12849,1.);
#3770=VECTOR('',#12850,1.);
#3771=VECTOR('',#12853,1.00000000000064);
#3772=VECTOR('',#12854,1.);
#3773=VECTOR('',#12855,1.00000000000064);
#3774=VECTOR('',#12856,1.00000000000064);
#3775=VECTOR('',#12857,1.);
#3776=VECTOR('',#12858,1.00000000000064);
#3777=VECTOR('',#12859,1.00000000000064);
#3778=VECTOR('',#12860,1.);
#3779=VECTOR('',#12861,1.00000000000064);
#3780=VECTOR('',#12862,1.00000000000064);
#3781=VECTOR('',#12863,1.);
#3782=VECTOR('',#12864,1.00000000000064);
#3783=VECTOR('',#12865,1.00000000000064);
#3784=VECTOR('',#12866,1.);
#3785=VECTOR('',#12867,1.00000000000064);
#3786=VECTOR('',#12868,1.00000000000064);
#3787=VECTOR('',#12869,1.);
#3788=VECTOR('',#12870,1.00000000000064);
#3789=VECTOR('',#12871,1.00000000000064);
#3790=VECTOR('',#12872,1.);
#3791=VECTOR('',#12873,1.00000000000064);
#3792=VECTOR('',#12874,1.00000000000064);
#3793=VECTOR('',#12875,1.);
#3794=VECTOR('',#12876,1.00000000000064);
#3795=VECTOR('',#12877,1.00000000000064);
#3796=VECTOR('',#12878,1.);
#3797=VECTOR('',#12879,1.00000000000064);
#3798=VECTOR('',#12880,1.00000000000064);
#3799=VECTOR('',#12881,1.);
#3800=VECTOR('',#12882,1.00000000000064);
#3801=VECTOR('',#12883,1.);
#3802=VECTOR('',#12884,1.00000000000064);
#3803=VECTOR('',#12885,1.);
#3804=VECTOR('',#12886,1.00000000000064);
#3805=VECTOR('',#12887,1.00000000000064);
#3806=VECTOR('',#12888,1.);
#3807=VECTOR('',#12889,1.00000000000064);
#3808=VECTOR('',#12890,1.00000000000064);
#3809=VECTOR('',#12891,1.);
#3810=VECTOR('',#12892,1.00000000000064);
#3811=VECTOR('',#12893,1.00000000000064);
#3812=VECTOR('',#12894,1.);
#3813=VECTOR('',#12895,1.00000000000064);
#3814=VECTOR('',#12896,1.00000000000064);
#3815=VECTOR('',#12897,1.);
#3816=VECTOR('',#12898,1.00000000000064);
#3817=VECTOR('',#12899,1.00000000000064);
#3818=VECTOR('',#12900,1.);
#3819=VECTOR('',#12901,1.00000000000064);
#3820=VECTOR('',#12902,1.00000000000064);
#3821=VECTOR('',#12903,1.);
#3822=VECTOR('',#12904,1.00000000000064);
#3823=VECTOR('',#12905,1.00000000000064);
#3824=VECTOR('',#12906,1.);
#3825=VECTOR('',#12907,1.00000000000064);
#3826=VECTOR('',#12908,1.00000000000064);
#3827=VECTOR('',#12909,1.);
#3828=VECTOR('',#12910,1.00000000000064);
#3829=VECTOR('',#12911,1.00000000000064);
#3830=VECTOR('',#12912,1.);
#3831=VECTOR('',#12913,1.);
#3832=VECTOR('',#12914,1.);
#3833=VECTOR('',#12915,1.);
#3834=VECTOR('',#12916,1.);
#3835=VECTOR('',#12917,1.);
#3836=VECTOR('',#12918,1.);
#3837=VECTOR('',#12919,1.);
#3838=VECTOR('',#12920,1.);
#3839=VECTOR('',#12921,1.);
#3840=VECTOR('',#12922,1.);
#3841=VECTOR('',#12923,1.);
#3842=VECTOR('',#12924,1.);
#3843=VECTOR('',#12925,1.);
#3844=VECTOR('',#12926,1.);
#3845=VECTOR('',#12927,1.);
#3846=VECTOR('',#12928,1.);
#3847=VECTOR('',#12929,1.);
#3848=VECTOR('',#12930,1.);
#3849=VECTOR('',#12931,1.);
#3850=VECTOR('',#12932,1.);
#3851=VECTOR('',#12933,1.);
#3852=VECTOR('',#12934,1.);
#3853=VECTOR('',#12935,1.);
#3854=VECTOR('',#12936,1.);
#3855=VECTOR('',#12937,1.);
#3856=VECTOR('',#12938,1.);
#3857=VECTOR('',#12939,1.);
#3858=VECTOR('',#12940,1.);
#3859=VECTOR('',#12941,1.);
#3860=VECTOR('',#12942,1.);
#3861=VECTOR('',#12943,1.);
#3862=VECTOR('',#12944,1.);
#3863=VECTOR('',#12945,1.);
#3864=VECTOR('',#12946,1.);
#3865=VECTOR('',#12947,1.);
#3866=VECTOR('',#12948,1.);
#3867=VECTOR('',#12949,1.);
#3868=VECTOR('',#12950,1.);
#3869=VECTOR('',#12951,1.);
#3870=VECTOR('',#12954,1.00000000000064);
#3871=VECTOR('',#12955,1.00000000000064);
#3872=VECTOR('',#12956,1.);
#3873=VECTOR('',#12957,1.00000000000064);
#3874=VECTOR('',#12958,1.00000000000064);
#3875=VECTOR('',#12959,1.);
#3876=VECTOR('',#12960,1.00000000000064);
#3877=VECTOR('',#12961,1.00000000000064);
#3878=VECTOR('',#12962,1.);
#3879=VECTOR('',#12963,1.00000000000064);
#3880=VECTOR('',#12964,1.00000000000064);
#3881=VECTOR('',#12965,1.);
#3882=VECTOR('',#12966,1.00000000000064);
#3883=VECTOR('',#12967,1.00000000000064);
#3884=VECTOR('',#12968,1.);
#3885=VECTOR('',#12969,1.00000000000064);
#3886=VECTOR('',#12970,1.00000000000064);
#3887=VECTOR('',#12971,1.);
#3888=VECTOR('',#12972,1.00000000000064);
#3889=VECTOR('',#12973,1.00000000000064);
#3890=VECTOR('',#12974,1.);
#3891=VECTOR('',#12975,1.00000000000064);
#3892=VECTOR('',#12976,1.00000000000064);
#3893=VECTOR('',#12977,1.);
#3894=VECTOR('',#12978,1.00000000000064);
#3895=VECTOR('',#12979,1.00000000000064);
#3896=VECTOR('',#12980,1.);
#3897=VECTOR('',#12981,1.00000000000064);
#3898=VECTOR('',#12982,1.);
#3899=VECTOR('',#12983,1.00000000000064);
#3900=VECTOR('',#12984,1.);
#3901=VECTOR('',#12985,1.00000000000064);
#3902=VECTOR('',#12986,1.00000000000064);
#3903=VECTOR('',#12987,1.);
#3904=VECTOR('',#12988,1.00000000000064);
#3905=VECTOR('',#12989,1.00000000000064);
#3906=VECTOR('',#12990,1.);
#3907=VECTOR('',#12991,1.00000000000064);
#3908=VECTOR('',#12992,1.00000000000064);
#3909=VECTOR('',#12993,1.);
#3910=VECTOR('',#12994,1.00000000000064);
#3911=VECTOR('',#12995,1.00000000000064);
#3912=VECTOR('',#12996,1.);
#3913=VECTOR('',#12997,1.00000000000064);
#3914=VECTOR('',#12998,1.00000000000064);
#3915=VECTOR('',#12999,1.);
#3916=VECTOR('',#13000,1.00000000000064);
#3917=VECTOR('',#13001,1.00000000000064);
#3918=VECTOR('',#13002,1.);
#3919=VECTOR('',#13003,1.00000000000064);
#3920=VECTOR('',#13004,1.00000000000064);
#3921=VECTOR('',#13005,1.);
#3922=VECTOR('',#13006,1.00000000000064);
#3923=VECTOR('',#13007,1.00000000000064);
#3924=VECTOR('',#13008,1.);
#3925=VECTOR('',#13009,1.00000000000064);
#3926=VECTOR('',#13010,1.00000000000064);
#3927=VECTOR('',#13011,1.);
#3928=VECTOR('',#13012,1.00000000000064);
#3929=VECTOR('',#13013,1.);
#3930=VECTOR('',#13014,1.);
#3931=VECTOR('',#13015,1.);
#3932=VECTOR('',#13016,1.);
#3933=VECTOR('',#13017,1.);
#3934=VECTOR('',#13018,1.);
#3935=VECTOR('',#13019,1.);
#3936=VECTOR('',#13020,1.);
#3937=VECTOR('',#13021,1.);
#3938=VECTOR('',#13022,1.);
#3939=VECTOR('',#13023,1.);
#3940=VECTOR('',#13024,1.);
#3941=VECTOR('',#13025,1.);
#3942=VECTOR('',#13026,1.);
#3943=VECTOR('',#13027,1.);
#3944=VECTOR('',#13028,1.);
#3945=VECTOR('',#13029,1.);
#3946=VECTOR('',#13030,1.);
#3947=VECTOR('',#13031,1.);
#3948=VECTOR('',#13032,1.);
#3949=VECTOR('',#13033,1.);
#3950=VECTOR('',#13034,1.);
#3951=VECTOR('',#13035,1.);
#3952=VECTOR('',#13036,1.);
#3953=VECTOR('',#13037,1.);
#3954=VECTOR('',#13038,1.);
#3955=VECTOR('',#13039,1.);
#3956=VECTOR('',#13040,1.);
#3957=VECTOR('',#13041,1.);
#3958=VECTOR('',#13042,1.);
#3959=VECTOR('',#13043,1.);
#3960=VECTOR('',#13044,1.);
#3961=VECTOR('',#13045,1.);
#3962=VECTOR('',#13046,1.);
#3963=VECTOR('',#13047,1.);
#3964=VECTOR('',#13048,1.);
#3965=VECTOR('',#13049,1.);
#3966=VECTOR('',#13050,1.);
#3967=VECTOR('',#13051,1.);
#3968=VECTOR('',#13052,1.);
#3969=VECTOR('',#13055,1.);
#3970=VECTOR('',#13058,1.);
#3971=VECTOR('',#13061,1.);
#3972=VECTOR('',#13064,1.);
#3973=VECTOR('',#13067,1.);
#3974=VECTOR('',#13070,1.);
#3975=VECTOR('',#13073,1.);
#3976=VECTOR('',#13076,1.);
#3977=VECTOR('',#13079,1.);
#3978=VECTOR('',#13082,1.);
#3979=VECTOR('',#13085,1.);
#3980=VECTOR('',#13088,1.);
#3981=VECTOR('',#13091,1.);
#3982=VECTOR('',#13094,1.);
#3983=VECTOR('',#13097,1.);
#3984=VECTOR('',#13100,1.);
#3985=VECTOR('',#13103,1.);
#3986=VECTOR('',#13106,1.);
#3987=VECTOR('',#13109,1.);
#3988=VECTOR('',#13112,1.);
#3989=VECTOR('',#13115,1.);
#3990=VECTOR('',#13118,1.);
#3991=VECTOR('',#13121,1.);
#3992=VECTOR('',#13124,1.);
#3993=VECTOR('',#13127,1.);
#3994=VECTOR('',#13130,1.);
#3995=VECTOR('',#13133,1.);
#3996=VECTOR('',#13136,1.);
#3997=VECTOR('',#13139,1.);
#3998=VECTOR('',#13142,1.);
#3999=VECTOR('',#13145,1.);
#4000=VECTOR('',#13148,1.);
#4001=VECTOR('',#13151,1.);
#4002=VECTOR('',#13154,1.);
#4003=VECTOR('',#13157,1.);
#4004=VECTOR('',#13160,1.);
#4005=VECTOR('',#13163,1.);
#4006=VECTOR('',#13166,1.);
#4007=VECTOR('',#13169,1.);
#4008=VECTOR('',#13172,1.);
#4009=VECTOR('',#13175,1.);
#4010=VECTOR('',#13178,1.);
#4011=VECTOR('',#13181,1.);
#4012=VECTOR('',#13184,1.);
#4013=VECTOR('',#13187,1.);
#4014=VECTOR('',#13190,1.);
#4015=VECTOR('',#13193,1.);
#4016=VECTOR('',#13196,1.);
#4017=VECTOR('',#13199,1.);
#4018=VECTOR('',#13202,1.);
#4019=VECTOR('',#13205,1.);
#4020=VECTOR('',#13208,1.);
#4021=VECTOR('',#13211,1.);
#4022=VECTOR('',#13214,1.);
#4023=VECTOR('',#13217,1.);
#4024=VECTOR('',#13220,1.);
#4025=VECTOR('',#13223,1.);
#4026=VECTOR('',#13226,1.);
#4027=VECTOR('',#13231,1.);
#4028=VECTOR('',#13232,1.);
#4029=VECTOR('',#13233,1.);
#4030=VECTOR('',#13236,1.);
#4031=VECTOR('',#13237,1.);
#4032=VECTOR('',#13240,1.);
#4033=VECTOR('',#13241,1.);
#4034=VECTOR('',#13244,1.);
#4035=VECTOR('',#13247,1.);
#4036=VECTOR('',#13248,1.);
#4037=VECTOR('',#13249,1.);
#4038=VECTOR('',#13252,1.);
#4039=VECTOR('',#13253,1.);
#4040=VECTOR('',#13256,1.);
#4041=VECTOR('',#13257,1.);
#4042=VECTOR('',#13260,1.);
#4043=VECTOR('',#13263,1.);
#4044=VECTOR('',#13264,1.);
#4045=VECTOR('',#13265,1.);
#4046=VECTOR('',#13268,1.);
#4047=VECTOR('',#13269,1.);
#4048=VECTOR('',#13272,1.);
#4049=VECTOR('',#13273,1.);
#4050=VECTOR('',#13276,1.);
#4051=VECTOR('',#13279,1.);
#4052=VECTOR('',#13280,1.);
#4053=VECTOR('',#13281,1.);
#4054=VECTOR('',#13284,1.);
#4055=VECTOR('',#13285,1.);
#4056=VECTOR('',#13288,1.);
#4057=VECTOR('',#13289,1.);
#4058=VECTOR('',#13292,1.);
#4059=VECTOR('',#13295,1.);
#4060=VECTOR('',#13296,1.);
#4061=VECTOR('',#13297,1.);
#4062=VECTOR('',#13300,1.);
#4063=VECTOR('',#13301,1.);
#4064=VECTOR('',#13304,1.);
#4065=VECTOR('',#13305,1.);
#4066=VECTOR('',#13308,1.);
#4067=VECTOR('',#13311,1.);
#4068=VECTOR('',#13312,1.);
#4069=VECTOR('',#13313,1.);
#4070=VECTOR('',#13316,1.);
#4071=VECTOR('',#13317,1.);
#4072=VECTOR('',#13320,1.);
#4073=VECTOR('',#13321,1.);
#4074=VECTOR('',#13324,1.);
#4075=VECTOR('',#13327,1.);
#4076=VECTOR('',#13328,1.);
#4077=VECTOR('',#13329,1.);
#4078=VECTOR('',#13332,1.);
#4079=VECTOR('',#13333,1.);
#4080=VECTOR('',#13336,1.);
#4081=VECTOR('',#13337,1.);
#4082=VECTOR('',#13340,1.);
#4083=VECTOR('',#13343,1.);
#4084=VECTOR('',#13344,1.);
#4085=VECTOR('',#13345,1.);
#4086=VECTOR('',#13348,1.);
#4087=VECTOR('',#13349,1.);
#4088=VECTOR('',#13352,1.);
#4089=VECTOR('',#13353,1.);
#4090=VECTOR('',#13356,1.);
#4091=VECTOR('',#13359,1.);
#4092=VECTOR('',#13360,1.);
#4093=VECTOR('',#13361,1.);
#4094=VECTOR('',#13364,1.);
#4095=VECTOR('',#13365,1.);
#4096=VECTOR('',#13368,1.);
#4097=VECTOR('',#13369,1.);
#4098=VECTOR('',#13372,1.);
#4099=VECTOR('',#13375,1.);
#4100=VECTOR('',#13376,1.);
#4101=VECTOR('',#13377,1.);
#4102=VECTOR('',#13380,1.);
#4103=VECTOR('',#13381,1.);
#4104=VECTOR('',#13384,1.);
#4105=VECTOR('',#13385,1.);
#4106=VECTOR('',#13388,1.);
#4107=VECTOR('',#13391,1.);
#4108=VECTOR('',#13392,1.);
#4109=VECTOR('',#13393,1.);
#4110=VECTOR('',#13396,1.);
#4111=VECTOR('',#13397,1.);
#4112=VECTOR('',#13400,1.);
#4113=VECTOR('',#13401,1.);
#4114=VECTOR('',#13404,1.);
#4115=VECTOR('',#13407,1.);
#4116=VECTOR('',#13408,1.);
#4117=VECTOR('',#13409,1.);
#4118=VECTOR('',#13412,1.);
#4119=VECTOR('',#13413,1.);
#4120=VECTOR('',#13416,1.);
#4121=VECTOR('',#13417,1.);
#4122=VECTOR('',#13420,1.);
#4123=VECTOR('',#13423,1.);
#4124=VECTOR('',#13424,1.);
#4125=VECTOR('',#13425,1.);
#4126=VECTOR('',#13428,1.);
#4127=VECTOR('',#13429,1.);
#4128=VECTOR('',#13432,1.);
#4129=VECTOR('',#13433,1.);
#4130=VECTOR('',#13436,1.);
#4131=VECTOR('',#13439,1.);
#4132=VECTOR('',#13440,1.);
#4133=VECTOR('',#13441,1.);
#4134=VECTOR('',#13444,1.);
#4135=VECTOR('',#13445,1.);
#4136=VECTOR('',#13448,1.);
#4137=VECTOR('',#13449,1.);
#4138=VECTOR('',#13452,1.);
#4139=VECTOR('',#13455,1.);
#4140=VECTOR('',#13456,1.);
#4141=VECTOR('',#13457,1.);
#4142=VECTOR('',#13460,1.);
#4143=VECTOR('',#13461,1.);
#4144=VECTOR('',#13464,1.);
#4145=VECTOR('',#13465,1.);
#4146=VECTOR('',#13468,1.);
#4147=VECTOR('',#13471,1.);
#4148=VECTOR('',#13472,1.);
#4149=VECTOR('',#13473,1.);
#4150=VECTOR('',#13476,1.);
#4151=VECTOR('',#13477,1.);
#4152=VECTOR('',#13480,1.);
#4153=VECTOR('',#13481,1.);
#4154=VECTOR('',#13484,1.);
#4155=VECTOR('',#13487,1.);
#4156=VECTOR('',#13488,1.);
#4157=VECTOR('',#13489,1.);
#4158=VECTOR('',#13492,1.);
#4159=VECTOR('',#13493,1.);
#4160=VECTOR('',#13496,1.);
#4161=VECTOR('',#13497,1.);
#4162=VECTOR('',#13500,1.);
#4163=VECTOR('',#13503,1.);
#4164=VECTOR('',#13504,1.);
#4165=VECTOR('',#13505,1.);
#4166=VECTOR('',#13508,1.);
#4167=VECTOR('',#13509,1.);
#4168=VECTOR('',#13512,1.);
#4169=VECTOR('',#13513,1.);
#4170=VECTOR('',#13516,1.);
#4171=VECTOR('',#13519,1.);
#4172=VECTOR('',#13520,1.);
#4173=VECTOR('',#13521,1.);
#4174=VECTOR('',#13524,1.);
#4175=VECTOR('',#13525,1.);
#4176=VECTOR('',#13528,1.);
#4177=VECTOR('',#13529,1.);
#4178=VECTOR('',#13532,1.);
#4179=VECTOR('',#13535,1.);
#4180=VECTOR('',#13536,1.);
#4181=VECTOR('',#13537,1.);
#4182=VECTOR('',#13540,1.);
#4183=VECTOR('',#13541,1.);
#4184=VECTOR('',#13544,1.);
#4185=VECTOR('',#13545,1.);
#4186=VECTOR('',#13548,1.);
#4187=VECTOR('',#13551,1.00000000000065);
#4188=VECTOR('',#13552,1.);
#4189=VECTOR('',#13553,1.00000000000065);
#4190=VECTOR('',#13556,1.00000000000065);
#4191=VECTOR('',#13557,1.);
#4192=VECTOR('',#13560,1.00000000000065);
#4193=VECTOR('',#13561,1.);
#4194=VECTOR('',#13564,1.);
#4195=VECTOR('',#13567,1.00000000000065);
#4196=VECTOR('',#13568,1.);
#4197=VECTOR('',#13569,1.00000000000065);
#4198=VECTOR('',#13572,1.00000000000065);
#4199=VECTOR('',#13573,1.);
#4200=VECTOR('',#13576,1.00000000000065);
#4201=VECTOR('',#13577,1.);
#4202=VECTOR('',#13580,1.);
#4203=VECTOR('',#13583,1.00000000000065);
#4204=VECTOR('',#13584,1.);
#4205=VECTOR('',#13585,1.00000000000065);
#4206=VECTOR('',#13588,1.00000000000065);
#4207=VECTOR('',#13589,1.);
#4208=VECTOR('',#13592,1.00000000000065);
#4209=VECTOR('',#13593,1.);
#4210=VECTOR('',#13596,1.);
#4211=VECTOR('',#13599,1.00000000000065);
#4212=VECTOR('',#13600,1.);
#4213=VECTOR('',#13601,1.00000000000065);
#4214=VECTOR('',#13604,1.);
#4215=VECTOR('',#13605,1.00000000000065);
#4216=VECTOR('',#13608,1.00000000000065);
#4217=VECTOR('',#13609,1.);
#4218=VECTOR('',#13612,1.);
#4219=VECTOR('',#13615,1.00000000000065);
#4220=VECTOR('',#13616,1.);
#4221=VECTOR('',#13617,1.00000000000065);
#4222=VECTOR('',#13620,1.00000000000065);
#4223=VECTOR('',#13621,1.);
#4224=VECTOR('',#13624,1.00000000000065);
#4225=VECTOR('',#13625,1.);
#4226=VECTOR('',#13628,1.);
#4227=VECTOR('',#13631,1.00000000000065);
#4228=VECTOR('',#13632,1.);
#4229=VECTOR('',#13633,1.00000000000065);
#4230=VECTOR('',#13636,1.00000000000065);
#4231=VECTOR('',#13637,1.);
#4232=VECTOR('',#13640,1.00000000000065);
#4233=VECTOR('',#13641,1.);
#4234=VECTOR('',#13644,1.);
#4235=VECTOR('',#13647,1.00000000000065);
#4236=VECTOR('',#13648,1.);
#4237=VECTOR('',#13649,1.00000000000065);
#4238=VECTOR('',#13652,1.);
#4239=VECTOR('',#13653,1.00000000000065);
#4240=VECTOR('',#13656,1.00000000000065);
#4241=VECTOR('',#13657,1.);
#4242=VECTOR('',#13660,1.);
#4243=VECTOR('',#13663,1.00000000000065);
#4244=VECTOR('',#13664,1.);
#4245=VECTOR('',#13665,1.00000000000065);
#4246=VECTOR('',#13668,1.);
#4247=VECTOR('',#13669,1.00000000000065);
#4248=VECTOR('',#13672,1.00000000000065);
#4249=VECTOR('',#13673,1.);
#4250=VECTOR('',#13676,1.);
#4251=VECTOR('',#13679,1.00000000000065);
#4252=VECTOR('',#13680,1.);
#4253=VECTOR('',#13681,1.00000000000065);
#4254=VECTOR('',#13684,1.00000000000065);
#4255=VECTOR('',#13685,1.);
#4256=VECTOR('',#13688,1.00000000000065);
#4257=VECTOR('',#13689,1.);
#4258=VECTOR('',#13692,1.);
#4259=VECTOR('',#13695,1.00000000000065);
#4260=VECTOR('',#13696,1.);
#4261=VECTOR('',#13697,1.00000000000065);
#4262=VECTOR('',#13700,1.00000000000065);
#4263=VECTOR('',#13701,1.);
#4264=VECTOR('',#13704,1.00000000000065);
#4265=VECTOR('',#13705,1.);
#4266=VECTOR('',#13708,1.);
#4267=VECTOR('',#13711,1.00000000000065);
#4268=VECTOR('',#13712,1.00000000000065);
#4269=VECTOR('',#13713,1.);
#4270=VECTOR('',#13716,1.00000000000065);
#4271=VECTOR('',#13717,1.);
#4272=VECTOR('',#13720,1.00000000000065);
#4273=VECTOR('',#13721,1.);
#4274=VECTOR('',#13724,1.);
#4275=VECTOR('',#13727,1.00000000000065);
#4276=VECTOR('',#13728,1.00000000000065);
#4277=VECTOR('',#13729,1.);
#4278=VECTOR('',#13732,1.00000000000065);
#4279=VECTOR('',#13733,1.);
#4280=VECTOR('',#13736,1.00000000000065);
#4281=VECTOR('',#13737,1.);
#4282=VECTOR('',#13740,1.);
#4283=VECTOR('',#13743,1.00000000000065);
#4284=VECTOR('',#13744,1.00000000000065);
#4285=VECTOR('',#13745,1.);
#4286=VECTOR('',#13748,1.00000000000065);
#4287=VECTOR('',#13749,1.);
#4288=VECTOR('',#13752,1.00000000000065);
#4289=VECTOR('',#13753,1.);
#4290=VECTOR('',#13756,1.);
#4291=VECTOR('',#13759,1.00000000000065);
#4292=VECTOR('',#13760,1.00000000000065);
#4293=VECTOR('',#13761,1.);
#4294=VECTOR('',#13764,1.00000000000065);
#4295=VECTOR('',#13765,1.);
#4296=VECTOR('',#13768,1.00000000000065);
#4297=VECTOR('',#13769,1.);
#4298=VECTOR('',#13772,1.);
#4299=VECTOR('',#13775,1.00000000000065);
#4300=VECTOR('',#13776,1.00000000000065);
#4301=VECTOR('',#13777,1.);
#4302=VECTOR('',#13780,1.00000000000065);
#4303=VECTOR('',#13781,1.);
#4304=VECTOR('',#13784,1.00000000000065);
#4305=VECTOR('',#13785,1.);
#4306=VECTOR('',#13788,1.);
#4307=VECTOR('',#13791,1.00000000000065);
#4308=VECTOR('',#13792,1.00000000000065);
#4309=VECTOR('',#13793,1.);
#4310=VECTOR('',#13796,1.00000000000065);
#4311=VECTOR('',#13797,1.);
#4312=VECTOR('',#13800,1.00000000000065);
#4313=VECTOR('',#13801,1.);
#4314=VECTOR('',#13804,1.);
#4315=VECTOR('',#13807,1.00000000000065);
#4316=VECTOR('',#13808,1.00000000000065);
#4317=VECTOR('',#13809,1.);
#4318=VECTOR('',#13812,1.00000000000065);
#4319=VECTOR('',#13813,1.);
#4320=VECTOR('',#13816,1.00000000000065);
#4321=VECTOR('',#13817,1.);
#4322=VECTOR('',#13820,1.);
#4323=VECTOR('',#13823,1.00000000000065);
#4324=VECTOR('',#13824,1.00000000000065);
#4325=VECTOR('',#13825,1.);
#4326=VECTOR('',#13828,1.00000000000065);
#4327=VECTOR('',#13829,1.);
#4328=VECTOR('',#13832,1.00000000000065);
#4329=VECTOR('',#13833,1.);
#4330=VECTOR('',#13836,1.);
#4331=VECTOR('',#13839,1.00000000000065);
#4332=VECTOR('',#13840,1.00000000000065);
#4333=VECTOR('',#13841,1.);
#4334=VECTOR('',#13844,1.00000000000065);
#4335=VECTOR('',#13845,1.);
#4336=VECTOR('',#13848,1.00000000000065);
#4337=VECTOR('',#13849,1.);
#4338=VECTOR('',#13852,1.);
#4339=VECTOR('',#13855,1.00000000000065);
#4340=VECTOR('',#13856,1.00000000000065);
#4341=VECTOR('',#13857,1.);
#4342=VECTOR('',#13860,1.00000000000065);
#4343=VECTOR('',#13861,1.);
#4344=VECTOR('',#13864,1.00000000000065);
#4345=VECTOR('',#13865,1.);
#4346=VECTOR('',#13868,1.);
#4347=VECTOR('',#13927,0.25);
#4348=VECTOR('',#13932,1.);
#4349=VECTOR('',#13935,1.);
#4350=VECTOR('',#13938,1.);
#4351=VECTOR('',#13941,1.);
#4352=VECTOR('',#13950,1.);
#4353=VECTOR('',#13951,1.);
#4354=VECTOR('',#13952,1.);
#4355=VECTOR('',#13955,1.);
#4356=VECTOR('',#13960,1.);
#4357=VECTOR('',#13965,1.);
#4358=VECTOR('',#13966,1.);
#4359=VECTOR('',#13969,1.);
#4360=VECTOR('',#13970,1.);
#4361=VECTOR('',#13975,1.);
#4362=VECTOR('',#13980,1.);
#4363=VECTOR('',#13983,1.);
#4364=VECTOR('',#13986,0.25);
#4365=VECTOR('',#13991,0.25);
#4366=VECTOR('',#13998,1.);
#4367=VECTOR('',#14013,1.);
#4368=VECTOR('',#14016,1.);
#4369=VECTOR('',#14029,1.);
#4370=VECTOR('',#14054,1.);
#4371=VECTOR('',#14055,1.00000000000064);
#4372=VECTOR('',#14056,1.);
#4373=VECTOR('',#14057,1.00000000000064);
#4374=VECTOR('',#14060,1.);
#4375=VECTOR('',#14061,1.00000000000019);
#4376=VECTOR('',#14062,1.00000000000019);
#4377=VECTOR('',#14065,0.999999999999588);
#4378=VECTOR('',#14066,1.);
#4379=VECTOR('',#14067,0.999999999999588);
#4380=VECTOR('',#14070,0.999999999999461);
#4381=VECTOR('',#14071,1.00000000000057);
#4382=VECTOR('',#14072,0.999999999999999);
#4383=VECTOR('',#14073,1.);
#4384=VECTOR('',#14074,0.999999999999912);
#4385=VECTOR('',#14075,0.999999999999977);
#4386=VECTOR('',#14076,0.999999999999891);
#4387=VECTOR('',#14077,1.00000000000008);
#4388=VECTOR('',#14078,1.00000000000064);
#4389=VECTOR('',#14079,1.00000000000016);
#4390=VECTOR('',#14080,1.);
#4391=VECTOR('',#14349,1.);
#4392=VECTOR('',#14350,1.00000000000016);
#4393=VECTOR('',#14351,1.00000000000064);
#4394=VECTOR('',#14352,1.00000000000008);
#4395=VECTOR('',#14353,0.999999999999891);
#4396=VECTOR('',#14354,0.999999999999977);
#4397=VECTOR('',#14355,0.999999999999912);
#4398=VECTOR('',#14356,1.);
#4399=VECTOR('',#14357,0.999999999999999);
#4400=VECTOR('',#14358,1.00000000000057);
#4401=VECTOR('',#14359,0.999999999999461);
#4402=VECTOR('',#14628,1.);
#4403=VECTOR('',#14631,1.);
#4404=VECTOR('',#14634,1.);
#4405=VECTOR('',#14637,1.);
#4406=VECTOR('',#14640,1.);
#4407=VECTOR('',#14643,1.);
#4408=VECTOR('',#14646,1.);
#4409=VECTOR('',#14649,1.);
#4410=VECTOR('',#14652,1.);
#4411=VECTOR('',#14655,1.);
#4412=VECTOR('',#14660,1.05);
#4413=VECTOR('',#14663,0.5);
#4414=VECTOR('',#14666,0.5);
#4415=VECTOR('',#14669,0.5);
#4416=VECTOR('',#14672,0.5);
#4417=VECTOR('',#14675,0.5);
#4418=VECTOR('',#14678,1.05);
#4419=VECTOR('',#14681,0.5);
#4420=VECTOR('',#14684,0.66);
#4421=VECTOR('',#14687,0.66);
#4422=VECTOR('',#14690,0.66);
#4423=VECTOR('',#14693,0.66);
#4424=VECTOR('',#14696,0.66);
#4425=VECTOR('',#14699,0.66);
#4426=VECTOR('',#14702,0.66);
#4427=VECTOR('',#14705,0.66);
#4428=VECTOR('',#14708,0.5);
#4429=VECTOR('',#14711,0.5);
#4430=VECTOR('',#14714,1.5);
#4431=VECTOR('',#14717,0.66);
#4432=VECTOR('',#14720,0.66);
#4433=VECTOR('',#14723,0.66);
#4434=VECTOR('',#14726,0.66);
#4435=VECTOR('',#14729,0.66);
#4436=VECTOR('',#14732,0.66);
#4437=VECTOR('',#14735,0.66);
#4438=VECTOR('',#14738,0.66);
#4439=VECTOR('',#14741,1.05);
#4440=VECTOR('',#14744,0.51);
#4441=VECTOR('',#14747,0.51);
#4442=VECTOR('',#14750,0.51);
#4443=VECTOR('',#14753,0.51);
#4444=VECTOR('',#14756,0.51);
#4445=VECTOR('',#14759,0.51);
#4446=VECTOR('',#14762,0.51);
#4447=VECTOR('',#14765,0.51);
#4448=VECTOR('',#14768,0.51);
#4449=VECTOR('',#14771,0.51);
#4450=VECTOR('',#14774,0.51);
#4451=VECTOR('',#14777,1.5);
#4452=VECTOR('',#14780,0.66);
#4453=VECTOR('',#14783,0.66);
#4454=VECTOR('',#14786,0.66);
#4455=VECTOR('',#14789,0.66);
#4456=VECTOR('',#14792,0.66);
#4457=VECTOR('',#14795,0.66);
#4458=VECTOR('',#14798,1.05);
#4459=VECTOR('',#14801,0.5);
#4460=VECTOR('',#14804,0.5);
#4461=VECTOR('',#14807,0.5);
#4462=VECTOR('',#14810,0.66);
#4463=VECTOR('',#14813,0.66);
#4464=VECTOR('',#14816,0.5);
#4465=VECTOR('',#14819,0.5);
#4466=VECTOR('',#14822,0.5);
#4467=VECTOR('',#14825,1.05);
#4468=VECTOR('',#14828,0.51);
#4469=VECTOR('',#14831,0.51);
#4470=VECTOR('',#14834,0.51);
#4471=VECTOR('',#14837,0.51);
#4472=VECTOR('',#14840,0.51);
#4473=VECTOR('',#14843,0.5);
#4474=VECTOR('',#14846,0.66);
#4475=VECTOR('',#14849,0.66);
#4476=VECTOR('',#14852,0.51);
#4477=VECTOR('',#14855,0.51);
#4478=VECTOR('',#14858,0.51);
#4479=VECTOR('',#14861,0.51);
#4480=VECTOR('',#14864,0.51);
#4481=VECTOR('',#14867,0.51);
#4482=VECTOR('',#14870,0.5);
#4483=VECTOR('',#14873,0.5);
#4484=VECTOR('',#14876,0.5);
#4485=VECTOR('',#14879,0.5);
#4486=VECTOR('',#14882,1.05);
#4487=VECTOR('',#14885,0.5);
#4488=VECTOR('',#14888,0.5);
#4489=VECTOR('',#14891,0.5);
#4490=VECTOR('',#14894,0.5);
#4491=VECTOR('',#14897,0.5);
#4492=VECTOR('',#14900,0.5);
#4493=VECTOR('',#14903,0.66);
#4494=VECTOR('',#14906,0.66);
#4495=VECTOR('',#14909,0.66);
#4496=VECTOR('',#14912,0.66);
#4497=VECTOR('',#14915,0.66);
#4498=VECTOR('',#14918,0.66);
#4499=VECTOR('',#14921,0.5);
#4500=VECTOR('',#14924,0.95);
#4501=VECTOR('',#14927,0.51);
#4502=VECTOR('',#14930,0.51);
#4503=VECTOR('',#14933,0.51);
#4504=VECTOR('',#14936,0.51);
#4505=VECTOR('',#14939,1.5);
#4506=VECTOR('',#14942,0.95);
#4507=VECTOR('',#14945,0.5);
#4508=VECTOR('',#14948,1.05);
#4509=VECTOR('',#14951,0.66);
#4510=VECTOR('',#14954,0.66);
#4511=VECTOR('',#14957,0.66);
#4512=VECTOR('',#14960,0.66);
#4513=VECTOR('',#14963,0.66);
#4514=VECTOR('',#14966,0.66);
#4515=VECTOR('',#14969,0.66);
#4516=VECTOR('',#14972,0.66);
#4517=VECTOR('',#14975,0.5);
#4518=VECTOR('',#14978,1.05);
#4519=VECTOR('',#14981,0.5);
#4520=VECTOR('',#14984,0.5);
#4521=VECTOR('',#14987,0.51);
#4522=VECTOR('',#14990,0.51);
#4523=VECTOR('',#14993,0.51);
#4524=VECTOR('',#14996,0.51);
#4525=VECTOR('',#14999,1.5);
#4526=VECTOR('',#15002,0.5);
#4527=VECTOR('',#15005,0.5);
#4528=VECTOR('',#15008,0.5);
#4529=VECTOR('',#15011,1.05);
#4530=VECTOR('',#15014,0.66);
#4531=VECTOR('',#15017,0.66);
#4532=VECTOR('',#15020,0.66);
#4533=VECTOR('',#15023,0.66);
#4534=VECTOR('',#15026,0.66);
#4535=VECTOR('',#15029,0.5);
#4536=VECTOR('',#15032,0.5);
#4537=VECTOR('',#15035,0.5);
#4538=VECTOR('',#15038,0.66);
#4539=VECTOR('',#15041,0.66);
#4540=VECTOR('',#15044,0.66);
#4541=VECTOR('',#15047,0.5);
#4542=VECTOR('',#15050,0.5);
#4543=VECTOR('',#15053,0.5);
#4544=VECTOR('',#15056,1.05);
#4545=VERTEX_POINT('',#15071);
#4546=VERTEX_POINT('',#15072);
#4547=VERTEX_POINT('',#15074);
#4548=VERTEX_POINT('',#15076);
#4549=VERTEX_POINT('',#15080);
#4550=VERTEX_POINT('',#15081);
#4551=VERTEX_POINT('',#15086);
#4552=VERTEX_POINT('',#15088);
#4553=VERTEX_POINT('',#15092);
#4554=VERTEX_POINT('',#15094);
#4555=VERTEX_POINT('',#15096);
#4556=VERTEX_POINT('',#15098);
#4557=VERTEX_POINT('',#15100);
#4558=VERTEX_POINT('',#15102);
#4559=VERTEX_POINT('',#15104);
#4560=VERTEX_POINT('',#15106);
#4561=VERTEX_POINT('',#15108);
#4562=VERTEX_POINT('',#15110);
#4563=VERTEX_POINT('',#15113);
#4564=VERTEX_POINT('',#15114);
#4565=VERTEX_POINT('',#15116);
#4566=VERTEX_POINT('',#15118);
#4567=VERTEX_POINT('',#15121);
#4568=VERTEX_POINT('',#15122);
#4569=VERTEX_POINT('',#15124);
#4570=VERTEX_POINT('',#15126);
#4571=VERTEX_POINT('',#15130);
#4572=VERTEX_POINT('',#15132);
#4573=VERTEX_POINT('',#15134);
#4574=VERTEX_POINT('',#15136);
#4575=VERTEX_POINT('',#15138);
#4576=VERTEX_POINT('',#15140);
#4577=VERTEX_POINT('',#15142);
#4578=VERTEX_POINT('',#15144);
#4579=VERTEX_POINT('',#15146);
#4580=VERTEX_POINT('',#15148);
#4581=VERTEX_POINT('',#15151);
#4582=VERTEX_POINT('',#15152);
#4583=VERTEX_POINT('',#15154);
#4584=VERTEX_POINT('',#15156);
#4585=VERTEX_POINT('',#15159);
#4586=VERTEX_POINT('',#15160);
#4587=VERTEX_POINT('',#15162);
#4588=VERTEX_POINT('',#15164);
#4589=VERTEX_POINT('',#15189);
#4590=VERTEX_POINT('',#15191);
#4591=VERTEX_POINT('',#15195);
#4592=VERTEX_POINT('',#15199);
#4593=VERTEX_POINT('',#15205);
#4594=VERTEX_POINT('',#15207);
#4595=VERTEX_POINT('',#15211);
#4596=VERTEX_POINT('',#15215);
#4597=VERTEX_POINT('',#15221);
#4598=VERTEX_POINT('',#15223);
#4599=VERTEX_POINT('',#15227);
#4600=VERTEX_POINT('',#15231);
#4601=VERTEX_POINT('',#15237);
#4602=VERTEX_POINT('',#15239);
#4603=VERTEX_POINT('',#15243);
#4604=VERTEX_POINT('',#15247);
#4605=VERTEX_POINT('',#15253);
#4606=VERTEX_POINT('',#15255);
#4607=VERTEX_POINT('',#15259);
#4608=VERTEX_POINT('',#15263);
#4609=VERTEX_POINT('',#15269);
#4610=VERTEX_POINT('',#15271);
#4611=VERTEX_POINT('',#15275);
#4612=VERTEX_POINT('',#15279);
#4613=VERTEX_POINT('',#15285);
#4614=VERTEX_POINT('',#15287);
#4615=VERTEX_POINT('',#15291);
#4616=VERTEX_POINT('',#15295);
#4617=VERTEX_POINT('',#15301);
#4618=VERTEX_POINT('',#15303);
#4619=VERTEX_POINT('',#15307);
#4620=VERTEX_POINT('',#15311);
#4621=VERTEX_POINT('',#15324);
#4622=VERTEX_POINT('',#15325);
#4623=VERTEX_POINT('',#15327);
#4624=VERTEX_POINT('',#15329);
#4625=VERTEX_POINT('',#15333);
#4626=VERTEX_POINT('',#15334);
#4627=VERTEX_POINT('',#15339);
#4628=VERTEX_POINT('',#15341);
#4629=VERTEX_POINT('',#15345);
#4630=VERTEX_POINT('',#15347);
#4631=VERTEX_POINT('',#15349);
#4632=VERTEX_POINT('',#15351);
#4633=VERTEX_POINT('',#15353);
#4634=VERTEX_POINT('',#15355);
#4635=VERTEX_POINT('',#15357);
#4636=VERTEX_POINT('',#15359);
#4637=VERTEX_POINT('',#15361);
#4638=VERTEX_POINT('',#15363);
#4639=VERTEX_POINT('',#15365);
#4640=VERTEX_POINT('',#15367);
#4641=VERTEX_POINT('',#15369);
#4642=VERTEX_POINT('',#15371);
#4643=VERTEX_POINT('',#15373);
#4644=VERTEX_POINT('',#15375);
#4645=VERTEX_POINT('',#15377);
#4646=VERTEX_POINT('',#15379);
#4647=VERTEX_POINT('',#15381);
#4648=VERTEX_POINT('',#15383);
#4649=VERTEX_POINT('',#15385);
#4650=VERTEX_POINT('',#15387);
#4651=VERTEX_POINT('',#15390);
#4652=VERTEX_POINT('',#15391);
#4653=VERTEX_POINT('',#15393);
#4654=VERTEX_POINT('',#15395);
#4655=VERTEX_POINT('',#15398);
#4656=VERTEX_POINT('',#15399);
#4657=VERTEX_POINT('',#15401);
#4658=VERTEX_POINT('',#15403);
#4659=VERTEX_POINT('',#15406);
#4660=VERTEX_POINT('',#15407);
#4661=VERTEX_POINT('',#15409);
#4662=VERTEX_POINT('',#15411);
#4663=VERTEX_POINT('',#15414);
#4664=VERTEX_POINT('',#15415);
#4665=VERTEX_POINT('',#15417);
#4666=VERTEX_POINT('',#15419);
#4667=VERTEX_POINT('',#15423);
#4668=VERTEX_POINT('',#15425);
#4669=VERTEX_POINT('',#15427);
#4670=VERTEX_POINT('',#15429);
#4671=VERTEX_POINT('',#15431);
#4672=VERTEX_POINT('',#15433);
#4673=VERTEX_POINT('',#15435);
#4674=VERTEX_POINT('',#15437);
#4675=VERTEX_POINT('',#15439);
#4676=VERTEX_POINT('',#15441);
#4677=VERTEX_POINT('',#15443);
#4678=VERTEX_POINT('',#15445);
#4679=VERTEX_POINT('',#15447);
#4680=VERTEX_POINT('',#15449);
#4681=VERTEX_POINT('',#15451);
#4682=VERTEX_POINT('',#15453);
#4683=VERTEX_POINT('',#15455);
#4684=VERTEX_POINT('',#15457);
#4685=VERTEX_POINT('',#15459);
#4686=VERTEX_POINT('',#15461);
#4687=VERTEX_POINT('',#15463);
#4688=VERTEX_POINT('',#15465);
#4689=VERTEX_POINT('',#15468);
#4690=VERTEX_POINT('',#15469);
#4691=VERTEX_POINT('',#15471);
#4692=VERTEX_POINT('',#15473);
#4693=VERTEX_POINT('',#15476);
#4694=VERTEX_POINT('',#15477);
#4695=VERTEX_POINT('',#15479);
#4696=VERTEX_POINT('',#15481);
#4697=VERTEX_POINT('',#15484);
#4698=VERTEX_POINT('',#15485);
#4699=VERTEX_POINT('',#15487);
#4700=VERTEX_POINT('',#15489);
#4701=VERTEX_POINT('',#15492);
#4702=VERTEX_POINT('',#15493);
#4703=VERTEX_POINT('',#15495);
#4704=VERTEX_POINT('',#15497);
#4705=VERTEX_POINT('',#15546);
#4706=VERTEX_POINT('',#15548);
#4707=VERTEX_POINT('',#15552);
#4708=VERTEX_POINT('',#15556);
#4709=VERTEX_POINT('',#15562);
#4710=VERTEX_POINT('',#15564);
#4711=VERTEX_POINT('',#15568);
#4712=VERTEX_POINT('',#15572);
#4713=VERTEX_POINT('',#15578);
#4714=VERTEX_POINT('',#15580);
#4715=VERTEX_POINT('',#15584);
#4716=VERTEX_POINT('',#15588);
#4717=VERTEX_POINT('',#15594);
#4718=VERTEX_POINT('',#15596);
#4719=VERTEX_POINT('',#15600);
#4720=VERTEX_POINT('',#15604);
#4721=VERTEX_POINT('',#15610);
#4722=VERTEX_POINT('',#15612);
#4723=VERTEX_POINT('',#15616);
#4724=VERTEX_POINT('',#15620);
#4725=VERTEX_POINT('',#15626);
#4726=VERTEX_POINT('',#15628);
#4727=VERTEX_POINT('',#15632);
#4728=VERTEX_POINT('',#15636);
#4729=VERTEX_POINT('',#15642);
#4730=VERTEX_POINT('',#15644);
#4731=VERTEX_POINT('',#15648);
#4732=VERTEX_POINT('',#15652);
#4733=VERTEX_POINT('',#15658);
#4734=VERTEX_POINT('',#15660);
#4735=VERTEX_POINT('',#15664);
#4736=VERTEX_POINT('',#15668);
#4737=VERTEX_POINT('',#15674);
#4738=VERTEX_POINT('',#15676);
#4739=VERTEX_POINT('',#15680);
#4740=VERTEX_POINT('',#15684);
#4741=VERTEX_POINT('',#15690);
#4742=VERTEX_POINT('',#15692);
#4743=VERTEX_POINT('',#15696);
#4744=VERTEX_POINT('',#15700);
#4745=VERTEX_POINT('',#15706);
#4746=VERTEX_POINT('',#15708);
#4747=VERTEX_POINT('',#15712);
#4748=VERTEX_POINT('',#15716);
#4749=VERTEX_POINT('',#15722);
#4750=VERTEX_POINT('',#15724);
#4751=VERTEX_POINT('',#15728);
#4752=VERTEX_POINT('',#15732);
#4753=VERTEX_POINT('',#15738);
#4754=VERTEX_POINT('',#15740);
#4755=VERTEX_POINT('',#15744);
#4756=VERTEX_POINT('',#15748);
#4757=VERTEX_POINT('',#15754);
#4758=VERTEX_POINT('',#15756);
#4759=VERTEX_POINT('',#15760);
#4760=VERTEX_POINT('',#15764);
#4761=VERTEX_POINT('',#15770);
#4762=VERTEX_POINT('',#15772);
#4763=VERTEX_POINT('',#15776);
#4764=VERTEX_POINT('',#15780);
#4765=VERTEX_POINT('',#15786);
#4766=VERTEX_POINT('',#15788);
#4767=VERTEX_POINT('',#15792);
#4768=VERTEX_POINT('',#15796);
#4769=VERTEX_POINT('',#15813);
#4770=VERTEX_POINT('',#15814);
#4771=VERTEX_POINT('',#15816);
#4772=VERTEX_POINT('',#15818);
#4773=VERTEX_POINT('',#15822);
#4774=VERTEX_POINT('',#15823);
#4775=VERTEX_POINT('',#15828);
#4776=VERTEX_POINT('',#15830);
#4777=VERTEX_POINT('',#15834);
#4778=VERTEX_POINT('',#15836);
#4779=VERTEX_POINT('',#15838);
#4780=VERTEX_POINT('',#15840);
#4781=VERTEX_POINT('',#15842);
#4782=VERTEX_POINT('',#15844);
#4783=VERTEX_POINT('',#15846);
#4784=VERTEX_POINT('',#15848);
#4785=VERTEX_POINT('',#15850);
#4786=VERTEX_POINT('',#15852);
#4787=VERTEX_POINT('',#15854);
#4788=VERTEX_POINT('',#15856);
#4789=VERTEX_POINT('',#15858);
#4790=VERTEX_POINT('',#15860);
#4791=VERTEX_POINT('',#15862);
#4792=VERTEX_POINT('',#15864);
#4793=VERTEX_POINT('',#15866);
#4794=VERTEX_POINT('',#15868);
#4795=VERTEX_POINT('',#15870);
#4796=VERTEX_POINT('',#15872);
#4797=VERTEX_POINT('',#15874);
#4798=VERTEX_POINT('',#15876);
#4799=VERTEX_POINT('',#15878);
#4800=VERTEX_POINT('',#15880);
#4801=VERTEX_POINT('',#15882);
#4802=VERTEX_POINT('',#15884);
#4803=VERTEX_POINT('',#15886);
#4804=VERTEX_POINT('',#15888);
#4805=VERTEX_POINT('',#15890);
#4806=VERTEX_POINT('',#15892);
#4807=VERTEX_POINT('',#15894);
#4808=VERTEX_POINT('',#15896);
#4809=VERTEX_POINT('',#15898);
#4810=VERTEX_POINT('',#15900);
#4811=VERTEX_POINT('',#15902);
#4812=VERTEX_POINT('',#15904);
#4813=VERTEX_POINT('',#15906);
#4814=VERTEX_POINT('',#15908);
#4815=VERTEX_POINT('',#15910);
#4816=VERTEX_POINT('',#15912);
#4817=VERTEX_POINT('',#15914);
#4818=VERTEX_POINT('',#15916);
#4819=VERTEX_POINT('',#15918);
#4820=VERTEX_POINT('',#15920);
#4821=VERTEX_POINT('',#15922);
#4822=VERTEX_POINT('',#15924);
#4823=VERTEX_POINT('',#15926);
#4824=VERTEX_POINT('',#15928);
#4825=VERTEX_POINT('',#15930);
#4826=VERTEX_POINT('',#15932);
#4827=VERTEX_POINT('',#15934);
#4828=VERTEX_POINT('',#15936);
#4829=VERTEX_POINT('',#15938);
#4830=VERTEX_POINT('',#15940);
#4831=VERTEX_POINT('',#15942);
#4832=VERTEX_POINT('',#15944);
#4833=VERTEX_POINT('',#15946);
#4834=VERTEX_POINT('',#15948);
#4835=VERTEX_POINT('',#15951);
#4836=VERTEX_POINT('',#15952);
#4837=VERTEX_POINT('',#15954);
#4838=VERTEX_POINT('',#15956);
#4839=VERTEX_POINT('',#15959);
#4840=VERTEX_POINT('',#15960);
#4841=VERTEX_POINT('',#15962);
#4842=VERTEX_POINT('',#15964);
#4843=VERTEX_POINT('',#15967);
#4844=VERTEX_POINT('',#15968);
#4845=VERTEX_POINT('',#15970);
#4846=VERTEX_POINT('',#15972);
#4847=VERTEX_POINT('',#15975);
#4848=VERTEX_POINT('',#15976);
#4849=VERTEX_POINT('',#15978);
#4850=VERTEX_POINT('',#15980);
#4851=VERTEX_POINT('',#15983);
#4852=VERTEX_POINT('',#15984);
#4853=VERTEX_POINT('',#15986);
#4854=VERTEX_POINT('',#15988);
#4855=VERTEX_POINT('',#15991);
#4856=VERTEX_POINT('',#15992);
#4857=VERTEX_POINT('',#15994);
#4858=VERTEX_POINT('',#15996);
#4859=VERTEX_POINT('',#15999);
#4860=VERTEX_POINT('',#16000);
#4861=VERTEX_POINT('',#16002);
#4862=VERTEX_POINT('',#16004);
#4863=VERTEX_POINT('',#16007);
#4864=VERTEX_POINT('',#16008);
#4865=VERTEX_POINT('',#16010);
#4866=VERTEX_POINT('',#16012);
#4867=VERTEX_POINT('',#16015);
#4868=VERTEX_POINT('',#16016);
#4869=VERTEX_POINT('',#16018);
#4870=VERTEX_POINT('',#16020);
#4871=VERTEX_POINT('',#16023);
#4872=VERTEX_POINT('',#16024);
#4873=VERTEX_POINT('',#16026);
#4874=VERTEX_POINT('',#16028);
#4875=VERTEX_POINT('',#16032);
#4876=VERTEX_POINT('',#16034);
#4877=VERTEX_POINT('',#16036);
#4878=VERTEX_POINT('',#16038);
#4879=VERTEX_POINT('',#16040);
#4880=VERTEX_POINT('',#16042);
#4881=VERTEX_POINT('',#16044);
#4882=VERTEX_POINT('',#16046);
#4883=VERTEX_POINT('',#16048);
#4884=VERTEX_POINT('',#16050);
#4885=VERTEX_POINT('',#16052);
#4886=VERTEX_POINT('',#16054);
#4887=VERTEX_POINT('',#16056);
#4888=VERTEX_POINT('',#16058);
#4889=VERTEX_POINT('',#16060);
#4890=VERTEX_POINT('',#16062);
#4891=VERTEX_POINT('',#16064);
#4892=VERTEX_POINT('',#16066);
#4893=VERTEX_POINT('',#16068);
#4894=VERTEX_POINT('',#16070);
#4895=VERTEX_POINT('',#16072);
#4896=VERTEX_POINT('',#16074);
#4897=VERTEX_POINT('',#16076);
#4898=VERTEX_POINT('',#16078);
#4899=VERTEX_POINT('',#16080);
#4900=VERTEX_POINT('',#16082);
#4901=VERTEX_POINT('',#16084);
#4902=VERTEX_POINT('',#16086);
#4903=VERTEX_POINT('',#16088);
#4904=VERTEX_POINT('',#16090);
#4905=VERTEX_POINT('',#16092);
#4906=VERTEX_POINT('',#16094);
#4907=VERTEX_POINT('',#16096);
#4908=VERTEX_POINT('',#16098);
#4909=VERTEX_POINT('',#16100);
#4910=VERTEX_POINT('',#16102);
#4911=VERTEX_POINT('',#16104);
#4912=VERTEX_POINT('',#16106);
#4913=VERTEX_POINT('',#16108);
#4914=VERTEX_POINT('',#16110);
#4915=VERTEX_POINT('',#16112);
#4916=VERTEX_POINT('',#16114);
#4917=VERTEX_POINT('',#16116);
#4918=VERTEX_POINT('',#16118);
#4919=VERTEX_POINT('',#16120);
#4920=VERTEX_POINT('',#16122);
#4921=VERTEX_POINT('',#16124);
#4922=VERTEX_POINT('',#16126);
#4923=VERTEX_POINT('',#16128);
#4924=VERTEX_POINT('',#16130);
#4925=VERTEX_POINT('',#16132);
#4926=VERTEX_POINT('',#16134);
#4927=VERTEX_POINT('',#16136);
#4928=VERTEX_POINT('',#16138);
#4929=VERTEX_POINT('',#16140);
#4930=VERTEX_POINT('',#16142);
#4931=VERTEX_POINT('',#16144);
#4932=VERTEX_POINT('',#16146);
#4933=VERTEX_POINT('',#16149);
#4934=VERTEX_POINT('',#16150);
#4935=VERTEX_POINT('',#16152);
#4936=VERTEX_POINT('',#16154);
#4937=VERTEX_POINT('',#16157);
#4938=VERTEX_POINT('',#16158);
#4939=VERTEX_POINT('',#16160);
#4940=VERTEX_POINT('',#16162);
#4941=VERTEX_POINT('',#16165);
#4942=VERTEX_POINT('',#16166);
#4943=VERTEX_POINT('',#16168);
#4944=VERTEX_POINT('',#16170);
#4945=VERTEX_POINT('',#16173);
#4946=VERTEX_POINT('',#16174);
#4947=VERTEX_POINT('',#16176);
#4948=VERTEX_POINT('',#16178);
#4949=VERTEX_POINT('',#16181);
#4950=VERTEX_POINT('',#16182);
#4951=VERTEX_POINT('',#16184);
#4952=VERTEX_POINT('',#16186);
#4953=VERTEX_POINT('',#16189);
#4954=VERTEX_POINT('',#16190);
#4955=VERTEX_POINT('',#16192);
#4956=VERTEX_POINT('',#16194);
#4957=VERTEX_POINT('',#16197);
#4958=VERTEX_POINT('',#16198);
#4959=VERTEX_POINT('',#16200);
#4960=VERTEX_POINT('',#16202);
#4961=VERTEX_POINT('',#16205);
#4962=VERTEX_POINT('',#16206);
#4963=VERTEX_POINT('',#16208);
#4964=VERTEX_POINT('',#16210);
#4965=VERTEX_POINT('',#16213);
#4966=VERTEX_POINT('',#16214);
#4967=VERTEX_POINT('',#16216);
#4968=VERTEX_POINT('',#16218);
#4969=VERTEX_POINT('',#16221);
#4970=VERTEX_POINT('',#16222);
#4971=VERTEX_POINT('',#16224);
#4972=VERTEX_POINT('',#16226);
#4973=VERTEX_POINT('',#16347);
#4974=VERTEX_POINT('',#16349);
#4975=VERTEX_POINT('',#16353);
#4976=VERTEX_POINT('',#16357);
#4977=VERTEX_POINT('',#16363);
#4978=VERTEX_POINT('',#16365);
#4979=VERTEX_POINT('',#16369);
#4980=VERTEX_POINT('',#16373);
#4981=VERTEX_POINT('',#16379);
#4982=VERTEX_POINT('',#16381);
#4983=VERTEX_POINT('',#16385);
#4984=VERTEX_POINT('',#16389);
#4985=VERTEX_POINT('',#16395);
#4986=VERTEX_POINT('',#16397);
#4987=VERTEX_POINT('',#16401);
#4988=VERTEX_POINT('',#16405);
#4989=VERTEX_POINT('',#16411);
#4990=VERTEX_POINT('',#16413);
#4991=VERTEX_POINT('',#16417);
#4992=VERTEX_POINT('',#16421);
#4993=VERTEX_POINT('',#16427);
#4994=VERTEX_POINT('',#16429);
#4995=VERTEX_POINT('',#16433);
#4996=VERTEX_POINT('',#16437);
#4997=VERTEX_POINT('',#16443);
#4998=VERTEX_POINT('',#16445);
#4999=VERTEX_POINT('',#16449);
#5000=VERTEX_POINT('',#16453);
#5001=VERTEX_POINT('',#16459);
#5002=VERTEX_POINT('',#16461);
#5003=VERTEX_POINT('',#16465);
#5004=VERTEX_POINT('',#16469);
#5005=VERTEX_POINT('',#16475);
#5006=VERTEX_POINT('',#16477);
#5007=VERTEX_POINT('',#16481);
#5008=VERTEX_POINT('',#16485);
#5009=VERTEX_POINT('',#16491);
#5010=VERTEX_POINT('',#16493);
#5011=VERTEX_POINT('',#16497);
#5012=VERTEX_POINT('',#16501);
#5013=VERTEX_POINT('',#16507);
#5014=VERTEX_POINT('',#16509);
#5015=VERTEX_POINT('',#16513);
#5016=VERTEX_POINT('',#16517);
#5017=VERTEX_POINT('',#16523);
#5018=VERTEX_POINT('',#16525);
#5019=VERTEX_POINT('',#16529);
#5020=VERTEX_POINT('',#16533);
#5021=VERTEX_POINT('',#16539);
#5022=VERTEX_POINT('',#16541);
#5023=VERTEX_POINT('',#16545);
#5024=VERTEX_POINT('',#16549);
#5025=VERTEX_POINT('',#16555);
#5026=VERTEX_POINT('',#16557);
#5027=VERTEX_POINT('',#16561);
#5028=VERTEX_POINT('',#16565);
#5029=VERTEX_POINT('',#16571);
#5030=VERTEX_POINT('',#16573);
#5031=VERTEX_POINT('',#16577);
#5032=VERTEX_POINT('',#16581);
#5033=VERTEX_POINT('',#16587);
#5034=VERTEX_POINT('',#16589);
#5035=VERTEX_POINT('',#16593);
#5036=VERTEX_POINT('',#16597);
#5037=VERTEX_POINT('',#16603);
#5038=VERTEX_POINT('',#16605);
#5039=VERTEX_POINT('',#16609);
#5040=VERTEX_POINT('',#16613);
#5041=VERTEX_POINT('',#16619);
#5042=VERTEX_POINT('',#16621);
#5043=VERTEX_POINT('',#16625);
#5044=VERTEX_POINT('',#16629);
#5045=VERTEX_POINT('',#16635);
#5046=VERTEX_POINT('',#16637);
#5047=VERTEX_POINT('',#16641);
#5048=VERTEX_POINT('',#16645);
#5049=VERTEX_POINT('',#16651);
#5050=VERTEX_POINT('',#16653);
#5051=VERTEX_POINT('',#16657);
#5052=VERTEX_POINT('',#16661);
#5053=VERTEX_POINT('',#16667);
#5054=VERTEX_POINT('',#16669);
#5055=VERTEX_POINT('',#16673);
#5056=VERTEX_POINT('',#16677);
#5057=VERTEX_POINT('',#16683);
#5058=VERTEX_POINT('',#16685);
#5059=VERTEX_POINT('',#16689);
#5060=VERTEX_POINT('',#16693);
#5061=VERTEX_POINT('',#16699);
#5062=VERTEX_POINT('',#16701);
#5063=VERTEX_POINT('',#16705);
#5064=VERTEX_POINT('',#16709);
#5065=VERTEX_POINT('',#16715);
#5066=VERTEX_POINT('',#16717);
#5067=VERTEX_POINT('',#16721);
#5068=VERTEX_POINT('',#16725);
#5069=VERTEX_POINT('',#16731);
#5070=VERTEX_POINT('',#16733);
#5071=VERTEX_POINT('',#16737);
#5072=VERTEX_POINT('',#16741);
#5073=VERTEX_POINT('',#16747);
#5074=VERTEX_POINT('',#16749);
#5075=VERTEX_POINT('',#16753);
#5076=VERTEX_POINT('',#16757);
#5077=VERTEX_POINT('',#16763);
#5078=VERTEX_POINT('',#16765);
#5079=VERTEX_POINT('',#16769);
#5080=VERTEX_POINT('',#16773);
#5081=VERTEX_POINT('',#16779);
#5082=VERTEX_POINT('',#16781);
#5083=VERTEX_POINT('',#16785);
#5084=VERTEX_POINT('',#16789);
#5085=VERTEX_POINT('',#16795);
#5086=VERTEX_POINT('',#16797);
#5087=VERTEX_POINT('',#16801);
#5088=VERTEX_POINT('',#16805);
#5089=VERTEX_POINT('',#16811);
#5090=VERTEX_POINT('',#16813);
#5091=VERTEX_POINT('',#16817);
#5092=VERTEX_POINT('',#16821);
#5093=VERTEX_POINT('',#16827);
#5094=VERTEX_POINT('',#16829);
#5095=VERTEX_POINT('',#16833);
#5096=VERTEX_POINT('',#16837);
#5097=VERTEX_POINT('',#16843);
#5098=VERTEX_POINT('',#16845);
#5099=VERTEX_POINT('',#16849);
#5100=VERTEX_POINT('',#16853);
#5101=VERTEX_POINT('',#16859);
#5102=VERTEX_POINT('',#16861);
#5103=VERTEX_POINT('',#16865);
#5104=VERTEX_POINT('',#16869);
#5105=VERTEX_POINT('',#16875);
#5106=VERTEX_POINT('',#16877);
#5107=VERTEX_POINT('',#16881);
#5108=VERTEX_POINT('',#16885);
#5109=VERTEX_POINT('',#16891);
#5110=VERTEX_POINT('',#16893);
#5111=VERTEX_POINT('',#16897);
#5112=VERTEX_POINT('',#16901);
#5113=VERTEX_POINT('',#16907);
#5114=VERTEX_POINT('',#16909);
#5115=VERTEX_POINT('',#16913);
#5116=VERTEX_POINT('',#16917);
#5117=VERTEX_POINT('',#16923);
#5118=VERTEX_POINT('',#16925);
#5119=VERTEX_POINT('',#16929);
#5120=VERTEX_POINT('',#16933);
#5121=VERTEX_POINT('',#16939);
#5122=VERTEX_POINT('',#16941);
#5123=VERTEX_POINT('',#16945);
#5124=VERTEX_POINT('',#16949);
#5125=VERTEX_POINT('',#16955);
#5126=VERTEX_POINT('',#16957);
#5127=VERTEX_POINT('',#16961);
#5128=VERTEX_POINT('',#16965);
#5129=VERTEX_POINT('',#16971);
#5130=VERTEX_POINT('',#16973);
#5131=VERTEX_POINT('',#16977);
#5132=VERTEX_POINT('',#16981);
#5133=VERTEX_POINT('',#17010);
#5134=VERTEX_POINT('',#17012);
#5135=VERTEX_POINT('',#17016);
#5136=VERTEX_POINT('',#17021);
#5137=VERTEX_POINT('',#17022);
#5138=VERTEX_POINT('',#17024);
#5139=VERTEX_POINT('',#17026);
#5140=VERTEX_POINT('',#17028);
#5141=VERTEX_POINT('',#17030);
#5142=VERTEX_POINT('',#17032);
#5143=VERTEX_POINT('',#17034);
#5144=VERTEX_POINT('',#17037);
#5145=VERTEX_POINT('',#17039);
#5146=VERTEX_POINT('',#17042);
#5147=VERTEX_POINT('',#17044);
#5148=VERTEX_POINT('',#17048);
#5149=VERTEX_POINT('',#17052);
#5150=VERTEX_POINT('',#17056);
#5151=VERTEX_POINT('',#17060);
#5152=VERTEX_POINT('',#17064);
#5153=VERTEX_POINT('',#17068);
#5154=VERTEX_POINT('',#17074);
#5155=VERTEX_POINT('',#17078);
#5156=VERTEX_POINT('',#17082);
#5157=VERTEX_POINT('',#17084);
#5158=VERTEX_POINT('',#17096);
#5159=VERTEX_POINT('',#17108);
#5160=VERTEX_POINT('',#17112);
#5161=VERTEX_POINT('',#17116);
#5162=VERTEX_POINT('',#17128);
#5163=VERTEX_POINT('',#17140);
#5164=VERTEX_POINT('',#17146);
#5165=VERTEX_POINT('',#17150);
#5166=VERTEX_POINT('',#17159);
#5167=VERTEX_POINT('',#17160);
#5168=VERTEX_POINT('',#17162);
#5169=VERTEX_POINT('',#17164);
#5170=VERTEX_POINT('',#17168);
#5171=VERTEX_POINT('',#17169);
#5172=VERTEX_POINT('',#17174);
#5173=VERTEX_POINT('',#17176);
#5174=VERTEX_POINT('',#17180);
#5175=VERTEX_POINT('',#17182);
#5176=VERTEX_POINT('',#17184);
#5177=VERTEX_POINT('',#17186);
#5178=VERTEX_POINT('',#17188);
#5179=VERTEX_POINT('',#17190);
#5180=VERTEX_POINT('',#17192);
#5181=VERTEX_POINT('',#17194);
#5182=VERTEX_POINT('',#17196);
#5183=VERTEX_POINT('',#17198);
#5184=VERTEX_POINT('',#17201);
#5185=VERTEX_POINT('',#17203);
#5186=VERTEX_POINT('',#17205);
#5187=VERTEX_POINT('',#17207);
#5188=VERTEX_POINT('',#17209);
#5189=VERTEX_POINT('',#17211);
#5190=VERTEX_POINT('',#17213);
#5191=VERTEX_POINT('',#17215);
#5192=VERTEX_POINT('',#17217);
#5193=VERTEX_POINT('',#17219);
#5194=VERTEX_POINT('',#17221);
#5195=VERTEX_POINT('',#17223);
#5196=VERTEX_POINT('',#17225);
#5197=VERTEX_POINT('',#17227);
#5198=VERTEX_POINT('',#17229);
#5199=VERTEX_POINT('',#17231);
#5200=VERTEX_POINT('',#17233);
#5201=VERTEX_POINT('',#17235);
#5202=VERTEX_POINT('',#17237);
#5203=VERTEX_POINT('',#17239);
#5204=VERTEX_POINT('',#17241);
#5205=VERTEX_POINT('',#17243);
#5206=VERTEX_POINT('',#17245);
#5207=VERTEX_POINT('',#17247);
#5208=VERTEX_POINT('',#17249);
#5209=VERTEX_POINT('',#17251);
#5210=VERTEX_POINT('',#17253);
#5211=VERTEX_POINT('',#17255);
#5212=VERTEX_POINT('',#17257);
#5213=VERTEX_POINT('',#17259);
#5214=VERTEX_POINT('',#17261);
#5215=VERTEX_POINT('',#17263);
#5216=VERTEX_POINT('',#17265);
#5217=VERTEX_POINT('',#17267);
#5218=VERTEX_POINT('',#17269);
#5219=VERTEX_POINT('',#17271);
#5220=VERTEX_POINT('',#17273);
#5221=VERTEX_POINT('',#17275);
#5222=VERTEX_POINT('',#17277);
#5223=VERTEX_POINT('',#17279);
#5224=VERTEX_POINT('',#17281);
#5225=VERTEX_POINT('',#17283);
#5226=VERTEX_POINT('',#17285);
#5227=VERTEX_POINT('',#17287);
#5228=VERTEX_POINT('',#17289);
#5229=VERTEX_POINT('',#17291);
#5230=VERTEX_POINT('',#17293);
#5231=VERTEX_POINT('',#17295);
#5232=VERTEX_POINT('',#17297);
#5233=VERTEX_POINT('',#17299);
#5234=VERTEX_POINT('',#17301);
#5235=VERTEX_POINT('',#17303);
#5236=VERTEX_POINT('',#17305);
#5237=VERTEX_POINT('',#17307);
#5238=VERTEX_POINT('',#17309);
#5239=VERTEX_POINT('',#17311);
#5240=VERTEX_POINT('',#17313);
#5241=VERTEX_POINT('',#17315);
#5242=VERTEX_POINT('',#17317);
#5243=VERTEX_POINT('',#17319);
#5244=VERTEX_POINT('',#17321);
#5245=VERTEX_POINT('',#17323);
#5246=VERTEX_POINT('',#17325);
#5247=VERTEX_POINT('',#17327);
#5248=VERTEX_POINT('',#17329);
#5249=VERTEX_POINT('',#17331);
#5250=VERTEX_POINT('',#17333);
#5251=VERTEX_POINT('',#17335);
#5252=VERTEX_POINT('',#17337);
#5253=VERTEX_POINT('',#17339);
#5254=VERTEX_POINT('',#17341);
#5255=VERTEX_POINT('',#17343);
#5256=VERTEX_POINT('',#17345);
#5257=VERTEX_POINT('',#17347);
#5258=VERTEX_POINT('',#17349);
#5259=VERTEX_POINT('',#17351);
#5260=VERTEX_POINT('',#17353);
#5261=VERTEX_POINT('',#17355);
#5262=VERTEX_POINT('',#17357);
#5263=VERTEX_POINT('',#17359);
#5264=VERTEX_POINT('',#17361);
#5265=VERTEX_POINT('',#17363);
#5266=VERTEX_POINT('',#17365);
#5267=VERTEX_POINT('',#17367);
#5268=VERTEX_POINT('',#17369);
#5269=VERTEX_POINT('',#17371);
#5270=VERTEX_POINT('',#17373);
#5271=VERTEX_POINT('',#17375);
#5272=VERTEX_POINT('',#17377);
#5273=VERTEX_POINT('',#17379);
#5274=VERTEX_POINT('',#17381);
#5275=VERTEX_POINT('',#17383);
#5276=VERTEX_POINT('',#17385);
#5277=VERTEX_POINT('',#17387);
#5278=VERTEX_POINT('',#17389);
#5279=VERTEX_POINT('',#17391);
#5280=VERTEX_POINT('',#17393);
#5281=VERTEX_POINT('',#17395);
#5282=VERTEX_POINT('',#17397);
#5283=VERTEX_POINT('',#17399);
#5284=VERTEX_POINT('',#17401);
#5285=VERTEX_POINT('',#17403);
#5286=VERTEX_POINT('',#17405);
#5287=VERTEX_POINT('',#17407);
#5288=VERTEX_POINT('',#17409);
#5289=VERTEX_POINT('',#17411);
#5290=VERTEX_POINT('',#17413);
#5291=VERTEX_POINT('',#17415);
#5292=VERTEX_POINT('',#17417);
#5293=VERTEX_POINT('',#17419);
#5294=VERTEX_POINT('',#17421);
#5295=VERTEX_POINT('',#17423);
#5296=VERTEX_POINT('',#17425);
#5297=VERTEX_POINT('',#17427);
#5298=VERTEX_POINT('',#17429);
#5299=VERTEX_POINT('',#17431);
#5300=VERTEX_POINT('',#17433);
#5301=VERTEX_POINT('',#17435);
#5302=VERTEX_POINT('',#17437);
#5303=VERTEX_POINT('',#17439);
#5304=VERTEX_POINT('',#17441);
#5305=VERTEX_POINT('',#17443);
#5306=VERTEX_POINT('',#17445);
#5307=VERTEX_POINT('',#17447);
#5308=VERTEX_POINT('',#17449);
#5309=VERTEX_POINT('',#17451);
#5310=VERTEX_POINT('',#17453);
#5311=VERTEX_POINT('',#17455);
#5312=VERTEX_POINT('',#17457);
#5313=VERTEX_POINT('',#17459);
#5314=VERTEX_POINT('',#17461);
#5315=VERTEX_POINT('',#17463);
#5316=VERTEX_POINT('',#17465);
#5317=VERTEX_POINT('',#17468);
#5318=VERTEX_POINT('',#17470);
#5319=VERTEX_POINT('',#17472);
#5320=VERTEX_POINT('',#17474);
#5321=VERTEX_POINT('',#17476);
#5322=VERTEX_POINT('',#17478);
#5323=VERTEX_POINT('',#17480);
#5324=VERTEX_POINT('',#17482);
#5325=VERTEX_POINT('',#17484);
#5326=VERTEX_POINT('',#17486);
#5327=VERTEX_POINT('',#17489);
#5328=VERTEX_POINT('',#17491);
#5329=VERTEX_POINT('',#17493);
#5330=VERTEX_POINT('',#17495);
#5331=VERTEX_POINT('',#17497);
#5332=VERTEX_POINT('',#17499);
#5333=VERTEX_POINT('',#17501);
#5334=VERTEX_POINT('',#17503);
#5335=VERTEX_POINT('',#17505);
#5336=VERTEX_POINT('',#17507);
#5337=VERTEX_POINT('',#17509);
#5338=VERTEX_POINT('',#17511);
#5339=VERTEX_POINT('',#17513);
#5340=VERTEX_POINT('',#17515);
#5341=VERTEX_POINT('',#17517);
#5342=VERTEX_POINT('',#17519);
#5343=VERTEX_POINT('',#17521);
#5344=VERTEX_POINT('',#17523);
#5345=VERTEX_POINT('',#17525);
#5346=VERTEX_POINT('',#17527);
#5347=VERTEX_POINT('',#17529);
#5348=VERTEX_POINT('',#17531);
#5349=VERTEX_POINT('',#17533);
#5350=VERTEX_POINT('',#17535);
#5351=VERTEX_POINT('',#17537);
#5352=VERTEX_POINT('',#17539);
#5353=VERTEX_POINT('',#17541);
#5354=VERTEX_POINT('',#17543);
#5355=VERTEX_POINT('',#17545);
#5356=VERTEX_POINT('',#17547);
#5357=VERTEX_POINT('',#17549);
#5358=VERTEX_POINT('',#17551);
#5359=VERTEX_POINT('',#17553);
#5360=VERTEX_POINT('',#17555);
#5361=VERTEX_POINT('',#17557);
#5362=VERTEX_POINT('',#17559);
#5363=VERTEX_POINT('',#17561);
#5364=VERTEX_POINT('',#17563);
#5365=VERTEX_POINT('',#17565);
#5366=VERTEX_POINT('',#17567);
#5367=VERTEX_POINT('',#17569);
#5368=VERTEX_POINT('',#17571);
#5369=VERTEX_POINT('',#17573);
#5370=VERTEX_POINT('',#17575);
#5371=VERTEX_POINT('',#17577);
#5372=VERTEX_POINT('',#17579);
#5373=VERTEX_POINT('',#17581);
#5374=VERTEX_POINT('',#17583);
#5375=VERTEX_POINT('',#17585);
#5376=VERTEX_POINT('',#17587);
#5377=VERTEX_POINT('',#17589);
#5378=VERTEX_POINT('',#17591);
#5379=VERTEX_POINT('',#17593);
#5380=VERTEX_POINT('',#17595);
#5381=VERTEX_POINT('',#17597);
#5382=VERTEX_POINT('',#17599);
#5383=VERTEX_POINT('',#17601);
#5384=VERTEX_POINT('',#17603);
#5385=VERTEX_POINT('',#17605);
#5386=VERTEX_POINT('',#17607);
#5387=VERTEX_POINT('',#17609);
#5388=VERTEX_POINT('',#17611);
#5389=VERTEX_POINT('',#17613);
#5390=VERTEX_POINT('',#17615);
#5391=VERTEX_POINT('',#17617);
#5392=VERTEX_POINT('',#17619);
#5393=VERTEX_POINT('',#17621);
#5394=VERTEX_POINT('',#17623);
#5395=VERTEX_POINT('',#17625);
#5396=VERTEX_POINT('',#17627);
#5397=VERTEX_POINT('',#17629);
#5398=VERTEX_POINT('',#17631);
#5399=VERTEX_POINT('',#17633);
#5400=VERTEX_POINT('',#17635);
#5401=VERTEX_POINT('',#17637);
#5402=VERTEX_POINT('',#17639);
#5403=VERTEX_POINT('',#17641);
#5404=VERTEX_POINT('',#17643);
#5405=VERTEX_POINT('',#17645);
#5406=VERTEX_POINT('',#17647);
#5407=VERTEX_POINT('',#17649);
#5408=VERTEX_POINT('',#17651);
#5409=VERTEX_POINT('',#17653);
#5410=VERTEX_POINT('',#17655);
#5411=VERTEX_POINT('',#17657);
#5412=VERTEX_POINT('',#17659);
#5413=VERTEX_POINT('',#17661);
#5414=VERTEX_POINT('',#17663);
#5415=VERTEX_POINT('',#17665);
#5416=VERTEX_POINT('',#17667);
#5417=VERTEX_POINT('',#17669);
#5418=VERTEX_POINT('',#17671);
#5419=VERTEX_POINT('',#17673);
#5420=VERTEX_POINT('',#17675);
#5421=VERTEX_POINT('',#17677);
#5422=VERTEX_POINT('',#17679);
#5423=VERTEX_POINT('',#17681);
#5424=VERTEX_POINT('',#17683);
#5425=VERTEX_POINT('',#17685);
#5426=VERTEX_POINT('',#17687);
#5427=VERTEX_POINT('',#17689);
#5428=VERTEX_POINT('',#17691);
#5429=VERTEX_POINT('',#17693);
#5430=VERTEX_POINT('',#17695);
#5431=VERTEX_POINT('',#17697);
#5432=VERTEX_POINT('',#17699);
#5433=VERTEX_POINT('',#17701);
#5434=VERTEX_POINT('',#17703);
#5435=VERTEX_POINT('',#17705);
#5436=VERTEX_POINT('',#17707);
#5437=VERTEX_POINT('',#17709);
#5438=VERTEX_POINT('',#17711);
#5439=VERTEX_POINT('',#17713);
#5440=VERTEX_POINT('',#17715);
#5441=VERTEX_POINT('',#17717);
#5442=VERTEX_POINT('',#17719);
#5443=VERTEX_POINT('',#17721);
#5444=VERTEX_POINT('',#17723);
#5445=VERTEX_POINT('',#17725);
#5446=VERTEX_POINT('',#17727);
#5447=VERTEX_POINT('',#17729);
#5448=VERTEX_POINT('',#17731);
#5449=VERTEX_POINT('',#17733);
#5450=VERTEX_POINT('',#17735);
#5451=VERTEX_POINT('',#17737);
#5452=VERTEX_POINT('',#17739);
#5453=VERTEX_POINT('',#17741);
#5454=VERTEX_POINT('',#17743);
#5455=VERTEX_POINT('',#17745);
#5456=VERTEX_POINT('',#17747);
#5457=VERTEX_POINT('',#17749);
#5458=VERTEX_POINT('',#17751);
#5459=VERTEX_POINT('',#17753);
#5460=EDGE_CURVE('',#4545,#4546,#2257,.T.);
#5461=EDGE_CURVE('',#4545,#4547,#2258,.T.);
#5462=EDGE_CURVE('',#4547,#4548,#2259,.T.);
#5463=EDGE_CURVE('',#4546,#4548,#2260,.T.);
#5464=EDGE_CURVE('',#4549,#4550,#2261,.T.);
#5465=EDGE_CURVE('',#4549,#4545,#2262,.T.);
#5466=EDGE_CURVE('',#4550,#4546,#2263,.T.);
#5467=EDGE_CURVE('',#4547,#4551,#2264,.T.);
#5468=EDGE_CURVE('',#4551,#4552,#2265,.T.);
#5469=EDGE_CURVE('',#4548,#4552,#2266,.T.);
#5470=EDGE_CURVE('',#4553,#4549,#2267,.T.);
#5471=EDGE_CURVE('',#4554,#4553,#2268,.T.);
#5472=EDGE_CURVE('',#4555,#4554,#2269,.T.);
#5473=EDGE_CURVE('',#4556,#4555,#2270,.T.);
#5474=EDGE_CURVE('',#4557,#4556,#2271,.T.);
#5475=EDGE_CURVE('',#4558,#4557,#2272,.T.);
#5476=EDGE_CURVE('',#4559,#4558,#2273,.T.);
#5477=EDGE_CURVE('',#4560,#4559,#2274,.T.);
#5478=EDGE_CURVE('',#4561,#4560,#2275,.T.);
#5479=EDGE_CURVE('',#4562,#4561,#2276,.T.);
#5480=EDGE_CURVE('',#4551,#4562,#2277,.T.);
#5481=EDGE_CURVE('',#4563,#4564,#2278,.T.);
#5482=EDGE_CURVE('',#4563,#4565,#2279,.T.);
#5483=EDGE_CURVE('',#4565,#4566,#2280,.T.);
#5484=EDGE_CURVE('',#4564,#4566,#2281,.T.);
#5485=EDGE_CURVE('',#4567,#4568,#2282,.T.);
#5486=EDGE_CURVE('',#4567,#4569,#2283,.T.);
#5487=EDGE_CURVE('',#4569,#4570,#2284,.T.);
#5488=EDGE_CURVE('',#4568,#4570,#2285,.T.);
#5489=EDGE_CURVE('',#4552,#4571,#2286,.T.);
#5490=EDGE_CURVE('',#4571,#4572,#2287,.T.);
#5491=EDGE_CURVE('',#4572,#4573,#2288,.T.);
#5492=EDGE_CURVE('',#4573,#4574,#2289,.T.);
#5493=EDGE_CURVE('',#4574,#4575,#2290,.T.);
#5494=EDGE_CURVE('',#4575,#4576,#2291,.T.);
#5495=EDGE_CURVE('',#4576,#4577,#2292,.T.);
#5496=EDGE_CURVE('',#4577,#4578,#2293,.T.);
#5497=EDGE_CURVE('',#4578,#4579,#2294,.T.);
#5498=EDGE_CURVE('',#4579,#4580,#2295,.T.);
#5499=EDGE_CURVE('',#4580,#4550,#2296,.T.);
#5500=EDGE_CURVE('',#4581,#4582,#2297,.T.);
#5501=EDGE_CURVE('',#4582,#4583,#2298,.T.);
#5502=EDGE_CURVE('',#4584,#4583,#2299,.T.);
#5503=EDGE_CURVE('',#4581,#4584,#2300,.T.);
#5504=EDGE_CURVE('',#4585,#4586,#2301,.T.);
#5505=EDGE_CURVE('',#4586,#4587,#2302,.T.);
#5506=EDGE_CURVE('',#4588,#4587,#2303,.T.);
#5507=EDGE_CURVE('',#4585,#4588,#2304,.T.);
#5508=EDGE_CURVE('',#4553,#4580,#2305,.T.);
#5509=EDGE_CURVE('',#4562,#4571,#2306,.T.);
#5510=EDGE_CURVE('',#4554,#4579,#2307,.T.);
#5511=EDGE_CURVE('',#4561,#4572,#2308,.T.);
#5512=EDGE_CURVE('',#4555,#4578,#2309,.T.);
#5513=EDGE_CURVE('',#4560,#4573,#2310,.T.);
#5514=EDGE_CURVE('',#4556,#4577,#2311,.T.);
#5515=EDGE_CURVE('',#4559,#4574,#2312,.T.);
#5516=EDGE_CURVE('',#4557,#4576,#2313,.T.);
#5517=EDGE_CURVE('',#4558,#4575,#2314,.T.);
#5518=EDGE_CURVE('',#4589,#4563,#2315,.T.);
#5519=EDGE_CURVE('',#4590,#4564,#2316,.T.);
#5520=EDGE_CURVE('',#4590,#4589,#2317,.T.);
#5521=EDGE_CURVE('',#4589,#4591,#2318,.T.);
#5522=EDGE_CURVE('',#4591,#4565,#2319,.T.);
#5523=EDGE_CURVE('',#4592,#4591,#2320,.T.);
#5524=EDGE_CURVE('',#4592,#4566,#2321,.T.);
#5525=EDGE_CURVE('',#4590,#4592,#2322,.T.);
#5526=EDGE_CURVE('',#4593,#4567,#2323,.T.);
#5527=EDGE_CURVE('',#4594,#4568,#2324,.T.);
#5528=EDGE_CURVE('',#4594,#4593,#2325,.T.);
#5529=EDGE_CURVE('',#4593,#4595,#2326,.T.);
#5530=EDGE_CURVE('',#4595,#4569,#2327,.T.);
#5531=EDGE_CURVE('',#4596,#4595,#2328,.T.);
#5532=EDGE_CURVE('',#4596,#4570,#2329,.T.);
#5533=EDGE_CURVE('',#4594,#4596,#2330,.T.);
#5534=EDGE_CURVE('',#4581,#4597,#2331,.T.);
#5535=EDGE_CURVE('',#4598,#4597,#2332,.T.);
#5536=EDGE_CURVE('',#4582,#4598,#2333,.T.);
#5537=EDGE_CURVE('',#4584,#4599,#2334,.T.);
#5538=EDGE_CURVE('',#4597,#4599,#2335,.T.);
#5539=EDGE_CURVE('',#4583,#4600,#2336,.T.);
#5540=EDGE_CURVE('',#4600,#4599,#2337,.T.);
#5541=EDGE_CURVE('',#4598,#4600,#2338,.T.);
#5542=EDGE_CURVE('',#4585,#4601,#2339,.T.);
#5543=EDGE_CURVE('',#4602,#4601,#2340,.T.);
#5544=EDGE_CURVE('',#4586,#4602,#2341,.T.);
#5545=EDGE_CURVE('',#4588,#4603,#2342,.T.);
#5546=EDGE_CURVE('',#4601,#4603,#2343,.T.);
#5547=EDGE_CURVE('',#4587,#4604,#2344,.T.);
#5548=EDGE_CURVE('',#4604,#4603,#2345,.T.);
#5549=EDGE_CURVE('',#4602,#4604,#2346,.T.);
#5550=EDGE_CURVE('',#4590,#4605,#2347,.T.);
#5551=EDGE_CURVE('',#4605,#4606,#2348,.T.);
#5552=EDGE_CURVE('',#4589,#4606,#2349,.T.);
#5553=EDGE_CURVE('',#4606,#4607,#2350,.T.);
#5554=EDGE_CURVE('',#4591,#4607,#2351,.T.);
#5555=EDGE_CURVE('',#4592,#4608,#2352,.T.);
#5556=EDGE_CURVE('',#4608,#4607,#2353,.T.);
#5557=EDGE_CURVE('',#4605,#4608,#2354,.T.);
#5558=EDGE_CURVE('',#4594,#4609,#2355,.T.);
#5559=EDGE_CURVE('',#4609,#4610,#2356,.T.);
#5560=EDGE_CURVE('',#4593,#4610,#2357,.T.);
#5561=EDGE_CURVE('',#4610,#4611,#2358,.T.);
#5562=EDGE_CURVE('',#4595,#4611,#2359,.T.);
#5563=EDGE_CURVE('',#4596,#4612,#2360,.T.);
#5564=EDGE_CURVE('',#4612,#4611,#2361,.T.);
#5565=EDGE_CURVE('',#4609,#4612,#2362,.T.);
#5566=EDGE_CURVE('',#4598,#4613,#2363,.T.);
#5567=EDGE_CURVE('',#4597,#4614,#2364,.T.);
#5568=EDGE_CURVE('',#4613,#4614,#2365,.T.);
#5569=EDGE_CURVE('',#4599,#4615,#2366,.T.);
#5570=EDGE_CURVE('',#4614,#4615,#2367,.T.);
#5571=EDGE_CURVE('',#4600,#4616,#2368,.T.);
#5572=EDGE_CURVE('',#4616,#4615,#2369,.T.);
#5573=EDGE_CURVE('',#4613,#4616,#2370,.T.);
#5574=EDGE_CURVE('',#4602,#4617,#2371,.T.);
#5575=EDGE_CURVE('',#4601,#4618,#2372,.T.);
#5576=EDGE_CURVE('',#4617,#4618,#2373,.T.);
#5577=EDGE_CURVE('',#4603,#4619,#2374,.T.);
#5578=EDGE_CURVE('',#4618,#4619,#2375,.T.);
#5579=EDGE_CURVE('',#4604,#4620,#2376,.T.);
#5580=EDGE_CURVE('',#4620,#4619,#2377,.T.);
#5581=EDGE_CURVE('',#4617,#4620,#2378,.T.);
#5582=EDGE_CURVE('',#4621,#4622,#2379,.T.);
#5583=EDGE_CURVE('',#4621,#4623,#2380,.T.);
#5584=EDGE_CURVE('',#4623,#4624,#2381,.T.);
#5585=EDGE_CURVE('',#4622,#4624,#2382,.T.);
#5586=EDGE_CURVE('',#4625,#4626,#2383,.T.);
#5587=EDGE_CURVE('',#4625,#4621,#2384,.T.);
#5588=EDGE_CURVE('',#4626,#4622,#2385,.T.);
#5589=EDGE_CURVE('',#4623,#4627,#2386,.T.);
#5590=EDGE_CURVE('',#4627,#4628,#2387,.T.);
#5591=EDGE_CURVE('',#4624,#4628,#2388,.T.);
#5592=EDGE_CURVE('',#4629,#4625,#2389,.T.);
#5593=EDGE_CURVE('',#4630,#4629,#2390,.T.);
#5594=EDGE_CURVE('',#4631,#4630,#2391,.T.);
#5595=EDGE_CURVE('',#4632,#4631,#2392,.T.);
#5596=EDGE_CURVE('',#4633,#4632,#2393,.T.);
#5597=EDGE_CURVE('',#4634,#4633,#2394,.T.);
#5598=EDGE_CURVE('',#4635,#4634,#2395,.T.);
#5599=EDGE_CURVE('',#4636,#4635,#2396,.T.);
#5600=EDGE_CURVE('',#4637,#4636,#2397,.T.);
#5601=EDGE_CURVE('',#4638,#4637,#2398,.T.);
#5602=EDGE_CURVE('',#4639,#4638,#2399,.T.);
#5603=EDGE_CURVE('',#4640,#4639,#2400,.T.);
#5604=EDGE_CURVE('',#4641,#4640,#2401,.T.);
#5605=EDGE_CURVE('',#4642,#4641,#2402,.T.);
#5606=EDGE_CURVE('',#4643,#4642,#2403,.T.);
#5607=EDGE_CURVE('',#4644,#4643,#2404,.T.);
#5608=EDGE_CURVE('',#4645,#4644,#2405,.T.);
#5609=EDGE_CURVE('',#4646,#4645,#2406,.T.);
#5610=EDGE_CURVE('',#4647,#4646,#2407,.T.);
#5611=EDGE_CURVE('',#4648,#4647,#2408,.T.);
#5612=EDGE_CURVE('',#4649,#4648,#2409,.T.);
#5613=EDGE_CURVE('',#4650,#4649,#2410,.T.);
#5614=EDGE_CURVE('',#4627,#4650,#2411,.T.);
#5615=EDGE_CURVE('',#4651,#4652,#2412,.T.);
#5616=EDGE_CURVE('',#4653,#4652,#2413,.T.);
#5617=EDGE_CURVE('',#4654,#4653,#2414,.T.);
#5618=EDGE_CURVE('',#4654,#4651,#2415,.T.);
#5619=EDGE_CURVE('',#4655,#4656,#2416,.T.);
#5620=EDGE_CURVE('',#4656,#4657,#2417,.T.);
#5621=EDGE_CURVE('',#4658,#4657,#2418,.T.);
#5622=EDGE_CURVE('',#4655,#4658,#2419,.T.);
#5623=EDGE_CURVE('',#4659,#4660,#2420,.T.);
#5624=EDGE_CURVE('',#4660,#4661,#2421,.T.);
#5625=EDGE_CURVE('',#4662,#4661,#2422,.T.);
#5626=EDGE_CURVE('',#4659,#4662,#2423,.T.);
#5627=EDGE_CURVE('',#4663,#4664,#2424,.T.);
#5628=EDGE_CURVE('',#4665,#4664,#2425,.T.);
#5629=EDGE_CURVE('',#4666,#4665,#2426,.T.);
#5630=EDGE_CURVE('',#4666,#4663,#2427,.T.);
#5631=EDGE_CURVE('',#4628,#4667,#2428,.T.);
#5632=EDGE_CURVE('',#4667,#4668,#2429,.T.);
#5633=EDGE_CURVE('',#4668,#4669,#2430,.T.);
#5634=EDGE_CURVE('',#4669,#4670,#2431,.T.);
#5635=EDGE_CURVE('',#4670,#4671,#2432,.T.);
#5636=EDGE_CURVE('',#4671,#4672,#2433,.T.);
#5637=EDGE_CURVE('',#4672,#4673,#2434,.T.);
#5638=EDGE_CURVE('',#4673,#4674,#2435,.T.);
#5639=EDGE_CURVE('',#4674,#4675,#2436,.T.);
#5640=EDGE_CURVE('',#4675,#4676,#2437,.T.);
#5641=EDGE_CURVE('',#4676,#4677,#2438,.T.);
#5642=EDGE_CURVE('',#4677,#4678,#2439,.T.);
#5643=EDGE_CURVE('',#4678,#4679,#2440,.T.);
#5644=EDGE_CURVE('',#4679,#4680,#2441,.T.);
#5645=EDGE_CURVE('',#4680,#4681,#2442,.T.);
#5646=EDGE_CURVE('',#4681,#4682,#2443,.T.);
#5647=EDGE_CURVE('',#4682,#4683,#2444,.T.);
#5648=EDGE_CURVE('',#4683,#4684,#2445,.T.);
#5649=EDGE_CURVE('',#4684,#4685,#2446,.T.);
#5650=EDGE_CURVE('',#4685,#4686,#2447,.T.);
#5651=EDGE_CURVE('',#4686,#4687,#2448,.T.);
#5652=EDGE_CURVE('',#4687,#4688,#2449,.T.);
#5653=EDGE_CURVE('',#4688,#4626,#2450,.T.);
#5654=EDGE_CURVE('',#4689,#4690,#2451,.T.);
#5655=EDGE_CURVE('',#4691,#4689,#2452,.T.);
#5656=EDGE_CURVE('',#4691,#4692,#2453,.T.);
#5657=EDGE_CURVE('',#4692,#4690,#2454,.T.);
#5658=EDGE_CURVE('',#4693,#4694,#2455,.T.);
#5659=EDGE_CURVE('',#4693,#4695,#2456,.T.);
#5660=EDGE_CURVE('',#4695,#4696,#2457,.T.);
#5661=EDGE_CURVE('',#4694,#4696,#2458,.T.);
#5662=EDGE_CURVE('',#4697,#4698,#2459,.T.);
#5663=EDGE_CURVE('',#4697,#4699,#2460,.T.);
#5664=EDGE_CURVE('',#4699,#4700,#2461,.T.);
#5665=EDGE_CURVE('',#4698,#4700,#2462,.T.);
#5666=EDGE_CURVE('',#4701,#4702,#2463,.T.);
#5667=EDGE_CURVE('',#4703,#4701,#2464,.T.);
#5668=EDGE_CURVE('',#4703,#4704,#2465,.T.);
#5669=EDGE_CURVE('',#4704,#4702,#2466,.T.);
#5670=EDGE_CURVE('',#4629,#4688,#2467,.T.);
#5671=EDGE_CURVE('',#4650,#4667,#2468,.T.);
#5672=EDGE_CURVE('',#4630,#4687,#2469,.T.);
#5673=EDGE_CURVE('',#4649,#4668,#2470,.T.);
#5674=EDGE_CURVE('',#4631,#4686,#2471,.T.);
#5675=EDGE_CURVE('',#4648,#4669,#2472,.T.);
#5676=EDGE_CURVE('',#4632,#4685,#2473,.T.);
#5677=EDGE_CURVE('',#4647,#4670,#2474,.T.);
#5678=EDGE_CURVE('',#4633,#4684,#2475,.T.);
#5679=EDGE_CURVE('',#4646,#4671,#2476,.T.);
#5680=EDGE_CURVE('',#4634,#4683,#2477,.T.);
#5681=EDGE_CURVE('',#4645,#4672,#2478,.T.);
#5682=EDGE_CURVE('',#4635,#4682,#2479,.T.);
#5683=EDGE_CURVE('',#4644,#4673,#2480,.T.);
#5684=EDGE_CURVE('',#4636,#4681,#2481,.T.);
#5685=EDGE_CURVE('',#4643,#4674,#2482,.T.);
#5686=EDGE_CURVE('',#4637,#4680,#2483,.T.);
#5687=EDGE_CURVE('',#4642,#4675,#2484,.T.);
#5688=EDGE_CURVE('',#4638,#4679,#2485,.T.);
#5689=EDGE_CURVE('',#4641,#4676,#2486,.T.);
#5690=EDGE_CURVE('',#4639,#4678,#2487,.T.);
#5691=EDGE_CURVE('',#4640,#4677,#2488,.T.);
#5692=EDGE_CURVE('',#4705,#4651,#2489,.T.);
#5693=EDGE_CURVE('',#4706,#4705,#2490,.T.);
#5694=EDGE_CURVE('',#4706,#4652,#2491,.T.);
#5695=EDGE_CURVE('',#4707,#4653,#2492,.T.);
#5696=EDGE_CURVE('',#4707,#4706,#2493,.T.);
#5697=EDGE_CURVE('',#4708,#4654,#2494,.T.);
#5698=EDGE_CURVE('',#4707,#4708,#2495,.T.);
#5699=EDGE_CURVE('',#4708,#4705,#2496,.T.);
#5700=EDGE_CURVE('',#4709,#4655,#2497,.T.);
#5701=EDGE_CURVE('',#4709,#4710,#2498,.T.);
#5702=EDGE_CURVE('',#4710,#4656,#2499,.T.);
#5703=EDGE_CURVE('',#4711,#4710,#2500,.T.);
#5704=EDGE_CURVE('',#4711,#4657,#2501,.T.);
#5705=EDGE_CURVE('',#4712,#4658,#2502,.T.);
#5706=EDGE_CURVE('',#4712,#4711,#2503,.T.);
#5707=EDGE_CURVE('',#4712,#4709,#2504,.T.);
#5708=EDGE_CURVE('',#4713,#4659,#2505,.T.);
#5709=EDGE_CURVE('',#4713,#4714,#2506,.T.);
#5710=EDGE_CURVE('',#4714,#4660,#2507,.T.);
#5711=EDGE_CURVE('',#4715,#4714,#2508,.T.);
#5712=EDGE_CURVE('',#4715,#4661,#2509,.T.);
#5713=EDGE_CURVE('',#4716,#4662,#2510,.T.);
#5714=EDGE_CURVE('',#4716,#4715,#2511,.T.);
#5715=EDGE_CURVE('',#4716,#4713,#2512,.T.);
#5716=EDGE_CURVE('',#4717,#4663,#2513,.T.);
#5717=EDGE_CURVE('',#4718,#4717,#2514,.T.);
#5718=EDGE_CURVE('',#4718,#4664,#2515,.T.);
#5719=EDGE_CURVE('',#4719,#4665,#2516,.T.);
#5720=EDGE_CURVE('',#4719,#4718,#2517,.T.);
#5721=EDGE_CURVE('',#4720,#4666,#2518,.T.);
#5722=EDGE_CURVE('',#4719,#4720,#2519,.T.);
#5723=EDGE_CURVE('',#4720,#4717,#2520,.T.);
#5724=EDGE_CURVE('',#4689,#4721,#2521,.T.);
#5725=EDGE_CURVE('',#4690,#4722,#2522,.T.);
#5726=EDGE_CURVE('',#4722,#4721,#2523,.T.);
#5727=EDGE_CURVE('',#4692,#4723,#2524,.T.);
#5728=EDGE_CURVE('',#4723,#4722,#2525,.T.);
#5729=EDGE_CURVE('',#4691,#4724,#2526,.T.);
#5730=EDGE_CURVE('',#4723,#4724,#2527,.T.);
#5731=EDGE_CURVE('',#4724,#4721,#2528,.T.);
#5732=EDGE_CURVE('',#4693,#4725,#2529,.T.);
#5733=EDGE_CURVE('',#4694,#4726,#2530,.T.);
#5734=EDGE_CURVE('',#4725,#4726,#2531,.T.);
#5735=EDGE_CURVE('',#4696,#4727,#2532,.T.);
#5736=EDGE_CURVE('',#4727,#4726,#2533,.T.);
#5737=EDGE_CURVE('',#4695,#4728,#2534,.T.);
#5738=EDGE_CURVE('',#4728,#4727,#2535,.T.);
#5739=EDGE_CURVE('',#4728,#4725,#2536,.T.);
#5740=EDGE_CURVE('',#4697,#4729,#2537,.T.);
#5741=EDGE_CURVE('',#4698,#4730,#2538,.T.);
#5742=EDGE_CURVE('',#4729,#4730,#2539,.T.);
#5743=EDGE_CURVE('',#4700,#4731,#2540,.T.);
#5744=EDGE_CURVE('',#4731,#4730,#2541,.T.);
#5745=EDGE_CURVE('',#4699,#4732,#2542,.T.);
#5746=EDGE_CURVE('',#4732,#4731,#2543,.T.);
#5747=EDGE_CURVE('',#4732,#4729,#2544,.T.);
#5748=EDGE_CURVE('',#4701,#4733,#2545,.T.);
#5749=EDGE_CURVE('',#4702,#4734,#2546,.T.);
#5750=EDGE_CURVE('',#4734,#4733,#2547,.T.);
#5751=EDGE_CURVE('',#4704,#4735,#2548,.T.);
#5752=EDGE_CURVE('',#4735,#4734,#2549,.T.);
#5753=EDGE_CURVE('',#4703,#4736,#2550,.T.);
#5754=EDGE_CURVE('',#4735,#4736,#2551,.T.);
#5755=EDGE_CURVE('',#4736,#4733,#2552,.T.);
#5756=EDGE_CURVE('',#4706,#4737,#2553,.T.);
#5757=EDGE_CURVE('',#4705,#4738,#2554,.T.);
#5758=EDGE_CURVE('',#4737,#4738,#2555,.T.);
#5759=EDGE_CURVE('',#4707,#4739,#2556,.T.);
#5760=EDGE_CURVE('',#4739,#4737,#2557,.T.);
#5761=EDGE_CURVE('',#4739,#4740,#2558,.T.);
#5762=EDGE_CURVE('',#4708,#4740,#2559,.T.);
#5763=EDGE_CURVE('',#4740,#4738,#2560,.T.);
#5764=EDGE_CURVE('',#4709,#4741,#2561,.T.);
#5765=EDGE_CURVE('',#4741,#4742,#2562,.T.);
#5766=EDGE_CURVE('',#4710,#4742,#2563,.T.);
#5767=EDGE_CURVE('',#4711,#4743,#2564,.T.);
#5768=EDGE_CURVE('',#4743,#4742,#2565,.T.);
#5769=EDGE_CURVE('',#4712,#4744,#2566,.T.);
#5770=EDGE_CURVE('',#4744,#4743,#2567,.T.);
#5771=EDGE_CURVE('',#4744,#4741,#2568,.T.);
#5772=EDGE_CURVE('',#4713,#4745,#2569,.T.);
#5773=EDGE_CURVE('',#4745,#4746,#2570,.T.);
#5774=EDGE_CURVE('',#4714,#4746,#2571,.T.);
#5775=EDGE_CURVE('',#4715,#4747,#2572,.T.);
#5776=EDGE_CURVE('',#4747,#4746,#2573,.T.);
#5777=EDGE_CURVE('',#4716,#4748,#2574,.T.);
#5778=EDGE_CURVE('',#4748,#4747,#2575,.T.);
#5779=EDGE_CURVE('',#4748,#4745,#2576,.T.);
#5780=EDGE_CURVE('',#4718,#4749,#2577,.T.);
#5781=EDGE_CURVE('',#4717,#4750,#2578,.T.);
#5782=EDGE_CURVE('',#4749,#4750,#2579,.T.);
#5783=EDGE_CURVE('',#4719,#4751,#2580,.T.);
#5784=EDGE_CURVE('',#4751,#4749,#2581,.T.);
#5785=EDGE_CURVE('',#4751,#4752,#2582,.T.);
#5786=EDGE_CURVE('',#4720,#4752,#2583,.T.);
#5787=EDGE_CURVE('',#4752,#4750,#2584,.T.);
#5788=EDGE_CURVE('',#4722,#4753,#2585,.T.);
#5789=EDGE_CURVE('',#4753,#4754,#2586,.T.);
#5790=EDGE_CURVE('',#4721,#4754,#2587,.T.);
#5791=EDGE_CURVE('',#4723,#4755,#2588,.T.);
#5792=EDGE_CURVE('',#4755,#4753,#2589,.T.);
#5793=EDGE_CURVE('',#4724,#4756,#2590,.T.);
#5794=EDGE_CURVE('',#4755,#4756,#2591,.T.);
#5795=EDGE_CURVE('',#4756,#4754,#2592,.T.);
#5796=EDGE_CURVE('',#4725,#4757,#2593,.T.);
#5797=EDGE_CURVE('',#4726,#4758,#2594,.T.);
#5798=EDGE_CURVE('',#4757,#4758,#2595,.T.);
#5799=EDGE_CURVE('',#4727,#4759,#2596,.T.);
#5800=EDGE_CURVE('',#4759,#4758,#2597,.T.);
#5801=EDGE_CURVE('',#4728,#4760,#2598,.T.);
#5802=EDGE_CURVE('',#4760,#4759,#2599,.T.);
#5803=EDGE_CURVE('',#4760,#4757,#2600,.T.);
#5804=EDGE_CURVE('',#4729,#4761,#2601,.T.);
#5805=EDGE_CURVE('',#4730,#4762,#2602,.T.);
#5806=EDGE_CURVE('',#4761,#4762,#2603,.T.);
#5807=EDGE_CURVE('',#4731,#4763,#2604,.T.);
#5808=EDGE_CURVE('',#4763,#4762,#2605,.T.);
#5809=EDGE_CURVE('',#4732,#4764,#2606,.T.);
#5810=EDGE_CURVE('',#4764,#4763,#2607,.T.);
#5811=EDGE_CURVE('',#4764,#4761,#2608,.T.);
#5812=EDGE_CURVE('',#4734,#4765,#2609,.T.);
#5813=EDGE_CURVE('',#4765,#4766,#2610,.T.);
#5814=EDGE_CURVE('',#4733,#4766,#2611,.T.);
#5815=EDGE_CURVE('',#4735,#4767,#2612,.T.);
#5816=EDGE_CURVE('',#4767,#4765,#2613,.T.);
#5817=EDGE_CURVE('',#4736,#4768,#2614,.T.);
#5818=EDGE_CURVE('',#4767,#4768,#2615,.T.);
#5819=EDGE_CURVE('',#4768,#4766,#2616,.T.);
#5820=EDGE_CURVE('',#4769,#4770,#2617,.T.);
#5821=EDGE_CURVE('',#4769,#4771,#2618,.T.);
#5822=EDGE_CURVE('',#4771,#4772,#2619,.T.);
#5823=EDGE_CURVE('',#4770,#4772,#2620,.T.);
#5824=EDGE_CURVE('',#4773,#4774,#2621,.T.);
#5825=EDGE_CURVE('',#4773,#4769,#2622,.T.);
#5826=EDGE_CURVE('',#4774,#4770,#2623,.T.);
#5827=EDGE_CURVE('',#4771,#4775,#2624,.T.);
#5828=EDGE_CURVE('',#4775,#4776,#2625,.T.);
#5829=EDGE_CURVE('',#4772,#4776,#2626,.T.);
#5830=EDGE_CURVE('',#4777,#4773,#2627,.T.);
#5831=EDGE_CURVE('',#4778,#4777,#2628,.T.);
#5832=EDGE_CURVE('',#4779,#4778,#2629,.T.);
#5833=EDGE_CURVE('',#4780,#4779,#2630,.T.);
#5834=EDGE_CURVE('',#4781,#4780,#2631,.T.);
#5835=EDGE_CURVE('',#4782,#4781,#2632,.T.);
#5836=EDGE_CURVE('',#4783,#4782,#2633,.T.);
#5837=EDGE_CURVE('',#4784,#4783,#2634,.T.);
#5838=EDGE_CURVE('',#4785,#4784,#2635,.T.);
#5839=EDGE_CURVE('',#4786,#4785,#2636,.T.);
#5840=EDGE_CURVE('',#4787,#4786,#2637,.T.);
#5841=EDGE_CURVE('',#4788,#4787,#2638,.T.);
#5842=EDGE_CURVE('',#4789,#4788,#2639,.T.);
#5843=EDGE_CURVE('',#4790,#4789,#2640,.T.);
#5844=EDGE_CURVE('',#4791,#4790,#2641,.T.);
#5845=EDGE_CURVE('',#4792,#4791,#2642,.T.);
#5846=EDGE_CURVE('',#4793,#4792,#2643,.T.);
#5847=EDGE_CURVE('',#4794,#4793,#2644,.T.);
#5848=EDGE_CURVE('',#4795,#4794,#2645,.T.);
#5849=EDGE_CURVE('',#4796,#4795,#2646,.T.);
#5850=EDGE_CURVE('',#4797,#4796,#2647,.T.);
#5851=EDGE_CURVE('',#4798,#4797,#2648,.T.);
#5852=EDGE_CURVE('',#4799,#4798,#2649,.T.);
#5853=EDGE_CURVE('',#4800,#4799,#2650,.T.);
#5854=EDGE_CURVE('',#4801,#4800,#2651,.T.);
#5855=EDGE_CURVE('',#4802,#4801,#2652,.T.);
#5856=EDGE_CURVE('',#4803,#4802,#2653,.T.);
#5857=EDGE_CURVE('',#4804,#4803,#2654,.T.);
#5858=EDGE_CURVE('',#4805,#4804,#2655,.T.);
#5859=EDGE_CURVE('',#4806,#4805,#2656,.T.);
#5860=EDGE_CURVE('',#4807,#4806,#2657,.T.);
#5861=EDGE_CURVE('',#4808,#4807,#2658,.T.);
#5862=EDGE_CURVE('',#4809,#4808,#2659,.T.);
#5863=EDGE_CURVE('',#4810,#4809,#2660,.T.);
#5864=EDGE_CURVE('',#4811,#4810,#2661,.T.);
#5865=EDGE_CURVE('',#4812,#4811,#2662,.T.);
#5866=EDGE_CURVE('',#4813,#4812,#2663,.T.);
#5867=EDGE_CURVE('',#4814,#4813,#2664,.T.);
#5868=EDGE_CURVE('',#4815,#4814,#2665,.T.);
#5869=EDGE_CURVE('',#4816,#4815,#2666,.T.);
#5870=EDGE_CURVE('',#4817,#4816,#2667,.T.);
#5871=EDGE_CURVE('',#4818,#4817,#2668,.T.);
#5872=EDGE_CURVE('',#4819,#4818,#2669,.T.);
#5873=EDGE_CURVE('',#4820,#4819,#2670,.T.);
#5874=EDGE_CURVE('',#4821,#4820,#2671,.T.);
#5875=EDGE_CURVE('',#4822,#4821,#2672,.T.);
#5876=EDGE_CURVE('',#4823,#4822,#2673,.T.);
#5877=EDGE_CURVE('',#4824,#4823,#2674,.T.);
#5878=EDGE_CURVE('',#4825,#4824,#2675,.T.);
#5879=EDGE_CURVE('',#4826,#4825,#2676,.T.);
#5880=EDGE_CURVE('',#4827,#4826,#2677,.T.);
#5881=EDGE_CURVE('',#4828,#4827,#2678,.T.);
#5882=EDGE_CURVE('',#4829,#4828,#2679,.T.);
#5883=EDGE_CURVE('',#4830,#4829,#2680,.T.);
#5884=EDGE_CURVE('',#4831,#4830,#2681,.T.);
#5885=EDGE_CURVE('',#4832,#4831,#2682,.T.);
#5886=EDGE_CURVE('',#4833,#4832,#2683,.T.);
#5887=EDGE_CURVE('',#4834,#4833,#2684,.T.);
#5888=EDGE_CURVE('',#4775,#4834,#2685,.T.);
#5889=EDGE_CURVE('',#4835,#4836,#2686,.T.);
#5890=EDGE_CURVE('',#4836,#4837,#2687,.T.);
#5891=EDGE_CURVE('',#4838,#4837,#2688,.T.);
#5892=EDGE_CURVE('',#4835,#4838,#2689,.T.);
#5893=EDGE_CURVE('',#4839,#4840,#2690,.T.);
#5894=EDGE_CURVE('',#4840,#4841,#2691,.T.);
#5895=EDGE_CURVE('',#4842,#4841,#2692,.T.);
#5896=EDGE_CURVE('',#4839,#4842,#2693,.T.);
#5897=EDGE_CURVE('',#4843,#4844,#2694,.T.);
#5898=EDGE_CURVE('',#4844,#4845,#2695,.T.);
#5899=EDGE_CURVE('',#4846,#4845,#2696,.T.);
#5900=EDGE_CURVE('',#4843,#4846,#2697,.T.);
#5901=EDGE_CURVE('',#4847,#4848,#2698,.T.);
#5902=EDGE_CURVE('',#4847,#4849,#2699,.T.);
#5903=EDGE_CURVE('',#4849,#4850,#2700,.T.);
#5904=EDGE_CURVE('',#4848,#4850,#2701,.T.);
#5905=EDGE_CURVE('',#4851,#4852,#2702,.T.);
#5906=EDGE_CURVE('',#4852,#4853,#2703,.T.);
#5907=EDGE_CURVE('',#4854,#4853,#2704,.T.);
#5908=EDGE_CURVE('',#4851,#4854,#2705,.T.);
#5909=EDGE_CURVE('',#4855,#4856,#2706,.T.);
#5910=EDGE_CURVE('',#4856,#4857,#2707,.T.);
#5911=EDGE_CURVE('',#4858,#4857,#2708,.T.);
#5912=EDGE_CURVE('',#4855,#4858,#2709,.T.);
#5913=EDGE_CURVE('',#4859,#4860,#2710,.T.);
#5914=EDGE_CURVE('',#4859,#4861,#2711,.T.);
#5915=EDGE_CURVE('',#4861,#4862,#2712,.T.);
#5916=EDGE_CURVE('',#4860,#4862,#2713,.T.);
#5917=EDGE_CURVE('',#4863,#4864,#2714,.T.);
#5918=EDGE_CURVE('',#4863,#4865,#2715,.T.);
#5919=EDGE_CURVE('',#4865,#4866,#2716,.T.);
#5920=EDGE_CURVE('',#4864,#4866,#2717,.T.);
#5921=EDGE_CURVE('',#4867,#4868,#2718,.T.);
#5922=EDGE_CURVE('',#4868,#4869,#2719,.T.);
#5923=EDGE_CURVE('',#4870,#4869,#2720,.T.);
#5924=EDGE_CURVE('',#4867,#4870,#2721,.T.);
#5925=EDGE_CURVE('',#4871,#4872,#2722,.T.);
#5926=EDGE_CURVE('',#4872,#4873,#2723,.T.);
#5927=EDGE_CURVE('',#4874,#4873,#2724,.T.);
#5928=EDGE_CURVE('',#4871,#4874,#2725,.T.);
#5929=EDGE_CURVE('',#4776,#4875,#2726,.T.);
#5930=EDGE_CURVE('',#4875,#4876,#2727,.T.);
#5931=EDGE_CURVE('',#4876,#4877,#2728,.T.);
#5932=EDGE_CURVE('',#4877,#4878,#2729,.T.);
#5933=EDGE_CURVE('',#4878,#4879,#2730,.T.);
#5934=EDGE_CURVE('',#4879,#4880,#2731,.T.);
#5935=EDGE_CURVE('',#4880,#4881,#2732,.T.);
#5936=EDGE_CURVE('',#4881,#4882,#2733,.T.);
#5937=EDGE_CURVE('',#4882,#4883,#2734,.T.);
#5938=EDGE_CURVE('',#4883,#4884,#2735,.T.);
#5939=EDGE_CURVE('',#4884,#4885,#2736,.T.);
#5940=EDGE_CURVE('',#4885,#4886,#2737,.T.);
#5941=EDGE_CURVE('',#4886,#4887,#2738,.T.);
#5942=EDGE_CURVE('',#4887,#4888,#2739,.T.);
#5943=EDGE_CURVE('',#4888,#4889,#2740,.T.);
#5944=EDGE_CURVE('',#4889,#4890,#2741,.T.);
#5945=EDGE_CURVE('',#4890,#4891,#2742,.T.);
#5946=EDGE_CURVE('',#4891,#4892,#2743,.T.);
#5947=EDGE_CURVE('',#4892,#4893,#2744,.T.);
#5948=EDGE_CURVE('',#4893,#4894,#2745,.T.);
#5949=EDGE_CURVE('',#4894,#4895,#2746,.T.);
#5950=EDGE_CURVE('',#4895,#4896,#2747,.T.);
#5951=EDGE_CURVE('',#4896,#4897,#2748,.T.);
#5952=EDGE_CURVE('',#4897,#4898,#2749,.T.);
#5953=EDGE_CURVE('',#4898,#4899,#2750,.T.);
#5954=EDGE_CURVE('',#4899,#4900,#2751,.T.);
#5955=EDGE_CURVE('',#4900,#4901,#2752,.T.);
#5956=EDGE_CURVE('',#4901,#4902,#2753,.T.);
#5957=EDGE_CURVE('',#4902,#4903,#2754,.T.);
#5958=EDGE_CURVE('',#4903,#4904,#2755,.T.);
#5959=EDGE_CURVE('',#4904,#4905,#2756,.T.);
#5960=EDGE_CURVE('',#4905,#4906,#2757,.T.);
#5961=EDGE_CURVE('',#4906,#4907,#2758,.T.);
#5962=EDGE_CURVE('',#4907,#4908,#2759,.T.);
#5963=EDGE_CURVE('',#4908,#4909,#2760,.T.);
#5964=EDGE_CURVE('',#4909,#4910,#2761,.T.);
#5965=EDGE_CURVE('',#4910,#4911,#2762,.T.);
#5966=EDGE_CURVE('',#4911,#4912,#2763,.T.);
#5967=EDGE_CURVE('',#4912,#4913,#2764,.T.);
#5968=EDGE_CURVE('',#4913,#4914,#2765,.T.);
#5969=EDGE_CURVE('',#4914,#4915,#2766,.T.);
#5970=EDGE_CURVE('',#4915,#4916,#2767,.T.);
#5971=EDGE_CURVE('',#4916,#4917,#2768,.T.);
#5972=EDGE_CURVE('',#4917,#4918,#2769,.T.);
#5973=EDGE_CURVE('',#4918,#4919,#2770,.T.);
#5974=EDGE_CURVE('',#4919,#4920,#2771,.T.);
#5975=EDGE_CURVE('',#4920,#4921,#2772,.T.);
#5976=EDGE_CURVE('',#4921,#4922,#2773,.T.);
#5977=EDGE_CURVE('',#4922,#4923,#2774,.T.);
#5978=EDGE_CURVE('',#4923,#4924,#2775,.T.);
#5979=EDGE_CURVE('',#4924,#4925,#2776,.T.);
#5980=EDGE_CURVE('',#4925,#4926,#2777,.T.);
#5981=EDGE_CURVE('',#4926,#4927,#2778,.T.);
#5982=EDGE_CURVE('',#4927,#4928,#2779,.T.);
#5983=EDGE_CURVE('',#4928,#4929,#2780,.T.);
#5984=EDGE_CURVE('',#4929,#4930,#2781,.T.);
#5985=EDGE_CURVE('',#4930,#4931,#2782,.T.);
#5986=EDGE_CURVE('',#4931,#4932,#2783,.T.);
#5987=EDGE_CURVE('',#4932,#4774,#2784,.T.);
#5988=EDGE_CURVE('',#4933,#4934,#2785,.T.);
#5989=EDGE_CURVE('',#4933,#4935,#2786,.T.);
#5990=EDGE_CURVE('',#4935,#4936,#2787,.T.);
#5991=EDGE_CURVE('',#4934,#4936,#2788,.T.);
#5992=EDGE_CURVE('',#4937,#4938,#2789,.T.);
#5993=EDGE_CURVE('',#4937,#4939,#2790,.T.);
#5994=EDGE_CURVE('',#4939,#4940,#2791,.T.);
#5995=EDGE_CURVE('',#4938,#4940,#2792,.T.);
#5996=EDGE_CURVE('',#4941,#4942,#2793,.T.);
#5997=EDGE_CURVE('',#4941,#4943,#2794,.T.);
#5998=EDGE_CURVE('',#4943,#4944,#2795,.T.);
#5999=EDGE_CURVE('',#4942,#4944,#2796,.T.);
#6000=EDGE_CURVE('',#4945,#4946,#2797,.T.);
#6001=EDGE_CURVE('',#4946,#4947,#2798,.T.);
#6002=EDGE_CURVE('',#4948,#4947,#2799,.T.);
#6003=EDGE_CURVE('',#4945,#4948,#2800,.T.);
#6004=EDGE_CURVE('',#4949,#4950,#2801,.T.);
#6005=EDGE_CURVE('',#4949,#4951,#2802,.T.);
#6006=EDGE_CURVE('',#4951,#4952,#2803,.T.);
#6007=EDGE_CURVE('',#4950,#4952,#2804,.T.);
#6008=EDGE_CURVE('',#4953,#4954,#2805,.T.);
#6009=EDGE_CURVE('',#4953,#4955,#2806,.T.);
#6010=EDGE_CURVE('',#4955,#4956,#2807,.T.);
#6011=EDGE_CURVE('',#4954,#4956,#2808,.T.);
#6012=EDGE_CURVE('',#4957,#4958,#2809,.T.);
#6013=EDGE_CURVE('',#4958,#4959,#2810,.T.);
#6014=EDGE_CURVE('',#4960,#4959,#2811,.T.);
#6015=EDGE_CURVE('',#4957,#4960,#2812,.T.);
#6016=EDGE_CURVE('',#4961,#4962,#2813,.T.);
#6017=EDGE_CURVE('',#4962,#4963,#2814,.T.);
#6018=EDGE_CURVE('',#4964,#4963,#2815,.T.);
#6019=EDGE_CURVE('',#4961,#4964,#2816,.T.);
#6020=EDGE_CURVE('',#4965,#4966,#2817,.T.);
#6021=EDGE_CURVE('',#4965,#4967,#2818,.T.);
#6022=EDGE_CURVE('',#4967,#4968,#2819,.T.);
#6023=EDGE_CURVE('',#4966,#4968,#2820,.T.);
#6024=EDGE_CURVE('',#4969,#4970,#2821,.T.);
#6025=EDGE_CURVE('',#4969,#4971,#2822,.T.);
#6026=EDGE_CURVE('',#4971,#4972,#2823,.T.);
#6027=EDGE_CURVE('',#4970,#4972,#2824,.T.);
#6028=EDGE_CURVE('',#4777,#4932,#2825,.T.);
#6029=EDGE_CURVE('',#4834,#4875,#2826,.T.);
#6030=EDGE_CURVE('',#4778,#4931,#2827,.T.);
#6031=EDGE_CURVE('',#4833,#4876,#2828,.T.);
#6032=EDGE_CURVE('',#4779,#4930,#2829,.T.);
#6033=EDGE_CURVE('',#4832,#4877,#2830,.T.);
#6034=EDGE_CURVE('',#4780,#4929,#2831,.T.);
#6035=EDGE_CURVE('',#4831,#4878,#2832,.T.);
#6036=EDGE_CURVE('',#4781,#4928,#2833,.T.);
#6037=EDGE_CURVE('',#4830,#4879,#2834,.T.);
#6038=EDGE_CURVE('',#4782,#4927,#2835,.T.);
#6039=EDGE_CURVE('',#4829,#4880,#2836,.T.);
#6040=EDGE_CURVE('',#4783,#4926,#2837,.T.);
#6041=EDGE_CURVE('',#4828,#4881,#2838,.T.);
#6042=EDGE_CURVE('',#4784,#4925,#2839,.T.);
#6043=EDGE_CURVE('',#4827,#4882,#2840,.T.);
#6044=EDGE_CURVE('',#4785,#4924,#2841,.T.);
#6045=EDGE_CURVE('',#4826,#4883,#2842,.T.);
#6046=EDGE_CURVE('',#4786,#4923,#2843,.T.);
#6047=EDGE_CURVE('',#4825,#4884,#2844,.T.);
#6048=EDGE_CURVE('',#4787,#4922,#2845,.T.);
#6049=EDGE_CURVE('',#4824,#4885,#2846,.T.);
#6050=EDGE_CURVE('',#4788,#4921,#2847,.T.);
#6051=EDGE_CURVE('',#4823,#4886,#2848,.T.);
#6052=EDGE_CURVE('',#4789,#4920,#2849,.T.);
#6053=EDGE_CURVE('',#4822,#4887,#2850,.T.);
#6054=EDGE_CURVE('',#4790,#4919,#2851,.T.);
#6055=EDGE_CURVE('',#4821,#4888,#2852,.T.);
#6056=EDGE_CURVE('',#4791,#4918,#2853,.T.);
#6057=EDGE_CURVE('',#4820,#4889,#2854,.T.);
#6058=EDGE_CURVE('',#4792,#4917,#2855,.T.);
#6059=EDGE_CURVE('',#4819,#4890,#2856,.T.);
#6060=EDGE_CURVE('',#4793,#4916,#2857,.T.);
#6061=EDGE_CURVE('',#4818,#4891,#2858,.T.);
#6062=EDGE_CURVE('',#4794,#4915,#2859,.T.);
#6063=EDGE_CURVE('',#4817,#4892,#2860,.T.);
#6064=EDGE_CURVE('',#4795,#4914,#2861,.T.);
#6065=EDGE_CURVE('',#4816,#4893,#2862,.T.);
#6066=EDGE_CURVE('',#4796,#4913,#2863,.T.);
#6067=EDGE_CURVE('',#4815,#4894,#2864,.T.);
#6068=EDGE_CURVE('',#4797,#4912,#2865,.T.);
#6069=EDGE_CURVE('',#4814,#4895,#2866,.T.);
#6070=EDGE_CURVE('',#4798,#4911,#2867,.T.);
#6071=EDGE_CURVE('',#4813,#4896,#2868,.T.);
#6072=EDGE_CURVE('',#4799,#4910,#2869,.T.);
#6073=EDGE_CURVE('',#4812,#4897,#2870,.T.);
#6074=EDGE_CURVE('',#4800,#4909,#2871,.T.);
#6075=EDGE_CURVE('',#4811,#4898,#2872,.T.);
#6076=EDGE_CURVE('',#4801,#4908,#2873,.T.);
#6077=EDGE_CURVE('',#4810,#4899,#2874,.T.);
#6078=EDGE_CURVE('',#4802,#4907,#2875,.T.);
#6079=EDGE_CURVE('',#4809,#4900,#2876,.T.);
#6080=EDGE_CURVE('',#4803,#4906,#2877,.T.);
#6081=EDGE_CURVE('',#4808,#4901,#2878,.T.);
#6082=EDGE_CURVE('',#4804,#4905,#2879,.T.);
#6083=EDGE_CURVE('',#4807,#4902,#2880,.T.);
#6084=EDGE_CURVE('',#4805,#4904,#2881,.T.);
#6085=EDGE_CURVE('',#4806,#4903,#2882,.T.);
#6086=EDGE_CURVE('',#4973,#4835,#2883,.T.);
#6087=EDGE_CURVE('',#4973,#4974,#2884,.T.);
#6088=EDGE_CURVE('',#4974,#4836,#2885,.T.);
#6089=EDGE_CURVE('',#4975,#4974,#2886,.T.);
#6090=EDGE_CURVE('',#4975,#4837,#2887,.T.);
#6091=EDGE_CURVE('',#4976,#4838,#2888,.T.);
#6092=EDGE_CURVE('',#4976,#4975,#2889,.T.);
#6093=EDGE_CURVE('',#4976,#4973,#2890,.T.);
#6094=EDGE_CURVE('',#4977,#4839,#2891,.T.);
#6095=EDGE_CURVE('',#4977,#4978,#2892,.T.);
#6096=EDGE_CURVE('',#4978,#4840,#2893,.T.);
#6097=EDGE_CURVE('',#4979,#4978,#2894,.T.);
#6098=EDGE_CURVE('',#4979,#4841,#2895,.T.);
#6099=EDGE_CURVE('',#4980,#4842,#2896,.T.);
#6100=EDGE_CURVE('',#4980,#4979,#2897,.T.);
#6101=EDGE_CURVE('',#4980,#4977,#2898,.T.);
#6102=EDGE_CURVE('',#4981,#4843,#2899,.T.);
#6103=EDGE_CURVE('',#4981,#4982,#2900,.T.);
#6104=EDGE_CURVE('',#4982,#4844,#2901,.T.);
#6105=EDGE_CURVE('',#4983,#4982,#2902,.T.);
#6106=EDGE_CURVE('',#4983,#4845,#2903,.T.);
#6107=EDGE_CURVE('',#4984,#4846,#2904,.T.);
#6108=EDGE_CURVE('',#4984,#4983,#2905,.T.);
#6109=EDGE_CURVE('',#4984,#4981,#2906,.T.);
#6110=EDGE_CURVE('',#4985,#4847,#2907,.T.);
#6111=EDGE_CURVE('',#4986,#4848,#2908,.T.);
#6112=EDGE_CURVE('',#4986,#4985,#2909,.T.);
#6113=EDGE_CURVE('',#4985,#4987,#2910,.T.);
#6114=EDGE_CURVE('',#4987,#4849,#2911,.T.);
#6115=EDGE_CURVE('',#4988,#4987,#2912,.T.);
#6116=EDGE_CURVE('',#4988,#4850,#2913,.T.);
#6117=EDGE_CURVE('',#4986,#4988,#2914,.T.);
#6118=EDGE_CURVE('',#4989,#4851,#2915,.T.);
#6119=EDGE_CURVE('',#4989,#4990,#2916,.T.);
#6120=EDGE_CURVE('',#4990,#4852,#2917,.T.);
#6121=EDGE_CURVE('',#4991,#4990,#2918,.T.);
#6122=EDGE_CURVE('',#4991,#4853,#2919,.T.);
#6123=EDGE_CURVE('',#4992,#4854,#2920,.T.);
#6124=EDGE_CURVE('',#4992,#4991,#2921,.T.);
#6125=EDGE_CURVE('',#4992,#4989,#2922,.T.);
#6126=EDGE_CURVE('',#4993,#4855,#2923,.T.);
#6127=EDGE_CURVE('',#4993,#4994,#2924,.T.);
#6128=EDGE_CURVE('',#4994,#4856,#2925,.T.);
#6129=EDGE_CURVE('',#4995,#4994,#2926,.T.);
#6130=EDGE_CURVE('',#4995,#4857,#2927,.T.);
#6131=EDGE_CURVE('',#4996,#4858,#2928,.T.);
#6132=EDGE_CURVE('',#4996,#4995,#2929,.T.);
#6133=EDGE_CURVE('',#4996,#4993,#2930,.T.);
#6134=EDGE_CURVE('',#4997,#4859,#2931,.T.);
#6135=EDGE_CURVE('',#4998,#4860,#2932,.T.);
#6136=EDGE_CURVE('',#4998,#4997,#2933,.T.);
#6137=EDGE_CURVE('',#4997,#4999,#2934,.T.);
#6138=EDGE_CURVE('',#4999,#4861,#2935,.T.);
#6139=EDGE_CURVE('',#5000,#4999,#2936,.T.);
#6140=EDGE_CURVE('',#5000,#4862,#2937,.T.);
#6141=EDGE_CURVE('',#4998,#5000,#2938,.T.);
#6142=EDGE_CURVE('',#5001,#4863,#2939,.T.);
#6143=EDGE_CURVE('',#5002,#4864,#2940,.T.);
#6144=EDGE_CURVE('',#5002,#5001,#2941,.T.);
#6145=EDGE_CURVE('',#5001,#5003,#2942,.T.);
#6146=EDGE_CURVE('',#5003,#4865,#2943,.T.);
#6147=EDGE_CURVE('',#5004,#5003,#2944,.T.);
#6148=EDGE_CURVE('',#5004,#4866,#2945,.T.);
#6149=EDGE_CURVE('',#5002,#5004,#2946,.T.);
#6150=EDGE_CURVE('',#5005,#4867,#2947,.T.);
#6151=EDGE_CURVE('',#5005,#5006,#2948,.T.);
#6152=EDGE_CURVE('',#5006,#4868,#2949,.T.);
#6153=EDGE_CURVE('',#5007,#5006,#2950,.T.);
#6154=EDGE_CURVE('',#5007,#4869,#2951,.T.);
#6155=EDGE_CURVE('',#5008,#4870,#2952,.T.);
#6156=EDGE_CURVE('',#5008,#5007,#2953,.T.);
#6157=EDGE_CURVE('',#5008,#5005,#2954,.T.);
#6158=EDGE_CURVE('',#5009,#4871,#2955,.T.);
#6159=EDGE_CURVE('',#5009,#5010,#2956,.T.);
#6160=EDGE_CURVE('',#5010,#4872,#2957,.T.);
#6161=EDGE_CURVE('',#5011,#5010,#2958,.T.);
#6162=EDGE_CURVE('',#5011,#4873,#2959,.T.);
#6163=EDGE_CURVE('',#5012,#4874,#2960,.T.);
#6164=EDGE_CURVE('',#5012,#5011,#2961,.T.);
#6165=EDGE_CURVE('',#5012,#5009,#2962,.T.);
#6166=EDGE_CURVE('',#4933,#5013,#2963,.T.);
#6167=EDGE_CURVE('',#4934,#5014,#2964,.T.);
#6168=EDGE_CURVE('',#5013,#5014,#2965,.T.);
#6169=EDGE_CURVE('',#4936,#5015,#2966,.T.);
#6170=EDGE_CURVE('',#5015,#5014,#2967,.T.);
#6171=EDGE_CURVE('',#4935,#5016,#2968,.T.);
#6172=EDGE_CURVE('',#5016,#5015,#2969,.T.);
#6173=EDGE_CURVE('',#5016,#5013,#2970,.T.);
#6174=EDGE_CURVE('',#4937,#5017,#2971,.T.);
#6175=EDGE_CURVE('',#4938,#5018,#2972,.T.);
#6176=EDGE_CURVE('',#5017,#5018,#2973,.T.);
#6177=EDGE_CURVE('',#4940,#5019,#2974,.T.);
#6178=EDGE_CURVE('',#5019,#5018,#2975,.T.);
#6179=EDGE_CURVE('',#4939,#5020,#2976,.T.);
#6180=EDGE_CURVE('',#5020,#5019,#2977,.T.);
#6181=EDGE_CURVE('',#5020,#5017,#2978,.T.);
#6182=EDGE_CURVE('',#4941,#5021,#2979,.T.);
#6183=EDGE_CURVE('',#4942,#5022,#2980,.T.);
#6184=EDGE_CURVE('',#5021,#5022,#2981,.T.);
#6185=EDGE_CURVE('',#4944,#5023,#2982,.T.);
#6186=EDGE_CURVE('',#5023,#5022,#2983,.T.);
#6187=EDGE_CURVE('',#4943,#5024,#2984,.T.);
#6188=EDGE_CURVE('',#5024,#5023,#2985,.T.);
#6189=EDGE_CURVE('',#5024,#5021,#2986,.T.);
#6190=EDGE_CURVE('',#4945,#5025,#2987,.T.);
#6191=EDGE_CURVE('',#5026,#5025,#2988,.T.);
#6192=EDGE_CURVE('',#4946,#5026,#2989,.T.);
#6193=EDGE_CURVE('',#4948,#5027,#2990,.T.);
#6194=EDGE_CURVE('',#5025,#5027,#2991,.T.);
#6195=EDGE_CURVE('',#4947,#5028,#2992,.T.);
#6196=EDGE_CURVE('',#5028,#5027,#2993,.T.);
#6197=EDGE_CURVE('',#5026,#5028,#2994,.T.);
#6198=EDGE_CURVE('',#4949,#5029,#2995,.T.);
#6199=EDGE_CURVE('',#4950,#5030,#2996,.T.);
#6200=EDGE_CURVE('',#5029,#5030,#2997,.T.);
#6201=EDGE_CURVE('',#4952,#5031,#2998,.T.);
#6202=EDGE_CURVE('',#5031,#5030,#2999,.T.);
#6203=EDGE_CURVE('',#4951,#5032,#3000,.T.);
#6204=EDGE_CURVE('',#5032,#5031,#3001,.T.);
#6205=EDGE_CURVE('',#5032,#5029,#3002,.T.);
#6206=EDGE_CURVE('',#4953,#5033,#3003,.T.);
#6207=EDGE_CURVE('',#4954,#5034,#3004,.T.);
#6208=EDGE_CURVE('',#5033,#5034,#3005,.T.);
#6209=EDGE_CURVE('',#4956,#5035,#3006,.T.);
#6210=EDGE_CURVE('',#5035,#5034,#3007,.T.);
#6211=EDGE_CURVE('',#4955,#5036,#3008,.T.);
#6212=EDGE_CURVE('',#5036,#5035,#3009,.T.);
#6213=EDGE_CURVE('',#5036,#5033,#3010,.T.);
#6214=EDGE_CURVE('',#4957,#5037,#3011,.T.);
#6215=EDGE_CURVE('',#5038,#5037,#3012,.T.);
#6216=EDGE_CURVE('',#4958,#5038,#3013,.T.);
#6217=EDGE_CURVE('',#4960,#5039,#3014,.T.);
#6218=EDGE_CURVE('',#5037,#5039,#3015,.T.);
#6219=EDGE_CURVE('',#4959,#5040,#3016,.T.);
#6220=EDGE_CURVE('',#5040,#5039,#3017,.T.);
#6221=EDGE_CURVE('',#5038,#5040,#3018,.T.);
#6222=EDGE_CURVE('',#4961,#5041,#3019,.T.);
#6223=EDGE_CURVE('',#5042,#5041,#3020,.T.);
#6224=EDGE_CURVE('',#4962,#5042,#3021,.T.);
#6225=EDGE_CURVE('',#4964,#5043,#3022,.T.);
#6226=EDGE_CURVE('',#5041,#5043,#3023,.T.);
#6227=EDGE_CURVE('',#4963,#5044,#3024,.T.);
#6228=EDGE_CURVE('',#5044,#5043,#3025,.T.);
#6229=EDGE_CURVE('',#5042,#5044,#3026,.T.);
#6230=EDGE_CURVE('',#4965,#5045,#3027,.T.);
#6231=EDGE_CURVE('',#4966,#5046,#3028,.T.);
#6232=EDGE_CURVE('',#5045,#5046,#3029,.T.);
#6233=EDGE_CURVE('',#4968,#5047,#3030,.T.);
#6234=EDGE_CURVE('',#5047,#5046,#3031,.T.);
#6235=EDGE_CURVE('',#4967,#5048,#3032,.T.);
#6236=EDGE_CURVE('',#5048,#5047,#3033,.T.);
#6237=EDGE_CURVE('',#5048,#5045,#3034,.T.);
#6238=EDGE_CURVE('',#4969,#5049,#3035,.T.);
#6239=EDGE_CURVE('',#4970,#5050,#3036,.T.);
#6240=EDGE_CURVE('',#5049,#5050,#3037,.T.);
#6241=EDGE_CURVE('',#4972,#5051,#3038,.T.);
#6242=EDGE_CURVE('',#5051,#5050,#3039,.T.);
#6243=EDGE_CURVE('',#4971,#5052,#3040,.T.);
#6244=EDGE_CURVE('',#5052,#5051,#3041,.T.);
#6245=EDGE_CURVE('',#5052,#5049,#3042,.T.);
#6246=EDGE_CURVE('',#4973,#5053,#3043,.T.);
#6247=EDGE_CURVE('',#5053,#5054,#3044,.T.);
#6248=EDGE_CURVE('',#4974,#5054,#3045,.T.);
#6249=EDGE_CURVE('',#4975,#5055,#3046,.T.);
#6250=EDGE_CURVE('',#5055,#5054,#3047,.T.);
#6251=EDGE_CURVE('',#4976,#5056,#3048,.T.);
#6252=EDGE_CURVE('',#5056,#5055,#3049,.T.);
#6253=EDGE_CURVE('',#5056,#5053,#3050,.T.);
#6254=EDGE_CURVE('',#4977,#5057,#3051,.T.);
#6255=EDGE_CURVE('',#5057,#5058,#3052,.T.);
#6256=EDGE_CURVE('',#4978,#5058,#3053,.T.);
#6257=EDGE_CURVE('',#4979,#5059,#3054,.T.);
#6258=EDGE_CURVE('',#5059,#5058,#3055,.T.);
#6259=EDGE_CURVE('',#4980,#5060,#3056,.T.);
#6260=EDGE_CURVE('',#5060,#5059,#3057,.T.);
#6261=EDGE_CURVE('',#5060,#5057,#3058,.T.);
#6262=EDGE_CURVE('',#4981,#5061,#3059,.T.);
#6263=EDGE_CURVE('',#5061,#5062,#3060,.T.);
#6264=EDGE_CURVE('',#4982,#5062,#3061,.T.);
#6265=EDGE_CURVE('',#4983,#5063,#3062,.T.);
#6266=EDGE_CURVE('',#5063,#5062,#3063,.T.);
#6267=EDGE_CURVE('',#4984,#5064,#3064,.T.);
#6268=EDGE_CURVE('',#5064,#5063,#3065,.T.);
#6269=EDGE_CURVE('',#5064,#5061,#3066,.T.);
#6270=EDGE_CURVE('',#4986,#5065,#3067,.T.);
#6271=EDGE_CURVE('',#5065,#5066,#3068,.T.);
#6272=EDGE_CURVE('',#4985,#5066,#3069,.T.);
#6273=EDGE_CURVE('',#5066,#5067,#3070,.T.);
#6274=EDGE_CURVE('',#4987,#5067,#3071,.T.);
#6275=EDGE_CURVE('',#4988,#5068,#3072,.T.);
#6276=EDGE_CURVE('',#5068,#5067,#3073,.T.);
#6277=EDGE_CURVE('',#5065,#5068,#3074,.T.);
#6278=EDGE_CURVE('',#4989,#5069,#3075,.T.);
#6279=EDGE_CURVE('',#5069,#5070,#3076,.T.);
#6280=EDGE_CURVE('',#4990,#5070,#3077,.T.);
#6281=EDGE_CURVE('',#4991,#5071,#3078,.T.);
#6282=EDGE_CURVE('',#5071,#5070,#3079,.T.);
#6283=EDGE_CURVE('',#4992,#5072,#3080,.T.);
#6284=EDGE_CURVE('',#5072,#5071,#3081,.T.);
#6285=EDGE_CURVE('',#5072,#5069,#3082,.T.);
#6286=EDGE_CURVE('',#4993,#5073,#3083,.T.);
#6287=EDGE_CURVE('',#5073,#5074,#3084,.T.);
#6288=EDGE_CURVE('',#4994,#5074,#3085,.T.);
#6289=EDGE_CURVE('',#4995,#5075,#3086,.T.);
#6290=EDGE_CURVE('',#5075,#5074,#3087,.T.);
#6291=EDGE_CURVE('',#4996,#5076,#3088,.T.);
#6292=EDGE_CURVE('',#5076,#5075,#3089,.T.);
#6293=EDGE_CURVE('',#5076,#5073,#3090,.T.);
#6294=EDGE_CURVE('',#4998,#5077,#3091,.T.);
#6295=EDGE_CURVE('',#5077,#5078,#3092,.T.);
#6296=EDGE_CURVE('',#4997,#5078,#3093,.T.);
#6297=EDGE_CURVE('',#5078,#5079,#3094,.T.);
#6298=EDGE_CURVE('',#4999,#5079,#3095,.T.);
#6299=EDGE_CURVE('',#5000,#5080,#3096,.T.);
#6300=EDGE_CURVE('',#5080,#5079,#3097,.T.);
#6301=EDGE_CURVE('',#5077,#5080,#3098,.T.);
#6302=EDGE_CURVE('',#5002,#5081,#3099,.T.);
#6303=EDGE_CURVE('',#5081,#5082,#3100,.T.);
#6304=EDGE_CURVE('',#5001,#5082,#3101,.T.);
#6305=EDGE_CURVE('',#5082,#5083,#3102,.T.);
#6306=EDGE_CURVE('',#5003,#5083,#3103,.T.);
#6307=EDGE_CURVE('',#5004,#5084,#3104,.T.);
#6308=EDGE_CURVE('',#5084,#5083,#3105,.T.);
#6309=EDGE_CURVE('',#5081,#5084,#3106,.T.);
#6310=EDGE_CURVE('',#5005,#5085,#3107,.T.);
#6311=EDGE_CURVE('',#5085,#5086,#3108,.T.);
#6312=EDGE_CURVE('',#5006,#5086,#3109,.T.);
#6313=EDGE_CURVE('',#5007,#5087,#3110,.T.);
#6314=EDGE_CURVE('',#5087,#5086,#3111,.T.);
#6315=EDGE_CURVE('',#5008,#5088,#3112,.T.);
#6316=EDGE_CURVE('',#5088,#5087,#3113,.T.);
#6317=EDGE_CURVE('',#5088,#5085,#3114,.T.);
#6318=EDGE_CURVE('',#5009,#5089,#3115,.T.);
#6319=EDGE_CURVE('',#5089,#5090,#3116,.T.);
#6320=EDGE_CURVE('',#5010,#5090,#3117,.T.);
#6321=EDGE_CURVE('',#5011,#5091,#3118,.T.);
#6322=EDGE_CURVE('',#5091,#5090,#3119,.T.);
#6323=EDGE_CURVE('',#5012,#5092,#3120,.T.);
#6324=EDGE_CURVE('',#5092,#5091,#3121,.T.);
#6325=EDGE_CURVE('',#5092,#5089,#3122,.T.);
#6326=EDGE_CURVE('',#5013,#5093,#3123,.T.);
#6327=EDGE_CURVE('',#5014,#5094,#3124,.T.);
#6328=EDGE_CURVE('',#5093,#5094,#3125,.T.);
#6329=EDGE_CURVE('',#5015,#5095,#3126,.T.);
#6330=EDGE_CURVE('',#5095,#5094,#3127,.T.);
#6331=EDGE_CURVE('',#5016,#5096,#3128,.T.);
#6332=EDGE_CURVE('',#5096,#5095,#3129,.T.);
#6333=EDGE_CURVE('',#5096,#5093,#3130,.T.);
#6334=EDGE_CURVE('',#5017,#5097,#3131,.T.);
#6335=EDGE_CURVE('',#5018,#5098,#3132,.T.);
#6336=EDGE_CURVE('',#5097,#5098,#3133,.T.);
#6337=EDGE_CURVE('',#5019,#5099,#3134,.T.);
#6338=EDGE_CURVE('',#5099,#5098,#3135,.T.);
#6339=EDGE_CURVE('',#5020,#5100,#3136,.T.);
#6340=EDGE_CURVE('',#5100,#5099,#3137,.T.);
#6341=EDGE_CURVE('',#5100,#5097,#3138,.T.);
#6342=EDGE_CURVE('',#5021,#5101,#3139,.T.);
#6343=EDGE_CURVE('',#5022,#5102,#3140,.T.);
#6344=EDGE_CURVE('',#5101,#5102,#3141,.T.);
#6345=EDGE_CURVE('',#5023,#5103,#3142,.T.);
#6346=EDGE_CURVE('',#5103,#5102,#3143,.T.);
#6347=EDGE_CURVE('',#5024,#5104,#3144,.T.);
#6348=EDGE_CURVE('',#5104,#5103,#3145,.T.);
#6349=EDGE_CURVE('',#5104,#5101,#3146,.T.);
#6350=EDGE_CURVE('',#5026,#5105,#3147,.T.);
#6351=EDGE_CURVE('',#5025,#5106,#3148,.T.);
#6352=EDGE_CURVE('',#5105,#5106,#3149,.T.);
#6353=EDGE_CURVE('',#5027,#5107,#3150,.T.);
#6354=EDGE_CURVE('',#5106,#5107,#3151,.T.);
#6355=EDGE_CURVE('',#5028,#5108,#3152,.T.);
#6356=EDGE_CURVE('',#5108,#5107,#3153,.T.);
#6357=EDGE_CURVE('',#5105,#5108,#3154,.T.);
#6358=EDGE_CURVE('',#5029,#5109,#3155,.T.);
#6359=EDGE_CURVE('',#5030,#5110,#3156,.T.);
#6360=EDGE_CURVE('',#5109,#5110,#3157,.T.);
#6361=EDGE_CURVE('',#5031,#5111,#3158,.T.);
#6362=EDGE_CURVE('',#5111,#5110,#3159,.T.);
#6363=EDGE_CURVE('',#5032,#5112,#3160,.T.);
#6364=EDGE_CURVE('',#5112,#5111,#3161,.T.);
#6365=EDGE_CURVE('',#5112,#5109,#3162,.T.);
#6366=EDGE_CURVE('',#5033,#5113,#3163,.T.);
#6367=EDGE_CURVE('',#5034,#5114,#3164,.T.);
#6368=EDGE_CURVE('',#5113,#5114,#3165,.T.);
#6369=EDGE_CURVE('',#5035,#5115,#3166,.T.);
#6370=EDGE_CURVE('',#5115,#5114,#3167,.T.);
#6371=EDGE_CURVE('',#5036,#5116,#3168,.T.);
#6372=EDGE_CURVE('',#5116,#5115,#3169,.T.);
#6373=EDGE_CURVE('',#5116,#5113,#3170,.T.);
#6374=EDGE_CURVE('',#5038,#5117,#3171,.T.);
#6375=EDGE_CURVE('',#5037,#5118,#3172,.T.);
#6376=EDGE_CURVE('',#5117,#5118,#3173,.T.);
#6377=EDGE_CURVE('',#5039,#5119,#3174,.T.);
#6378=EDGE_CURVE('',#5118,#5119,#3175,.T.);
#6379=EDGE_CURVE('',#5040,#5120,#3176,.T.);
#6380=EDGE_CURVE('',#5120,#5119,#3177,.T.);
#6381=EDGE_CURVE('',#5117,#5120,#3178,.T.);
#6382=EDGE_CURVE('',#5042,#5121,#3179,.T.);
#6383=EDGE_CURVE('',#5041,#5122,#3180,.T.);
#6384=EDGE_CURVE('',#5121,#5122,#3181,.T.);
#6385=EDGE_CURVE('',#5043,#5123,#3182,.T.);
#6386=EDGE_CURVE('',#5122,#5123,#3183,.T.);
#6387=EDGE_CURVE('',#5044,#5124,#3184,.T.);
#6388=EDGE_CURVE('',#5124,#5123,#3185,.T.);
#6389=EDGE_CURVE('',#5121,#5124,#3186,.T.);
#6390=EDGE_CURVE('',#5045,#5125,#3187,.T.);
#6391=EDGE_CURVE('',#5046,#5126,#3188,.T.);
#6392=EDGE_CURVE('',#5125,#5126,#3189,.T.);
#6393=EDGE_CURVE('',#5047,#5127,#3190,.T.);
#6394=EDGE_CURVE('',#5127,#5126,#3191,.T.);
#6395=EDGE_CURVE('',#5048,#5128,#3192,.T.);
#6396=EDGE_CURVE('',#5128,#5127,#3193,.T.);
#6397=EDGE_CURVE('',#5128,#5125,#3194,.T.);
#6398=EDGE_CURVE('',#5049,#5129,#3195,.T.);
#6399=EDGE_CURVE('',#5050,#5130,#3196,.T.);
#6400=EDGE_CURVE('',#5129,#5130,#3197,.T.);
#6401=EDGE_CURVE('',#5051,#5131,#3198,.T.);
#6402=EDGE_CURVE('',#5131,#5130,#3199,.T.);
#6403=EDGE_CURVE('',#5052,#5132,#3200,.T.);
#6404=EDGE_CURVE('',#5132,#5131,#3201,.T.);
#6405=EDGE_CURVE('',#5132,#5129,#3202,.T.);
#6406=EDGE_CURVE('',#5133,#5133,#159,.T.);
#6407=EDGE_CURVE('',#5133,#5134,#160,.T.);
#6408=EDGE_CURVE('',#5134,#5134,#161,.T.);
#6409=EDGE_CURVE('',#5135,#5135,#162,.T.);
#6410=EDGE_CURVE('',#5135,#5134,#3203,.T.);
#6411=EDGE_CURVE('',#5136,#5137,#3204,.T.);
#6412=EDGE_CURVE('',#5138,#5137,#163,.T.);
#6413=EDGE_CURVE('',#5138,#5139,#3205,.T.);
#6414=EDGE_CURVE('',#5139,#5140,#164,.T.);
#6415=EDGE_CURVE('',#5140,#5141,#3206,.T.);
#6416=EDGE_CURVE('',#5141,#5142,#165,.T.);
#6417=EDGE_CURVE('',#5142,#5143,#3207,.T.);
#6418=EDGE_CURVE('',#5136,#5143,#166,.T.);
#6419=EDGE_CURVE('',#5144,#5144,#167,.T.);
#6420=EDGE_CURVE('',#5145,#5145,#168,.T.);
#6421=EDGE_CURVE('',#5136,#5146,#3208,.T.);
#6422=EDGE_CURVE('',#5146,#5147,#3209,.T.);
#6423=EDGE_CURVE('',#5137,#5147,#3210,.T.);
#6424=EDGE_CURVE('',#5143,#5148,#3211,.T.);
#6425=EDGE_CURVE('',#5148,#5146,#169,.T.);
#6426=EDGE_CURVE('',#5138,#5149,#3212,.T.);
#6427=EDGE_CURVE('',#5147,#5149,#170,.T.);
#6428=EDGE_CURVE('',#5142,#5150,#3213,.T.);
#6429=EDGE_CURVE('',#5150,#5148,#3214,.T.);
#6430=EDGE_CURVE('',#5149,#5151,#3215,.T.);
#6431=EDGE_CURVE('',#5139,#5151,#3216,.T.);
#6432=EDGE_CURVE('',#5152,#5150,#171,.T.);
#6433=EDGE_CURVE('',#5141,#5152,#3217,.T.);
#6434=EDGE_CURVE('',#5151,#5153,#172,.T.);
#6435=EDGE_CURVE('',#5140,#5153,#3218,.T.);
#6436=EDGE_CURVE('',#5153,#5152,#3219,.T.);
#6437=EDGE_CURVE('',#5144,#5154,#3220,.T.);
#6438=EDGE_CURVE('',#5154,#5154,#173,.T.);
#6439=EDGE_CURVE('',#5145,#5155,#3221,.T.);
#6440=EDGE_CURVE('',#5155,#5155,#174,.T.);
#6441=EDGE_CURVE('',#5146,#5156,#175,.T.);
#6442=EDGE_CURVE('',#5156,#5157,#3222,.T.);
#6443=EDGE_CURVE('',#5147,#5157,#176,.T.);
#6444=EDGE_CURVE('',#5158,#5156,#177,.T.);
#6445=EDGE_CURVE('',#5148,#5158,#178,.T.);
#6446=EDGE_CURVE('',#5157,#5159,#179,.T.);
#6447=EDGE_CURVE('',#5149,#5159,#180,.T.);
#6448=EDGE_CURVE('',#5150,#5160,#181,.T.);
#6449=EDGE_CURVE('',#5160,#5158,#3223,.T.);
#6450=EDGE_CURVE('',#5159,#5161,#3224,.T.);
#6451=EDGE_CURVE('',#5151,#5161,#182,.T.);
#6452=EDGE_CURVE('',#5162,#5160,#183,.T.);
#6453=EDGE_CURVE('',#5152,#5162,#184,.T.);
#6454=EDGE_CURVE('',#5161,#5163,#185,.T.);
#6455=EDGE_CURVE('',#5153,#5163,#186,.T.);
#6456=EDGE_CURVE('',#5163,#5162,#3225,.T.);
#6457=EDGE_CURVE('',#5164,#5164,#187,.T.);
#6458=EDGE_CURVE('',#5164,#5154,#188,.T.);
#6459=EDGE_CURVE('',#5165,#5165,#189,.T.);
#6460=EDGE_CURVE('',#5165,#5155,#190,.T.);
#6461=EDGE_CURVE('',#5166,#5167,#3226,.T.);
#6462=EDGE_CURVE('',#5167,#5168,#3227,.T.);
#6463=EDGE_CURVE('',#5169,#5168,#3228,.T.);
#6464=EDGE_CURVE('',#5166,#5169,#3229,.T.);
#6465=EDGE_CURVE('',#5170,#5171,#3230,.T.);
#6466=EDGE_CURVE('',#5171,#5167,#3231,.T.);
#6467=EDGE_CURVE('',#5170,#5166,#3232,.T.);
#6468=EDGE_CURVE('',#5168,#5172,#3233,.T.);
#6469=EDGE_CURVE('',#5173,#5172,#3234,.T.);
#6470=EDGE_CURVE('',#5169,#5173,#3235,.T.);
#6471=EDGE_CURVE('',#5173,#5174,#3236,.T.);
#6472=EDGE_CURVE('',#5174,#5175,#3237,.T.);
#6473=EDGE_CURVE('',#5175,#5176,#3238,.T.);
#6474=EDGE_CURVE('',#5176,#5177,#3239,.T.);
#6475=EDGE_CURVE('',#5177,#5178,#3240,.T.);
#6476=EDGE_CURVE('',#5178,#5179,#3241,.T.);
#6477=EDGE_CURVE('',#5179,#5180,#3242,.T.);
#6478=EDGE_CURVE('',#5180,#5181,#3243,.T.);
#6479=EDGE_CURVE('',#5181,#5182,#3244,.T.);
#6480=EDGE_CURVE('',#5182,#5183,#3245,.T.);
#6481=EDGE_CURVE('',#5183,#5170,#3246,.T.);
#6482=EDGE_CURVE('',#5184,#5184,#191,.T.);
#6483=EDGE_CURVE('',#5185,#5185,#192,.T.);
#6484=EDGE_CURVE('',#5186,#5186,#193,.T.);
#6485=EDGE_CURVE('',#5187,#5187,#194,.T.);
#6486=EDGE_CURVE('',#5188,#5188,#195,.T.);
#6487=EDGE_CURVE('',#5189,#5189,#196,.T.);
#6488=EDGE_CURVE('',#5190,#5190,#197,.T.);
#6489=EDGE_CURVE('',#5191,#5191,#198,.T.);
#6490=EDGE_CURVE('',#5192,#5192,#199,.T.);
#6491=EDGE_CURVE('',#5193,#5193,#200,.T.);
#6492=EDGE_CURVE('',#5194,#5194,#201,.T.);
#6493=EDGE_CURVE('',#5195,#5195,#202,.T.);
#6494=EDGE_CURVE('',#5196,#5196,#203,.T.);
#6495=EDGE_CURVE('',#5197,#5197,#204,.T.);
#6496=EDGE_CURVE('',#5198,#5198,#205,.T.);
#6497=EDGE_CURVE('',#5199,#5199,#206,.T.);
#6498=EDGE_CURVE('',#5200,#5200,#207,.T.);
#6499=EDGE_CURVE('',#5201,#5201,#208,.T.);
#6500=EDGE_CURVE('',#5202,#5202,#209,.T.);
#6501=EDGE_CURVE('',#5203,#5203,#210,.T.);
#6502=EDGE_CURVE('',#5204,#5204,#211,.T.);
#6503=EDGE_CURVE('',#5205,#5205,#212,.T.);
#6504=EDGE_CURVE('',#5206,#5206,#213,.T.);
#6505=EDGE_CURVE('',#5207,#5207,#214,.T.);
#6506=EDGE_CURVE('',#5208,#5208,#215,.T.);
#6507=EDGE_CURVE('',#5209,#5209,#216,.T.);
#6508=EDGE_CURVE('',#5210,#5210,#217,.T.);
#6509=EDGE_CURVE('',#5211,#5211,#218,.T.);
#6510=EDGE_CURVE('',#5212,#5212,#219,.T.);
#6511=EDGE_CURVE('',#5213,#5213,#220,.T.);
#6512=EDGE_CURVE('',#5214,#5214,#221,.T.);
#6513=EDGE_CURVE('',#5215,#5215,#222,.T.);
#6514=EDGE_CURVE('',#5216,#5216,#223,.T.);
#6515=EDGE_CURVE('',#5217,#5217,#224,.T.);
#6516=EDGE_CURVE('',#5218,#5218,#225,.T.);
#6517=EDGE_CURVE('',#5219,#5219,#226,.T.);
#6518=EDGE_CURVE('',#5220,#5220,#227,.T.);
#6519=EDGE_CURVE('',#5221,#5221,#228,.T.);
#6520=EDGE_CURVE('',#5222,#5222,#229,.T.);
#6521=EDGE_CURVE('',#5223,#5223,#230,.T.);
#6522=EDGE_CURVE('',#5224,#5224,#231,.T.);
#6523=EDGE_CURVE('',#5225,#5225,#232,.T.);
#6524=EDGE_CURVE('',#5226,#5226,#233,.T.);
#6525=EDGE_CURVE('',#5227,#5227,#234,.T.);
#6526=EDGE_CURVE('',#5228,#5228,#235,.T.);
#6527=EDGE_CURVE('',#5229,#5229,#236,.T.);
#6528=EDGE_CURVE('',#5230,#5230,#237,.T.);
#6529=EDGE_CURVE('',#5231,#5231,#238,.T.);
#6530=EDGE_CURVE('',#5232,#5232,#239,.T.);
#6531=EDGE_CURVE('',#5233,#5233,#240,.T.);
#6532=EDGE_CURVE('',#5234,#5234,#241,.T.);
#6533=EDGE_CURVE('',#5235,#5235,#242,.T.);
#6534=EDGE_CURVE('',#5236,#5236,#243,.T.);
#6535=EDGE_CURVE('',#5237,#5237,#244,.T.);
#6536=EDGE_CURVE('',#5238,#5238,#245,.T.);
#6537=EDGE_CURVE('',#5239,#5239,#246,.T.);
#6538=EDGE_CURVE('',#5240,#5240,#247,.T.);
#6539=EDGE_CURVE('',#5241,#5241,#248,.T.);
#6540=EDGE_CURVE('',#5242,#5242,#249,.T.);
#6541=EDGE_CURVE('',#5243,#5243,#250,.T.);
#6542=EDGE_CURVE('',#5244,#5244,#251,.T.);
#6543=EDGE_CURVE('',#5245,#5245,#252,.T.);
#6544=EDGE_CURVE('',#5246,#5246,#253,.T.);
#6545=EDGE_CURVE('',#5247,#5247,#254,.T.);
#6546=EDGE_CURVE('',#5248,#5248,#255,.T.);
#6547=EDGE_CURVE('',#5249,#5249,#256,.T.);
#6548=EDGE_CURVE('',#5250,#5250,#257,.T.);
#6549=EDGE_CURVE('',#5251,#5251,#258,.T.);
#6550=EDGE_CURVE('',#5252,#5252,#259,.T.);
#6551=EDGE_CURVE('',#5253,#5253,#260,.T.);
#6552=EDGE_CURVE('',#5254,#5254,#261,.T.);
#6553=EDGE_CURVE('',#5255,#5255,#262,.T.);
#6554=EDGE_CURVE('',#5256,#5256,#263,.T.);
#6555=EDGE_CURVE('',#5257,#5257,#264,.T.);
#6556=EDGE_CURVE('',#5258,#5258,#265,.T.);
#6557=EDGE_CURVE('',#5259,#5259,#266,.T.);
#6558=EDGE_CURVE('',#5260,#5260,#267,.T.);
#6559=EDGE_CURVE('',#5261,#5261,#268,.T.);
#6560=EDGE_CURVE('',#5262,#5262,#269,.T.);
#6561=EDGE_CURVE('',#5263,#5263,#270,.T.);
#6562=EDGE_CURVE('',#5264,#5264,#271,.T.);
#6563=EDGE_CURVE('',#5265,#5265,#272,.T.);
#6564=EDGE_CURVE('',#5266,#5266,#273,.T.);
#6565=EDGE_CURVE('',#5267,#5267,#274,.T.);
#6566=EDGE_CURVE('',#5268,#5268,#275,.T.);
#6567=EDGE_CURVE('',#5269,#5269,#276,.T.);
#6568=EDGE_CURVE('',#5270,#5270,#277,.T.);
#6569=EDGE_CURVE('',#5271,#5271,#278,.T.);
#6570=EDGE_CURVE('',#5272,#5272,#279,.T.);
#6571=EDGE_CURVE('',#5273,#5273,#280,.T.);
#6572=EDGE_CURVE('',#5274,#5274,#281,.T.);
#6573=EDGE_CURVE('',#5275,#5275,#282,.T.);
#6574=EDGE_CURVE('',#5276,#5276,#283,.T.);
#6575=EDGE_CURVE('',#5277,#5277,#284,.T.);
#6576=EDGE_CURVE('',#5278,#5278,#285,.T.);
#6577=EDGE_CURVE('',#5279,#5279,#286,.T.);
#6578=EDGE_CURVE('',#5280,#5280,#287,.T.);
#6579=EDGE_CURVE('',#5281,#5281,#288,.T.);
#6580=EDGE_CURVE('',#5282,#5282,#289,.T.);
#6581=EDGE_CURVE('',#5283,#5283,#290,.T.);
#6582=EDGE_CURVE('',#5284,#5284,#291,.T.);
#6583=EDGE_CURVE('',#5285,#5285,#292,.T.);
#6584=EDGE_CURVE('',#5286,#5286,#293,.T.);
#6585=EDGE_CURVE('',#5287,#5287,#294,.T.);
#6586=EDGE_CURVE('',#5288,#5288,#295,.T.);
#6587=EDGE_CURVE('',#5289,#5289,#296,.T.);
#6588=EDGE_CURVE('',#5290,#5290,#297,.T.);
#6589=EDGE_CURVE('',#5291,#5291,#298,.T.);
#6590=EDGE_CURVE('',#5292,#5292,#299,.T.);
#6591=EDGE_CURVE('',#5293,#5293,#300,.T.);
#6592=EDGE_CURVE('',#5294,#5294,#301,.T.);
#6593=EDGE_CURVE('',#5295,#5295,#302,.T.);
#6594=EDGE_CURVE('',#5296,#5296,#303,.T.);
#6595=EDGE_CURVE('',#5297,#5297,#304,.T.);
#6596=EDGE_CURVE('',#5298,#5298,#305,.T.);
#6597=EDGE_CURVE('',#5299,#5299,#306,.T.);
#6598=EDGE_CURVE('',#5300,#5300,#307,.T.);
#6599=EDGE_CURVE('',#5301,#5301,#308,.T.);
#6600=EDGE_CURVE('',#5302,#5302,#309,.T.);
#6601=EDGE_CURVE('',#5303,#5303,#310,.T.);
#6602=EDGE_CURVE('',#5304,#5304,#311,.T.);
#6603=EDGE_CURVE('',#5305,#5305,#312,.T.);
#6604=EDGE_CURVE('',#5306,#5306,#313,.T.);
#6605=EDGE_CURVE('',#5307,#5307,#314,.T.);
#6606=EDGE_CURVE('',#5308,#5308,#315,.T.);
#6607=EDGE_CURVE('',#5309,#5309,#316,.T.);
#6608=EDGE_CURVE('',#5310,#5310,#317,.T.);
#6609=EDGE_CURVE('',#5311,#5311,#318,.T.);
#6610=EDGE_CURVE('',#5312,#5312,#319,.T.);
#6611=EDGE_CURVE('',#5313,#5313,#320,.T.);
#6612=EDGE_CURVE('',#5314,#5314,#321,.T.);
#6613=EDGE_CURVE('',#5315,#5315,#322,.T.);
#6614=EDGE_CURVE('',#5316,#5316,#323,.T.);
#6615=EDGE_CURVE('',#5317,#5171,#3247,.T.);
#6616=EDGE_CURVE('',#5318,#5317,#3248,.T.);
#6617=EDGE_CURVE('',#5319,#5318,#3249,.T.);
#6618=EDGE_CURVE('',#5320,#5319,#3250,.T.);
#6619=EDGE_CURVE('',#5321,#5320,#3251,.T.);
#6620=EDGE_CURVE('',#5322,#5321,#3252,.T.);
#6621=EDGE_CURVE('',#5323,#5322,#3253,.T.);
#6622=EDGE_CURVE('',#5324,#5323,#3254,.T.);
#6623=EDGE_CURVE('',#5325,#5324,#3255,.T.);
#6624=EDGE_CURVE('',#5326,#5325,#3256,.T.);
#6625=EDGE_CURVE('',#5172,#5326,#3257,.T.);
#6626=EDGE_CURVE('',#5327,#5327,#324,.T.);
#6627=EDGE_CURVE('',#5328,#5328,#325,.T.);
#6628=EDGE_CURVE('',#5329,#5329,#326,.T.);
#6629=EDGE_CURVE('',#5330,#5330,#327,.T.);
#6630=EDGE_CURVE('',#5331,#5331,#328,.T.);
#6631=EDGE_CURVE('',#5332,#5332,#329,.T.);
#6632=EDGE_CURVE('',#5333,#5333,#330,.T.);
#6633=EDGE_CURVE('',#5334,#5334,#331,.T.);
#6634=EDGE_CURVE('',#5335,#5335,#332,.T.);
#6635=EDGE_CURVE('',#5336,#5336,#333,.T.);
#6636=EDGE_CURVE('',#5337,#5337,#334,.T.);
#6637=EDGE_CURVE('',#5338,#5338,#335,.T.);
#6638=EDGE_CURVE('',#5339,#5339,#336,.T.);
#6639=EDGE_CURVE('',#5340,#5340,#337,.T.);
#6640=EDGE_CURVE('',#5341,#5341,#338,.T.);
#6641=EDGE_CURVE('',#5342,#5342,#339,.T.);
#6642=EDGE_CURVE('',#5343,#5343,#340,.T.);
#6643=EDGE_CURVE('',#5344,#5344,#341,.T.);
#6644=EDGE_CURVE('',#5345,#5345,#342,.T.);
#6645=EDGE_CURVE('',#5346,#5346,#343,.T.);
#6646=EDGE_CURVE('',#5347,#5347,#344,.T.);
#6647=EDGE_CURVE('',#5348,#5348,#345,.T.);
#6648=EDGE_CURVE('',#5349,#5349,#346,.T.);
#6649=EDGE_CURVE('',#5350,#5350,#347,.T.);
#6650=EDGE_CURVE('',#5351,#5351,#348,.T.);
#6651=EDGE_CURVE('',#5352,#5352,#349,.T.);
#6652=EDGE_CURVE('',#5353,#5353,#350,.T.);
#6653=EDGE_CURVE('',#5354,#5354,#351,.T.);
#6654=EDGE_CURVE('',#5355,#5355,#352,.T.);
#6655=EDGE_CURVE('',#5356,#5356,#353,.T.);
#6656=EDGE_CURVE('',#5357,#5357,#354,.T.);
#6657=EDGE_CURVE('',#5358,#5358,#355,.T.);
#6658=EDGE_CURVE('',#5359,#5359,#356,.T.);
#6659=EDGE_CURVE('',#5360,#5360,#357,.T.);
#6660=EDGE_CURVE('',#5361,#5361,#358,.T.);
#6661=EDGE_CURVE('',#5362,#5362,#359,.T.);
#6662=EDGE_CURVE('',#5363,#5363,#360,.T.);
#6663=EDGE_CURVE('',#5364,#5364,#361,.T.);
#6664=EDGE_CURVE('',#5365,#5365,#362,.T.);
#6665=EDGE_CURVE('',#5366,#5366,#363,.T.);
#6666=EDGE_CURVE('',#5367,#5367,#364,.T.);
#6667=EDGE_CURVE('',#5368,#5368,#365,.T.);
#6668=EDGE_CURVE('',#5369,#5369,#366,.T.);
#6669=EDGE_CURVE('',#5370,#5370,#367,.T.);
#6670=EDGE_CURVE('',#5371,#5371,#368,.T.);
#6671=EDGE_CURVE('',#5372,#5372,#369,.T.);
#6672=EDGE_CURVE('',#5373,#5373,#370,.T.);
#6673=EDGE_CURVE('',#5374,#5374,#371,.T.);
#6674=EDGE_CURVE('',#5375,#5375,#372,.T.);
#6675=EDGE_CURVE('',#5376,#5376,#373,.T.);
#6676=EDGE_CURVE('',#5377,#5377,#374,.T.);
#6677=EDGE_CURVE('',#5378,#5378,#375,.T.);
#6678=EDGE_CURVE('',#5379,#5379,#376,.T.);
#6679=EDGE_CURVE('',#5380,#5380,#377,.T.);
#6680=EDGE_CURVE('',#5381,#5381,#378,.T.);
#6681=EDGE_CURVE('',#5382,#5382,#379,.T.);
#6682=EDGE_CURVE('',#5383,#5383,#380,.T.);
#6683=EDGE_CURVE('',#5384,#5384,#381,.T.);
#6684=EDGE_CURVE('',#5385,#5385,#382,.T.);
#6685=EDGE_CURVE('',#5386,#5386,#383,.T.);
#6686=EDGE_CURVE('',#5387,#5387,#384,.T.);
#6687=EDGE_CURVE('',#5388,#5388,#385,.T.);
#6688=EDGE_CURVE('',#5389,#5389,#386,.T.);
#6689=EDGE_CURVE('',#5390,#5390,#387,.T.);
#6690=EDGE_CURVE('',#5391,#5391,#388,.T.);
#6691=EDGE_CURVE('',#5392,#5392,#389,.T.);
#6692=EDGE_CURVE('',#5393,#5393,#390,.T.);
#6693=EDGE_CURVE('',#5394,#5394,#391,.T.);
#6694=EDGE_CURVE('',#5395,#5395,#392,.T.);
#6695=EDGE_CURVE('',#5396,#5396,#393,.T.);
#6696=EDGE_CURVE('',#5397,#5397,#394,.T.);
#6697=EDGE_CURVE('',#5398,#5398,#395,.T.);
#6698=EDGE_CURVE('',#5399,#5399,#396,.T.);
#6699=EDGE_CURVE('',#5400,#5400,#397,.T.);
#6700=EDGE_CURVE('',#5401,#5401,#398,.T.);
#6701=EDGE_CURVE('',#5402,#5402,#399,.T.);
#6702=EDGE_CURVE('',#5403,#5403,#400,.T.);
#6703=EDGE_CURVE('',#5404,#5404,#401,.T.);
#6704=EDGE_CURVE('',#5405,#5405,#402,.T.);
#6705=EDGE_CURVE('',#5406,#5406,#403,.T.);
#6706=EDGE_CURVE('',#5407,#5407,#404,.T.);
#6707=EDGE_CURVE('',#5408,#5408,#405,.T.);
#6708=EDGE_CURVE('',#5409,#5409,#406,.T.);
#6709=EDGE_CURVE('',#5410,#5410,#407,.T.);
#6710=EDGE_CURVE('',#5411,#5411,#408,.T.);
#6711=EDGE_CURVE('',#5412,#5412,#409,.T.);
#6712=EDGE_CURVE('',#5413,#5413,#410,.T.);
#6713=EDGE_CURVE('',#5414,#5414,#411,.T.);
#6714=EDGE_CURVE('',#5415,#5415,#412,.T.);
#6715=EDGE_CURVE('',#5416,#5416,#413,.T.);
#6716=EDGE_CURVE('',#5417,#5417,#414,.T.);
#6717=EDGE_CURVE('',#5418,#5418,#415,.T.);
#6718=EDGE_CURVE('',#5419,#5419,#416,.T.);
#6719=EDGE_CURVE('',#5420,#5420,#417,.T.);
#6720=EDGE_CURVE('',#5421,#5421,#418,.T.);
#6721=EDGE_CURVE('',#5422,#5422,#419,.T.);
#6722=EDGE_CURVE('',#5423,#5423,#420,.T.);
#6723=EDGE_CURVE('',#5424,#5424,#421,.T.);
#6724=EDGE_CURVE('',#5425,#5425,#422,.T.);
#6725=EDGE_CURVE('',#5426,#5426,#423,.T.);
#6726=EDGE_CURVE('',#5427,#5427,#424,.T.);
#6727=EDGE_CURVE('',#5428,#5428,#425,.T.);
#6728=EDGE_CURVE('',#5429,#5429,#426,.T.);
#6729=EDGE_CURVE('',#5430,#5430,#427,.T.);
#6730=EDGE_CURVE('',#5431,#5431,#428,.T.);
#6731=EDGE_CURVE('',#5432,#5432,#429,.T.);
#6732=EDGE_CURVE('',#5433,#5433,#430,.T.);
#6733=EDGE_CURVE('',#5434,#5434,#431,.T.);
#6734=EDGE_CURVE('',#5435,#5435,#432,.T.);
#6735=EDGE_CURVE('',#5436,#5436,#433,.T.);
#6736=EDGE_CURVE('',#5437,#5437,#434,.T.);
#6737=EDGE_CURVE('',#5438,#5438,#435,.T.);
#6738=EDGE_CURVE('',#5439,#5439,#436,.T.);
#6739=EDGE_CURVE('',#5440,#5440,#437,.T.);
#6740=EDGE_CURVE('',#5441,#5441,#438,.T.);
#6741=EDGE_CURVE('',#5442,#5442,#439,.T.);
#6742=EDGE_CURVE('',#5443,#5443,#440,.T.);
#6743=EDGE_CURVE('',#5444,#5444,#441,.T.);
#6744=EDGE_CURVE('',#5445,#5445,#442,.T.);
#6745=EDGE_CURVE('',#5446,#5446,#443,.T.);
#6746=EDGE_CURVE('',#5447,#5447,#444,.T.);
#6747=EDGE_CURVE('',#5448,#5448,#445,.T.);
#6748=EDGE_CURVE('',#5449,#5449,#446,.T.);
#6749=EDGE_CURVE('',#5450,#5450,#447,.T.);
#6750=EDGE_CURVE('',#5451,#5451,#448,.T.);
#6751=EDGE_CURVE('',#5452,#5452,#449,.T.);
#6752=EDGE_CURVE('',#5453,#5453,#450,.T.);
#6753=EDGE_CURVE('',#5454,#5454,#451,.T.);
#6754=EDGE_CURVE('',#5455,#5455,#452,.T.);
#6755=EDGE_CURVE('',#5456,#5456,#453,.T.);
#6756=EDGE_CURVE('',#5457,#5457,#454,.T.);
#6757=EDGE_CURVE('',#5458,#5458,#455,.T.);
#6758=EDGE_CURVE('',#5459,#5459,#456,.T.);
#6759=EDGE_CURVE('',#5183,#5317,#3258,.T.);
#6760=EDGE_CURVE('',#5174,#5326,#3259,.T.);
#6761=EDGE_CURVE('',#5182,#5318,#3260,.T.);
#6762=EDGE_CURVE('',#5175,#5325,#3261,.T.);
#6763=EDGE_CURVE('',#5181,#5319,#3262,.T.);
#6764=EDGE_CURVE('',#5176,#5324,#3263,.T.);
#6765=EDGE_CURVE('',#5180,#5320,#3264,.T.);
#6766=EDGE_CURVE('',#5177,#5323,#3265,.T.);
#6767=EDGE_CURVE('',#5179,#5321,#3266,.T.);
#6768=EDGE_CURVE('',#5178,#5322,#3267,.T.);
#6769=EDGE_CURVE('',#5327,#5184,#3268,.T.);
#6770=EDGE_CURVE('',#5328,#5185,#3269,.T.);
#6771=EDGE_CURVE('',#5329,#5186,#3270,.T.);
#6772=EDGE_CURVE('',#5330,#5187,#3271,.T.);
#6773=EDGE_CURVE('',#5331,#5188,#3272,.T.);
#6774=EDGE_CURVE('',#5332,#5189,#3273,.T.);
#6775=EDGE_CURVE('',#5333,#5190,#3274,.T.);
#6776=EDGE_CURVE('',#5334,#5191,#3275,.T.);
#6777=EDGE_CURVE('',#5335,#5192,#3276,.T.);
#6778=EDGE_CURVE('',#5336,#5193,#3277,.T.);
#6779=EDGE_CURVE('',#5337,#5194,#3278,.T.);
#6780=EDGE_CURVE('',#5338,#5195,#3279,.T.);
#6781=EDGE_CURVE('',#5339,#5196,#3280,.T.);
#6782=EDGE_CURVE('',#5340,#5197,#3281,.T.);
#6783=EDGE_CURVE('',#5341,#5198,#3282,.T.);
#6784=EDGE_CURVE('',#5342,#5199,#3283,.T.);
#6785=EDGE_CURVE('',#5343,#5200,#3284,.T.);
#6786=EDGE_CURVE('',#5344,#5201,#3285,.T.);
#6787=EDGE_CURVE('',#5345,#5202,#3286,.T.);
#6788=EDGE_CURVE('',#5346,#5203,#3287,.T.);
#6789=EDGE_CURVE('',#5347,#5204,#3288,.T.);
#6790=EDGE_CURVE('',#5348,#5205,#3289,.T.);
#6791=EDGE_CURVE('',#5349,#5206,#3290,.T.);
#6792=EDGE_CURVE('',#5350,#5207,#3291,.T.);
#6793=EDGE_CURVE('',#5351,#5208,#3292,.T.);
#6794=EDGE_CURVE('',#5352,#5209,#3293,.T.);
#6795=EDGE_CURVE('',#5353,#5210,#3294,.T.);
#6796=EDGE_CURVE('',#5354,#5211,#3295,.T.);
#6797=EDGE_CURVE('',#5355,#5212,#3296,.T.);
#6798=EDGE_CURVE('',#5356,#5213,#3297,.T.);
#6799=EDGE_CURVE('',#5357,#5214,#3298,.T.);
#6800=EDGE_CURVE('',#5358,#5215,#3299,.T.);
#6801=EDGE_CURVE('',#5359,#5216,#3300,.T.);
#6802=EDGE_CURVE('',#5360,#5217,#3301,.T.);
#6803=EDGE_CURVE('',#5361,#5218,#3302,.T.);
#6804=EDGE_CURVE('',#5362,#5219,#3303,.T.);
#6805=EDGE_CURVE('',#5363,#5220,#3304,.T.);
#6806=EDGE_CURVE('',#5364,#5221,#3305,.T.);
#6807=EDGE_CURVE('',#5365,#5222,#3306,.T.);
#6808=EDGE_CURVE('',#5366,#5223,#3307,.T.);
#6809=EDGE_CURVE('',#5367,#5224,#3308,.T.);
#6810=EDGE_CURVE('',#5368,#5225,#3309,.T.);
#6811=EDGE_CURVE('',#5369,#5226,#3310,.T.);
#6812=EDGE_CURVE('',#5370,#5227,#3311,.T.);
#6813=EDGE_CURVE('',#5371,#5228,#3312,.T.);
#6814=EDGE_CURVE('',#5372,#5229,#3313,.T.);
#6815=EDGE_CURVE('',#5373,#5230,#3314,.T.);
#6816=EDGE_CURVE('',#5374,#5231,#3315,.T.);
#6817=EDGE_CURVE('',#5375,#5232,#3316,.T.);
#6818=EDGE_CURVE('',#5376,#5233,#3317,.T.);
#6819=EDGE_CURVE('',#5377,#5234,#3318,.T.);
#6820=EDGE_CURVE('',#5378,#5235,#3319,.T.);
#6821=EDGE_CURVE('',#5379,#5236,#3320,.T.);
#6822=EDGE_CURVE('',#5380,#5237,#3321,.T.);
#6823=EDGE_CURVE('',#5381,#5238,#3322,.T.);
#6824=EDGE_CURVE('',#5382,#5239,#3323,.T.);
#6825=EDGE_CURVE('',#5383,#5240,#3324,.T.);
#6826=EDGE_CURVE('',#5384,#5241,#3325,.T.);
#6827=EDGE_CURVE('',#5385,#5242,#3326,.T.);
#6828=EDGE_CURVE('',#5386,#5243,#3327,.T.);
#6829=EDGE_CURVE('',#5387,#5244,#3328,.T.);
#6830=EDGE_CURVE('',#5388,#5245,#3329,.T.);
#6831=EDGE_CURVE('',#5389,#5246,#3330,.T.);
#6832=EDGE_CURVE('',#5390,#5247,#3331,.T.);
#6833=EDGE_CURVE('',#5391,#5248,#3332,.T.);
#6834=EDGE_CURVE('',#5392,#5249,#3333,.T.);
#6835=EDGE_CURVE('',#5393,#5250,#3334,.T.);
#6836=EDGE_CURVE('',#5394,#5251,#3335,.T.);
#6837=EDGE_CURVE('',#5395,#5252,#3336,.T.);
#6838=EDGE_CURVE('',#5396,#5253,#3337,.T.);
#6839=EDGE_CURVE('',#5397,#5254,#3338,.T.);
#6840=EDGE_CURVE('',#5398,#5255,#3339,.T.);
#6841=EDGE_CURVE('',#5399,#5256,#3340,.T.);
#6842=EDGE_CURVE('',#5400,#5257,#3341,.T.);
#6843=EDGE_CURVE('',#5401,#5258,#3342,.T.);
#6844=EDGE_CURVE('',#5402,#5259,#3343,.T.);
#6845=EDGE_CURVE('',#5403,#5260,#3344,.T.);
#6846=EDGE_CURVE('',#5404,#5261,#3345,.T.);
#6847=EDGE_CURVE('',#5405,#5262,#3346,.T.);
#6848=EDGE_CURVE('',#5406,#5263,#3347,.T.);
#6849=EDGE_CURVE('',#5407,#5264,#3348,.T.);
#6850=EDGE_CURVE('',#5408,#5265,#3349,.T.);
#6851=EDGE_CURVE('',#5409,#5266,#3350,.T.);
#6852=EDGE_CURVE('',#5410,#5267,#3351,.T.);
#6853=EDGE_CURVE('',#5411,#5268,#3352,.T.);
#6854=EDGE_CURVE('',#5412,#5269,#3353,.T.);
#6855=EDGE_CURVE('',#5413,#5270,#3354,.T.);
#6856=EDGE_CURVE('',#5414,#5271,#3355,.T.);
#6857=EDGE_CURVE('',#5415,#5272,#3356,.T.);
#6858=EDGE_CURVE('',#5416,#5273,#3357,.T.);
#6859=EDGE_CURVE('',#5417,#5274,#3358,.T.);
#6860=EDGE_CURVE('',#5418,#5275,#3359,.T.);
#6861=EDGE_CURVE('',#5419,#5276,#3360,.T.);
#6862=EDGE_CURVE('',#5420,#5277,#3361,.T.);
#6863=EDGE_CURVE('',#5421,#5278,#3362,.T.);
#6864=EDGE_CURVE('',#5422,#5279,#3363,.T.);
#6865=EDGE_CURVE('',#5423,#5280,#3364,.T.);
#6866=EDGE_CURVE('',#5424,#5281,#3365,.T.);
#6867=EDGE_CURVE('',#5425,#5282,#3366,.T.);
#6868=EDGE_CURVE('',#5426,#5283,#3367,.T.);
#6869=EDGE_CURVE('',#5427,#5284,#3368,.T.);
#6870=EDGE_CURVE('',#5428,#5285,#3369,.T.);
#6871=EDGE_CURVE('',#5429,#5286,#3370,.T.);
#6872=EDGE_CURVE('',#5430,#5287,#3371,.T.);
#6873=EDGE_CURVE('',#5431,#5288,#3372,.T.);
#6874=EDGE_CURVE('',#5432,#5289,#3373,.T.);
#6875=EDGE_CURVE('',#5433,#5290,#3374,.T.);
#6876=EDGE_CURVE('',#5434,#5291,#3375,.T.);
#6877=EDGE_CURVE('',#5435,#5292,#3376,.T.);
#6878=EDGE_CURVE('',#5436,#5293,#3377,.T.);
#6879=EDGE_CURVE('',#5437,#5294,#3378,.T.);
#6880=EDGE_CURVE('',#5438,#5295,#3379,.T.);
#6881=EDGE_CURVE('',#5439,#5296,#3380,.T.);
#6882=EDGE_CURVE('',#5440,#5297,#3381,.T.);
#6883=EDGE_CURVE('',#5441,#5298,#3382,.T.);
#6884=EDGE_CURVE('',#5442,#5299,#3383,.T.);
#6885=EDGE_CURVE('',#5443,#5300,#3384,.T.);
#6886=EDGE_CURVE('',#5444,#5301,#3385,.T.);
#6887=EDGE_CURVE('',#5445,#5302,#3386,.T.);
#6888=EDGE_CURVE('',#5446,#5303,#3387,.T.);
#6889=EDGE_CURVE('',#5447,#5304,#3388,.T.);
#6890=EDGE_CURVE('',#5448,#5305,#3389,.T.);
#6891=EDGE_CURVE('',#5449,#5306,#3390,.T.);
#6892=EDGE_CURVE('',#5450,#5307,#3391,.T.);
#6893=EDGE_CURVE('',#5451,#5308,#3392,.T.);
#6894=EDGE_CURVE('',#5452,#5309,#3393,.T.);
#6895=EDGE_CURVE('',#5453,#5310,#3394,.T.);
#6896=EDGE_CURVE('',#5454,#5311,#3395,.T.);
#6897=EDGE_CURVE('',#5455,#5312,#3396,.T.);
#6898=EDGE_CURVE('',#5456,#5313,#3397,.T.);
#6899=EDGE_CURVE('',#5457,#5314,#3398,.T.);
#6900=EDGE_CURVE('',#5458,#5315,#3399,.T.);
#6901=EDGE_CURVE('',#5459,#5316,#3400,.T.);
#6902=ORIENTED_EDGE('',*,*,#5460,.F.);
#6903=ORIENTED_EDGE('',*,*,#5461,.T.);
#6904=ORIENTED_EDGE('',*,*,#5462,.T.);
#6905=ORIENTED_EDGE('',*,*,#5463,.F.);
#6906=ORIENTED_EDGE('',*,*,#5464,.F.);
#6907=ORIENTED_EDGE('',*,*,#5465,.T.);
#6908=ORIENTED_EDGE('',*,*,#5460,.T.);
#6909=ORIENTED_EDGE('',*,*,#5466,.F.);
#6910=ORIENTED_EDGE('',*,*,#5462,.F.);
#6911=ORIENTED_EDGE('',*,*,#5467,.T.);
#6912=ORIENTED_EDGE('',*,*,#5468,.T.);
#6913=ORIENTED_EDGE('',*,*,#5469,.F.);
#6914=ORIENTED_EDGE('',*,*,#5461,.F.);
#6915=ORIENTED_EDGE('',*,*,#5465,.F.);
#6916=ORIENTED_EDGE('',*,*,#5470,.F.);
#6917=ORIENTED_EDGE('',*,*,#5471,.F.);
#6918=ORIENTED_EDGE('',*,*,#5472,.F.);
#6919=ORIENTED_EDGE('',*,*,#5473,.F.);
#6920=ORIENTED_EDGE('',*,*,#5474,.F.);
#6921=ORIENTED_EDGE('',*,*,#5475,.F.);
#6922=ORIENTED_EDGE('',*,*,#5476,.F.);
#6923=ORIENTED_EDGE('',*,*,#5477,.F.);
#6924=ORIENTED_EDGE('',*,*,#5478,.F.);
#6925=ORIENTED_EDGE('',*,*,#5479,.F.);
#6926=ORIENTED_EDGE('',*,*,#5480,.F.);
#6927=ORIENTED_EDGE('',*,*,#5467,.F.);
#6928=ORIENTED_EDGE('',*,*,#5481,.F.);
#6929=ORIENTED_EDGE('',*,*,#5482,.T.);
#6930=ORIENTED_EDGE('',*,*,#5483,.T.);
#6931=ORIENTED_EDGE('',*,*,#5484,.F.);
#6932=ORIENTED_EDGE('',*,*,#5485,.F.);
#6933=ORIENTED_EDGE('',*,*,#5486,.T.);
#6934=ORIENTED_EDGE('',*,*,#5487,.T.);
#6935=ORIENTED_EDGE('',*,*,#5488,.F.);
#6936=ORIENTED_EDGE('',*,*,#5463,.T.);
#6937=ORIENTED_EDGE('',*,*,#5469,.T.);
#6938=ORIENTED_EDGE('',*,*,#5489,.T.);
#6939=ORIENTED_EDGE('',*,*,#5490,.T.);
#6940=ORIENTED_EDGE('',*,*,#5491,.T.);
#6941=ORIENTED_EDGE('',*,*,#5492,.T.);
#6942=ORIENTED_EDGE('',*,*,#5493,.T.);
#6943=ORIENTED_EDGE('',*,*,#5494,.T.);
#6944=ORIENTED_EDGE('',*,*,#5495,.T.);
#6945=ORIENTED_EDGE('',*,*,#5496,.T.);
#6946=ORIENTED_EDGE('',*,*,#5497,.T.);
#6947=ORIENTED_EDGE('',*,*,#5498,.T.);
#6948=ORIENTED_EDGE('',*,*,#5499,.T.);
#6949=ORIENTED_EDGE('',*,*,#5466,.T.);
#6950=ORIENTED_EDGE('',*,*,#5500,.T.);
#6951=ORIENTED_EDGE('',*,*,#5501,.T.);
#6952=ORIENTED_EDGE('',*,*,#5502,.F.);
#6953=ORIENTED_EDGE('',*,*,#5503,.F.);
#6954=ORIENTED_EDGE('',*,*,#5504,.T.);
#6955=ORIENTED_EDGE('',*,*,#5505,.T.);
#6956=ORIENTED_EDGE('',*,*,#5506,.F.);
#6957=ORIENTED_EDGE('',*,*,#5507,.F.);
#6958=ORIENTED_EDGE('',*,*,#5508,.F.);
#6959=ORIENTED_EDGE('',*,*,#5470,.T.);
#6960=ORIENTED_EDGE('',*,*,#5464,.T.);
#6961=ORIENTED_EDGE('',*,*,#5499,.F.);
#6962=ORIENTED_EDGE('',*,*,#5468,.F.);
#6963=ORIENTED_EDGE('',*,*,#5480,.T.);
#6964=ORIENTED_EDGE('',*,*,#5509,.T.);
#6965=ORIENTED_EDGE('',*,*,#5489,.F.);
#6966=ORIENTED_EDGE('',*,*,#5510,.F.);
#6967=ORIENTED_EDGE('',*,*,#5471,.T.);
#6968=ORIENTED_EDGE('',*,*,#5508,.T.);
#6969=ORIENTED_EDGE('',*,*,#5498,.F.);
#6970=ORIENTED_EDGE('',*,*,#5509,.F.);
#6971=ORIENTED_EDGE('',*,*,#5479,.T.);
#6972=ORIENTED_EDGE('',*,*,#5511,.T.);
#6973=ORIENTED_EDGE('',*,*,#5490,.F.);
#6974=ORIENTED_EDGE('',*,*,#5512,.F.);
#6975=ORIENTED_EDGE('',*,*,#5472,.T.);
#6976=ORIENTED_EDGE('',*,*,#5510,.T.);
#6977=ORIENTED_EDGE('',*,*,#5497,.F.);
#6978=ORIENTED_EDGE('',*,*,#5511,.F.);
#6979=ORIENTED_EDGE('',*,*,#5478,.T.);
#6980=ORIENTED_EDGE('',*,*,#5513,.T.);
#6981=ORIENTED_EDGE('',*,*,#5491,.F.);
#6982=ORIENTED_EDGE('',*,*,#5514,.F.);
#6983=ORIENTED_EDGE('',*,*,#5473,.T.);
#6984=ORIENTED_EDGE('',*,*,#5512,.T.);
#6985=ORIENTED_EDGE('',*,*,#5496,.F.);
#6986=ORIENTED_EDGE('',*,*,#5513,.F.);
#6987=ORIENTED_EDGE('',*,*,#5477,.T.);
#6988=ORIENTED_EDGE('',*,*,#5515,.T.);
#6989=ORIENTED_EDGE('',*,*,#5492,.F.);
#6990=ORIENTED_EDGE('',*,*,#5516,.F.);
#6991=ORIENTED_EDGE('',*,*,#5474,.T.);
#6992=ORIENTED_EDGE('',*,*,#5514,.T.);
#6993=ORIENTED_EDGE('',*,*,#5495,.F.);
#6994=ORIENTED_EDGE('',*,*,#5515,.F.);
#6995=ORIENTED_EDGE('',*,*,#5476,.T.);
#6996=ORIENTED_EDGE('',*,*,#5517,.T.);
#6997=ORIENTED_EDGE('',*,*,#5493,.F.);
#6998=ORIENTED_EDGE('',*,*,#5517,.F.);
#6999=ORIENTED_EDGE('',*,*,#5475,.T.);
#7000=ORIENTED_EDGE('',*,*,#5516,.T.);
#7001=ORIENTED_EDGE('',*,*,#5494,.F.);
#7002=ORIENTED_EDGE('',*,*,#5518,.T.);
#7003=ORIENTED_EDGE('',*,*,#5481,.T.);
#7004=ORIENTED_EDGE('',*,*,#5519,.F.);
#7005=ORIENTED_EDGE('',*,*,#5520,.T.);
#7006=ORIENTED_EDGE('',*,*,#5518,.F.);
#7007=ORIENTED_EDGE('',*,*,#5521,.T.);
#7008=ORIENTED_EDGE('',*,*,#5522,.T.);
#7009=ORIENTED_EDGE('',*,*,#5482,.F.);
#7010=ORIENTED_EDGE('',*,*,#5522,.F.);
#7011=ORIENTED_EDGE('',*,*,#5523,.F.);
#7012=ORIENTED_EDGE('',*,*,#5524,.T.);
#7013=ORIENTED_EDGE('',*,*,#5483,.F.);
#7014=ORIENTED_EDGE('',*,*,#5519,.T.);
#7015=ORIENTED_EDGE('',*,*,#5484,.T.);
#7016=ORIENTED_EDGE('',*,*,#5524,.F.);
#7017=ORIENTED_EDGE('',*,*,#5525,.F.);
#7018=ORIENTED_EDGE('',*,*,#5526,.T.);
#7019=ORIENTED_EDGE('',*,*,#5485,.T.);
#7020=ORIENTED_EDGE('',*,*,#5527,.F.);
#7021=ORIENTED_EDGE('',*,*,#5528,.T.);
#7022=ORIENTED_EDGE('',*,*,#5526,.F.);
#7023=ORIENTED_EDGE('',*,*,#5529,.T.);
#7024=ORIENTED_EDGE('',*,*,#5530,.T.);
#7025=ORIENTED_EDGE('',*,*,#5486,.F.);
#7026=ORIENTED_EDGE('',*,*,#5530,.F.);
#7027=ORIENTED_EDGE('',*,*,#5531,.F.);
#7028=ORIENTED_EDGE('',*,*,#5532,.T.);
#7029=ORIENTED_EDGE('',*,*,#5487,.F.);
#7030=ORIENTED_EDGE('',*,*,#5527,.T.);
#7031=ORIENTED_EDGE('',*,*,#5488,.T.);
#7032=ORIENTED_EDGE('',*,*,#5532,.F.);
#7033=ORIENTED_EDGE('',*,*,#5533,.F.);
#7034=ORIENTED_EDGE('',*,*,#5534,.T.);
#7035=ORIENTED_EDGE('',*,*,#5535,.F.);
#7036=ORIENTED_EDGE('',*,*,#5536,.F.);
#7037=ORIENTED_EDGE('',*,*,#5500,.F.);
#7038=ORIENTED_EDGE('',*,*,#5534,.F.);
#7039=ORIENTED_EDGE('',*,*,#5503,.T.);
#7040=ORIENTED_EDGE('',*,*,#5537,.T.);
#7041=ORIENTED_EDGE('',*,*,#5538,.F.);
#7042=ORIENTED_EDGE('',*,*,#5537,.F.);
#7043=ORIENTED_EDGE('',*,*,#5502,.T.);
#7044=ORIENTED_EDGE('',*,*,#5539,.T.);
#7045=ORIENTED_EDGE('',*,*,#5540,.T.);
#7046=ORIENTED_EDGE('',*,*,#5536,.T.);
#7047=ORIENTED_EDGE('',*,*,#5541,.T.);
#7048=ORIENTED_EDGE('',*,*,#5539,.F.);
#7049=ORIENTED_EDGE('',*,*,#5501,.F.);
#7050=ORIENTED_EDGE('',*,*,#5542,.T.);
#7051=ORIENTED_EDGE('',*,*,#5543,.F.);
#7052=ORIENTED_EDGE('',*,*,#5544,.F.);
#7053=ORIENTED_EDGE('',*,*,#5504,.F.);
#7054=ORIENTED_EDGE('',*,*,#5542,.F.);
#7055=ORIENTED_EDGE('',*,*,#5507,.T.);
#7056=ORIENTED_EDGE('',*,*,#5545,.T.);
#7057=ORIENTED_EDGE('',*,*,#5546,.F.);
#7058=ORIENTED_EDGE('',*,*,#5545,.F.);
#7059=ORIENTED_EDGE('',*,*,#5506,.T.);
#7060=ORIENTED_EDGE('',*,*,#5547,.T.);
#7061=ORIENTED_EDGE('',*,*,#5548,.T.);
#7062=ORIENTED_EDGE('',*,*,#5544,.T.);
#7063=ORIENTED_EDGE('',*,*,#5549,.T.);
#7064=ORIENTED_EDGE('',*,*,#5547,.F.);
#7065=ORIENTED_EDGE('',*,*,#5505,.F.);
#7066=ORIENTED_EDGE('',*,*,#5550,.T.);
#7067=ORIENTED_EDGE('',*,*,#5551,.T.);
#7068=ORIENTED_EDGE('',*,*,#5552,.F.);
#7069=ORIENTED_EDGE('',*,*,#5520,.F.);
#7070=ORIENTED_EDGE('',*,*,#5552,.T.);
#7071=ORIENTED_EDGE('',*,*,#5553,.T.);
#7072=ORIENTED_EDGE('',*,*,#5554,.F.);
#7073=ORIENTED_EDGE('',*,*,#5521,.F.);
#7074=ORIENTED_EDGE('',*,*,#5555,.F.);
#7075=ORIENTED_EDGE('',*,*,#5523,.T.);
#7076=ORIENTED_EDGE('',*,*,#5554,.T.);
#7077=ORIENTED_EDGE('',*,*,#5556,.F.);
#7078=ORIENTED_EDGE('',*,*,#5550,.F.);
#7079=ORIENTED_EDGE('',*,*,#5525,.T.);
#7080=ORIENTED_EDGE('',*,*,#5555,.T.);
#7081=ORIENTED_EDGE('',*,*,#5557,.F.);
#7082=ORIENTED_EDGE('',*,*,#5558,.T.);
#7083=ORIENTED_EDGE('',*,*,#5559,.T.);
#7084=ORIENTED_EDGE('',*,*,#5560,.F.);
#7085=ORIENTED_EDGE('',*,*,#5528,.F.);
#7086=ORIENTED_EDGE('',*,*,#5560,.T.);
#7087=ORIENTED_EDGE('',*,*,#5561,.T.);
#7088=ORIENTED_EDGE('',*,*,#5562,.F.);
#7089=ORIENTED_EDGE('',*,*,#5529,.F.);
#7090=ORIENTED_EDGE('',*,*,#5563,.F.);
#7091=ORIENTED_EDGE('',*,*,#5531,.T.);
#7092=ORIENTED_EDGE('',*,*,#5562,.T.);
#7093=ORIENTED_EDGE('',*,*,#5564,.F.);
#7094=ORIENTED_EDGE('',*,*,#5558,.F.);
#7095=ORIENTED_EDGE('',*,*,#5533,.T.);
#7096=ORIENTED_EDGE('',*,*,#5563,.T.);
#7097=ORIENTED_EDGE('',*,*,#5565,.F.);
#7098=ORIENTED_EDGE('',*,*,#5566,.F.);
#7099=ORIENTED_EDGE('',*,*,#5535,.T.);
#7100=ORIENTED_EDGE('',*,*,#5567,.T.);
#7101=ORIENTED_EDGE('',*,*,#5568,.F.);
#7102=ORIENTED_EDGE('',*,*,#5567,.F.);
#7103=ORIENTED_EDGE('',*,*,#5538,.T.);
#7104=ORIENTED_EDGE('',*,*,#5569,.T.);
#7105=ORIENTED_EDGE('',*,*,#5570,.F.);
#7106=ORIENTED_EDGE('',*,*,#5571,.T.);
#7107=ORIENTED_EDGE('',*,*,#5572,.T.);
#7108=ORIENTED_EDGE('',*,*,#5569,.F.);
#7109=ORIENTED_EDGE('',*,*,#5540,.F.);
#7110=ORIENTED_EDGE('',*,*,#5566,.T.);
#7111=ORIENTED_EDGE('',*,*,#5573,.T.);
#7112=ORIENTED_EDGE('',*,*,#5571,.F.);
#7113=ORIENTED_EDGE('',*,*,#5541,.F.);
#7114=ORIENTED_EDGE('',*,*,#5574,.F.);
#7115=ORIENTED_EDGE('',*,*,#5543,.T.);
#7116=ORIENTED_EDGE('',*,*,#5575,.T.);
#7117=ORIENTED_EDGE('',*,*,#5576,.F.);
#7118=ORIENTED_EDGE('',*,*,#5575,.F.);
#7119=ORIENTED_EDGE('',*,*,#5546,.T.);
#7120=ORIENTED_EDGE('',*,*,#5577,.T.);
#7121=ORIENTED_EDGE('',*,*,#5578,.F.);
#7122=ORIENTED_EDGE('',*,*,#5579,.T.);
#7123=ORIENTED_EDGE('',*,*,#5580,.T.);
#7124=ORIENTED_EDGE('',*,*,#5577,.F.);
#7125=ORIENTED_EDGE('',*,*,#5548,.F.);
#7126=ORIENTED_EDGE('',*,*,#5574,.T.);
#7127=ORIENTED_EDGE('',*,*,#5581,.T.);
#7128=ORIENTED_EDGE('',*,*,#5579,.F.);
#7129=ORIENTED_EDGE('',*,*,#5549,.F.);
#7130=ORIENTED_EDGE('',*,*,#5557,.T.);
#7131=ORIENTED_EDGE('',*,*,#5556,.T.);
#7132=ORIENTED_EDGE('',*,*,#5553,.F.);
#7133=ORIENTED_EDGE('',*,*,#5551,.F.);
#7134=ORIENTED_EDGE('',*,*,#5565,.T.);
#7135=ORIENTED_EDGE('',*,*,#5564,.T.);
#7136=ORIENTED_EDGE('',*,*,#5561,.F.);
#7137=ORIENTED_EDGE('',*,*,#5559,.F.);
#7138=ORIENTED_EDGE('',*,*,#5572,.F.);
#7139=ORIENTED_EDGE('',*,*,#5573,.F.);
#7140=ORIENTED_EDGE('',*,*,#5568,.T.);
#7141=ORIENTED_EDGE('',*,*,#5570,.T.);
#7142=ORIENTED_EDGE('',*,*,#5580,.F.);
#7143=ORIENTED_EDGE('',*,*,#5581,.F.);
#7144=ORIENTED_EDGE('',*,*,#5576,.T.);
#7145=ORIENTED_EDGE('',*,*,#5578,.T.);
#7146=ORIENTED_EDGE('',*,*,#5582,.F.);
#7147=ORIENTED_EDGE('',*,*,#5583,.T.);
#7148=ORIENTED_EDGE('',*,*,#5584,.T.);
#7149=ORIENTED_EDGE('',*,*,#5585,.F.);
#7150=ORIENTED_EDGE('',*,*,#5586,.F.);
#7151=ORIENTED_EDGE('',*,*,#5587,.T.);
#7152=ORIENTED_EDGE('',*,*,#5582,.T.);
#7153=ORIENTED_EDGE('',*,*,#5588,.F.);
#7154=ORIENTED_EDGE('',*,*,#5584,.F.);
#7155=ORIENTED_EDGE('',*,*,#5589,.T.);
#7156=ORIENTED_EDGE('',*,*,#5590,.T.);
#7157=ORIENTED_EDGE('',*,*,#5591,.F.);
#7158=ORIENTED_EDGE('',*,*,#5583,.F.);
#7159=ORIENTED_EDGE('',*,*,#5587,.F.);
#7160=ORIENTED_EDGE('',*,*,#5592,.F.);
#7161=ORIENTED_EDGE('',*,*,#5593,.F.);
#7162=ORIENTED_EDGE('',*,*,#5594,.F.);
#7163=ORIENTED_EDGE('',*,*,#5595,.F.);
#7164=ORIENTED_EDGE('',*,*,#5596,.F.);
#7165=ORIENTED_EDGE('',*,*,#5597,.F.);
#7166=ORIENTED_EDGE('',*,*,#5598,.F.);
#7167=ORIENTED_EDGE('',*,*,#5599,.F.);
#7168=ORIENTED_EDGE('',*,*,#5600,.F.);
#7169=ORIENTED_EDGE('',*,*,#5601,.F.);
#7170=ORIENTED_EDGE('',*,*,#5602,.F.);
#7171=ORIENTED_EDGE('',*,*,#5603,.F.);
#7172=ORIENTED_EDGE('',*,*,#5604,.F.);
#7173=ORIENTED_EDGE('',*,*,#5605,.F.);
#7174=ORIENTED_EDGE('',*,*,#5606,.F.);
#7175=ORIENTED_EDGE('',*,*,#5607,.F.);
#7176=ORIENTED_EDGE('',*,*,#5608,.F.);
#7177=ORIENTED_EDGE('',*,*,#5609,.F.);
#7178=ORIENTED_EDGE('',*,*,#5610,.F.);
#7179=ORIENTED_EDGE('',*,*,#5611,.F.);
#7180=ORIENTED_EDGE('',*,*,#5612,.F.);
#7181=ORIENTED_EDGE('',*,*,#5613,.F.);
#7182=ORIENTED_EDGE('',*,*,#5614,.F.);
#7183=ORIENTED_EDGE('',*,*,#5589,.F.);
#7184=ORIENTED_EDGE('',*,*,#5615,.T.);
#7185=ORIENTED_EDGE('',*,*,#5616,.F.);
#7186=ORIENTED_EDGE('',*,*,#5617,.F.);
#7187=ORIENTED_EDGE('',*,*,#5618,.T.);
#7188=ORIENTED_EDGE('',*,*,#5619,.T.);
#7189=ORIENTED_EDGE('',*,*,#5620,.T.);
#7190=ORIENTED_EDGE('',*,*,#5621,.F.);
#7191=ORIENTED_EDGE('',*,*,#5622,.F.);
#7192=ORIENTED_EDGE('',*,*,#5623,.T.);
#7193=ORIENTED_EDGE('',*,*,#5624,.T.);
#7194=ORIENTED_EDGE('',*,*,#5625,.F.);
#7195=ORIENTED_EDGE('',*,*,#5626,.F.);
#7196=ORIENTED_EDGE('',*,*,#5627,.T.);
#7197=ORIENTED_EDGE('',*,*,#5628,.F.);
#7198=ORIENTED_EDGE('',*,*,#5629,.F.);
#7199=ORIENTED_EDGE('',*,*,#5630,.T.);
#7200=ORIENTED_EDGE('',*,*,#5585,.T.);
#7201=ORIENTED_EDGE('',*,*,#5591,.T.);
#7202=ORIENTED_EDGE('',*,*,#5631,.T.);
#7203=ORIENTED_EDGE('',*,*,#5632,.T.);
#7204=ORIENTED_EDGE('',*,*,#5633,.T.);
#7205=ORIENTED_EDGE('',*,*,#5634,.T.);
#7206=ORIENTED_EDGE('',*,*,#5635,.T.);
#7207=ORIENTED_EDGE('',*,*,#5636,.T.);
#7208=ORIENTED_EDGE('',*,*,#5637,.T.);
#7209=ORIENTED_EDGE('',*,*,#5638,.T.);
#7210=ORIENTED_EDGE('',*,*,#5639,.T.);
#7211=ORIENTED_EDGE('',*,*,#5640,.T.);
#7212=ORIENTED_EDGE('',*,*,#5641,.T.);
#7213=ORIENTED_EDGE('',*,*,#5642,.T.);
#7214=ORIENTED_EDGE('',*,*,#5643,.T.);
#7215=ORIENTED_EDGE('',*,*,#5644,.T.);
#7216=ORIENTED_EDGE('',*,*,#5645,.T.);
#7217=ORIENTED_EDGE('',*,*,#5646,.T.);
#7218=ORIENTED_EDGE('',*,*,#5647,.T.);
#7219=ORIENTED_EDGE('',*,*,#5648,.T.);
#7220=ORIENTED_EDGE('',*,*,#5649,.T.);
#7221=ORIENTED_EDGE('',*,*,#5650,.T.);
#7222=ORIENTED_EDGE('',*,*,#5651,.T.);
#7223=ORIENTED_EDGE('',*,*,#5652,.T.);
#7224=ORIENTED_EDGE('',*,*,#5653,.T.);
#7225=ORIENTED_EDGE('',*,*,#5588,.T.);
#7226=ORIENTED_EDGE('',*,*,#5654,.F.);
#7227=ORIENTED_EDGE('',*,*,#5655,.F.);
#7228=ORIENTED_EDGE('',*,*,#5656,.T.);
#7229=ORIENTED_EDGE('',*,*,#5657,.T.);
#7230=ORIENTED_EDGE('',*,*,#5658,.F.);
#7231=ORIENTED_EDGE('',*,*,#5659,.T.);
#7232=ORIENTED_EDGE('',*,*,#5660,.T.);
#7233=ORIENTED_EDGE('',*,*,#5661,.F.);
#7234=ORIENTED_EDGE('',*,*,#5662,.F.);
#7235=ORIENTED_EDGE('',*,*,#5663,.T.);
#7236=ORIENTED_EDGE('',*,*,#5664,.T.);
#7237=ORIENTED_EDGE('',*,*,#5665,.F.);
#7238=ORIENTED_EDGE('',*,*,#5666,.F.);
#7239=ORIENTED_EDGE('',*,*,#5667,.F.);
#7240=ORIENTED_EDGE('',*,*,#5668,.T.);
#7241=ORIENTED_EDGE('',*,*,#5669,.T.);
#7242=ORIENTED_EDGE('',*,*,#5670,.F.);
#7243=ORIENTED_EDGE('',*,*,#5592,.T.);
#7244=ORIENTED_EDGE('',*,*,#5586,.T.);
#7245=ORIENTED_EDGE('',*,*,#5653,.F.);
#7246=ORIENTED_EDGE('',*,*,#5590,.F.);
#7247=ORIENTED_EDGE('',*,*,#5614,.T.);
#7248=ORIENTED_EDGE('',*,*,#5671,.T.);
#7249=ORIENTED_EDGE('',*,*,#5631,.F.);
#7250=ORIENTED_EDGE('',*,*,#5672,.F.);
#7251=ORIENTED_EDGE('',*,*,#5593,.T.);
#7252=ORIENTED_EDGE('',*,*,#5670,.T.);
#7253=ORIENTED_EDGE('',*,*,#5652,.F.);
#7254=ORIENTED_EDGE('',*,*,#5671,.F.);
#7255=ORIENTED_EDGE('',*,*,#5613,.T.);
#7256=ORIENTED_EDGE('',*,*,#5673,.T.);
#7257=ORIENTED_EDGE('',*,*,#5632,.F.);
#7258=ORIENTED_EDGE('',*,*,#5674,.F.);
#7259=ORIENTED_EDGE('',*,*,#5594,.T.);
#7260=ORIENTED_EDGE('',*,*,#5672,.T.);
#7261=ORIENTED_EDGE('',*,*,#5651,.F.);
#7262=ORIENTED_EDGE('',*,*,#5673,.F.);
#7263=ORIENTED_EDGE('',*,*,#5612,.T.);
#7264=ORIENTED_EDGE('',*,*,#5675,.T.);
#7265=ORIENTED_EDGE('',*,*,#5633,.F.);
#7266=ORIENTED_EDGE('',*,*,#5676,.F.);
#7267=ORIENTED_EDGE('',*,*,#5595,.T.);
#7268=ORIENTED_EDGE('',*,*,#5674,.T.);
#7269=ORIENTED_EDGE('',*,*,#5650,.F.);
#7270=ORIENTED_EDGE('',*,*,#5675,.F.);
#7271=ORIENTED_EDGE('',*,*,#5611,.T.);
#7272=ORIENTED_EDGE('',*,*,#5677,.T.);
#7273=ORIENTED_EDGE('',*,*,#5634,.F.);
#7274=ORIENTED_EDGE('',*,*,#5678,.F.);
#7275=ORIENTED_EDGE('',*,*,#5596,.T.);
#7276=ORIENTED_EDGE('',*,*,#5676,.T.);
#7277=ORIENTED_EDGE('',*,*,#5649,.F.);
#7278=ORIENTED_EDGE('',*,*,#5677,.F.);
#7279=ORIENTED_EDGE('',*,*,#5610,.T.);
#7280=ORIENTED_EDGE('',*,*,#5679,.T.);
#7281=ORIENTED_EDGE('',*,*,#5635,.F.);
#7282=ORIENTED_EDGE('',*,*,#5680,.F.);
#7283=ORIENTED_EDGE('',*,*,#5597,.T.);
#7284=ORIENTED_EDGE('',*,*,#5678,.T.);
#7285=ORIENTED_EDGE('',*,*,#5648,.F.);
#7286=ORIENTED_EDGE('',*,*,#5679,.F.);
#7287=ORIENTED_EDGE('',*,*,#5609,.T.);
#7288=ORIENTED_EDGE('',*,*,#5681,.T.);
#7289=ORIENTED_EDGE('',*,*,#5636,.F.);
#7290=ORIENTED_EDGE('',*,*,#5682,.F.);
#7291=ORIENTED_EDGE('',*,*,#5598,.T.);
#7292=ORIENTED_EDGE('',*,*,#5680,.T.);
#7293=ORIENTED_EDGE('',*,*,#5647,.F.);
#7294=ORIENTED_EDGE('',*,*,#5681,.F.);
#7295=ORIENTED_EDGE('',*,*,#5608,.T.);
#7296=ORIENTED_EDGE('',*,*,#5683,.T.);
#7297=ORIENTED_EDGE('',*,*,#5637,.F.);
#7298=ORIENTED_EDGE('',*,*,#5684,.F.);
#7299=ORIENTED_EDGE('',*,*,#5599,.T.);
#7300=ORIENTED_EDGE('',*,*,#5682,.T.);
#7301=ORIENTED_EDGE('',*,*,#5646,.F.);
#7302=ORIENTED_EDGE('',*,*,#5683,.F.);
#7303=ORIENTED_EDGE('',*,*,#5607,.T.);
#7304=ORIENTED_EDGE('',*,*,#5685,.T.);
#7305=ORIENTED_EDGE('',*,*,#5638,.F.);
#7306=ORIENTED_EDGE('',*,*,#5686,.F.);
#7307=ORIENTED_EDGE('',*,*,#5600,.T.);
#7308=ORIENTED_EDGE('',*,*,#5684,.T.);
#7309=ORIENTED_EDGE('',*,*,#5645,.F.);
#7310=ORIENTED_EDGE('',*,*,#5685,.F.);
#7311=ORIENTED_EDGE('',*,*,#5606,.T.);
#7312=ORIENTED_EDGE('',*,*,#5687,.T.);
#7313=ORIENTED_EDGE('',*,*,#5639,.F.);
#7314=ORIENTED_EDGE('',*,*,#5688,.F.);
#7315=ORIENTED_EDGE('',*,*,#5601,.T.);
#7316=ORIENTED_EDGE('',*,*,#5686,.T.);
#7317=ORIENTED_EDGE('',*,*,#5644,.F.);
#7318=ORIENTED_EDGE('',*,*,#5687,.F.);
#7319=ORIENTED_EDGE('',*,*,#5605,.T.);
#7320=ORIENTED_EDGE('',*,*,#5689,.T.);
#7321=ORIENTED_EDGE('',*,*,#5640,.F.);
#7322=ORIENTED_EDGE('',*,*,#5690,.F.);
#7323=ORIENTED_EDGE('',*,*,#5602,.T.);
#7324=ORIENTED_EDGE('',*,*,#5688,.T.);
#7325=ORIENTED_EDGE('',*,*,#5643,.F.);
#7326=ORIENTED_EDGE('',*,*,#5689,.F.);
#7327=ORIENTED_EDGE('',*,*,#5604,.T.);
#7328=ORIENTED_EDGE('',*,*,#5691,.T.);
#7329=ORIENTED_EDGE('',*,*,#5641,.F.);
#7330=ORIENTED_EDGE('',*,*,#5691,.F.);
#7331=ORIENTED_EDGE('',*,*,#5603,.T.);
#7332=ORIENTED_EDGE('',*,*,#5690,.T.);
#7333=ORIENTED_EDGE('',*,*,#5642,.F.);
#7334=ORIENTED_EDGE('',*,*,#5692,.F.);
#7335=ORIENTED_EDGE('',*,*,#5693,.F.);
#7336=ORIENTED_EDGE('',*,*,#5694,.T.);
#7337=ORIENTED_EDGE('',*,*,#5615,.F.);
#7338=ORIENTED_EDGE('',*,*,#5695,.T.);
#7339=ORIENTED_EDGE('',*,*,#5616,.T.);
#7340=ORIENTED_EDGE('',*,*,#5694,.F.);
#7341=ORIENTED_EDGE('',*,*,#5696,.F.);
#7342=ORIENTED_EDGE('',*,*,#5697,.T.);
#7343=ORIENTED_EDGE('',*,*,#5617,.T.);
#7344=ORIENTED_EDGE('',*,*,#5695,.F.);
#7345=ORIENTED_EDGE('',*,*,#5698,.T.);
#7346=ORIENTED_EDGE('',*,*,#5697,.F.);
#7347=ORIENTED_EDGE('',*,*,#5699,.T.);
#7348=ORIENTED_EDGE('',*,*,#5692,.T.);
#7349=ORIENTED_EDGE('',*,*,#5618,.F.);
#7350=ORIENTED_EDGE('',*,*,#5700,.F.);
#7351=ORIENTED_EDGE('',*,*,#5701,.T.);
#7352=ORIENTED_EDGE('',*,*,#5702,.T.);
#7353=ORIENTED_EDGE('',*,*,#5619,.F.);
#7354=ORIENTED_EDGE('',*,*,#5702,.F.);
#7355=ORIENTED_EDGE('',*,*,#5703,.F.);
#7356=ORIENTED_EDGE('',*,*,#5704,.T.);
#7357=ORIENTED_EDGE('',*,*,#5620,.F.);
#7358=ORIENTED_EDGE('',*,*,#5705,.T.);
#7359=ORIENTED_EDGE('',*,*,#5621,.T.);
#7360=ORIENTED_EDGE('',*,*,#5704,.F.);
#7361=ORIENTED_EDGE('',*,*,#5706,.F.);
#7362=ORIENTED_EDGE('',*,*,#5700,.T.);
#7363=ORIENTED_EDGE('',*,*,#5622,.T.);
#7364=ORIENTED_EDGE('',*,*,#5705,.F.);
#7365=ORIENTED_EDGE('',*,*,#5707,.T.);
#7366=ORIENTED_EDGE('',*,*,#5708,.F.);
#7367=ORIENTED_EDGE('',*,*,#5709,.T.);
#7368=ORIENTED_EDGE('',*,*,#5710,.T.);
#7369=ORIENTED_EDGE('',*,*,#5623,.F.);
#7370=ORIENTED_EDGE('',*,*,#5710,.F.);
#7371=ORIENTED_EDGE('',*,*,#5711,.F.);
#7372=ORIENTED_EDGE('',*,*,#5712,.T.);
#7373=ORIENTED_EDGE('',*,*,#5624,.F.);
#7374=ORIENTED_EDGE('',*,*,#5713,.T.);
#7375=ORIENTED_EDGE('',*,*,#5625,.T.);
#7376=ORIENTED_EDGE('',*,*,#5712,.F.);
#7377=ORIENTED_EDGE('',*,*,#5714,.F.);
#7378=ORIENTED_EDGE('',*,*,#5708,.T.);
#7379=ORIENTED_EDGE('',*,*,#5626,.T.);
#7380=ORIENTED_EDGE('',*,*,#5713,.F.);
#7381=ORIENTED_EDGE('',*,*,#5715,.T.);
#7382=ORIENTED_EDGE('',*,*,#5716,.F.);
#7383=ORIENTED_EDGE('',*,*,#5717,.F.);
#7384=ORIENTED_EDGE('',*,*,#5718,.T.);
#7385=ORIENTED_EDGE('',*,*,#5627,.F.);
#7386=ORIENTED_EDGE('',*,*,#5719,.T.);
#7387=ORIENTED_EDGE('',*,*,#5628,.T.);
#7388=ORIENTED_EDGE('',*,*,#5718,.F.);
#7389=ORIENTED_EDGE('',*,*,#5720,.F.);
#7390=ORIENTED_EDGE('',*,*,#5721,.T.);
#7391=ORIENTED_EDGE('',*,*,#5629,.T.);
#7392=ORIENTED_EDGE('',*,*,#5719,.F.);
#7393=ORIENTED_EDGE('',*,*,#5722,.T.);
#7394=ORIENTED_EDGE('',*,*,#5721,.F.);
#7395=ORIENTED_EDGE('',*,*,#5723,.T.);
#7396=ORIENTED_EDGE('',*,*,#5716,.T.);
#7397=ORIENTED_EDGE('',*,*,#5630,.F.);
#7398=ORIENTED_EDGE('',*,*,#5724,.F.);
#7399=ORIENTED_EDGE('',*,*,#5654,.T.);
#7400=ORIENTED_EDGE('',*,*,#5725,.T.);
#7401=ORIENTED_EDGE('',*,*,#5726,.T.);
#7402=ORIENTED_EDGE('',*,*,#5727,.T.);
#7403=ORIENTED_EDGE('',*,*,#5728,.T.);
#7404=ORIENTED_EDGE('',*,*,#5725,.F.);
#7405=ORIENTED_EDGE('',*,*,#5657,.F.);
#7406=ORIENTED_EDGE('',*,*,#5729,.T.);
#7407=ORIENTED_EDGE('',*,*,#5730,.F.);
#7408=ORIENTED_EDGE('',*,*,#5727,.F.);
#7409=ORIENTED_EDGE('',*,*,#5656,.F.);
#7410=ORIENTED_EDGE('',*,*,#5729,.F.);
#7411=ORIENTED_EDGE('',*,*,#5655,.T.);
#7412=ORIENTED_EDGE('',*,*,#5724,.T.);
#7413=ORIENTED_EDGE('',*,*,#5731,.F.);
#7414=ORIENTED_EDGE('',*,*,#5732,.F.);
#7415=ORIENTED_EDGE('',*,*,#5658,.T.);
#7416=ORIENTED_EDGE('',*,*,#5733,.T.);
#7417=ORIENTED_EDGE('',*,*,#5734,.F.);
#7418=ORIENTED_EDGE('',*,*,#5733,.F.);
#7419=ORIENTED_EDGE('',*,*,#5661,.T.);
#7420=ORIENTED_EDGE('',*,*,#5735,.T.);
#7421=ORIENTED_EDGE('',*,*,#5736,.T.);
#7422=ORIENTED_EDGE('',*,*,#5737,.T.);
#7423=ORIENTED_EDGE('',*,*,#5738,.T.);
#7424=ORIENTED_EDGE('',*,*,#5735,.F.);
#7425=ORIENTED_EDGE('',*,*,#5660,.F.);
#7426=ORIENTED_EDGE('',*,*,#5732,.T.);
#7427=ORIENTED_EDGE('',*,*,#5739,.F.);
#7428=ORIENTED_EDGE('',*,*,#5737,.F.);
#7429=ORIENTED_EDGE('',*,*,#5659,.F.);
#7430=ORIENTED_EDGE('',*,*,#5740,.F.);
#7431=ORIENTED_EDGE('',*,*,#5662,.T.);
#7432=ORIENTED_EDGE('',*,*,#5741,.T.);
#7433=ORIENTED_EDGE('',*,*,#5742,.F.);
#7434=ORIENTED_EDGE('',*,*,#5741,.F.);
#7435=ORIENTED_EDGE('',*,*,#5665,.T.);
#7436=ORIENTED_EDGE('',*,*,#5743,.T.);
#7437=ORIENTED_EDGE('',*,*,#5744,.T.);
#7438=ORIENTED_EDGE('',*,*,#5745,.T.);
#7439=ORIENTED_EDGE('',*,*,#5746,.T.);
#7440=ORIENTED_EDGE('',*,*,#5743,.F.);
#7441=ORIENTED_EDGE('',*,*,#5664,.F.);
#7442=ORIENTED_EDGE('',*,*,#5740,.T.);
#7443=ORIENTED_EDGE('',*,*,#5747,.F.);
#7444=ORIENTED_EDGE('',*,*,#5745,.F.);
#7445=ORIENTED_EDGE('',*,*,#5663,.F.);
#7446=ORIENTED_EDGE('',*,*,#5748,.F.);
#7447=ORIENTED_EDGE('',*,*,#5666,.T.);
#7448=ORIENTED_EDGE('',*,*,#5749,.T.);
#7449=ORIENTED_EDGE('',*,*,#5750,.T.);
#7450=ORIENTED_EDGE('',*,*,#5751,.T.);
#7451=ORIENTED_EDGE('',*,*,#5752,.T.);
#7452=ORIENTED_EDGE('',*,*,#5749,.F.);
#7453=ORIENTED_EDGE('',*,*,#5669,.F.);
#7454=ORIENTED_EDGE('',*,*,#5753,.T.);
#7455=ORIENTED_EDGE('',*,*,#5754,.F.);
#7456=ORIENTED_EDGE('',*,*,#5751,.F.);
#7457=ORIENTED_EDGE('',*,*,#5668,.F.);
#7458=ORIENTED_EDGE('',*,*,#5753,.F.);
#7459=ORIENTED_EDGE('',*,*,#5667,.T.);
#7460=ORIENTED_EDGE('',*,*,#5748,.T.);
#7461=ORIENTED_EDGE('',*,*,#5755,.F.);
#7462=ORIENTED_EDGE('',*,*,#5756,.F.);
#7463=ORIENTED_EDGE('',*,*,#5693,.T.);
#7464=ORIENTED_EDGE('',*,*,#5757,.T.);
#7465=ORIENTED_EDGE('',*,*,#5758,.F.);
#7466=ORIENTED_EDGE('',*,*,#5759,.F.);
#7467=ORIENTED_EDGE('',*,*,#5696,.T.);
#7468=ORIENTED_EDGE('',*,*,#5756,.T.);
#7469=ORIENTED_EDGE('',*,*,#5760,.F.);
#7470=ORIENTED_EDGE('',*,*,#5759,.T.);
#7471=ORIENTED_EDGE('',*,*,#5761,.T.);
#7472=ORIENTED_EDGE('',*,*,#5762,.F.);
#7473=ORIENTED_EDGE('',*,*,#5698,.F.);
#7474=ORIENTED_EDGE('',*,*,#5762,.T.);
#7475=ORIENTED_EDGE('',*,*,#5763,.T.);
#7476=ORIENTED_EDGE('',*,*,#5757,.F.);
#7477=ORIENTED_EDGE('',*,*,#5699,.F.);
#7478=ORIENTED_EDGE('',*,*,#5764,.T.);
#7479=ORIENTED_EDGE('',*,*,#5765,.T.);
#7480=ORIENTED_EDGE('',*,*,#5766,.F.);
#7481=ORIENTED_EDGE('',*,*,#5701,.F.);
#7482=ORIENTED_EDGE('',*,*,#5767,.F.);
#7483=ORIENTED_EDGE('',*,*,#5703,.T.);
#7484=ORIENTED_EDGE('',*,*,#5766,.T.);
#7485=ORIENTED_EDGE('',*,*,#5768,.F.);
#7486=ORIENTED_EDGE('',*,*,#5769,.F.);
#7487=ORIENTED_EDGE('',*,*,#5706,.T.);
#7488=ORIENTED_EDGE('',*,*,#5767,.T.);
#7489=ORIENTED_EDGE('',*,*,#5770,.F.);
#7490=ORIENTED_EDGE('',*,*,#5769,.T.);
#7491=ORIENTED_EDGE('',*,*,#5771,.T.);
#7492=ORIENTED_EDGE('',*,*,#5764,.F.);
#7493=ORIENTED_EDGE('',*,*,#5707,.F.);
#7494=ORIENTED_EDGE('',*,*,#5772,.T.);
#7495=ORIENTED_EDGE('',*,*,#5773,.T.);
#7496=ORIENTED_EDGE('',*,*,#5774,.F.);
#7497=ORIENTED_EDGE('',*,*,#5709,.F.);
#7498=ORIENTED_EDGE('',*,*,#5775,.F.);
#7499=ORIENTED_EDGE('',*,*,#5711,.T.);
#7500=ORIENTED_EDGE('',*,*,#5774,.T.);
#7501=ORIENTED_EDGE('',*,*,#5776,.F.);
#7502=ORIENTED_EDGE('',*,*,#5777,.F.);
#7503=ORIENTED_EDGE('',*,*,#5714,.T.);
#7504=ORIENTED_EDGE('',*,*,#5775,.T.);
#7505=ORIENTED_EDGE('',*,*,#5778,.F.);
#7506=ORIENTED_EDGE('',*,*,#5777,.T.);
#7507=ORIENTED_EDGE('',*,*,#5779,.T.);
#7508=ORIENTED_EDGE('',*,*,#5772,.F.);
#7509=ORIENTED_EDGE('',*,*,#5715,.F.);
#7510=ORIENTED_EDGE('',*,*,#5780,.F.);
#7511=ORIENTED_EDGE('',*,*,#5717,.T.);
#7512=ORIENTED_EDGE('',*,*,#5781,.T.);
#7513=ORIENTED_EDGE('',*,*,#5782,.F.);
#7514=ORIENTED_EDGE('',*,*,#5783,.F.);
#7515=ORIENTED_EDGE('',*,*,#5720,.T.);
#7516=ORIENTED_EDGE('',*,*,#5780,.T.);
#7517=ORIENTED_EDGE('',*,*,#5784,.F.);
#7518=ORIENTED_EDGE('',*,*,#5783,.T.);
#7519=ORIENTED_EDGE('',*,*,#5785,.T.);
#7520=ORIENTED_EDGE('',*,*,#5786,.F.);
#7521=ORIENTED_EDGE('',*,*,#5722,.F.);
#7522=ORIENTED_EDGE('',*,*,#5786,.T.);
#7523=ORIENTED_EDGE('',*,*,#5787,.T.);
#7524=ORIENTED_EDGE('',*,*,#5781,.F.);
#7525=ORIENTED_EDGE('',*,*,#5723,.F.);
#7526=ORIENTED_EDGE('',*,*,#5788,.T.);
#7527=ORIENTED_EDGE('',*,*,#5789,.T.);
#7528=ORIENTED_EDGE('',*,*,#5790,.F.);
#7529=ORIENTED_EDGE('',*,*,#5726,.F.);
#7530=ORIENTED_EDGE('',*,*,#5791,.T.);
#7531=ORIENTED_EDGE('',*,*,#5792,.T.);
#7532=ORIENTED_EDGE('',*,*,#5788,.F.);
#7533=ORIENTED_EDGE('',*,*,#5728,.F.);
#7534=ORIENTED_EDGE('',*,*,#5791,.F.);
#7535=ORIENTED_EDGE('',*,*,#5730,.T.);
#7536=ORIENTED_EDGE('',*,*,#5793,.T.);
#7537=ORIENTED_EDGE('',*,*,#5794,.F.);
#7538=ORIENTED_EDGE('',*,*,#5793,.F.);
#7539=ORIENTED_EDGE('',*,*,#5731,.T.);
#7540=ORIENTED_EDGE('',*,*,#5790,.T.);
#7541=ORIENTED_EDGE('',*,*,#5795,.F.);
#7542=ORIENTED_EDGE('',*,*,#5796,.F.);
#7543=ORIENTED_EDGE('',*,*,#5734,.T.);
#7544=ORIENTED_EDGE('',*,*,#5797,.T.);
#7545=ORIENTED_EDGE('',*,*,#5798,.F.);
#7546=ORIENTED_EDGE('',*,*,#5799,.T.);
#7547=ORIENTED_EDGE('',*,*,#5800,.T.);
#7548=ORIENTED_EDGE('',*,*,#5797,.F.);
#7549=ORIENTED_EDGE('',*,*,#5736,.F.);
#7550=ORIENTED_EDGE('',*,*,#5801,.T.);
#7551=ORIENTED_EDGE('',*,*,#5802,.T.);
#7552=ORIENTED_EDGE('',*,*,#5799,.F.);
#7553=ORIENTED_EDGE('',*,*,#5738,.F.);
#7554=ORIENTED_EDGE('',*,*,#5801,.F.);
#7555=ORIENTED_EDGE('',*,*,#5739,.T.);
#7556=ORIENTED_EDGE('',*,*,#5796,.T.);
#7557=ORIENTED_EDGE('',*,*,#5803,.F.);
#7558=ORIENTED_EDGE('',*,*,#5804,.F.);
#7559=ORIENTED_EDGE('',*,*,#5742,.T.);
#7560=ORIENTED_EDGE('',*,*,#5805,.T.);
#7561=ORIENTED_EDGE('',*,*,#5806,.F.);
#7562=ORIENTED_EDGE('',*,*,#5807,.T.);
#7563=ORIENTED_EDGE('',*,*,#5808,.T.);
#7564=ORIENTED_EDGE('',*,*,#5805,.F.);
#7565=ORIENTED_EDGE('',*,*,#5744,.F.);
#7566=ORIENTED_EDGE('',*,*,#5809,.T.);
#7567=ORIENTED_EDGE('',*,*,#5810,.T.);
#7568=ORIENTED_EDGE('',*,*,#5807,.F.);
#7569=ORIENTED_EDGE('',*,*,#5746,.F.);
#7570=ORIENTED_EDGE('',*,*,#5809,.F.);
#7571=ORIENTED_EDGE('',*,*,#5747,.T.);
#7572=ORIENTED_EDGE('',*,*,#5804,.T.);
#7573=ORIENTED_EDGE('',*,*,#5811,.F.);
#7574=ORIENTED_EDGE('',*,*,#5812,.T.);
#7575=ORIENTED_EDGE('',*,*,#5813,.T.);
#7576=ORIENTED_EDGE('',*,*,#5814,.F.);
#7577=ORIENTED_EDGE('',*,*,#5750,.F.);
#7578=ORIENTED_EDGE('',*,*,#5815,.T.);
#7579=ORIENTED_EDGE('',*,*,#5816,.T.);
#7580=ORIENTED_EDGE('',*,*,#5812,.F.);
#7581=ORIENTED_EDGE('',*,*,#5752,.F.);
#7582=ORIENTED_EDGE('',*,*,#5815,.F.);
#7583=ORIENTED_EDGE('',*,*,#5754,.T.);
#7584=ORIENTED_EDGE('',*,*,#5817,.T.);
#7585=ORIENTED_EDGE('',*,*,#5818,.F.);
#7586=ORIENTED_EDGE('',*,*,#5817,.F.);
#7587=ORIENTED_EDGE('',*,*,#5755,.T.);
#7588=ORIENTED_EDGE('',*,*,#5814,.T.);
#7589=ORIENTED_EDGE('',*,*,#5819,.F.);
#7590=ORIENTED_EDGE('',*,*,#5763,.F.);
#7591=ORIENTED_EDGE('',*,*,#5761,.F.);
#7592=ORIENTED_EDGE('',*,*,#5760,.T.);
#7593=ORIENTED_EDGE('',*,*,#5758,.T.);
#7594=ORIENTED_EDGE('',*,*,#5765,.F.);
#7595=ORIENTED_EDGE('',*,*,#5771,.F.);
#7596=ORIENTED_EDGE('',*,*,#5770,.T.);
#7597=ORIENTED_EDGE('',*,*,#5768,.T.);
#7598=ORIENTED_EDGE('',*,*,#5773,.F.);
#7599=ORIENTED_EDGE('',*,*,#5779,.F.);
#7600=ORIENTED_EDGE('',*,*,#5778,.T.);
#7601=ORIENTED_EDGE('',*,*,#5776,.T.);
#7602=ORIENTED_EDGE('',*,*,#5787,.F.);
#7603=ORIENTED_EDGE('',*,*,#5785,.F.);
#7604=ORIENTED_EDGE('',*,*,#5784,.T.);
#7605=ORIENTED_EDGE('',*,*,#5782,.T.);
#7606=ORIENTED_EDGE('',*,*,#5795,.T.);
#7607=ORIENTED_EDGE('',*,*,#5789,.F.);
#7608=ORIENTED_EDGE('',*,*,#5792,.F.);
#7609=ORIENTED_EDGE('',*,*,#5794,.T.);
#7610=ORIENTED_EDGE('',*,*,#5798,.T.);
#7611=ORIENTED_EDGE('',*,*,#5800,.F.);
#7612=ORIENTED_EDGE('',*,*,#5802,.F.);
#7613=ORIENTED_EDGE('',*,*,#5803,.T.);
#7614=ORIENTED_EDGE('',*,*,#5806,.T.);
#7615=ORIENTED_EDGE('',*,*,#5808,.F.);
#7616=ORIENTED_EDGE('',*,*,#5810,.F.);
#7617=ORIENTED_EDGE('',*,*,#5811,.T.);
#7618=ORIENTED_EDGE('',*,*,#5819,.T.);
#7619=ORIENTED_EDGE('',*,*,#5813,.F.);
#7620=ORIENTED_EDGE('',*,*,#5816,.F.);
#7621=ORIENTED_EDGE('',*,*,#5818,.T.);
#7622=ORIENTED_EDGE('',*,*,#5820,.F.);
#7623=ORIENTED_EDGE('',*,*,#5821,.T.);
#7624=ORIENTED_EDGE('',*,*,#5822,.T.);
#7625=ORIENTED_EDGE('',*,*,#5823,.F.);
#7626=ORIENTED_EDGE('',*,*,#5824,.F.);
#7627=ORIENTED_EDGE('',*,*,#5825,.T.);
#7628=ORIENTED_EDGE('',*,*,#5820,.T.);
#7629=ORIENTED_EDGE('',*,*,#5826,.F.);
#7630=ORIENTED_EDGE('',*,*,#5822,.F.);
#7631=ORIENTED_EDGE('',*,*,#5827,.T.);
#7632=ORIENTED_EDGE('',*,*,#5828,.T.);
#7633=ORIENTED_EDGE('',*,*,#5829,.F.);
#7634=ORIENTED_EDGE('',*,*,#5821,.F.);
#7635=ORIENTED_EDGE('',*,*,#5825,.F.);
#7636=ORIENTED_EDGE('',*,*,#5830,.F.);
#7637=ORIENTED_EDGE('',*,*,#5831,.F.);
#7638=ORIENTED_EDGE('',*,*,#5832,.F.);
#7639=ORIENTED_EDGE('',*,*,#5833,.F.);
#7640=ORIENTED_EDGE('',*,*,#5834,.F.);
#7641=ORIENTED_EDGE('',*,*,#5835,.F.);
#7642=ORIENTED_EDGE('',*,*,#5836,.F.);
#7643=ORIENTED_EDGE('',*,*,#5837,.F.);
#7644=ORIENTED_EDGE('',*,*,#5838,.F.);
#7645=ORIENTED_EDGE('',*,*,#5839,.F.);
#7646=ORIENTED_EDGE('',*,*,#5840,.F.);
#7647=ORIENTED_EDGE('',*,*,#5841,.F.);
#7648=ORIENTED_EDGE('',*,*,#5842,.F.);
#7649=ORIENTED_EDGE('',*,*,#5843,.F.);
#7650=ORIENTED_EDGE('',*,*,#5844,.F.);
#7651=ORIENTED_EDGE('',*,*,#5845,.F.);
#7652=ORIENTED_EDGE('',*,*,#5846,.F.);
#7653=ORIENTED_EDGE('',*,*,#5847,.F.);
#7654=ORIENTED_EDGE('',*,*,#5848,.F.);
#7655=ORIENTED_EDGE('',*,*,#5849,.F.);
#7656=ORIENTED_EDGE('',*,*,#5850,.F.);
#7657=ORIENTED_EDGE('',*,*,#5851,.F.);
#7658=ORIENTED_EDGE('',*,*,#5852,.F.);
#7659=ORIENTED_EDGE('',*,*,#5853,.F.);
#7660=ORIENTED_EDGE('',*,*,#5854,.F.);
#7661=ORIENTED_EDGE('',*,*,#5855,.F.);
#7662=ORIENTED_EDGE('',*,*,#5856,.F.);
#7663=ORIENTED_EDGE('',*,*,#5857,.F.);
#7664=ORIENTED_EDGE('',*,*,#5858,.F.);
#7665=ORIENTED_EDGE('',*,*,#5859,.F.);
#7666=ORIENTED_EDGE('',*,*,#5860,.F.);
#7667=ORIENTED_EDGE('',*,*,#5861,.F.);
#7668=ORIENTED_EDGE('',*,*,#5862,.F.);
#7669=ORIENTED_EDGE('',*,*,#5863,.F.);
#7670=ORIENTED_EDGE('',*,*,#5864,.F.);
#7671=ORIENTED_EDGE('',*,*,#5865,.F.);
#7672=ORIENTED_EDGE('',*,*,#5866,.F.);
#7673=ORIENTED_EDGE('',*,*,#5867,.F.);
#7674=ORIENTED_EDGE('',*,*,#5868,.F.);
#7675=ORIENTED_EDGE('',*,*,#5869,.F.);
#7676=ORIENTED_EDGE('',*,*,#5870,.F.);
#7677=ORIENTED_EDGE('',*,*,#5871,.F.);
#7678=ORIENTED_EDGE('',*,*,#5872,.F.);
#7679=ORIENTED_EDGE('',*,*,#5873,.F.);
#7680=ORIENTED_EDGE('',*,*,#5874,.F.);
#7681=ORIENTED_EDGE('',*,*,#5875,.F.);
#7682=ORIENTED_EDGE('',*,*,#5876,.F.);
#7683=ORIENTED_EDGE('',*,*,#5877,.F.);
#7684=ORIENTED_EDGE('',*,*,#5878,.F.);
#7685=ORIENTED_EDGE('',*,*,#5879,.F.);
#7686=ORIENTED_EDGE('',*,*,#5880,.F.);
#7687=ORIENTED_EDGE('',*,*,#5881,.F.);
#7688=ORIENTED_EDGE('',*,*,#5882,.F.);
#7689=ORIENTED_EDGE('',*,*,#5883,.F.);
#7690=ORIENTED_EDGE('',*,*,#5884,.F.);
#7691=ORIENTED_EDGE('',*,*,#5885,.F.);
#7692=ORIENTED_EDGE('',*,*,#5886,.F.);
#7693=ORIENTED_EDGE('',*,*,#5887,.F.);
#7694=ORIENTED_EDGE('',*,*,#5888,.F.);
#7695=ORIENTED_EDGE('',*,*,#5827,.F.);
#7696=ORIENTED_EDGE('',*,*,#5889,.T.);
#7697=ORIENTED_EDGE('',*,*,#5890,.T.);
#7698=ORIENTED_EDGE('',*,*,#5891,.F.);
#7699=ORIENTED_EDGE('',*,*,#5892,.F.);
#7700=ORIENTED_EDGE('',*,*,#5893,.T.);
#7701=ORIENTED_EDGE('',*,*,#5894,.T.);
#7702=ORIENTED_EDGE('',*,*,#5895,.F.);
#7703=ORIENTED_EDGE('',*,*,#5896,.F.);
#7704=ORIENTED_EDGE('',*,*,#5897,.T.);
#7705=ORIENTED_EDGE('',*,*,#5898,.T.);
#7706=ORIENTED_EDGE('',*,*,#5899,.F.);
#7707=ORIENTED_EDGE('',*,*,#5900,.F.);
#7708=ORIENTED_EDGE('',*,*,#5901,.F.);
#7709=ORIENTED_EDGE('',*,*,#5902,.T.);
#7710=ORIENTED_EDGE('',*,*,#5903,.T.);
#7711=ORIENTED_EDGE('',*,*,#5904,.F.);
#7712=ORIENTED_EDGE('',*,*,#5905,.T.);
#7713=ORIENTED_EDGE('',*,*,#5906,.T.);
#7714=ORIENTED_EDGE('',*,*,#5907,.F.);
#7715=ORIENTED_EDGE('',*,*,#5908,.F.);
#7716=ORIENTED_EDGE('',*,*,#5909,.T.);
#7717=ORIENTED_EDGE('',*,*,#5910,.T.);
#7718=ORIENTED_EDGE('',*,*,#5911,.F.);
#7719=ORIENTED_EDGE('',*,*,#5912,.F.);
#7720=ORIENTED_EDGE('',*,*,#5913,.F.);
#7721=ORIENTED_EDGE('',*,*,#5914,.T.);
#7722=ORIENTED_EDGE('',*,*,#5915,.T.);
#7723=ORIENTED_EDGE('',*,*,#5916,.F.);
#7724=ORIENTED_EDGE('',*,*,#5917,.F.);
#7725=ORIENTED_EDGE('',*,*,#5918,.T.);
#7726=ORIENTED_EDGE('',*,*,#5919,.T.);
#7727=ORIENTED_EDGE('',*,*,#5920,.F.);
#7728=ORIENTED_EDGE('',*,*,#5921,.T.);
#7729=ORIENTED_EDGE('',*,*,#5922,.T.);
#7730=ORIENTED_EDGE('',*,*,#5923,.F.);
#7731=ORIENTED_EDGE('',*,*,#5924,.F.);
#7732=ORIENTED_EDGE('',*,*,#5925,.T.);
#7733=ORIENTED_EDGE('',*,*,#5926,.T.);
#7734=ORIENTED_EDGE('',*,*,#5927,.F.);
#7735=ORIENTED_EDGE('',*,*,#5928,.F.);
#7736=ORIENTED_EDGE('',*,*,#5823,.T.);
#7737=ORIENTED_EDGE('',*,*,#5829,.T.);
#7738=ORIENTED_EDGE('',*,*,#5929,.T.);
#7739=ORIENTED_EDGE('',*,*,#5930,.T.);
#7740=ORIENTED_EDGE('',*,*,#5931,.T.);
#7741=ORIENTED_EDGE('',*,*,#5932,.T.);
#7742=ORIENTED_EDGE('',*,*,#5933,.T.);
#7743=ORIENTED_EDGE('',*,*,#5934,.T.);
#7744=ORIENTED_EDGE('',*,*,#5935,.T.);
#7745=ORIENTED_EDGE('',*,*,#5936,.T.);
#7746=ORIENTED_EDGE('',*,*,#5937,.T.);
#7747=ORIENTED_EDGE('',*,*,#5938,.T.);
#7748=ORIENTED_EDGE('',*,*,#5939,.T.);
#7749=ORIENTED_EDGE('',*,*,#5940,.T.);
#7750=ORIENTED_EDGE('',*,*,#5941,.T.);
#7751=ORIENTED_EDGE('',*,*,#5942,.T.);
#7752=ORIENTED_EDGE('',*,*,#5943,.T.);
#7753=ORIENTED_EDGE('',*,*,#5944,.T.);
#7754=ORIENTED_EDGE('',*,*,#5945,.T.);
#7755=ORIENTED_EDGE('',*,*,#5946,.T.);
#7756=ORIENTED_EDGE('',*,*,#5947,.T.);
#7757=ORIENTED_EDGE('',*,*,#5948,.T.);
#7758=ORIENTED_EDGE('',*,*,#5949,.T.);
#7759=ORIENTED_EDGE('',*,*,#5950,.T.);
#7760=ORIENTED_EDGE('',*,*,#5951,.T.);
#7761=ORIENTED_EDGE('',*,*,#5952,.T.);
#7762=ORIENTED_EDGE('',*,*,#5953,.T.);
#7763=ORIENTED_EDGE('',*,*,#5954,.T.);
#7764=ORIENTED_EDGE('',*,*,#5955,.T.);
#7765=ORIENTED_EDGE('',*,*,#5956,.T.);
#7766=ORIENTED_EDGE('',*,*,#5957,.T.);
#7767=ORIENTED_EDGE('',*,*,#5958,.T.);
#7768=ORIENTED_EDGE('',*,*,#5959,.T.);
#7769=ORIENTED_EDGE('',*,*,#5960,.T.);
#7770=ORIENTED_EDGE('',*,*,#5961,.T.);
#7771=ORIENTED_EDGE('',*,*,#5962,.T.);
#7772=ORIENTED_EDGE('',*,*,#5963,.T.);
#7773=ORIENTED_EDGE('',*,*,#5964,.T.);
#7774=ORIENTED_EDGE('',*,*,#5965,.T.);
#7775=ORIENTED_EDGE('',*,*,#5966,.T.);
#7776=ORIENTED_EDGE('',*,*,#5967,.T.);
#7777=ORIENTED_EDGE('',*,*,#5968,.T.);
#7778=ORIENTED_EDGE('',*,*,#5969,.T.);
#7779=ORIENTED_EDGE('',*,*,#5970,.T.);
#7780=ORIENTED_EDGE('',*,*,#5971,.T.);
#7781=ORIENTED_EDGE('',*,*,#5972,.T.);
#7782=ORIENTED_EDGE('',*,*,#5973,.T.);
#7783=ORIENTED_EDGE('',*,*,#5974,.T.);
#7784=ORIENTED_EDGE('',*,*,#5975,.T.);
#7785=ORIENTED_EDGE('',*,*,#5976,.T.);
#7786=ORIENTED_EDGE('',*,*,#5977,.T.);
#7787=ORIENTED_EDGE('',*,*,#5978,.T.);
#7788=ORIENTED_EDGE('',*,*,#5979,.T.);
#7789=ORIENTED_EDGE('',*,*,#5980,.T.);
#7790=ORIENTED_EDGE('',*,*,#5981,.T.);
#7791=ORIENTED_EDGE('',*,*,#5982,.T.);
#7792=ORIENTED_EDGE('',*,*,#5983,.T.);
#7793=ORIENTED_EDGE('',*,*,#5984,.T.);
#7794=ORIENTED_EDGE('',*,*,#5985,.T.);
#7795=ORIENTED_EDGE('',*,*,#5986,.T.);
#7796=ORIENTED_EDGE('',*,*,#5987,.T.);
#7797=ORIENTED_EDGE('',*,*,#5826,.T.);
#7798=ORIENTED_EDGE('',*,*,#5988,.F.);
#7799=ORIENTED_EDGE('',*,*,#5989,.T.);
#7800=ORIENTED_EDGE('',*,*,#5990,.T.);
#7801=ORIENTED_EDGE('',*,*,#5991,.F.);
#7802=ORIENTED_EDGE('',*,*,#5992,.F.);
#7803=ORIENTED_EDGE('',*,*,#5993,.T.);
#7804=ORIENTED_EDGE('',*,*,#5994,.T.);
#7805=ORIENTED_EDGE('',*,*,#5995,.F.);
#7806=ORIENTED_EDGE('',*,*,#5996,.F.);
#7807=ORIENTED_EDGE('',*,*,#5997,.T.);
#7808=ORIENTED_EDGE('',*,*,#5998,.T.);
#7809=ORIENTED_EDGE('',*,*,#5999,.F.);
#7810=ORIENTED_EDGE('',*,*,#6000,.T.);
#7811=ORIENTED_EDGE('',*,*,#6001,.T.);
#7812=ORIENTED_EDGE('',*,*,#6002,.F.);
#7813=ORIENTED_EDGE('',*,*,#6003,.F.);
#7814=ORIENTED_EDGE('',*,*,#6004,.F.);
#7815=ORIENTED_EDGE('',*,*,#6005,.T.);
#7816=ORIENTED_EDGE('',*,*,#6006,.T.);
#7817=ORIENTED_EDGE('',*,*,#6007,.F.);
#7818=ORIENTED_EDGE('',*,*,#6008,.F.);
#7819=ORIENTED_EDGE('',*,*,#6009,.T.);
#7820=ORIENTED_EDGE('',*,*,#6010,.T.);
#7821=ORIENTED_EDGE('',*,*,#6011,.F.);
#7822=ORIENTED_EDGE('',*,*,#6012,.T.);
#7823=ORIENTED_EDGE('',*,*,#6013,.T.);
#7824=ORIENTED_EDGE('',*,*,#6014,.F.);
#7825=ORIENTED_EDGE('',*,*,#6015,.F.);
#7826=ORIENTED_EDGE('',*,*,#6016,.T.);
#7827=ORIENTED_EDGE('',*,*,#6017,.T.);
#7828=ORIENTED_EDGE('',*,*,#6018,.F.);
#7829=ORIENTED_EDGE('',*,*,#6019,.F.);
#7830=ORIENTED_EDGE('',*,*,#6020,.F.);
#7831=ORIENTED_EDGE('',*,*,#6021,.T.);
#7832=ORIENTED_EDGE('',*,*,#6022,.T.);
#7833=ORIENTED_EDGE('',*,*,#6023,.F.);
#7834=ORIENTED_EDGE('',*,*,#6024,.F.);
#7835=ORIENTED_EDGE('',*,*,#6025,.T.);
#7836=ORIENTED_EDGE('',*,*,#6026,.T.);
#7837=ORIENTED_EDGE('',*,*,#6027,.F.);
#7838=ORIENTED_EDGE('',*,*,#6028,.F.);
#7839=ORIENTED_EDGE('',*,*,#5830,.T.);
#7840=ORIENTED_EDGE('',*,*,#5824,.T.);
#7841=ORIENTED_EDGE('',*,*,#5987,.F.);
#7842=ORIENTED_EDGE('',*,*,#5828,.F.);
#7843=ORIENTED_EDGE('',*,*,#5888,.T.);
#7844=ORIENTED_EDGE('',*,*,#6029,.T.);
#7845=ORIENTED_EDGE('',*,*,#5929,.F.);
#7846=ORIENTED_EDGE('',*,*,#6030,.F.);
#7847=ORIENTED_EDGE('',*,*,#5831,.T.);
#7848=ORIENTED_EDGE('',*,*,#6028,.T.);
#7849=ORIENTED_EDGE('',*,*,#5986,.F.);
#7850=ORIENTED_EDGE('',*,*,#6029,.F.);
#7851=ORIENTED_EDGE('',*,*,#5887,.T.);
#7852=ORIENTED_EDGE('',*,*,#6031,.T.);
#7853=ORIENTED_EDGE('',*,*,#5930,.F.);
#7854=ORIENTED_EDGE('',*,*,#6032,.F.);
#7855=ORIENTED_EDGE('',*,*,#5832,.T.);
#7856=ORIENTED_EDGE('',*,*,#6030,.T.);
#7857=ORIENTED_EDGE('',*,*,#5985,.F.);
#7858=ORIENTED_EDGE('',*,*,#6031,.F.);
#7859=ORIENTED_EDGE('',*,*,#5886,.T.);
#7860=ORIENTED_EDGE('',*,*,#6033,.T.);
#7861=ORIENTED_EDGE('',*,*,#5931,.F.);
#7862=ORIENTED_EDGE('',*,*,#6034,.F.);
#7863=ORIENTED_EDGE('',*,*,#5833,.T.);
#7864=ORIENTED_EDGE('',*,*,#6032,.T.);
#7865=ORIENTED_EDGE('',*,*,#5984,.F.);
#7866=ORIENTED_EDGE('',*,*,#6033,.F.);
#7867=ORIENTED_EDGE('',*,*,#5885,.T.);
#7868=ORIENTED_EDGE('',*,*,#6035,.T.);
#7869=ORIENTED_EDGE('',*,*,#5932,.F.);
#7870=ORIENTED_EDGE('',*,*,#6036,.F.);
#7871=ORIENTED_EDGE('',*,*,#5834,.T.);
#7872=ORIENTED_EDGE('',*,*,#6034,.T.);
#7873=ORIENTED_EDGE('',*,*,#5983,.F.);
#7874=ORIENTED_EDGE('',*,*,#6035,.F.);
#7875=ORIENTED_EDGE('',*,*,#5884,.T.);
#7876=ORIENTED_EDGE('',*,*,#6037,.T.);
#7877=ORIENTED_EDGE('',*,*,#5933,.F.);
#7878=ORIENTED_EDGE('',*,*,#6038,.F.);
#7879=ORIENTED_EDGE('',*,*,#5835,.T.);
#7880=ORIENTED_EDGE('',*,*,#6036,.T.);
#7881=ORIENTED_EDGE('',*,*,#5982,.F.);
#7882=ORIENTED_EDGE('',*,*,#6037,.F.);
#7883=ORIENTED_EDGE('',*,*,#5883,.T.);
#7884=ORIENTED_EDGE('',*,*,#6039,.T.);
#7885=ORIENTED_EDGE('',*,*,#5934,.F.);
#7886=ORIENTED_EDGE('',*,*,#6040,.F.);
#7887=ORIENTED_EDGE('',*,*,#5836,.T.);
#7888=ORIENTED_EDGE('',*,*,#6038,.T.);
#7889=ORIENTED_EDGE('',*,*,#5981,.F.);
#7890=ORIENTED_EDGE('',*,*,#6039,.F.);
#7891=ORIENTED_EDGE('',*,*,#5882,.T.);
#7892=ORIENTED_EDGE('',*,*,#6041,.T.);
#7893=ORIENTED_EDGE('',*,*,#5935,.F.);
#7894=ORIENTED_EDGE('',*,*,#6042,.F.);
#7895=ORIENTED_EDGE('',*,*,#5837,.T.);
#7896=ORIENTED_EDGE('',*,*,#6040,.T.);
#7897=ORIENTED_EDGE('',*,*,#5980,.F.);
#7898=ORIENTED_EDGE('',*,*,#6041,.F.);
#7899=ORIENTED_EDGE('',*,*,#5881,.T.);
#7900=ORIENTED_EDGE('',*,*,#6043,.T.);
#7901=ORIENTED_EDGE('',*,*,#5936,.F.);
#7902=ORIENTED_EDGE('',*,*,#6044,.F.);
#7903=ORIENTED_EDGE('',*,*,#5838,.T.);
#7904=ORIENTED_EDGE('',*,*,#6042,.T.);
#7905=ORIENTED_EDGE('',*,*,#5979,.F.);
#7906=ORIENTED_EDGE('',*,*,#6043,.F.);
#7907=ORIENTED_EDGE('',*,*,#5880,.T.);
#7908=ORIENTED_EDGE('',*,*,#6045,.T.);
#7909=ORIENTED_EDGE('',*,*,#5937,.F.);
#7910=ORIENTED_EDGE('',*,*,#6046,.F.);
#7911=ORIENTED_EDGE('',*,*,#5839,.T.);
#7912=ORIENTED_EDGE('',*,*,#6044,.T.);
#7913=ORIENTED_EDGE('',*,*,#5978,.F.);
#7914=ORIENTED_EDGE('',*,*,#6045,.F.);
#7915=ORIENTED_EDGE('',*,*,#5879,.T.);
#7916=ORIENTED_EDGE('',*,*,#6047,.T.);
#7917=ORIENTED_EDGE('',*,*,#5938,.F.);
#7918=ORIENTED_EDGE('',*,*,#6048,.F.);
#7919=ORIENTED_EDGE('',*,*,#5840,.T.);
#7920=ORIENTED_EDGE('',*,*,#6046,.T.);
#7921=ORIENTED_EDGE('',*,*,#5977,.F.);
#7922=ORIENTED_EDGE('',*,*,#6047,.F.);
#7923=ORIENTED_EDGE('',*,*,#5878,.T.);
#7924=ORIENTED_EDGE('',*,*,#6049,.T.);
#7925=ORIENTED_EDGE('',*,*,#5939,.F.);
#7926=ORIENTED_EDGE('',*,*,#6050,.F.);
#7927=ORIENTED_EDGE('',*,*,#5841,.T.);
#7928=ORIENTED_EDGE('',*,*,#6048,.T.);
#7929=ORIENTED_EDGE('',*,*,#5976,.F.);
#7930=ORIENTED_EDGE('',*,*,#6049,.F.);
#7931=ORIENTED_EDGE('',*,*,#5877,.T.);
#7932=ORIENTED_EDGE('',*,*,#6051,.T.);
#7933=ORIENTED_EDGE('',*,*,#5940,.F.);
#7934=ORIENTED_EDGE('',*,*,#6052,.F.);
#7935=ORIENTED_EDGE('',*,*,#5842,.T.);
#7936=ORIENTED_EDGE('',*,*,#6050,.T.);
#7937=ORIENTED_EDGE('',*,*,#5975,.F.);
#7938=ORIENTED_EDGE('',*,*,#6051,.F.);
#7939=ORIENTED_EDGE('',*,*,#5876,.T.);
#7940=ORIENTED_EDGE('',*,*,#6053,.T.);
#7941=ORIENTED_EDGE('',*,*,#5941,.F.);
#7942=ORIENTED_EDGE('',*,*,#6054,.F.);
#7943=ORIENTED_EDGE('',*,*,#5843,.T.);
#7944=ORIENTED_EDGE('',*,*,#6052,.T.);
#7945=ORIENTED_EDGE('',*,*,#5974,.F.);
#7946=ORIENTED_EDGE('',*,*,#6053,.F.);
#7947=ORIENTED_EDGE('',*,*,#5875,.T.);
#7948=ORIENTED_EDGE('',*,*,#6055,.T.);
#7949=ORIENTED_EDGE('',*,*,#5942,.F.);
#7950=ORIENTED_EDGE('',*,*,#6056,.F.);
#7951=ORIENTED_EDGE('',*,*,#5844,.T.);
#7952=ORIENTED_EDGE('',*,*,#6054,.T.);
#7953=ORIENTED_EDGE('',*,*,#5973,.F.);
#7954=ORIENTED_EDGE('',*,*,#6055,.F.);
#7955=ORIENTED_EDGE('',*,*,#5874,.T.);
#7956=ORIENTED_EDGE('',*,*,#6057,.T.);
#7957=ORIENTED_EDGE('',*,*,#5943,.F.);
#7958=ORIENTED_EDGE('',*,*,#6058,.F.);
#7959=ORIENTED_EDGE('',*,*,#5845,.T.);
#7960=ORIENTED_EDGE('',*,*,#6056,.T.);
#7961=ORIENTED_EDGE('',*,*,#5972,.F.);
#7962=ORIENTED_EDGE('',*,*,#6057,.F.);
#7963=ORIENTED_EDGE('',*,*,#5873,.T.);
#7964=ORIENTED_EDGE('',*,*,#6059,.T.);
#7965=ORIENTED_EDGE('',*,*,#5944,.F.);
#7966=ORIENTED_EDGE('',*,*,#6060,.F.);
#7967=ORIENTED_EDGE('',*,*,#5846,.T.);
#7968=ORIENTED_EDGE('',*,*,#6058,.T.);
#7969=ORIENTED_EDGE('',*,*,#5971,.F.);
#7970=ORIENTED_EDGE('',*,*,#6059,.F.);
#7971=ORIENTED_EDGE('',*,*,#5872,.T.);
#7972=ORIENTED_EDGE('',*,*,#6061,.T.);
#7973=ORIENTED_EDGE('',*,*,#5945,.F.);
#7974=ORIENTED_EDGE('',*,*,#6062,.F.);
#7975=ORIENTED_EDGE('',*,*,#5847,.T.);
#7976=ORIENTED_EDGE('',*,*,#6060,.T.);
#7977=ORIENTED_EDGE('',*,*,#5970,.F.);
#7978=ORIENTED_EDGE('',*,*,#6061,.F.);
#7979=ORIENTED_EDGE('',*,*,#5871,.T.);
#7980=ORIENTED_EDGE('',*,*,#6063,.T.);
#7981=ORIENTED_EDGE('',*,*,#5946,.F.);
#7982=ORIENTED_EDGE('',*,*,#6064,.F.);
#7983=ORIENTED_EDGE('',*,*,#5848,.T.);
#7984=ORIENTED_EDGE('',*,*,#6062,.T.);
#7985=ORIENTED_EDGE('',*,*,#5969,.F.);
#7986=ORIENTED_EDGE('',*,*,#6063,.F.);
#7987=ORIENTED_EDGE('',*,*,#5870,.T.);
#7988=ORIENTED_EDGE('',*,*,#6065,.T.);
#7989=ORIENTED_EDGE('',*,*,#5947,.F.);
#7990=ORIENTED_EDGE('',*,*,#6066,.F.);
#7991=ORIENTED_EDGE('',*,*,#5849,.T.);
#7992=ORIENTED_EDGE('',*,*,#6064,.T.);
#7993=ORIENTED_EDGE('',*,*,#5968,.F.);
#7994=ORIENTED_EDGE('',*,*,#6065,.F.);
#7995=ORIENTED_EDGE('',*,*,#5869,.T.);
#7996=ORIENTED_EDGE('',*,*,#6067,.T.);
#7997=ORIENTED_EDGE('',*,*,#5948,.F.);
#7998=ORIENTED_EDGE('',*,*,#6068,.F.);
#7999=ORIENTED_EDGE('',*,*,#5850,.T.);
#8000=ORIENTED_EDGE('',*,*,#6066,.T.);
#8001=ORIENTED_EDGE('',*,*,#5967,.F.);
#8002=ORIENTED_EDGE('',*,*,#6067,.F.);
#8003=ORIENTED_EDGE('',*,*,#5868,.T.);
#8004=ORIENTED_EDGE('',*,*,#6069,.T.);
#8005=ORIENTED_EDGE('',*,*,#5949,.F.);
#8006=ORIENTED_EDGE('',*,*,#6070,.F.);
#8007=ORIENTED_EDGE('',*,*,#5851,.T.);
#8008=ORIENTED_EDGE('',*,*,#6068,.T.);
#8009=ORIENTED_EDGE('',*,*,#5966,.F.);
#8010=ORIENTED_EDGE('',*,*,#6069,.F.);
#8011=ORIENTED_EDGE('',*,*,#5867,.T.);
#8012=ORIENTED_EDGE('',*,*,#6071,.T.);
#8013=ORIENTED_EDGE('',*,*,#5950,.F.);
#8014=ORIENTED_EDGE('',*,*,#6072,.F.);
#8015=ORIENTED_EDGE('',*,*,#5852,.T.);
#8016=ORIENTED_EDGE('',*,*,#6070,.T.);
#8017=ORIENTED_EDGE('',*,*,#5965,.F.);
#8018=ORIENTED_EDGE('',*,*,#6071,.F.);
#8019=ORIENTED_EDGE('',*,*,#5866,.T.);
#8020=ORIENTED_EDGE('',*,*,#6073,.T.);
#8021=ORIENTED_EDGE('',*,*,#5951,.F.);
#8022=ORIENTED_EDGE('',*,*,#6074,.F.);
#8023=ORIENTED_EDGE('',*,*,#5853,.T.);
#8024=ORIENTED_EDGE('',*,*,#6072,.T.);
#8025=ORIENTED_EDGE('',*,*,#5964,.F.);
#8026=ORIENTED_EDGE('',*,*,#6073,.F.);
#8027=ORIENTED_EDGE('',*,*,#5865,.T.);
#8028=ORIENTED_EDGE('',*,*,#6075,.T.);
#8029=ORIENTED_EDGE('',*,*,#5952,.F.);
#8030=ORIENTED_EDGE('',*,*,#6076,.F.);
#8031=ORIENTED_EDGE('',*,*,#5854,.T.);
#8032=ORIENTED_EDGE('',*,*,#6074,.T.);
#8033=ORIENTED_EDGE('',*,*,#5963,.F.);
#8034=ORIENTED_EDGE('',*,*,#6075,.F.);
#8035=ORIENTED_EDGE('',*,*,#5864,.T.);
#8036=ORIENTED_EDGE('',*,*,#6077,.T.);
#8037=ORIENTED_EDGE('',*,*,#5953,.F.);
#8038=ORIENTED_EDGE('',*,*,#6078,.F.);
#8039=ORIENTED_EDGE('',*,*,#5855,.T.);
#8040=ORIENTED_EDGE('',*,*,#6076,.T.);
#8041=ORIENTED_EDGE('',*,*,#5962,.F.);
#8042=ORIENTED_EDGE('',*,*,#6077,.F.);
#8043=ORIENTED_EDGE('',*,*,#5863,.T.);
#8044=ORIENTED_EDGE('',*,*,#6079,.T.);
#8045=ORIENTED_EDGE('',*,*,#5954,.F.);
#8046=ORIENTED_EDGE('',*,*,#6080,.F.);
#8047=ORIENTED_EDGE('',*,*,#5856,.T.);
#8048=ORIENTED_EDGE('',*,*,#6078,.T.);
#8049=ORIENTED_EDGE('',*,*,#5961,.F.);
#8050=ORIENTED_EDGE('',*,*,#6079,.F.);
#8051=ORIENTED_EDGE('',*,*,#5862,.T.);
#8052=ORIENTED_EDGE('',*,*,#6081,.T.);
#8053=ORIENTED_EDGE('',*,*,#5955,.F.);
#8054=ORIENTED_EDGE('',*,*,#6082,.F.);
#8055=ORIENTED_EDGE('',*,*,#5857,.T.);
#8056=ORIENTED_EDGE('',*,*,#6080,.T.);
#8057=ORIENTED_EDGE('',*,*,#5960,.F.);
#8058=ORIENTED_EDGE('',*,*,#6081,.F.);
#8059=ORIENTED_EDGE('',*,*,#5861,.T.);
#8060=ORIENTED_EDGE('',*,*,#6083,.T.);
#8061=ORIENTED_EDGE('',*,*,#5956,.F.);
#8062=ORIENTED_EDGE('',*,*,#6084,.F.);
#8063=ORIENTED_EDGE('',*,*,#5858,.T.);
#8064=ORIENTED_EDGE('',*,*,#6082,.T.);
#8065=ORIENTED_EDGE('',*,*,#5959,.F.);
#8066=ORIENTED_EDGE('',*,*,#6083,.F.);
#8067=ORIENTED_EDGE('',*,*,#5860,.T.);
#8068=ORIENTED_EDGE('',*,*,#6085,.T.);
#8069=ORIENTED_EDGE('',*,*,#5957,.F.);
#8070=ORIENTED_EDGE('',*,*,#6085,.F.);
#8071=ORIENTED_EDGE('',*,*,#5859,.T.);
#8072=ORIENTED_EDGE('',*,*,#6084,.T.);
#8073=ORIENTED_EDGE('',*,*,#5958,.F.);
#8074=ORIENTED_EDGE('',*,*,#6086,.F.);
#8075=ORIENTED_EDGE('',*,*,#6087,.T.);
#8076=ORIENTED_EDGE('',*,*,#6088,.T.);
#8077=ORIENTED_EDGE('',*,*,#5889,.F.);
#8078=ORIENTED_EDGE('',*,*,#6088,.F.);
#8079=ORIENTED_EDGE('',*,*,#6089,.F.);
#8080=ORIENTED_EDGE('',*,*,#6090,.T.);
#8081=ORIENTED_EDGE('',*,*,#5890,.F.);
#8082=ORIENTED_EDGE('',*,*,#6091,.T.);
#8083=ORIENTED_EDGE('',*,*,#5891,.T.);
#8084=ORIENTED_EDGE('',*,*,#6090,.F.);
#8085=ORIENTED_EDGE('',*,*,#6092,.F.);
#8086=ORIENTED_EDGE('',*,*,#6086,.T.);
#8087=ORIENTED_EDGE('',*,*,#5892,.T.);
#8088=ORIENTED_EDGE('',*,*,#6091,.F.);
#8089=ORIENTED_EDGE('',*,*,#6093,.T.);
#8090=ORIENTED_EDGE('',*,*,#6094,.F.);
#8091=ORIENTED_EDGE('',*,*,#6095,.T.);
#8092=ORIENTED_EDGE('',*,*,#6096,.T.);
#8093=ORIENTED_EDGE('',*,*,#5893,.F.);
#8094=ORIENTED_EDGE('',*,*,#6096,.F.);
#8095=ORIENTED_EDGE('',*,*,#6097,.F.);
#8096=ORIENTED_EDGE('',*,*,#6098,.T.);
#8097=ORIENTED_EDGE('',*,*,#5894,.F.);
#8098=ORIENTED_EDGE('',*,*,#6099,.T.);
#8099=ORIENTED_EDGE('',*,*,#5895,.T.);
#8100=ORIENTED_EDGE('',*,*,#6098,.F.);
#8101=ORIENTED_EDGE('',*,*,#6100,.F.);
#8102=ORIENTED_EDGE('',*,*,#6094,.T.);
#8103=ORIENTED_EDGE('',*,*,#5896,.T.);
#8104=ORIENTED_EDGE('',*,*,#6099,.F.);
#8105=ORIENTED_EDGE('',*,*,#6101,.T.);
#8106=ORIENTED_EDGE('',*,*,#6102,.F.);
#8107=ORIENTED_EDGE('',*,*,#6103,.T.);
#8108=ORIENTED_EDGE('',*,*,#6104,.T.);
#8109=ORIENTED_EDGE('',*,*,#5897,.F.);
#8110=ORIENTED_EDGE('',*,*,#6104,.F.);
#8111=ORIENTED_EDGE('',*,*,#6105,.F.);
#8112=ORIENTED_EDGE('',*,*,#6106,.T.);
#8113=ORIENTED_EDGE('',*,*,#5898,.F.);
#8114=ORIENTED_EDGE('',*,*,#6107,.T.);
#8115=ORIENTED_EDGE('',*,*,#5899,.T.);
#8116=ORIENTED_EDGE('',*,*,#6106,.F.);
#8117=ORIENTED_EDGE('',*,*,#6108,.F.);
#8118=ORIENTED_EDGE('',*,*,#6102,.T.);
#8119=ORIENTED_EDGE('',*,*,#5900,.T.);
#8120=ORIENTED_EDGE('',*,*,#6107,.F.);
#8121=ORIENTED_EDGE('',*,*,#6109,.T.);
#8122=ORIENTED_EDGE('',*,*,#6110,.T.);
#8123=ORIENTED_EDGE('',*,*,#5901,.T.);
#8124=ORIENTED_EDGE('',*,*,#6111,.F.);
#8125=ORIENTED_EDGE('',*,*,#6112,.T.);
#8126=ORIENTED_EDGE('',*,*,#6110,.F.);
#8127=ORIENTED_EDGE('',*,*,#6113,.T.);
#8128=ORIENTED_EDGE('',*,*,#6114,.T.);
#8129=ORIENTED_EDGE('',*,*,#5902,.F.);
#8130=ORIENTED_EDGE('',*,*,#6114,.F.);
#8131=ORIENTED_EDGE('',*,*,#6115,.F.);
#8132=ORIENTED_EDGE('',*,*,#6116,.T.);
#8133=ORIENTED_EDGE('',*,*,#5903,.F.);
#8134=ORIENTED_EDGE('',*,*,#6111,.T.);
#8135=ORIENTED_EDGE('',*,*,#5904,.T.);
#8136=ORIENTED_EDGE('',*,*,#6116,.F.);
#8137=ORIENTED_EDGE('',*,*,#6117,.F.);
#8138=ORIENTED_EDGE('',*,*,#6118,.F.);
#8139=ORIENTED_EDGE('',*,*,#6119,.T.);
#8140=ORIENTED_EDGE('',*,*,#6120,.T.);
#8141=ORIENTED_EDGE('',*,*,#5905,.F.);
#8142=ORIENTED_EDGE('',*,*,#6120,.F.);
#8143=ORIENTED_EDGE('',*,*,#6121,.F.);
#8144=ORIENTED_EDGE('',*,*,#6122,.T.);
#8145=ORIENTED_EDGE('',*,*,#5906,.F.);
#8146=ORIENTED_EDGE('',*,*,#6123,.T.);
#8147=ORIENTED_EDGE('',*,*,#5907,.T.);
#8148=ORIENTED_EDGE('',*,*,#6122,.F.);
#8149=ORIENTED_EDGE('',*,*,#6124,.F.);
#8150=ORIENTED_EDGE('',*,*,#6118,.T.);
#8151=ORIENTED_EDGE('',*,*,#5908,.T.);
#8152=ORIENTED_EDGE('',*,*,#6123,.F.);
#8153=ORIENTED_EDGE('',*,*,#6125,.T.);
#8154=ORIENTED_EDGE('',*,*,#6126,.F.);
#8155=ORIENTED_EDGE('',*,*,#6127,.T.);
#8156=ORIENTED_EDGE('',*,*,#6128,.T.);
#8157=ORIENTED_EDGE('',*,*,#5909,.F.);
#8158=ORIENTED_EDGE('',*,*,#6128,.F.);
#8159=ORIENTED_EDGE('',*,*,#6129,.F.);
#8160=ORIENTED_EDGE('',*,*,#6130,.T.);
#8161=ORIENTED_EDGE('',*,*,#5910,.F.);
#8162=ORIENTED_EDGE('',*,*,#6131,.T.);
#8163=ORIENTED_EDGE('',*,*,#5911,.T.);
#8164=ORIENTED_EDGE('',*,*,#6130,.F.);
#8165=ORIENTED_EDGE('',*,*,#6132,.F.);
#8166=ORIENTED_EDGE('',*,*,#6126,.T.);
#8167=ORIENTED_EDGE('',*,*,#5912,.T.);
#8168=ORIENTED_EDGE('',*,*,#6131,.F.);
#8169=ORIENTED_EDGE('',*,*,#6133,.T.);
#8170=ORIENTED_EDGE('',*,*,#6134,.T.);
#8171=ORIENTED_EDGE('',*,*,#5913,.T.);
#8172=ORIENTED_EDGE('',*,*,#6135,.F.);
#8173=ORIENTED_EDGE('',*,*,#6136,.T.);
#8174=ORIENTED_EDGE('',*,*,#6134,.F.);
#8175=ORIENTED_EDGE('',*,*,#6137,.T.);
#8176=ORIENTED_EDGE('',*,*,#6138,.T.);
#8177=ORIENTED_EDGE('',*,*,#5914,.F.);
#8178=ORIENTED_EDGE('',*,*,#6138,.F.);
#8179=ORIENTED_EDGE('',*,*,#6139,.F.);
#8180=ORIENTED_EDGE('',*,*,#6140,.T.);
#8181=ORIENTED_EDGE('',*,*,#5915,.F.);
#8182=ORIENTED_EDGE('',*,*,#6135,.T.);
#8183=ORIENTED_EDGE('',*,*,#5916,.T.);
#8184=ORIENTED_EDGE('',*,*,#6140,.F.);
#8185=ORIENTED_EDGE('',*,*,#6141,.F.);
#8186=ORIENTED_EDGE('',*,*,#6142,.T.);
#8187=ORIENTED_EDGE('',*,*,#5917,.T.);
#8188=ORIENTED_EDGE('',*,*,#6143,.F.);
#8189=ORIENTED_EDGE('',*,*,#6144,.T.);
#8190=ORIENTED_EDGE('',*,*,#6142,.F.);
#8191=ORIENTED_EDGE('',*,*,#6145,.T.);
#8192=ORIENTED_EDGE('',*,*,#6146,.T.);
#8193=ORIENTED_EDGE('',*,*,#5918,.F.);
#8194=ORIENTED_EDGE('',*,*,#6146,.F.);
#8195=ORIENTED_EDGE('',*,*,#6147,.F.);
#8196=ORIENTED_EDGE('',*,*,#6148,.T.);
#8197=ORIENTED_EDGE('',*,*,#5919,.F.);
#8198=ORIENTED_EDGE('',*,*,#6143,.T.);
#8199=ORIENTED_EDGE('',*,*,#5920,.T.);
#8200=ORIENTED_EDGE('',*,*,#6148,.F.);
#8201=ORIENTED_EDGE('',*,*,#6149,.F.);
#8202=ORIENTED_EDGE('',*,*,#6150,.F.);
#8203=ORIENTED_EDGE('',*,*,#6151,.T.);
#8204=ORIENTED_EDGE('',*,*,#6152,.T.);
#8205=ORIENTED_EDGE('',*,*,#5921,.F.);
#8206=ORIENTED_EDGE('',*,*,#6152,.F.);
#8207=ORIENTED_EDGE('',*,*,#6153,.F.);
#8208=ORIENTED_EDGE('',*,*,#6154,.T.);
#8209=ORIENTED_EDGE('',*,*,#5922,.F.);
#8210=ORIENTED_EDGE('',*,*,#6155,.T.);
#8211=ORIENTED_EDGE('',*,*,#5923,.T.);
#8212=ORIENTED_EDGE('',*,*,#6154,.F.);
#8213=ORIENTED_EDGE('',*,*,#6156,.F.);
#8214=ORIENTED_EDGE('',*,*,#6150,.T.);
#8215=ORIENTED_EDGE('',*,*,#5924,.T.);
#8216=ORIENTED_EDGE('',*,*,#6155,.F.);
#8217=ORIENTED_EDGE('',*,*,#6157,.T.);
#8218=ORIENTED_EDGE('',*,*,#6158,.F.);
#8219=ORIENTED_EDGE('',*,*,#6159,.T.);
#8220=ORIENTED_EDGE('',*,*,#6160,.T.);
#8221=ORIENTED_EDGE('',*,*,#5925,.F.);
#8222=ORIENTED_EDGE('',*,*,#6160,.F.);
#8223=ORIENTED_EDGE('',*,*,#6161,.F.);
#8224=ORIENTED_EDGE('',*,*,#6162,.T.);
#8225=ORIENTED_EDGE('',*,*,#5926,.F.);
#8226=ORIENTED_EDGE('',*,*,#6163,.T.);
#8227=ORIENTED_EDGE('',*,*,#5927,.T.);
#8228=ORIENTED_EDGE('',*,*,#6162,.F.);
#8229=ORIENTED_EDGE('',*,*,#6164,.F.);
#8230=ORIENTED_EDGE('',*,*,#6158,.T.);
#8231=ORIENTED_EDGE('',*,*,#5928,.T.);
#8232=ORIENTED_EDGE('',*,*,#6163,.F.);
#8233=ORIENTED_EDGE('',*,*,#6165,.T.);
#8234=ORIENTED_EDGE('',*,*,#6166,.F.);
#8235=ORIENTED_EDGE('',*,*,#5988,.T.);
#8236=ORIENTED_EDGE('',*,*,#6167,.T.);
#8237=ORIENTED_EDGE('',*,*,#6168,.F.);
#8238=ORIENTED_EDGE('',*,*,#6167,.F.);
#8239=ORIENTED_EDGE('',*,*,#5991,.T.);
#8240=ORIENTED_EDGE('',*,*,#6169,.T.);
#8241=ORIENTED_EDGE('',*,*,#6170,.T.);
#8242=ORIENTED_EDGE('',*,*,#6171,.T.);
#8243=ORIENTED_EDGE('',*,*,#6172,.T.);
#8244=ORIENTED_EDGE('',*,*,#6169,.F.);
#8245=ORIENTED_EDGE('',*,*,#5990,.F.);
#8246=ORIENTED_EDGE('',*,*,#6166,.T.);
#8247=ORIENTED_EDGE('',*,*,#6173,.F.);
#8248=ORIENTED_EDGE('',*,*,#6171,.F.);
#8249=ORIENTED_EDGE('',*,*,#5989,.F.);
#8250=ORIENTED_EDGE('',*,*,#6174,.F.);
#8251=ORIENTED_EDGE('',*,*,#5992,.T.);
#8252=ORIENTED_EDGE('',*,*,#6175,.T.);
#8253=ORIENTED_EDGE('',*,*,#6176,.F.);
#8254=ORIENTED_EDGE('',*,*,#6175,.F.);
#8255=ORIENTED_EDGE('',*,*,#5995,.T.);
#8256=ORIENTED_EDGE('',*,*,#6177,.T.);
#8257=ORIENTED_EDGE('',*,*,#6178,.T.);
#8258=ORIENTED_EDGE('',*,*,#6179,.T.);
#8259=ORIENTED_EDGE('',*,*,#6180,.T.);
#8260=ORIENTED_EDGE('',*,*,#6177,.F.);
#8261=ORIENTED_EDGE('',*,*,#5994,.F.);
#8262=ORIENTED_EDGE('',*,*,#6174,.T.);
#8263=ORIENTED_EDGE('',*,*,#6181,.F.);
#8264=ORIENTED_EDGE('',*,*,#6179,.F.);
#8265=ORIENTED_EDGE('',*,*,#5993,.F.);
#8266=ORIENTED_EDGE('',*,*,#6182,.F.);
#8267=ORIENTED_EDGE('',*,*,#5996,.T.);
#8268=ORIENTED_EDGE('',*,*,#6183,.T.);
#8269=ORIENTED_EDGE('',*,*,#6184,.F.);
#8270=ORIENTED_EDGE('',*,*,#6183,.F.);
#8271=ORIENTED_EDGE('',*,*,#5999,.T.);
#8272=ORIENTED_EDGE('',*,*,#6185,.T.);
#8273=ORIENTED_EDGE('',*,*,#6186,.T.);
#8274=ORIENTED_EDGE('',*,*,#6187,.T.);
#8275=ORIENTED_EDGE('',*,*,#6188,.T.);
#8276=ORIENTED_EDGE('',*,*,#6185,.F.);
#8277=ORIENTED_EDGE('',*,*,#5998,.F.);
#8278=ORIENTED_EDGE('',*,*,#6182,.T.);
#8279=ORIENTED_EDGE('',*,*,#6189,.F.);
#8280=ORIENTED_EDGE('',*,*,#6187,.F.);
#8281=ORIENTED_EDGE('',*,*,#5997,.F.);
#8282=ORIENTED_EDGE('',*,*,#6190,.T.);
#8283=ORIENTED_EDGE('',*,*,#6191,.F.);
#8284=ORIENTED_EDGE('',*,*,#6192,.F.);
#8285=ORIENTED_EDGE('',*,*,#6000,.F.);
#8286=ORIENTED_EDGE('',*,*,#6190,.F.);
#8287=ORIENTED_EDGE('',*,*,#6003,.T.);
#8288=ORIENTED_EDGE('',*,*,#6193,.T.);
#8289=ORIENTED_EDGE('',*,*,#6194,.F.);
#8290=ORIENTED_EDGE('',*,*,#6193,.F.);
#8291=ORIENTED_EDGE('',*,*,#6002,.T.);
#8292=ORIENTED_EDGE('',*,*,#6195,.T.);
#8293=ORIENTED_EDGE('',*,*,#6196,.T.);
#8294=ORIENTED_EDGE('',*,*,#6192,.T.);
#8295=ORIENTED_EDGE('',*,*,#6197,.T.);
#8296=ORIENTED_EDGE('',*,*,#6195,.F.);
#8297=ORIENTED_EDGE('',*,*,#6001,.F.);
#8298=ORIENTED_EDGE('',*,*,#6198,.F.);
#8299=ORIENTED_EDGE('',*,*,#6004,.T.);
#8300=ORIENTED_EDGE('',*,*,#6199,.T.);
#8301=ORIENTED_EDGE('',*,*,#6200,.F.);
#8302=ORIENTED_EDGE('',*,*,#6199,.F.);
#8303=ORIENTED_EDGE('',*,*,#6007,.T.);
#8304=ORIENTED_EDGE('',*,*,#6201,.T.);
#8305=ORIENTED_EDGE('',*,*,#6202,.T.);
#8306=ORIENTED_EDGE('',*,*,#6203,.T.);
#8307=ORIENTED_EDGE('',*,*,#6204,.T.);
#8308=ORIENTED_EDGE('',*,*,#6201,.F.);
#8309=ORIENTED_EDGE('',*,*,#6006,.F.);
#8310=ORIENTED_EDGE('',*,*,#6198,.T.);
#8311=ORIENTED_EDGE('',*,*,#6205,.F.);
#8312=ORIENTED_EDGE('',*,*,#6203,.F.);
#8313=ORIENTED_EDGE('',*,*,#6005,.F.);
#8314=ORIENTED_EDGE('',*,*,#6206,.F.);
#8315=ORIENTED_EDGE('',*,*,#6008,.T.);
#8316=ORIENTED_EDGE('',*,*,#6207,.T.);
#8317=ORIENTED_EDGE('',*,*,#6208,.F.);
#8318=ORIENTED_EDGE('',*,*,#6207,.F.);
#8319=ORIENTED_EDGE('',*,*,#6011,.T.);
#8320=ORIENTED_EDGE('',*,*,#6209,.T.);
#8321=ORIENTED_EDGE('',*,*,#6210,.T.);
#8322=ORIENTED_EDGE('',*,*,#6211,.T.);
#8323=ORIENTED_EDGE('',*,*,#6212,.T.);
#8324=ORIENTED_EDGE('',*,*,#6209,.F.);
#8325=ORIENTED_EDGE('',*,*,#6010,.F.);
#8326=ORIENTED_EDGE('',*,*,#6206,.T.);
#8327=ORIENTED_EDGE('',*,*,#6213,.F.);
#8328=ORIENTED_EDGE('',*,*,#6211,.F.);
#8329=ORIENTED_EDGE('',*,*,#6009,.F.);
#8330=ORIENTED_EDGE('',*,*,#6214,.T.);
#8331=ORIENTED_EDGE('',*,*,#6215,.F.);
#8332=ORIENTED_EDGE('',*,*,#6216,.F.);
#8333=ORIENTED_EDGE('',*,*,#6012,.F.);
#8334=ORIENTED_EDGE('',*,*,#6214,.F.);
#8335=ORIENTED_EDGE('',*,*,#6015,.T.);
#8336=ORIENTED_EDGE('',*,*,#6217,.T.);
#8337=ORIENTED_EDGE('',*,*,#6218,.F.);
#8338=ORIENTED_EDGE('',*,*,#6217,.F.);
#8339=ORIENTED_EDGE('',*,*,#6014,.T.);
#8340=ORIENTED_EDGE('',*,*,#6219,.T.);
#8341=ORIENTED_EDGE('',*,*,#6220,.T.);
#8342=ORIENTED_EDGE('',*,*,#6216,.T.);
#8343=ORIENTED_EDGE('',*,*,#6221,.T.);
#8344=ORIENTED_EDGE('',*,*,#6219,.F.);
#8345=ORIENTED_EDGE('',*,*,#6013,.F.);
#8346=ORIENTED_EDGE('',*,*,#6222,.T.);
#8347=ORIENTED_EDGE('',*,*,#6223,.F.);
#8348=ORIENTED_EDGE('',*,*,#6224,.F.);
#8349=ORIENTED_EDGE('',*,*,#6016,.F.);
#8350=ORIENTED_EDGE('',*,*,#6222,.F.);
#8351=ORIENTED_EDGE('',*,*,#6019,.T.);
#8352=ORIENTED_EDGE('',*,*,#6225,.T.);
#8353=ORIENTED_EDGE('',*,*,#6226,.F.);
#8354=ORIENTED_EDGE('',*,*,#6225,.F.);
#8355=ORIENTED_EDGE('',*,*,#6018,.T.);
#8356=ORIENTED_EDGE('',*,*,#6227,.T.);
#8357=ORIENTED_EDGE('',*,*,#6228,.T.);
#8358=ORIENTED_EDGE('',*,*,#6224,.T.);
#8359=ORIENTED_EDGE('',*,*,#6229,.T.);
#8360=ORIENTED_EDGE('',*,*,#6227,.F.);
#8361=ORIENTED_EDGE('',*,*,#6017,.F.);
#8362=ORIENTED_EDGE('',*,*,#6230,.F.);
#8363=ORIENTED_EDGE('',*,*,#6020,.T.);
#8364=ORIENTED_EDGE('',*,*,#6231,.T.);
#8365=ORIENTED_EDGE('',*,*,#6232,.F.);
#8366=ORIENTED_EDGE('',*,*,#6231,.F.);
#8367=ORIENTED_EDGE('',*,*,#6023,.T.);
#8368=ORIENTED_EDGE('',*,*,#6233,.T.);
#8369=ORIENTED_EDGE('',*,*,#6234,.T.);
#8370=ORIENTED_EDGE('',*,*,#6235,.T.);
#8371=ORIENTED_EDGE('',*,*,#6236,.T.);
#8372=ORIENTED_EDGE('',*,*,#6233,.F.);
#8373=ORIENTED_EDGE('',*,*,#6022,.F.);
#8374=ORIENTED_EDGE('',*,*,#6230,.T.);
#8375=ORIENTED_EDGE('',*,*,#6237,.F.);
#8376=ORIENTED_EDGE('',*,*,#6235,.F.);
#8377=ORIENTED_EDGE('',*,*,#6021,.F.);
#8378=ORIENTED_EDGE('',*,*,#6238,.F.);
#8379=ORIENTED_EDGE('',*,*,#6024,.T.);
#8380=ORIENTED_EDGE('',*,*,#6239,.T.);
#8381=ORIENTED_EDGE('',*,*,#6240,.F.);
#8382=ORIENTED_EDGE('',*,*,#6239,.F.);
#8383=ORIENTED_EDGE('',*,*,#6027,.T.);
#8384=ORIENTED_EDGE('',*,*,#6241,.T.);
#8385=ORIENTED_EDGE('',*,*,#6242,.T.);
#8386=ORIENTED_EDGE('',*,*,#6243,.T.);
#8387=ORIENTED_EDGE('',*,*,#6244,.T.);
#8388=ORIENTED_EDGE('',*,*,#6241,.F.);
#8389=ORIENTED_EDGE('',*,*,#6026,.F.);
#8390=ORIENTED_EDGE('',*,*,#6238,.T.);
#8391=ORIENTED_EDGE('',*,*,#6245,.F.);
#8392=ORIENTED_EDGE('',*,*,#6243,.F.);
#8393=ORIENTED_EDGE('',*,*,#6025,.F.);
#8394=ORIENTED_EDGE('',*,*,#6246,.T.);
#8395=ORIENTED_EDGE('',*,*,#6247,.T.);
#8396=ORIENTED_EDGE('',*,*,#6248,.F.);
#8397=ORIENTED_EDGE('',*,*,#6087,.F.);
#8398=ORIENTED_EDGE('',*,*,#6249,.F.);
#8399=ORIENTED_EDGE('',*,*,#6089,.T.);
#8400=ORIENTED_EDGE('',*,*,#6248,.T.);
#8401=ORIENTED_EDGE('',*,*,#6250,.F.);
#8402=ORIENTED_EDGE('',*,*,#6251,.F.);
#8403=ORIENTED_EDGE('',*,*,#6092,.T.);
#8404=ORIENTED_EDGE('',*,*,#6249,.T.);
#8405=ORIENTED_EDGE('',*,*,#6252,.F.);
#8406=ORIENTED_EDGE('',*,*,#6251,.T.);
#8407=ORIENTED_EDGE('',*,*,#6253,.T.);
#8408=ORIENTED_EDGE('',*,*,#6246,.F.);
#8409=ORIENTED_EDGE('',*,*,#6093,.F.);
#8410=ORIENTED_EDGE('',*,*,#6254,.T.);
#8411=ORIENTED_EDGE('',*,*,#6255,.T.);
#8412=ORIENTED_EDGE('',*,*,#6256,.F.);
#8413=ORIENTED_EDGE('',*,*,#6095,.F.);
#8414=ORIENTED_EDGE('',*,*,#6257,.F.);
#8415=ORIENTED_EDGE('',*,*,#6097,.T.);
#8416=ORIENTED_EDGE('',*,*,#6256,.T.);
#8417=ORIENTED_EDGE('',*,*,#6258,.F.);
#8418=ORIENTED_EDGE('',*,*,#6259,.F.);
#8419=ORIENTED_EDGE('',*,*,#6100,.T.);
#8420=ORIENTED_EDGE('',*,*,#6257,.T.);
#8421=ORIENTED_EDGE('',*,*,#6260,.F.);
#8422=ORIENTED_EDGE('',*,*,#6259,.T.);
#8423=ORIENTED_EDGE('',*,*,#6261,.T.);
#8424=ORIENTED_EDGE('',*,*,#6254,.F.);
#8425=ORIENTED_EDGE('',*,*,#6101,.F.);
#8426=ORIENTED_EDGE('',*,*,#6262,.T.);
#8427=ORIENTED_EDGE('',*,*,#6263,.T.);
#8428=ORIENTED_EDGE('',*,*,#6264,.F.);
#8429=ORIENTED_EDGE('',*,*,#6103,.F.);
#8430=ORIENTED_EDGE('',*,*,#6265,.F.);
#8431=ORIENTED_EDGE('',*,*,#6105,.T.);
#8432=ORIENTED_EDGE('',*,*,#6264,.T.);
#8433=ORIENTED_EDGE('',*,*,#6266,.F.);
#8434=ORIENTED_EDGE('',*,*,#6267,.F.);
#8435=ORIENTED_EDGE('',*,*,#6108,.T.);
#8436=ORIENTED_EDGE('',*,*,#6265,.T.);
#8437=ORIENTED_EDGE('',*,*,#6268,.F.);
#8438=ORIENTED_EDGE('',*,*,#6267,.T.);
#8439=ORIENTED_EDGE('',*,*,#6269,.T.);
#8440=ORIENTED_EDGE('',*,*,#6262,.F.);
#8441=ORIENTED_EDGE('',*,*,#6109,.F.);
#8442=ORIENTED_EDGE('',*,*,#6270,.T.);
#8443=ORIENTED_EDGE('',*,*,#6271,.T.);
#8444=ORIENTED_EDGE('',*,*,#6272,.F.);
#8445=ORIENTED_EDGE('',*,*,#6112,.F.);
#8446=ORIENTED_EDGE('',*,*,#6272,.T.);
#8447=ORIENTED_EDGE('',*,*,#6273,.T.);
#8448=ORIENTED_EDGE('',*,*,#6274,.F.);
#8449=ORIENTED_EDGE('',*,*,#6113,.F.);
#8450=ORIENTED_EDGE('',*,*,#6275,.F.);
#8451=ORIENTED_EDGE('',*,*,#6115,.T.);
#8452=ORIENTED_EDGE('',*,*,#6274,.T.);
#8453=ORIENTED_EDGE('',*,*,#6276,.F.);
#8454=ORIENTED_EDGE('',*,*,#6270,.F.);
#8455=ORIENTED_EDGE('',*,*,#6117,.T.);
#8456=ORIENTED_EDGE('',*,*,#6275,.T.);
#8457=ORIENTED_EDGE('',*,*,#6277,.F.);
#8458=ORIENTED_EDGE('',*,*,#6278,.T.);
#8459=ORIENTED_EDGE('',*,*,#6279,.T.);
#8460=ORIENTED_EDGE('',*,*,#6280,.F.);
#8461=ORIENTED_EDGE('',*,*,#6119,.F.);
#8462=ORIENTED_EDGE('',*,*,#6281,.F.);
#8463=ORIENTED_EDGE('',*,*,#6121,.T.);
#8464=ORIENTED_EDGE('',*,*,#6280,.T.);
#8465=ORIENTED_EDGE('',*,*,#6282,.F.);
#8466=ORIENTED_EDGE('',*,*,#6283,.F.);
#8467=ORIENTED_EDGE('',*,*,#6124,.T.);
#8468=ORIENTED_EDGE('',*,*,#6281,.T.);
#8469=ORIENTED_EDGE('',*,*,#6284,.F.);
#8470=ORIENTED_EDGE('',*,*,#6283,.T.);
#8471=ORIENTED_EDGE('',*,*,#6285,.T.);
#8472=ORIENTED_EDGE('',*,*,#6278,.F.);
#8473=ORIENTED_EDGE('',*,*,#6125,.F.);
#8474=ORIENTED_EDGE('',*,*,#6286,.T.);
#8475=ORIENTED_EDGE('',*,*,#6287,.T.);
#8476=ORIENTED_EDGE('',*,*,#6288,.F.);
#8477=ORIENTED_EDGE('',*,*,#6127,.F.);
#8478=ORIENTED_EDGE('',*,*,#6289,.F.);
#8479=ORIENTED_EDGE('',*,*,#6129,.T.);
#8480=ORIENTED_EDGE('',*,*,#6288,.T.);
#8481=ORIENTED_EDGE('',*,*,#6290,.F.);
#8482=ORIENTED_EDGE('',*,*,#6291,.F.);
#8483=ORIENTED_EDGE('',*,*,#6132,.T.);
#8484=ORIENTED_EDGE('',*,*,#6289,.T.);
#8485=ORIENTED_EDGE('',*,*,#6292,.F.);
#8486=ORIENTED_EDGE('',*,*,#6291,.T.);
#8487=ORIENTED_EDGE('',*,*,#6293,.T.);
#8488=ORIENTED_EDGE('',*,*,#6286,.F.);
#8489=ORIENTED_EDGE('',*,*,#6133,.F.);
#8490=ORIENTED_EDGE('',*,*,#6294,.T.);
#8491=ORIENTED_EDGE('',*,*,#6295,.T.);
#8492=ORIENTED_EDGE('',*,*,#6296,.F.);
#8493=ORIENTED_EDGE('',*,*,#6136,.F.);
#8494=ORIENTED_EDGE('',*,*,#6296,.T.);
#8495=ORIENTED_EDGE('',*,*,#6297,.T.);
#8496=ORIENTED_EDGE('',*,*,#6298,.F.);
#8497=ORIENTED_EDGE('',*,*,#6137,.F.);
#8498=ORIENTED_EDGE('',*,*,#6299,.F.);
#8499=ORIENTED_EDGE('',*,*,#6139,.T.);
#8500=ORIENTED_EDGE('',*,*,#6298,.T.);
#8501=ORIENTED_EDGE('',*,*,#6300,.F.);
#8502=ORIENTED_EDGE('',*,*,#6294,.F.);
#8503=ORIENTED_EDGE('',*,*,#6141,.T.);
#8504=ORIENTED_EDGE('',*,*,#6299,.T.);
#8505=ORIENTED_EDGE('',*,*,#6301,.F.);
#8506=ORIENTED_EDGE('',*,*,#6302,.T.);
#8507=ORIENTED_EDGE('',*,*,#6303,.T.);
#8508=ORIENTED_EDGE('',*,*,#6304,.F.);
#8509=ORIENTED_EDGE('',*,*,#6144,.F.);
#8510=ORIENTED_EDGE('',*,*,#6304,.T.);
#8511=ORIENTED_EDGE('',*,*,#6305,.T.);
#8512=ORIENTED_EDGE('',*,*,#6306,.F.);
#8513=ORIENTED_EDGE('',*,*,#6145,.F.);
#8514=ORIENTED_EDGE('',*,*,#6307,.F.);
#8515=ORIENTED_EDGE('',*,*,#6147,.T.);
#8516=ORIENTED_EDGE('',*,*,#6306,.T.);
#8517=ORIENTED_EDGE('',*,*,#6308,.F.);
#8518=ORIENTED_EDGE('',*,*,#6302,.F.);
#8519=ORIENTED_EDGE('',*,*,#6149,.T.);
#8520=ORIENTED_EDGE('',*,*,#6307,.T.);
#8521=ORIENTED_EDGE('',*,*,#6309,.F.);
#8522=ORIENTED_EDGE('',*,*,#6310,.T.);
#8523=ORIENTED_EDGE('',*,*,#6311,.T.);
#8524=ORIENTED_EDGE('',*,*,#6312,.F.);
#8525=ORIENTED_EDGE('',*,*,#6151,.F.);
#8526=ORIENTED_EDGE('',*,*,#6313,.F.);
#8527=ORIENTED_EDGE('',*,*,#6153,.T.);
#8528=ORIENTED_EDGE('',*,*,#6312,.T.);
#8529=ORIENTED_EDGE('',*,*,#6314,.F.);
#8530=ORIENTED_EDGE('',*,*,#6315,.F.);
#8531=ORIENTED_EDGE('',*,*,#6156,.T.);
#8532=ORIENTED_EDGE('',*,*,#6313,.T.);
#8533=ORIENTED_EDGE('',*,*,#6316,.F.);
#8534=ORIENTED_EDGE('',*,*,#6315,.T.);
#8535=ORIENTED_EDGE('',*,*,#6317,.T.);
#8536=ORIENTED_EDGE('',*,*,#6310,.F.);
#8537=ORIENTED_EDGE('',*,*,#6157,.F.);
#8538=ORIENTED_EDGE('',*,*,#6318,.T.);
#8539=ORIENTED_EDGE('',*,*,#6319,.T.);
#8540=ORIENTED_EDGE('',*,*,#6320,.F.);
#8541=ORIENTED_EDGE('',*,*,#6159,.F.);
#8542=ORIENTED_EDGE('',*,*,#6321,.F.);
#8543=ORIENTED_EDGE('',*,*,#6161,.T.);
#8544=ORIENTED_EDGE('',*,*,#6320,.T.);
#8545=ORIENTED_EDGE('',*,*,#6322,.F.);
#8546=ORIENTED_EDGE('',*,*,#6323,.F.);
#8547=ORIENTED_EDGE('',*,*,#6164,.T.);
#8548=ORIENTED_EDGE('',*,*,#6321,.T.);
#8549=ORIENTED_EDGE('',*,*,#6324,.F.);
#8550=ORIENTED_EDGE('',*,*,#6323,.T.);
#8551=ORIENTED_EDGE('',*,*,#6325,.T.);
#8552=ORIENTED_EDGE('',*,*,#6318,.F.);
#8553=ORIENTED_EDGE('',*,*,#6165,.F.);
#8554=ORIENTED_EDGE('',*,*,#6326,.F.);
#8555=ORIENTED_EDGE('',*,*,#6168,.T.);
#8556=ORIENTED_EDGE('',*,*,#6327,.T.);
#8557=ORIENTED_EDGE('',*,*,#6328,.F.);
#8558=ORIENTED_EDGE('',*,*,#6329,.T.);
#8559=ORIENTED_EDGE('',*,*,#6330,.T.);
#8560=ORIENTED_EDGE('',*,*,#6327,.F.);
#8561=ORIENTED_EDGE('',*,*,#6170,.F.);
#8562=ORIENTED_EDGE('',*,*,#6331,.T.);
#8563=ORIENTED_EDGE('',*,*,#6332,.T.);
#8564=ORIENTED_EDGE('',*,*,#6329,.F.);
#8565=ORIENTED_EDGE('',*,*,#6172,.F.);
#8566=ORIENTED_EDGE('',*,*,#6331,.F.);
#8567=ORIENTED_EDGE('',*,*,#6173,.T.);
#8568=ORIENTED_EDGE('',*,*,#6326,.T.);
#8569=ORIENTED_EDGE('',*,*,#6333,.F.);
#8570=ORIENTED_EDGE('',*,*,#6334,.F.);
#8571=ORIENTED_EDGE('',*,*,#6176,.T.);
#8572=ORIENTED_EDGE('',*,*,#6335,.T.);
#8573=ORIENTED_EDGE('',*,*,#6336,.F.);
#8574=ORIENTED_EDGE('',*,*,#6337,.T.);
#8575=ORIENTED_EDGE('',*,*,#6338,.T.);
#8576=ORIENTED_EDGE('',*,*,#6335,.F.);
#8577=ORIENTED_EDGE('',*,*,#6178,.F.);
#8578=ORIENTED_EDGE('',*,*,#6339,.T.);
#8579=ORIENTED_EDGE('',*,*,#6340,.T.);
#8580=ORIENTED_EDGE('',*,*,#6337,.F.);
#8581=ORIENTED_EDGE('',*,*,#6180,.F.);
#8582=ORIENTED_EDGE('',*,*,#6339,.F.);
#8583=ORIENTED_EDGE('',*,*,#6181,.T.);
#8584=ORIENTED_EDGE('',*,*,#6334,.T.);
#8585=ORIENTED_EDGE('',*,*,#6341,.F.);
#8586=ORIENTED_EDGE('',*,*,#6342,.F.);
#8587=ORIENTED_EDGE('',*,*,#6184,.T.);
#8588=ORIENTED_EDGE('',*,*,#6343,.T.);
#8589=ORIENTED_EDGE('',*,*,#6344,.F.);
#8590=ORIENTED_EDGE('',*,*,#6345,.T.);
#8591=ORIENTED_EDGE('',*,*,#6346,.T.);
#8592=ORIENTED_EDGE('',*,*,#6343,.F.);
#8593=ORIENTED_EDGE('',*,*,#6186,.F.);
#8594=ORIENTED_EDGE('',*,*,#6347,.T.);
#8595=ORIENTED_EDGE('',*,*,#6348,.T.);
#8596=ORIENTED_EDGE('',*,*,#6345,.F.);
#8597=ORIENTED_EDGE('',*,*,#6188,.F.);
#8598=ORIENTED_EDGE('',*,*,#6347,.F.);
#8599=ORIENTED_EDGE('',*,*,#6189,.T.);
#8600=ORIENTED_EDGE('',*,*,#6342,.T.);
#8601=ORIENTED_EDGE('',*,*,#6349,.F.);
#8602=ORIENTED_EDGE('',*,*,#6350,.F.);
#8603=ORIENTED_EDGE('',*,*,#6191,.T.);
#8604=ORIENTED_EDGE('',*,*,#6351,.T.);
#8605=ORIENTED_EDGE('',*,*,#6352,.F.);
#8606=ORIENTED_EDGE('',*,*,#6351,.F.);
#8607=ORIENTED_EDGE('',*,*,#6194,.T.);
#8608=ORIENTED_EDGE('',*,*,#6353,.T.);
#8609=ORIENTED_EDGE('',*,*,#6354,.F.);
#8610=ORIENTED_EDGE('',*,*,#6355,.T.);
#8611=ORIENTED_EDGE('',*,*,#6356,.T.);
#8612=ORIENTED_EDGE('',*,*,#6353,.F.);
#8613=ORIENTED_EDGE('',*,*,#6196,.F.);
#8614=ORIENTED_EDGE('',*,*,#6350,.T.);
#8615=ORIENTED_EDGE('',*,*,#6357,.T.);
#8616=ORIENTED_EDGE('',*,*,#6355,.F.);
#8617=ORIENTED_EDGE('',*,*,#6197,.F.);
#8618=ORIENTED_EDGE('',*,*,#6358,.F.);
#8619=ORIENTED_EDGE('',*,*,#6200,.T.);
#8620=ORIENTED_EDGE('',*,*,#6359,.T.);
#8621=ORIENTED_EDGE('',*,*,#6360,.F.);
#8622=ORIENTED_EDGE('',*,*,#6361,.T.);
#8623=ORIENTED_EDGE('',*,*,#6362,.T.);
#8624=ORIENTED_EDGE('',*,*,#6359,.F.);
#8625=ORIENTED_EDGE('',*,*,#6202,.F.);
#8626=ORIENTED_EDGE('',*,*,#6363,.T.);
#8627=ORIENTED_EDGE('',*,*,#6364,.T.);
#8628=ORIENTED_EDGE('',*,*,#6361,.F.);
#8629=ORIENTED_EDGE('',*,*,#6204,.F.);
#8630=ORIENTED_EDGE('',*,*,#6363,.F.);
#8631=ORIENTED_EDGE('',*,*,#6205,.T.);
#8632=ORIENTED_EDGE('',*,*,#6358,.T.);
#8633=ORIENTED_EDGE('',*,*,#6365,.F.);
#8634=ORIENTED_EDGE('',*,*,#6366,.F.);
#8635=ORIENTED_EDGE('',*,*,#6208,.T.);
#8636=ORIENTED_EDGE('',*,*,#6367,.T.);
#8637=ORIENTED_EDGE('',*,*,#6368,.F.);
#8638=ORIENTED_EDGE('',*,*,#6369,.T.);
#8639=ORIENTED_EDGE('',*,*,#6370,.T.);
#8640=ORIENTED_EDGE('',*,*,#6367,.F.);
#8641=ORIENTED_EDGE('',*,*,#6210,.F.);
#8642=ORIENTED_EDGE('',*,*,#6371,.T.);
#8643=ORIENTED_EDGE('',*,*,#6372,.T.);
#8644=ORIENTED_EDGE('',*,*,#6369,.F.);
#8645=ORIENTED_EDGE('',*,*,#6212,.F.);
#8646=ORIENTED_EDGE('',*,*,#6371,.F.);
#8647=ORIENTED_EDGE('',*,*,#6213,.T.);
#8648=ORIENTED_EDGE('',*,*,#6366,.T.);
#8649=ORIENTED_EDGE('',*,*,#6373,.F.);
#8650=ORIENTED_EDGE('',*,*,#6374,.F.);
#8651=ORIENTED_EDGE('',*,*,#6215,.T.);
#8652=ORIENTED_EDGE('',*,*,#6375,.T.);
#8653=ORIENTED_EDGE('',*,*,#6376,.F.);
#8654=ORIENTED_EDGE('',*,*,#6375,.F.);
#8655=ORIENTED_EDGE('',*,*,#6218,.T.);
#8656=ORIENTED_EDGE('',*,*,#6377,.T.);
#8657=ORIENTED_EDGE('',*,*,#6378,.F.);
#8658=ORIENTED_EDGE('',*,*,#6379,.T.);
#8659=ORIENTED_EDGE('',*,*,#6380,.T.);
#8660=ORIENTED_EDGE('',*,*,#6377,.F.);
#8661=ORIENTED_EDGE('',*,*,#6220,.F.);
#8662=ORIENTED_EDGE('',*,*,#6374,.T.);
#8663=ORIENTED_EDGE('',*,*,#6381,.T.);
#8664=ORIENTED_EDGE('',*,*,#6379,.F.);
#8665=ORIENTED_EDGE('',*,*,#6221,.F.);
#8666=ORIENTED_EDGE('',*,*,#6382,.F.);
#8667=ORIENTED_EDGE('',*,*,#6223,.T.);
#8668=ORIENTED_EDGE('',*,*,#6383,.T.);
#8669=ORIENTED_EDGE('',*,*,#6384,.F.);
#8670=ORIENTED_EDGE('',*,*,#6383,.F.);
#8671=ORIENTED_EDGE('',*,*,#6226,.T.);
#8672=ORIENTED_EDGE('',*,*,#6385,.T.);
#8673=ORIENTED_EDGE('',*,*,#6386,.F.);
#8674=ORIENTED_EDGE('',*,*,#6387,.T.);
#8675=ORIENTED_EDGE('',*,*,#6388,.T.);
#8676=ORIENTED_EDGE('',*,*,#6385,.F.);
#8677=ORIENTED_EDGE('',*,*,#6228,.F.);
#8678=ORIENTED_EDGE('',*,*,#6382,.T.);
#8679=ORIENTED_EDGE('',*,*,#6389,.T.);
#8680=ORIENTED_EDGE('',*,*,#6387,.F.);
#8681=ORIENTED_EDGE('',*,*,#6229,.F.);
#8682=ORIENTED_EDGE('',*,*,#6390,.F.);
#8683=ORIENTED_EDGE('',*,*,#6232,.T.);
#8684=ORIENTED_EDGE('',*,*,#6391,.T.);
#8685=ORIENTED_EDGE('',*,*,#6392,.F.);
#8686=ORIENTED_EDGE('',*,*,#6393,.T.);
#8687=ORIENTED_EDGE('',*,*,#6394,.T.);
#8688=ORIENTED_EDGE('',*,*,#6391,.F.);
#8689=ORIENTED_EDGE('',*,*,#6234,.F.);
#8690=ORIENTED_EDGE('',*,*,#6395,.T.);
#8691=ORIENTED_EDGE('',*,*,#6396,.T.);
#8692=ORIENTED_EDGE('',*,*,#6393,.F.);
#8693=ORIENTED_EDGE('',*,*,#6236,.F.);
#8694=ORIENTED_EDGE('',*,*,#6395,.F.);
#8695=ORIENTED_EDGE('',*,*,#6237,.T.);
#8696=ORIENTED_EDGE('',*,*,#6390,.T.);
#8697=ORIENTED_EDGE('',*,*,#6397,.F.);
#8698=ORIENTED_EDGE('',*,*,#6398,.F.);
#8699=ORIENTED_EDGE('',*,*,#6240,.T.);
#8700=ORIENTED_EDGE('',*,*,#6399,.T.);
#8701=ORIENTED_EDGE('',*,*,#6400,.F.);
#8702=ORIENTED_EDGE('',*,*,#6401,.T.);
#8703=ORIENTED_EDGE('',*,*,#6402,.T.);
#8704=ORIENTED_EDGE('',*,*,#6399,.F.);
#8705=ORIENTED_EDGE('',*,*,#6242,.F.);
#8706=ORIENTED_EDGE('',*,*,#6403,.T.);
#8707=ORIENTED_EDGE('',*,*,#6404,.T.);
#8708=ORIENTED_EDGE('',*,*,#6401,.F.);
#8709=ORIENTED_EDGE('',*,*,#6244,.F.);
#8710=ORIENTED_EDGE('',*,*,#6403,.F.);
#8711=ORIENTED_EDGE('',*,*,#6245,.T.);
#8712=ORIENTED_EDGE('',*,*,#6398,.T.);
#8713=ORIENTED_EDGE('',*,*,#6405,.F.);
#8714=ORIENTED_EDGE('',*,*,#6250,.T.);
#8715=ORIENTED_EDGE('',*,*,#6247,.F.);
#8716=ORIENTED_EDGE('',*,*,#6253,.F.);
#8717=ORIENTED_EDGE('',*,*,#6252,.T.);
#8718=ORIENTED_EDGE('',*,*,#6258,.T.);
#8719=ORIENTED_EDGE('',*,*,#6255,.F.);
#8720=ORIENTED_EDGE('',*,*,#6261,.F.);
#8721=ORIENTED_EDGE('',*,*,#6260,.T.);
#8722=ORIENTED_EDGE('',*,*,#6266,.T.);
#8723=ORIENTED_EDGE('',*,*,#6263,.F.);
#8724=ORIENTED_EDGE('',*,*,#6269,.F.);
#8725=ORIENTED_EDGE('',*,*,#6268,.T.);
#8726=ORIENTED_EDGE('',*,*,#6276,.T.);
#8727=ORIENTED_EDGE('',*,*,#6273,.F.);
#8728=ORIENTED_EDGE('',*,*,#6271,.F.);
#8729=ORIENTED_EDGE('',*,*,#6277,.T.);
#8730=ORIENTED_EDGE('',*,*,#6282,.T.);
#8731=ORIENTED_EDGE('',*,*,#6279,.F.);
#8732=ORIENTED_EDGE('',*,*,#6285,.F.);
#8733=ORIENTED_EDGE('',*,*,#6284,.T.);
#8734=ORIENTED_EDGE('',*,*,#6290,.T.);
#8735=ORIENTED_EDGE('',*,*,#6287,.F.);
#8736=ORIENTED_EDGE('',*,*,#6293,.F.);
#8737=ORIENTED_EDGE('',*,*,#6292,.T.);
#8738=ORIENTED_EDGE('',*,*,#6300,.T.);
#8739=ORIENTED_EDGE('',*,*,#6297,.F.);
#8740=ORIENTED_EDGE('',*,*,#6295,.F.);
#8741=ORIENTED_EDGE('',*,*,#6301,.T.);
#8742=ORIENTED_EDGE('',*,*,#6308,.T.);
#8743=ORIENTED_EDGE('',*,*,#6305,.F.);
#8744=ORIENTED_EDGE('',*,*,#6303,.F.);
#8745=ORIENTED_EDGE('',*,*,#6309,.T.);
#8746=ORIENTED_EDGE('',*,*,#6314,.T.);
#8747=ORIENTED_EDGE('',*,*,#6311,.F.);
#8748=ORIENTED_EDGE('',*,*,#6317,.F.);
#8749=ORIENTED_EDGE('',*,*,#6316,.T.);
#8750=ORIENTED_EDGE('',*,*,#6322,.T.);
#8751=ORIENTED_EDGE('',*,*,#6319,.F.);
#8752=ORIENTED_EDGE('',*,*,#6325,.F.);
#8753=ORIENTED_EDGE('',*,*,#6324,.T.);
#8754=ORIENTED_EDGE('',*,*,#6332,.F.);
#8755=ORIENTED_EDGE('',*,*,#6333,.T.);
#8756=ORIENTED_EDGE('',*,*,#6328,.T.);
#8757=ORIENTED_EDGE('',*,*,#6330,.F.);
#8758=ORIENTED_EDGE('',*,*,#6340,.F.);
#8759=ORIENTED_EDGE('',*,*,#6341,.T.);
#8760=ORIENTED_EDGE('',*,*,#6336,.T.);
#8761=ORIENTED_EDGE('',*,*,#6338,.F.);
#8762=ORIENTED_EDGE('',*,*,#6348,.F.);
#8763=ORIENTED_EDGE('',*,*,#6349,.T.);
#8764=ORIENTED_EDGE('',*,*,#6344,.T.);
#8765=ORIENTED_EDGE('',*,*,#6346,.F.);
#8766=ORIENTED_EDGE('',*,*,#6357,.F.);
#8767=ORIENTED_EDGE('',*,*,#6352,.T.);
#8768=ORIENTED_EDGE('',*,*,#6354,.T.);
#8769=ORIENTED_EDGE('',*,*,#6356,.F.);
#8770=ORIENTED_EDGE('',*,*,#6364,.F.);
#8771=ORIENTED_EDGE('',*,*,#6365,.T.);
#8772=ORIENTED_EDGE('',*,*,#6360,.T.);
#8773=ORIENTED_EDGE('',*,*,#6362,.F.);
#8774=ORIENTED_EDGE('',*,*,#6372,.F.);
#8775=ORIENTED_EDGE('',*,*,#6373,.T.);
#8776=ORIENTED_EDGE('',*,*,#6368,.T.);
#8777=ORIENTED_EDGE('',*,*,#6370,.F.);
#8778=ORIENTED_EDGE('',*,*,#6381,.F.);
#8779=ORIENTED_EDGE('',*,*,#6376,.T.);
#8780=ORIENTED_EDGE('',*,*,#6378,.T.);
#8781=ORIENTED_EDGE('',*,*,#6380,.F.);
#8782=ORIENTED_EDGE('',*,*,#6389,.F.);
#8783=ORIENTED_EDGE('',*,*,#6384,.T.);
#8784=ORIENTED_EDGE('',*,*,#6386,.T.);
#8785=ORIENTED_EDGE('',*,*,#6388,.F.);
#8786=ORIENTED_EDGE('',*,*,#6396,.F.);
#8787=ORIENTED_EDGE('',*,*,#6397,.T.);
#8788=ORIENTED_EDGE('',*,*,#6392,.T.);
#8789=ORIENTED_EDGE('',*,*,#6394,.F.);
#8790=ORIENTED_EDGE('',*,*,#6404,.F.);
#8791=ORIENTED_EDGE('',*,*,#6405,.T.);
#8792=ORIENTED_EDGE('',*,*,#6400,.T.);
#8793=ORIENTED_EDGE('',*,*,#6402,.F.);
#8794=ORIENTED_EDGE('',*,*,#6406,.T.);
#8795=ORIENTED_EDGE('',*,*,#6407,.T.);
#8796=ORIENTED_EDGE('',*,*,#6408,.F.);
#8797=ORIENTED_EDGE('',*,*,#6407,.F.);
#8798=ORIENTED_EDGE('',*,*,#6409,.F.);
#8799=ORIENTED_EDGE('',*,*,#6410,.T.);
#8800=ORIENTED_EDGE('',*,*,#6408,.T.);
#8801=ORIENTED_EDGE('',*,*,#6410,.F.);
#8802=ORIENTED_EDGE('',*,*,#6406,.F.);
#8803=ORIENTED_EDGE('',*,*,#6411,.T.);
#8804=ORIENTED_EDGE('',*,*,#6412,.F.);
#8805=ORIENTED_EDGE('',*,*,#6413,.T.);
#8806=ORIENTED_EDGE('',*,*,#6414,.T.);
#8807=ORIENTED_EDGE('',*,*,#6415,.T.);
#8808=ORIENTED_EDGE('',*,*,#6416,.T.);
#8809=ORIENTED_EDGE('',*,*,#6417,.T.);
#8810=ORIENTED_EDGE('',*,*,#6418,.F.);
#8811=ORIENTED_EDGE('',*,*,#6419,.T.);
#8812=ORIENTED_EDGE('',*,*,#6409,.T.);
#8813=ORIENTED_EDGE('',*,*,#6420,.T.);
#8814=ORIENTED_EDGE('',*,*,#6421,.T.);
#8815=ORIENTED_EDGE('',*,*,#6422,.T.);
#8816=ORIENTED_EDGE('',*,*,#6423,.F.);
#8817=ORIENTED_EDGE('',*,*,#6411,.F.);
#8818=ORIENTED_EDGE('',*,*,#6421,.F.);
#8819=ORIENTED_EDGE('',*,*,#6418,.T.);
#8820=ORIENTED_EDGE('',*,*,#6424,.T.);
#8821=ORIENTED_EDGE('',*,*,#6425,.T.);
#8822=ORIENTED_EDGE('',*,*,#6426,.F.);
#8823=ORIENTED_EDGE('',*,*,#6412,.T.);
#8824=ORIENTED_EDGE('',*,*,#6423,.T.);
#8825=ORIENTED_EDGE('',*,*,#6427,.T.);
#8826=ORIENTED_EDGE('',*,*,#6424,.F.);
#8827=ORIENTED_EDGE('',*,*,#6417,.F.);
#8828=ORIENTED_EDGE('',*,*,#6428,.T.);
#8829=ORIENTED_EDGE('',*,*,#6429,.T.);
#8830=ORIENTED_EDGE('',*,*,#6426,.T.);
#8831=ORIENTED_EDGE('',*,*,#6430,.T.);
#8832=ORIENTED_EDGE('',*,*,#6431,.F.);
#8833=ORIENTED_EDGE('',*,*,#6413,.F.);
#8834=ORIENTED_EDGE('',*,*,#6432,.T.);
#8835=ORIENTED_EDGE('',*,*,#6428,.F.);
#8836=ORIENTED_EDGE('',*,*,#6416,.F.);
#8837=ORIENTED_EDGE('',*,*,#6433,.T.);
#8838=ORIENTED_EDGE('',*,*,#6434,.T.);
#8839=ORIENTED_EDGE('',*,*,#6435,.F.);
#8840=ORIENTED_EDGE('',*,*,#6414,.F.);
#8841=ORIENTED_EDGE('',*,*,#6431,.T.);
#8842=ORIENTED_EDGE('',*,*,#6433,.F.);
#8843=ORIENTED_EDGE('',*,*,#6415,.F.);
#8844=ORIENTED_EDGE('',*,*,#6435,.T.);
#8845=ORIENTED_EDGE('',*,*,#6436,.T.);
#8846=ORIENTED_EDGE('',*,*,#6419,.F.);
#8847=ORIENTED_EDGE('',*,*,#6437,.T.);
#8848=ORIENTED_EDGE('',*,*,#6438,.T.);
#8849=ORIENTED_EDGE('',*,*,#6437,.F.);
#8850=ORIENTED_EDGE('',*,*,#6420,.F.);
#8851=ORIENTED_EDGE('',*,*,#6439,.T.);
#8852=ORIENTED_EDGE('',*,*,#6440,.T.);
#8853=ORIENTED_EDGE('',*,*,#6439,.F.);
#8854=ORIENTED_EDGE('',*,*,#6441,.T.);
#8855=ORIENTED_EDGE('',*,*,#6442,.T.);
#8856=ORIENTED_EDGE('',*,*,#6443,.F.);
#8857=ORIENTED_EDGE('',*,*,#6422,.F.);
#8858=ORIENTED_EDGE('',*,*,#6444,.T.);
#8859=ORIENTED_EDGE('',*,*,#6441,.F.);
#8860=ORIENTED_EDGE('',*,*,#6425,.F.);
#8861=ORIENTED_EDGE('',*,*,#6445,.T.);
#8862=ORIENTED_EDGE('',*,*,#6446,.T.);
#8863=ORIENTED_EDGE('',*,*,#6447,.F.);
#8864=ORIENTED_EDGE('',*,*,#6427,.F.);
#8865=ORIENTED_EDGE('',*,*,#6443,.T.);
#8866=ORIENTED_EDGE('',*,*,#6448,.T.);
#8867=ORIENTED_EDGE('',*,*,#6449,.T.);
#8868=ORIENTED_EDGE('',*,*,#6445,.F.);
#8869=ORIENTED_EDGE('',*,*,#6429,.F.);
#8870=ORIENTED_EDGE('',*,*,#6447,.T.);
#8871=ORIENTED_EDGE('',*,*,#6450,.T.);
#8872=ORIENTED_EDGE('',*,*,#6451,.F.);
#8873=ORIENTED_EDGE('',*,*,#6430,.F.);
#8874=ORIENTED_EDGE('',*,*,#6452,.T.);
#8875=ORIENTED_EDGE('',*,*,#6448,.F.);
#8876=ORIENTED_EDGE('',*,*,#6432,.F.);
#8877=ORIENTED_EDGE('',*,*,#6453,.T.);
#8878=ORIENTED_EDGE('',*,*,#6454,.T.);
#8879=ORIENTED_EDGE('',*,*,#6455,.F.);
#8880=ORIENTED_EDGE('',*,*,#6434,.F.);
#8881=ORIENTED_EDGE('',*,*,#6451,.T.);
#8882=ORIENTED_EDGE('',*,*,#6455,.T.);
#8883=ORIENTED_EDGE('',*,*,#6456,.T.);
#8884=ORIENTED_EDGE('',*,*,#6453,.F.);
#8885=ORIENTED_EDGE('',*,*,#6436,.F.);
#8886=ORIENTED_EDGE('',*,*,#6457,.T.);
#8887=ORIENTED_EDGE('',*,*,#6458,.T.);
#8888=ORIENTED_EDGE('',*,*,#6438,.F.);
#8889=ORIENTED_EDGE('',*,*,#6458,.F.);
#8890=ORIENTED_EDGE('',*,*,#6459,.T.);
#8891=ORIENTED_EDGE('',*,*,#6460,.T.);
#8892=ORIENTED_EDGE('',*,*,#6440,.F.);
#8893=ORIENTED_EDGE('',*,*,#6460,.F.);
#8894=ORIENTED_EDGE('',*,*,#6449,.F.);
#8895=ORIENTED_EDGE('',*,*,#6452,.F.);
#8896=ORIENTED_EDGE('',*,*,#6456,.F.);
#8897=ORIENTED_EDGE('',*,*,#6454,.F.);
#8898=ORIENTED_EDGE('',*,*,#6450,.F.);
#8899=ORIENTED_EDGE('',*,*,#6446,.F.);
#8900=ORIENTED_EDGE('',*,*,#6442,.F.);
#8901=ORIENTED_EDGE('',*,*,#6444,.F.);
#8902=ORIENTED_EDGE('',*,*,#6457,.F.);
#8903=ORIENTED_EDGE('',*,*,#6459,.F.);
#8904=ORIENTED_EDGE('',*,*,#6461,.T.);
#8905=ORIENTED_EDGE('',*,*,#6462,.T.);
#8906=ORIENTED_EDGE('',*,*,#6463,.F.);
#8907=ORIENTED_EDGE('',*,*,#6464,.F.);
#8908=ORIENTED_EDGE('',*,*,#6465,.T.);
#8909=ORIENTED_EDGE('',*,*,#6466,.T.);
#8910=ORIENTED_EDGE('',*,*,#6461,.F.);
#8911=ORIENTED_EDGE('',*,*,#6467,.F.);
#8912=ORIENTED_EDGE('',*,*,#6463,.T.);
#8913=ORIENTED_EDGE('',*,*,#6468,.T.);
#8914=ORIENTED_EDGE('',*,*,#6469,.F.);
#8915=ORIENTED_EDGE('',*,*,#6470,.F.);
#8916=ORIENTED_EDGE('',*,*,#6464,.T.);
#8917=ORIENTED_EDGE('',*,*,#6470,.T.);
#8918=ORIENTED_EDGE('',*,*,#6471,.T.);
#8919=ORIENTED_EDGE('',*,*,#6472,.T.);
#8920=ORIENTED_EDGE('',*,*,#6473,.T.);
#8921=ORIENTED_EDGE('',*,*,#6474,.T.);
#8922=ORIENTED_EDGE('',*,*,#6475,.T.);
#8923=ORIENTED_EDGE('',*,*,#6476,.T.);
#8924=ORIENTED_EDGE('',*,*,#6477,.T.);
#8925=ORIENTED_EDGE('',*,*,#6478,.T.);
#8926=ORIENTED_EDGE('',*,*,#6479,.T.);
#8927=ORIENTED_EDGE('',*,*,#6480,.T.);
#8928=ORIENTED_EDGE('',*,*,#6481,.T.);
#8929=ORIENTED_EDGE('',*,*,#6467,.T.);
#8930=ORIENTED_EDGE('',*,*,#6482,.F.);
#8931=ORIENTED_EDGE('',*,*,#6483,.F.);
#8932=ORIENTED_EDGE('',*,*,#6484,.F.);
#8933=ORIENTED_EDGE('',*,*,#6485,.F.);
#8934=ORIENTED_EDGE('',*,*,#6486,.F.);
#8935=ORIENTED_EDGE('',*,*,#6487,.F.);
#8936=ORIENTED_EDGE('',*,*,#6488,.F.);
#8937=ORIENTED_EDGE('',*,*,#6489,.F.);
#8938=ORIENTED_EDGE('',*,*,#6490,.F.);
#8939=ORIENTED_EDGE('',*,*,#6491,.F.);
#8940=ORIENTED_EDGE('',*,*,#6492,.F.);
#8941=ORIENTED_EDGE('',*,*,#6493,.F.);
#8942=ORIENTED_EDGE('',*,*,#6494,.F.);
#8943=ORIENTED_EDGE('',*,*,#6495,.F.);
#8944=ORIENTED_EDGE('',*,*,#6496,.F.);
#8945=ORIENTED_EDGE('',*,*,#6497,.F.);
#8946=ORIENTED_EDGE('',*,*,#6498,.F.);
#8947=ORIENTED_EDGE('',*,*,#6499,.F.);
#8948=ORIENTED_EDGE('',*,*,#6500,.F.);
#8949=ORIENTED_EDGE('',*,*,#6501,.F.);
#8950=ORIENTED_EDGE('',*,*,#6502,.F.);
#8951=ORIENTED_EDGE('',*,*,#6503,.F.);
#8952=ORIENTED_EDGE('',*,*,#6504,.F.);
#8953=ORIENTED_EDGE('',*,*,#6505,.F.);
#8954=ORIENTED_EDGE('',*,*,#6506,.F.);
#8955=ORIENTED_EDGE('',*,*,#6507,.F.);
#8956=ORIENTED_EDGE('',*,*,#6508,.F.);
#8957=ORIENTED_EDGE('',*,*,#6509,.F.);
#8958=ORIENTED_EDGE('',*,*,#6510,.F.);
#8959=ORIENTED_EDGE('',*,*,#6511,.F.);
#8960=ORIENTED_EDGE('',*,*,#6512,.F.);
#8961=ORIENTED_EDGE('',*,*,#6513,.F.);
#8962=ORIENTED_EDGE('',*,*,#6514,.F.);
#8963=ORIENTED_EDGE('',*,*,#6515,.F.);
#8964=ORIENTED_EDGE('',*,*,#6516,.F.);
#8965=ORIENTED_EDGE('',*,*,#6517,.F.);
#8966=ORIENTED_EDGE('',*,*,#6518,.F.);
#8967=ORIENTED_EDGE('',*,*,#6519,.F.);
#8968=ORIENTED_EDGE('',*,*,#6520,.F.);
#8969=ORIENTED_EDGE('',*,*,#6521,.F.);
#8970=ORIENTED_EDGE('',*,*,#6522,.F.);
#8971=ORIENTED_EDGE('',*,*,#6523,.F.);
#8972=ORIENTED_EDGE('',*,*,#6524,.F.);
#8973=ORIENTED_EDGE('',*,*,#6525,.F.);
#8974=ORIENTED_EDGE('',*,*,#6526,.F.);
#8975=ORIENTED_EDGE('',*,*,#6527,.F.);
#8976=ORIENTED_EDGE('',*,*,#6528,.F.);
#8977=ORIENTED_EDGE('',*,*,#6529,.F.);
#8978=ORIENTED_EDGE('',*,*,#6530,.F.);
#8979=ORIENTED_EDGE('',*,*,#6531,.F.);
#8980=ORIENTED_EDGE('',*,*,#6532,.F.);
#8981=ORIENTED_EDGE('',*,*,#6533,.F.);
#8982=ORIENTED_EDGE('',*,*,#6534,.F.);
#8983=ORIENTED_EDGE('',*,*,#6535,.F.);
#8984=ORIENTED_EDGE('',*,*,#6536,.F.);
#8985=ORIENTED_EDGE('',*,*,#6537,.F.);
#8986=ORIENTED_EDGE('',*,*,#6538,.F.);
#8987=ORIENTED_EDGE('',*,*,#6539,.F.);
#8988=ORIENTED_EDGE('',*,*,#6540,.F.);
#8989=ORIENTED_EDGE('',*,*,#6541,.F.);
#8990=ORIENTED_EDGE('',*,*,#6542,.F.);
#8991=ORIENTED_EDGE('',*,*,#6543,.F.);
#8992=ORIENTED_EDGE('',*,*,#6544,.F.);
#8993=ORIENTED_EDGE('',*,*,#6545,.F.);
#8994=ORIENTED_EDGE('',*,*,#6546,.F.);
#8995=ORIENTED_EDGE('',*,*,#6547,.F.);
#8996=ORIENTED_EDGE('',*,*,#6548,.F.);
#8997=ORIENTED_EDGE('',*,*,#6549,.F.);
#8998=ORIENTED_EDGE('',*,*,#6550,.F.);
#8999=ORIENTED_EDGE('',*,*,#6551,.F.);
#9000=ORIENTED_EDGE('',*,*,#6552,.F.);
#9001=ORIENTED_EDGE('',*,*,#6553,.F.);
#9002=ORIENTED_EDGE('',*,*,#6554,.F.);
#9003=ORIENTED_EDGE('',*,*,#6555,.F.);
#9004=ORIENTED_EDGE('',*,*,#6556,.F.);
#9005=ORIENTED_EDGE('',*,*,#6557,.F.);
#9006=ORIENTED_EDGE('',*,*,#6558,.F.);
#9007=ORIENTED_EDGE('',*,*,#6559,.F.);
#9008=ORIENTED_EDGE('',*,*,#6560,.F.);
#9009=ORIENTED_EDGE('',*,*,#6561,.F.);
#9010=ORIENTED_EDGE('',*,*,#6562,.F.);
#9011=ORIENTED_EDGE('',*,*,#6563,.F.);
#9012=ORIENTED_EDGE('',*,*,#6564,.F.);
#9013=ORIENTED_EDGE('',*,*,#6565,.F.);
#9014=ORIENTED_EDGE('',*,*,#6566,.F.);
#9015=ORIENTED_EDGE('',*,*,#6567,.F.);
#9016=ORIENTED_EDGE('',*,*,#6568,.F.);
#9017=ORIENTED_EDGE('',*,*,#6569,.F.);
#9018=ORIENTED_EDGE('',*,*,#6570,.F.);
#9019=ORIENTED_EDGE('',*,*,#6571,.F.);
#9020=ORIENTED_EDGE('',*,*,#6572,.F.);
#9021=ORIENTED_EDGE('',*,*,#6573,.F.);
#9022=ORIENTED_EDGE('',*,*,#6574,.F.);
#9023=ORIENTED_EDGE('',*,*,#6575,.F.);
#9024=ORIENTED_EDGE('',*,*,#6576,.F.);
#9025=ORIENTED_EDGE('',*,*,#6577,.F.);
#9026=ORIENTED_EDGE('',*,*,#6578,.F.);
#9027=ORIENTED_EDGE('',*,*,#6579,.F.);
#9028=ORIENTED_EDGE('',*,*,#6580,.F.);
#9029=ORIENTED_EDGE('',*,*,#6581,.F.);
#9030=ORIENTED_EDGE('',*,*,#6582,.F.);
#9031=ORIENTED_EDGE('',*,*,#6583,.F.);
#9032=ORIENTED_EDGE('',*,*,#6584,.F.);
#9033=ORIENTED_EDGE('',*,*,#6585,.F.);
#9034=ORIENTED_EDGE('',*,*,#6586,.F.);
#9035=ORIENTED_EDGE('',*,*,#6587,.F.);
#9036=ORIENTED_EDGE('',*,*,#6588,.F.);
#9037=ORIENTED_EDGE('',*,*,#6589,.F.);
#9038=ORIENTED_EDGE('',*,*,#6590,.F.);
#9039=ORIENTED_EDGE('',*,*,#6591,.F.);
#9040=ORIENTED_EDGE('',*,*,#6592,.F.);
#9041=ORIENTED_EDGE('',*,*,#6593,.F.);
#9042=ORIENTED_EDGE('',*,*,#6594,.F.);
#9043=ORIENTED_EDGE('',*,*,#6595,.F.);
#9044=ORIENTED_EDGE('',*,*,#6596,.F.);
#9045=ORIENTED_EDGE('',*,*,#6597,.F.);
#9046=ORIENTED_EDGE('',*,*,#6598,.F.);
#9047=ORIENTED_EDGE('',*,*,#6599,.F.);
#9048=ORIENTED_EDGE('',*,*,#6600,.F.);
#9049=ORIENTED_EDGE('',*,*,#6601,.F.);
#9050=ORIENTED_EDGE('',*,*,#6602,.F.);
#9051=ORIENTED_EDGE('',*,*,#6603,.F.);
#9052=ORIENTED_EDGE('',*,*,#6604,.F.);
#9053=ORIENTED_EDGE('',*,*,#6605,.F.);
#9054=ORIENTED_EDGE('',*,*,#6606,.F.);
#9055=ORIENTED_EDGE('',*,*,#6607,.F.);
#9056=ORIENTED_EDGE('',*,*,#6608,.F.);
#9057=ORIENTED_EDGE('',*,*,#6609,.F.);
#9058=ORIENTED_EDGE('',*,*,#6610,.F.);
#9059=ORIENTED_EDGE('',*,*,#6611,.F.);
#9060=ORIENTED_EDGE('',*,*,#6612,.F.);
#9061=ORIENTED_EDGE('',*,*,#6613,.F.);
#9062=ORIENTED_EDGE('',*,*,#6614,.F.);
#9063=ORIENTED_EDGE('',*,*,#6462,.F.);
#9064=ORIENTED_EDGE('',*,*,#6466,.F.);
#9065=ORIENTED_EDGE('',*,*,#6615,.F.);
#9066=ORIENTED_EDGE('',*,*,#6616,.F.);
#9067=ORIENTED_EDGE('',*,*,#6617,.F.);
#9068=ORIENTED_EDGE('',*,*,#6618,.F.);
#9069=ORIENTED_EDGE('',*,*,#6619,.F.);
#9070=ORIENTED_EDGE('',*,*,#6620,.F.);
#9071=ORIENTED_EDGE('',*,*,#6621,.F.);
#9072=ORIENTED_EDGE('',*,*,#6622,.F.);
#9073=ORIENTED_EDGE('',*,*,#6623,.F.);
#9074=ORIENTED_EDGE('',*,*,#6624,.F.);
#9075=ORIENTED_EDGE('',*,*,#6625,.F.);
#9076=ORIENTED_EDGE('',*,*,#6468,.F.);
#9077=ORIENTED_EDGE('',*,*,#6626,.T.);
#9078=ORIENTED_EDGE('',*,*,#6627,.T.);
#9079=ORIENTED_EDGE('',*,*,#6628,.T.);
#9080=ORIENTED_EDGE('',*,*,#6629,.T.);
#9081=ORIENTED_EDGE('',*,*,#6630,.T.);
#9082=ORIENTED_EDGE('',*,*,#6631,.T.);
#9083=ORIENTED_EDGE('',*,*,#6632,.T.);
#9084=ORIENTED_EDGE('',*,*,#6633,.T.);
#9085=ORIENTED_EDGE('',*,*,#6634,.T.);
#9086=ORIENTED_EDGE('',*,*,#6635,.T.);
#9087=ORIENTED_EDGE('',*,*,#6636,.T.);
#9088=ORIENTED_EDGE('',*,*,#6637,.T.);
#9089=ORIENTED_EDGE('',*,*,#6638,.T.);
#9090=ORIENTED_EDGE('',*,*,#6639,.T.);
#9091=ORIENTED_EDGE('',*,*,#6640,.T.);
#9092=ORIENTED_EDGE('',*,*,#6641,.T.);
#9093=ORIENTED_EDGE('',*,*,#6642,.T.);
#9094=ORIENTED_EDGE('',*,*,#6643,.T.);
#9095=ORIENTED_EDGE('',*,*,#6644,.T.);
#9096=ORIENTED_EDGE('',*,*,#6645,.T.);
#9097=ORIENTED_EDGE('',*,*,#6646,.T.);
#9098=ORIENTED_EDGE('',*,*,#6647,.T.);
#9099=ORIENTED_EDGE('',*,*,#6648,.T.);
#9100=ORIENTED_EDGE('',*,*,#6649,.T.);
#9101=ORIENTED_EDGE('',*,*,#6650,.T.);
#9102=ORIENTED_EDGE('',*,*,#6651,.T.);
#9103=ORIENTED_EDGE('',*,*,#6652,.T.);
#9104=ORIENTED_EDGE('',*,*,#6653,.T.);
#9105=ORIENTED_EDGE('',*,*,#6654,.T.);
#9106=ORIENTED_EDGE('',*,*,#6655,.T.);
#9107=ORIENTED_EDGE('',*,*,#6656,.T.);
#9108=ORIENTED_EDGE('',*,*,#6657,.T.);
#9109=ORIENTED_EDGE('',*,*,#6658,.T.);
#9110=ORIENTED_EDGE('',*,*,#6659,.T.);
#9111=ORIENTED_EDGE('',*,*,#6660,.T.);
#9112=ORIENTED_EDGE('',*,*,#6661,.T.);
#9113=ORIENTED_EDGE('',*,*,#6662,.T.);
#9114=ORIENTED_EDGE('',*,*,#6663,.T.);
#9115=ORIENTED_EDGE('',*,*,#6664,.T.);
#9116=ORIENTED_EDGE('',*,*,#6665,.T.);
#9117=ORIENTED_EDGE('',*,*,#6666,.T.);
#9118=ORIENTED_EDGE('',*,*,#6667,.T.);
#9119=ORIENTED_EDGE('',*,*,#6668,.T.);
#9120=ORIENTED_EDGE('',*,*,#6669,.T.);
#9121=ORIENTED_EDGE('',*,*,#6670,.T.);
#9122=ORIENTED_EDGE('',*,*,#6671,.T.);
#9123=ORIENTED_EDGE('',*,*,#6672,.T.);
#9124=ORIENTED_EDGE('',*,*,#6673,.T.);
#9125=ORIENTED_EDGE('',*,*,#6674,.T.);
#9126=ORIENTED_EDGE('',*,*,#6675,.T.);
#9127=ORIENTED_EDGE('',*,*,#6676,.T.);
#9128=ORIENTED_EDGE('',*,*,#6677,.T.);
#9129=ORIENTED_EDGE('',*,*,#6678,.T.);
#9130=ORIENTED_EDGE('',*,*,#6679,.T.);
#9131=ORIENTED_EDGE('',*,*,#6680,.T.);
#9132=ORIENTED_EDGE('',*,*,#6681,.T.);
#9133=ORIENTED_EDGE('',*,*,#6682,.T.);
#9134=ORIENTED_EDGE('',*,*,#6683,.T.);
#9135=ORIENTED_EDGE('',*,*,#6684,.T.);
#9136=ORIENTED_EDGE('',*,*,#6685,.T.);
#9137=ORIENTED_EDGE('',*,*,#6686,.T.);
#9138=ORIENTED_EDGE('',*,*,#6687,.T.);
#9139=ORIENTED_EDGE('',*,*,#6688,.T.);
#9140=ORIENTED_EDGE('',*,*,#6689,.T.);
#9141=ORIENTED_EDGE('',*,*,#6690,.T.);
#9142=ORIENTED_EDGE('',*,*,#6691,.T.);
#9143=ORIENTED_EDGE('',*,*,#6692,.T.);
#9144=ORIENTED_EDGE('',*,*,#6693,.T.);
#9145=ORIENTED_EDGE('',*,*,#6694,.T.);
#9146=ORIENTED_EDGE('',*,*,#6695,.T.);
#9147=ORIENTED_EDGE('',*,*,#6696,.T.);
#9148=ORIENTED_EDGE('',*,*,#6697,.T.);
#9149=ORIENTED_EDGE('',*,*,#6698,.T.);
#9150=ORIENTED_EDGE('',*,*,#6699,.T.);
#9151=ORIENTED_EDGE('',*,*,#6700,.T.);
#9152=ORIENTED_EDGE('',*,*,#6701,.T.);
#9153=ORIENTED_EDGE('',*,*,#6702,.T.);
#9154=ORIENTED_EDGE('',*,*,#6703,.T.);
#9155=ORIENTED_EDGE('',*,*,#6704,.T.);
#9156=ORIENTED_EDGE('',*,*,#6705,.T.);
#9157=ORIENTED_EDGE('',*,*,#6706,.T.);
#9158=ORIENTED_EDGE('',*,*,#6707,.T.);
#9159=ORIENTED_EDGE('',*,*,#6708,.T.);
#9160=ORIENTED_EDGE('',*,*,#6709,.T.);
#9161=ORIENTED_EDGE('',*,*,#6710,.T.);
#9162=ORIENTED_EDGE('',*,*,#6711,.T.);
#9163=ORIENTED_EDGE('',*,*,#6712,.T.);
#9164=ORIENTED_EDGE('',*,*,#6713,.T.);
#9165=ORIENTED_EDGE('',*,*,#6714,.T.);
#9166=ORIENTED_EDGE('',*,*,#6715,.T.);
#9167=ORIENTED_EDGE('',*,*,#6716,.T.);
#9168=ORIENTED_EDGE('',*,*,#6717,.T.);
#9169=ORIENTED_EDGE('',*,*,#6718,.T.);
#9170=ORIENTED_EDGE('',*,*,#6719,.T.);
#9171=ORIENTED_EDGE('',*,*,#6720,.T.);
#9172=ORIENTED_EDGE('',*,*,#6721,.T.);
#9173=ORIENTED_EDGE('',*,*,#6722,.T.);
#9174=ORIENTED_EDGE('',*,*,#6723,.T.);
#9175=ORIENTED_EDGE('',*,*,#6724,.T.);
#9176=ORIENTED_EDGE('',*,*,#6725,.T.);
#9177=ORIENTED_EDGE('',*,*,#6726,.T.);
#9178=ORIENTED_EDGE('',*,*,#6727,.T.);
#9179=ORIENTED_EDGE('',*,*,#6728,.T.);
#9180=ORIENTED_EDGE('',*,*,#6729,.T.);
#9181=ORIENTED_EDGE('',*,*,#6730,.T.);
#9182=ORIENTED_EDGE('',*,*,#6731,.T.);
#9183=ORIENTED_EDGE('',*,*,#6732,.T.);
#9184=ORIENTED_EDGE('',*,*,#6733,.T.);
#9185=ORIENTED_EDGE('',*,*,#6734,.T.);
#9186=ORIENTED_EDGE('',*,*,#6735,.T.);
#9187=ORIENTED_EDGE('',*,*,#6736,.T.);
#9188=ORIENTED_EDGE('',*,*,#6737,.T.);
#9189=ORIENTED_EDGE('',*,*,#6738,.T.);
#9190=ORIENTED_EDGE('',*,*,#6739,.T.);
#9191=ORIENTED_EDGE('',*,*,#6740,.T.);
#9192=ORIENTED_EDGE('',*,*,#6741,.T.);
#9193=ORIENTED_EDGE('',*,*,#6742,.T.);
#9194=ORIENTED_EDGE('',*,*,#6743,.T.);
#9195=ORIENTED_EDGE('',*,*,#6744,.T.);
#9196=ORIENTED_EDGE('',*,*,#6745,.T.);
#9197=ORIENTED_EDGE('',*,*,#6746,.T.);
#9198=ORIENTED_EDGE('',*,*,#6747,.T.);
#9199=ORIENTED_EDGE('',*,*,#6748,.T.);
#9200=ORIENTED_EDGE('',*,*,#6749,.T.);
#9201=ORIENTED_EDGE('',*,*,#6750,.T.);
#9202=ORIENTED_EDGE('',*,*,#6751,.T.);
#9203=ORIENTED_EDGE('',*,*,#6752,.T.);
#9204=ORIENTED_EDGE('',*,*,#6753,.T.);
#9205=ORIENTED_EDGE('',*,*,#6754,.T.);
#9206=ORIENTED_EDGE('',*,*,#6755,.T.);
#9207=ORIENTED_EDGE('',*,*,#6756,.T.);
#9208=ORIENTED_EDGE('',*,*,#6757,.T.);
#9209=ORIENTED_EDGE('',*,*,#6758,.T.);
#9210=ORIENTED_EDGE('',*,*,#6759,.T.);
#9211=ORIENTED_EDGE('',*,*,#6615,.T.);
#9212=ORIENTED_EDGE('',*,*,#6465,.F.);
#9213=ORIENTED_EDGE('',*,*,#6481,.F.);
#9214=ORIENTED_EDGE('',*,*,#6469,.T.);
#9215=ORIENTED_EDGE('',*,*,#6625,.T.);
#9216=ORIENTED_EDGE('',*,*,#6760,.F.);
#9217=ORIENTED_EDGE('',*,*,#6471,.F.);
#9218=ORIENTED_EDGE('',*,*,#6761,.T.);
#9219=ORIENTED_EDGE('',*,*,#6616,.T.);
#9220=ORIENTED_EDGE('',*,*,#6759,.F.);
#9221=ORIENTED_EDGE('',*,*,#6480,.F.);
#9222=ORIENTED_EDGE('',*,*,#6760,.T.);
#9223=ORIENTED_EDGE('',*,*,#6624,.T.);
#9224=ORIENTED_EDGE('',*,*,#6762,.F.);
#9225=ORIENTED_EDGE('',*,*,#6472,.F.);
#9226=ORIENTED_EDGE('',*,*,#6763,.T.);
#9227=ORIENTED_EDGE('',*,*,#6617,.T.);
#9228=ORIENTED_EDGE('',*,*,#6761,.F.);
#9229=ORIENTED_EDGE('',*,*,#6479,.F.);
#9230=ORIENTED_EDGE('',*,*,#6762,.T.);
#9231=ORIENTED_EDGE('',*,*,#6623,.T.);
#9232=ORIENTED_EDGE('',*,*,#6764,.F.);
#9233=ORIENTED_EDGE('',*,*,#6473,.F.);
#9234=ORIENTED_EDGE('',*,*,#6765,.T.);
#9235=ORIENTED_EDGE('',*,*,#6618,.T.);
#9236=ORIENTED_EDGE('',*,*,#6763,.F.);
#9237=ORIENTED_EDGE('',*,*,#6478,.F.);
#9238=ORIENTED_EDGE('',*,*,#6764,.T.);
#9239=ORIENTED_EDGE('',*,*,#6622,.T.);
#9240=ORIENTED_EDGE('',*,*,#6766,.F.);
#9241=ORIENTED_EDGE('',*,*,#6474,.F.);
#9242=ORIENTED_EDGE('',*,*,#6767,.T.);
#9243=ORIENTED_EDGE('',*,*,#6619,.T.);
#9244=ORIENTED_EDGE('',*,*,#6765,.F.);
#9245=ORIENTED_EDGE('',*,*,#6477,.F.);
#9246=ORIENTED_EDGE('',*,*,#6766,.T.);
#9247=ORIENTED_EDGE('',*,*,#6621,.T.);
#9248=ORIENTED_EDGE('',*,*,#6768,.F.);
#9249=ORIENTED_EDGE('',*,*,#6475,.F.);
#9250=ORIENTED_EDGE('',*,*,#6768,.T.);
#9251=ORIENTED_EDGE('',*,*,#6620,.T.);
#9252=ORIENTED_EDGE('',*,*,#6767,.F.);
#9253=ORIENTED_EDGE('',*,*,#6476,.F.);
#9254=ORIENTED_EDGE('',*,*,#6626,.F.);
#9255=ORIENTED_EDGE('',*,*,#6769,.T.);
#9256=ORIENTED_EDGE('',*,*,#6482,.T.);
#9257=ORIENTED_EDGE('',*,*,#6769,.F.);
#9258=ORIENTED_EDGE('',*,*,#6627,.F.);
#9259=ORIENTED_EDGE('',*,*,#6770,.T.);
#9260=ORIENTED_EDGE('',*,*,#6483,.T.);
#9261=ORIENTED_EDGE('',*,*,#6770,.F.);
#9262=ORIENTED_EDGE('',*,*,#6628,.F.);
#9263=ORIENTED_EDGE('',*,*,#6771,.T.);
#9264=ORIENTED_EDGE('',*,*,#6484,.T.);
#9265=ORIENTED_EDGE('',*,*,#6771,.F.);
#9266=ORIENTED_EDGE('',*,*,#6629,.F.);
#9267=ORIENTED_EDGE('',*,*,#6772,.T.);
#9268=ORIENTED_EDGE('',*,*,#6485,.T.);
#9269=ORIENTED_EDGE('',*,*,#6772,.F.);
#9270=ORIENTED_EDGE('',*,*,#6630,.F.);
#9271=ORIENTED_EDGE('',*,*,#6773,.T.);
#9272=ORIENTED_EDGE('',*,*,#6486,.T.);
#9273=ORIENTED_EDGE('',*,*,#6773,.F.);
#9274=ORIENTED_EDGE('',*,*,#6631,.F.);
#9275=ORIENTED_EDGE('',*,*,#6774,.T.);
#9276=ORIENTED_EDGE('',*,*,#6487,.T.);
#9277=ORIENTED_EDGE('',*,*,#6774,.F.);
#9278=ORIENTED_EDGE('',*,*,#6632,.F.);
#9279=ORIENTED_EDGE('',*,*,#6775,.T.);
#9280=ORIENTED_EDGE('',*,*,#6488,.T.);
#9281=ORIENTED_EDGE('',*,*,#6775,.F.);
#9282=ORIENTED_EDGE('',*,*,#6633,.F.);
#9283=ORIENTED_EDGE('',*,*,#6776,.T.);
#9284=ORIENTED_EDGE('',*,*,#6489,.T.);
#9285=ORIENTED_EDGE('',*,*,#6776,.F.);
#9286=ORIENTED_EDGE('',*,*,#6634,.F.);
#9287=ORIENTED_EDGE('',*,*,#6777,.T.);
#9288=ORIENTED_EDGE('',*,*,#6490,.T.);
#9289=ORIENTED_EDGE('',*,*,#6777,.F.);
#9290=ORIENTED_EDGE('',*,*,#6635,.F.);
#9291=ORIENTED_EDGE('',*,*,#6778,.T.);
#9292=ORIENTED_EDGE('',*,*,#6491,.T.);
#9293=ORIENTED_EDGE('',*,*,#6778,.F.);
#9294=ORIENTED_EDGE('',*,*,#6636,.F.);
#9295=ORIENTED_EDGE('',*,*,#6779,.T.);
#9296=ORIENTED_EDGE('',*,*,#6492,.T.);
#9297=ORIENTED_EDGE('',*,*,#6779,.F.);
#9298=ORIENTED_EDGE('',*,*,#6637,.F.);
#9299=ORIENTED_EDGE('',*,*,#6780,.T.);
#9300=ORIENTED_EDGE('',*,*,#6493,.T.);
#9301=ORIENTED_EDGE('',*,*,#6780,.F.);
#9302=ORIENTED_EDGE('',*,*,#6638,.F.);
#9303=ORIENTED_EDGE('',*,*,#6781,.T.);
#9304=ORIENTED_EDGE('',*,*,#6494,.T.);
#9305=ORIENTED_EDGE('',*,*,#6781,.F.);
#9306=ORIENTED_EDGE('',*,*,#6639,.F.);
#9307=ORIENTED_EDGE('',*,*,#6782,.T.);
#9308=ORIENTED_EDGE('',*,*,#6495,.T.);
#9309=ORIENTED_EDGE('',*,*,#6782,.F.);
#9310=ORIENTED_EDGE('',*,*,#6640,.F.);
#9311=ORIENTED_EDGE('',*,*,#6783,.T.);
#9312=ORIENTED_EDGE('',*,*,#6496,.T.);
#9313=ORIENTED_EDGE('',*,*,#6783,.F.);
#9314=ORIENTED_EDGE('',*,*,#6641,.F.);
#9315=ORIENTED_EDGE('',*,*,#6784,.T.);
#9316=ORIENTED_EDGE('',*,*,#6497,.T.);
#9317=ORIENTED_EDGE('',*,*,#6784,.F.);
#9318=ORIENTED_EDGE('',*,*,#6642,.F.);
#9319=ORIENTED_EDGE('',*,*,#6785,.T.);
#9320=ORIENTED_EDGE('',*,*,#6498,.T.);
#9321=ORIENTED_EDGE('',*,*,#6785,.F.);
#9322=ORIENTED_EDGE('',*,*,#6643,.F.);
#9323=ORIENTED_EDGE('',*,*,#6786,.T.);
#9324=ORIENTED_EDGE('',*,*,#6499,.T.);
#9325=ORIENTED_EDGE('',*,*,#6786,.F.);
#9326=ORIENTED_EDGE('',*,*,#6644,.F.);
#9327=ORIENTED_EDGE('',*,*,#6787,.T.);
#9328=ORIENTED_EDGE('',*,*,#6500,.T.);
#9329=ORIENTED_EDGE('',*,*,#6787,.F.);
#9330=ORIENTED_EDGE('',*,*,#6645,.F.);
#9331=ORIENTED_EDGE('',*,*,#6788,.T.);
#9332=ORIENTED_EDGE('',*,*,#6501,.T.);
#9333=ORIENTED_EDGE('',*,*,#6788,.F.);
#9334=ORIENTED_EDGE('',*,*,#6646,.F.);
#9335=ORIENTED_EDGE('',*,*,#6789,.T.);
#9336=ORIENTED_EDGE('',*,*,#6502,.T.);
#9337=ORIENTED_EDGE('',*,*,#6789,.F.);
#9338=ORIENTED_EDGE('',*,*,#6647,.F.);
#9339=ORIENTED_EDGE('',*,*,#6790,.T.);
#9340=ORIENTED_EDGE('',*,*,#6503,.T.);
#9341=ORIENTED_EDGE('',*,*,#6790,.F.);
#9342=ORIENTED_EDGE('',*,*,#6648,.F.);
#9343=ORIENTED_EDGE('',*,*,#6791,.T.);
#9344=ORIENTED_EDGE('',*,*,#6504,.T.);
#9345=ORIENTED_EDGE('',*,*,#6791,.F.);
#9346=ORIENTED_EDGE('',*,*,#6649,.F.);
#9347=ORIENTED_EDGE('',*,*,#6792,.T.);
#9348=ORIENTED_EDGE('',*,*,#6505,.T.);
#9349=ORIENTED_EDGE('',*,*,#6792,.F.);
#9350=ORIENTED_EDGE('',*,*,#6650,.F.);
#9351=ORIENTED_EDGE('',*,*,#6793,.T.);
#9352=ORIENTED_EDGE('',*,*,#6506,.T.);
#9353=ORIENTED_EDGE('',*,*,#6793,.F.);
#9354=ORIENTED_EDGE('',*,*,#6651,.F.);
#9355=ORIENTED_EDGE('',*,*,#6794,.T.);
#9356=ORIENTED_EDGE('',*,*,#6507,.T.);
#9357=ORIENTED_EDGE('',*,*,#6794,.F.);
#9358=ORIENTED_EDGE('',*,*,#6652,.F.);
#9359=ORIENTED_EDGE('',*,*,#6795,.T.);
#9360=ORIENTED_EDGE('',*,*,#6508,.T.);
#9361=ORIENTED_EDGE('',*,*,#6795,.F.);
#9362=ORIENTED_EDGE('',*,*,#6653,.F.);
#9363=ORIENTED_EDGE('',*,*,#6796,.T.);
#9364=ORIENTED_EDGE('',*,*,#6509,.T.);
#9365=ORIENTED_EDGE('',*,*,#6796,.F.);
#9366=ORIENTED_EDGE('',*,*,#6654,.F.);
#9367=ORIENTED_EDGE('',*,*,#6797,.T.);
#9368=ORIENTED_EDGE('',*,*,#6510,.T.);
#9369=ORIENTED_EDGE('',*,*,#6797,.F.);
#9370=ORIENTED_EDGE('',*,*,#6655,.F.);
#9371=ORIENTED_EDGE('',*,*,#6798,.T.);
#9372=ORIENTED_EDGE('',*,*,#6511,.T.);
#9373=ORIENTED_EDGE('',*,*,#6798,.F.);
#9374=ORIENTED_EDGE('',*,*,#6656,.F.);
#9375=ORIENTED_EDGE('',*,*,#6799,.T.);
#9376=ORIENTED_EDGE('',*,*,#6512,.T.);
#9377=ORIENTED_EDGE('',*,*,#6799,.F.);
#9378=ORIENTED_EDGE('',*,*,#6657,.F.);
#9379=ORIENTED_EDGE('',*,*,#6800,.T.);
#9380=ORIENTED_EDGE('',*,*,#6513,.T.);
#9381=ORIENTED_EDGE('',*,*,#6800,.F.);
#9382=ORIENTED_EDGE('',*,*,#6658,.F.);
#9383=ORIENTED_EDGE('',*,*,#6801,.T.);
#9384=ORIENTED_EDGE('',*,*,#6514,.T.);
#9385=ORIENTED_EDGE('',*,*,#6801,.F.);
#9386=ORIENTED_EDGE('',*,*,#6659,.F.);
#9387=ORIENTED_EDGE('',*,*,#6802,.T.);
#9388=ORIENTED_EDGE('',*,*,#6515,.T.);
#9389=ORIENTED_EDGE('',*,*,#6802,.F.);
#9390=ORIENTED_EDGE('',*,*,#6660,.F.);
#9391=ORIENTED_EDGE('',*,*,#6803,.T.);
#9392=ORIENTED_EDGE('',*,*,#6516,.T.);
#9393=ORIENTED_EDGE('',*,*,#6803,.F.);
#9394=ORIENTED_EDGE('',*,*,#6661,.F.);
#9395=ORIENTED_EDGE('',*,*,#6804,.T.);
#9396=ORIENTED_EDGE('',*,*,#6517,.T.);
#9397=ORIENTED_EDGE('',*,*,#6804,.F.);
#9398=ORIENTED_EDGE('',*,*,#6662,.F.);
#9399=ORIENTED_EDGE('',*,*,#6805,.T.);
#9400=ORIENTED_EDGE('',*,*,#6518,.T.);
#9401=ORIENTED_EDGE('',*,*,#6805,.F.);
#9402=ORIENTED_EDGE('',*,*,#6663,.F.);
#9403=ORIENTED_EDGE('',*,*,#6806,.T.);
#9404=ORIENTED_EDGE('',*,*,#6519,.T.);
#9405=ORIENTED_EDGE('',*,*,#6806,.F.);
#9406=ORIENTED_EDGE('',*,*,#6664,.F.);
#9407=ORIENTED_EDGE('',*,*,#6807,.T.);
#9408=ORIENTED_EDGE('',*,*,#6520,.T.);
#9409=ORIENTED_EDGE('',*,*,#6807,.F.);
#9410=ORIENTED_EDGE('',*,*,#6665,.F.);
#9411=ORIENTED_EDGE('',*,*,#6808,.T.);
#9412=ORIENTED_EDGE('',*,*,#6521,.T.);
#9413=ORIENTED_EDGE('',*,*,#6808,.F.);
#9414=ORIENTED_EDGE('',*,*,#6666,.F.);
#9415=ORIENTED_EDGE('',*,*,#6809,.T.);
#9416=ORIENTED_EDGE('',*,*,#6522,.T.);
#9417=ORIENTED_EDGE('',*,*,#6809,.F.);
#9418=ORIENTED_EDGE('',*,*,#6667,.F.);
#9419=ORIENTED_EDGE('',*,*,#6810,.T.);
#9420=ORIENTED_EDGE('',*,*,#6523,.T.);
#9421=ORIENTED_EDGE('',*,*,#6810,.F.);
#9422=ORIENTED_EDGE('',*,*,#6668,.F.);
#9423=ORIENTED_EDGE('',*,*,#6811,.T.);
#9424=ORIENTED_EDGE('',*,*,#6524,.T.);
#9425=ORIENTED_EDGE('',*,*,#6811,.F.);
#9426=ORIENTED_EDGE('',*,*,#6669,.F.);
#9427=ORIENTED_EDGE('',*,*,#6812,.T.);
#9428=ORIENTED_EDGE('',*,*,#6525,.T.);
#9429=ORIENTED_EDGE('',*,*,#6812,.F.);
#9430=ORIENTED_EDGE('',*,*,#6670,.F.);
#9431=ORIENTED_EDGE('',*,*,#6813,.T.);
#9432=ORIENTED_EDGE('',*,*,#6526,.T.);
#9433=ORIENTED_EDGE('',*,*,#6813,.F.);
#9434=ORIENTED_EDGE('',*,*,#6671,.F.);
#9435=ORIENTED_EDGE('',*,*,#6814,.T.);
#9436=ORIENTED_EDGE('',*,*,#6527,.T.);
#9437=ORIENTED_EDGE('',*,*,#6814,.F.);
#9438=ORIENTED_EDGE('',*,*,#6672,.F.);
#9439=ORIENTED_EDGE('',*,*,#6815,.T.);
#9440=ORIENTED_EDGE('',*,*,#6528,.T.);
#9441=ORIENTED_EDGE('',*,*,#6815,.F.);
#9442=ORIENTED_EDGE('',*,*,#6673,.F.);
#9443=ORIENTED_EDGE('',*,*,#6816,.T.);
#9444=ORIENTED_EDGE('',*,*,#6529,.T.);
#9445=ORIENTED_EDGE('',*,*,#6816,.F.);
#9446=ORIENTED_EDGE('',*,*,#6674,.F.);
#9447=ORIENTED_EDGE('',*,*,#6817,.T.);
#9448=ORIENTED_EDGE('',*,*,#6530,.T.);
#9449=ORIENTED_EDGE('',*,*,#6817,.F.);
#9450=ORIENTED_EDGE('',*,*,#6675,.F.);
#9451=ORIENTED_EDGE('',*,*,#6818,.T.);
#9452=ORIENTED_EDGE('',*,*,#6531,.T.);
#9453=ORIENTED_EDGE('',*,*,#6818,.F.);
#9454=ORIENTED_EDGE('',*,*,#6676,.F.);
#9455=ORIENTED_EDGE('',*,*,#6819,.T.);
#9456=ORIENTED_EDGE('',*,*,#6532,.T.);
#9457=ORIENTED_EDGE('',*,*,#6819,.F.);
#9458=ORIENTED_EDGE('',*,*,#6677,.F.);
#9459=ORIENTED_EDGE('',*,*,#6820,.T.);
#9460=ORIENTED_EDGE('',*,*,#6533,.T.);
#9461=ORIENTED_EDGE('',*,*,#6820,.F.);
#9462=ORIENTED_EDGE('',*,*,#6678,.F.);
#9463=ORIENTED_EDGE('',*,*,#6821,.T.);
#9464=ORIENTED_EDGE('',*,*,#6534,.T.);
#9465=ORIENTED_EDGE('',*,*,#6821,.F.);
#9466=ORIENTED_EDGE('',*,*,#6679,.F.);
#9467=ORIENTED_EDGE('',*,*,#6822,.T.);
#9468=ORIENTED_EDGE('',*,*,#6535,.T.);
#9469=ORIENTED_EDGE('',*,*,#6822,.F.);
#9470=ORIENTED_EDGE('',*,*,#6680,.F.);
#9471=ORIENTED_EDGE('',*,*,#6823,.T.);
#9472=ORIENTED_EDGE('',*,*,#6536,.T.);
#9473=ORIENTED_EDGE('',*,*,#6823,.F.);
#9474=ORIENTED_EDGE('',*,*,#6681,.F.);
#9475=ORIENTED_EDGE('',*,*,#6824,.T.);
#9476=ORIENTED_EDGE('',*,*,#6537,.T.);
#9477=ORIENTED_EDGE('',*,*,#6824,.F.);
#9478=ORIENTED_EDGE('',*,*,#6682,.F.);
#9479=ORIENTED_EDGE('',*,*,#6825,.T.);
#9480=ORIENTED_EDGE('',*,*,#6538,.T.);
#9481=ORIENTED_EDGE('',*,*,#6825,.F.);
#9482=ORIENTED_EDGE('',*,*,#6683,.F.);
#9483=ORIENTED_EDGE('',*,*,#6826,.T.);
#9484=ORIENTED_EDGE('',*,*,#6539,.T.);
#9485=ORIENTED_EDGE('',*,*,#6826,.F.);
#9486=ORIENTED_EDGE('',*,*,#6684,.F.);
#9487=ORIENTED_EDGE('',*,*,#6827,.T.);
#9488=ORIENTED_EDGE('',*,*,#6540,.T.);
#9489=ORIENTED_EDGE('',*,*,#6827,.F.);
#9490=ORIENTED_EDGE('',*,*,#6685,.F.);
#9491=ORIENTED_EDGE('',*,*,#6828,.T.);
#9492=ORIENTED_EDGE('',*,*,#6541,.T.);
#9493=ORIENTED_EDGE('',*,*,#6828,.F.);
#9494=ORIENTED_EDGE('',*,*,#6686,.F.);
#9495=ORIENTED_EDGE('',*,*,#6829,.T.);
#9496=ORIENTED_EDGE('',*,*,#6542,.T.);
#9497=ORIENTED_EDGE('',*,*,#6829,.F.);
#9498=ORIENTED_EDGE('',*,*,#6687,.F.);
#9499=ORIENTED_EDGE('',*,*,#6830,.T.);
#9500=ORIENTED_EDGE('',*,*,#6543,.T.);
#9501=ORIENTED_EDGE('',*,*,#6830,.F.);
#9502=ORIENTED_EDGE('',*,*,#6688,.F.);
#9503=ORIENTED_EDGE('',*,*,#6831,.T.);
#9504=ORIENTED_EDGE('',*,*,#6544,.T.);
#9505=ORIENTED_EDGE('',*,*,#6831,.F.);
#9506=ORIENTED_EDGE('',*,*,#6689,.F.);
#9507=ORIENTED_EDGE('',*,*,#6832,.T.);
#9508=ORIENTED_EDGE('',*,*,#6545,.T.);
#9509=ORIENTED_EDGE('',*,*,#6832,.F.);
#9510=ORIENTED_EDGE('',*,*,#6690,.F.);
#9511=ORIENTED_EDGE('',*,*,#6833,.T.);
#9512=ORIENTED_EDGE('',*,*,#6546,.T.);
#9513=ORIENTED_EDGE('',*,*,#6833,.F.);
#9514=ORIENTED_EDGE('',*,*,#6691,.F.);
#9515=ORIENTED_EDGE('',*,*,#6834,.T.);
#9516=ORIENTED_EDGE('',*,*,#6547,.T.);
#9517=ORIENTED_EDGE('',*,*,#6834,.F.);
#9518=ORIENTED_EDGE('',*,*,#6692,.F.);
#9519=ORIENTED_EDGE('',*,*,#6835,.T.);
#9520=ORIENTED_EDGE('',*,*,#6548,.T.);
#9521=ORIENTED_EDGE('',*,*,#6835,.F.);
#9522=ORIENTED_EDGE('',*,*,#6693,.F.);
#9523=ORIENTED_EDGE('',*,*,#6836,.T.);
#9524=ORIENTED_EDGE('',*,*,#6549,.T.);
#9525=ORIENTED_EDGE('',*,*,#6836,.F.);
#9526=ORIENTED_EDGE('',*,*,#6694,.F.);
#9527=ORIENTED_EDGE('',*,*,#6837,.T.);
#9528=ORIENTED_EDGE('',*,*,#6550,.T.);
#9529=ORIENTED_EDGE('',*,*,#6837,.F.);
#9530=ORIENTED_EDGE('',*,*,#6695,.F.);
#9531=ORIENTED_EDGE('',*,*,#6838,.T.);
#9532=ORIENTED_EDGE('',*,*,#6551,.T.);
#9533=ORIENTED_EDGE('',*,*,#6838,.F.);
#9534=ORIENTED_EDGE('',*,*,#6696,.F.);
#9535=ORIENTED_EDGE('',*,*,#6839,.T.);
#9536=ORIENTED_EDGE('',*,*,#6552,.T.);
#9537=ORIENTED_EDGE('',*,*,#6839,.F.);
#9538=ORIENTED_EDGE('',*,*,#6697,.F.);
#9539=ORIENTED_EDGE('',*,*,#6840,.T.);
#9540=ORIENTED_EDGE('',*,*,#6553,.T.);
#9541=ORIENTED_EDGE('',*,*,#6840,.F.);
#9542=ORIENTED_EDGE('',*,*,#6698,.F.);
#9543=ORIENTED_EDGE('',*,*,#6841,.T.);
#9544=ORIENTED_EDGE('',*,*,#6554,.T.);
#9545=ORIENTED_EDGE('',*,*,#6841,.F.);
#9546=ORIENTED_EDGE('',*,*,#6699,.F.);
#9547=ORIENTED_EDGE('',*,*,#6842,.T.);
#9548=ORIENTED_EDGE('',*,*,#6555,.T.);
#9549=ORIENTED_EDGE('',*,*,#6842,.F.);
#9550=ORIENTED_EDGE('',*,*,#6700,.F.);
#9551=ORIENTED_EDGE('',*,*,#6843,.T.);
#9552=ORIENTED_EDGE('',*,*,#6556,.T.);
#9553=ORIENTED_EDGE('',*,*,#6843,.F.);
#9554=ORIENTED_EDGE('',*,*,#6701,.F.);
#9555=ORIENTED_EDGE('',*,*,#6844,.T.);
#9556=ORIENTED_EDGE('',*,*,#6557,.T.);
#9557=ORIENTED_EDGE('',*,*,#6844,.F.);
#9558=ORIENTED_EDGE('',*,*,#6702,.F.);
#9559=ORIENTED_EDGE('',*,*,#6845,.T.);
#9560=ORIENTED_EDGE('',*,*,#6558,.T.);
#9561=ORIENTED_EDGE('',*,*,#6845,.F.);
#9562=ORIENTED_EDGE('',*,*,#6703,.F.);
#9563=ORIENTED_EDGE('',*,*,#6846,.T.);
#9564=ORIENTED_EDGE('',*,*,#6559,.T.);
#9565=ORIENTED_EDGE('',*,*,#6846,.F.);
#9566=ORIENTED_EDGE('',*,*,#6704,.F.);
#9567=ORIENTED_EDGE('',*,*,#6847,.T.);
#9568=ORIENTED_EDGE('',*,*,#6560,.T.);
#9569=ORIENTED_EDGE('',*,*,#6847,.F.);
#9570=ORIENTED_EDGE('',*,*,#6705,.F.);
#9571=ORIENTED_EDGE('',*,*,#6848,.T.);
#9572=ORIENTED_EDGE('',*,*,#6561,.T.);
#9573=ORIENTED_EDGE('',*,*,#6848,.F.);
#9574=ORIENTED_EDGE('',*,*,#6706,.F.);
#9575=ORIENTED_EDGE('',*,*,#6849,.T.);
#9576=ORIENTED_EDGE('',*,*,#6562,.T.);
#9577=ORIENTED_EDGE('',*,*,#6849,.F.);
#9578=ORIENTED_EDGE('',*,*,#6707,.F.);
#9579=ORIENTED_EDGE('',*,*,#6850,.T.);
#9580=ORIENTED_EDGE('',*,*,#6563,.T.);
#9581=ORIENTED_EDGE('',*,*,#6850,.F.);
#9582=ORIENTED_EDGE('',*,*,#6708,.F.);
#9583=ORIENTED_EDGE('',*,*,#6851,.T.);
#9584=ORIENTED_EDGE('',*,*,#6564,.T.);
#9585=ORIENTED_EDGE('',*,*,#6851,.F.);
#9586=ORIENTED_EDGE('',*,*,#6709,.F.);
#9587=ORIENTED_EDGE('',*,*,#6852,.T.);
#9588=ORIENTED_EDGE('',*,*,#6565,.T.);
#9589=ORIENTED_EDGE('',*,*,#6852,.F.);
#9590=ORIENTED_EDGE('',*,*,#6710,.F.);
#9591=ORIENTED_EDGE('',*,*,#6853,.T.);
#9592=ORIENTED_EDGE('',*,*,#6566,.T.);
#9593=ORIENTED_EDGE('',*,*,#6853,.F.);
#9594=ORIENTED_EDGE('',*,*,#6711,.F.);
#9595=ORIENTED_EDGE('',*,*,#6854,.T.);
#9596=ORIENTED_EDGE('',*,*,#6567,.T.);
#9597=ORIENTED_EDGE('',*,*,#6854,.F.);
#9598=ORIENTED_EDGE('',*,*,#6712,.F.);
#9599=ORIENTED_EDGE('',*,*,#6855,.T.);
#9600=ORIENTED_EDGE('',*,*,#6568,.T.);
#9601=ORIENTED_EDGE('',*,*,#6855,.F.);
#9602=ORIENTED_EDGE('',*,*,#6713,.F.);
#9603=ORIENTED_EDGE('',*,*,#6856,.T.);
#9604=ORIENTED_EDGE('',*,*,#6569,.T.);
#9605=ORIENTED_EDGE('',*,*,#6856,.F.);
#9606=ORIENTED_EDGE('',*,*,#6714,.F.);
#9607=ORIENTED_EDGE('',*,*,#6857,.T.);
#9608=ORIENTED_EDGE('',*,*,#6570,.T.);
#9609=ORIENTED_EDGE('',*,*,#6857,.F.);
#9610=ORIENTED_EDGE('',*,*,#6715,.F.);
#9611=ORIENTED_EDGE('',*,*,#6858,.T.);
#9612=ORIENTED_EDGE('',*,*,#6571,.T.);
#9613=ORIENTED_EDGE('',*,*,#6858,.F.);
#9614=ORIENTED_EDGE('',*,*,#6716,.F.);
#9615=ORIENTED_EDGE('',*,*,#6859,.T.);
#9616=ORIENTED_EDGE('',*,*,#6572,.T.);
#9617=ORIENTED_EDGE('',*,*,#6859,.F.);
#9618=ORIENTED_EDGE('',*,*,#6717,.F.);
#9619=ORIENTED_EDGE('',*,*,#6860,.T.);
#9620=ORIENTED_EDGE('',*,*,#6573,.T.);
#9621=ORIENTED_EDGE('',*,*,#6860,.F.);
#9622=ORIENTED_EDGE('',*,*,#6718,.F.);
#9623=ORIENTED_EDGE('',*,*,#6861,.T.);
#9624=ORIENTED_EDGE('',*,*,#6574,.T.);
#9625=ORIENTED_EDGE('',*,*,#6861,.F.);
#9626=ORIENTED_EDGE('',*,*,#6719,.F.);
#9627=ORIENTED_EDGE('',*,*,#6862,.T.);
#9628=ORIENTED_EDGE('',*,*,#6575,.T.);
#9629=ORIENTED_EDGE('',*,*,#6862,.F.);
#9630=ORIENTED_EDGE('',*,*,#6720,.F.);
#9631=ORIENTED_EDGE('',*,*,#6863,.T.);
#9632=ORIENTED_EDGE('',*,*,#6576,.T.);
#9633=ORIENTED_EDGE('',*,*,#6863,.F.);
#9634=ORIENTED_EDGE('',*,*,#6721,.F.);
#9635=ORIENTED_EDGE('',*,*,#6864,.T.);
#9636=ORIENTED_EDGE('',*,*,#6577,.T.);
#9637=ORIENTED_EDGE('',*,*,#6864,.F.);
#9638=ORIENTED_EDGE('',*,*,#6722,.F.);
#9639=ORIENTED_EDGE('',*,*,#6865,.T.);
#9640=ORIENTED_EDGE('',*,*,#6578,.T.);
#9641=ORIENTED_EDGE('',*,*,#6865,.F.);
#9642=ORIENTED_EDGE('',*,*,#6723,.F.);
#9643=ORIENTED_EDGE('',*,*,#6866,.T.);
#9644=ORIENTED_EDGE('',*,*,#6579,.T.);
#9645=ORIENTED_EDGE('',*,*,#6866,.F.);
#9646=ORIENTED_EDGE('',*,*,#6724,.F.);
#9647=ORIENTED_EDGE('',*,*,#6867,.T.);
#9648=ORIENTED_EDGE('',*,*,#6580,.T.);
#9649=ORIENTED_EDGE('',*,*,#6867,.F.);
#9650=ORIENTED_EDGE('',*,*,#6725,.F.);
#9651=ORIENTED_EDGE('',*,*,#6868,.T.);
#9652=ORIENTED_EDGE('',*,*,#6581,.T.);
#9653=ORIENTED_EDGE('',*,*,#6868,.F.);
#9654=ORIENTED_EDGE('',*,*,#6726,.F.);
#9655=ORIENTED_EDGE('',*,*,#6869,.T.);
#9656=ORIENTED_EDGE('',*,*,#6582,.T.);
#9657=ORIENTED_EDGE('',*,*,#6869,.F.);
#9658=ORIENTED_EDGE('',*,*,#6727,.F.);
#9659=ORIENTED_EDGE('',*,*,#6870,.T.);
#9660=ORIENTED_EDGE('',*,*,#6583,.T.);
#9661=ORIENTED_EDGE('',*,*,#6870,.F.);
#9662=ORIENTED_EDGE('',*,*,#6728,.F.);
#9663=ORIENTED_EDGE('',*,*,#6871,.T.);
#9664=ORIENTED_EDGE('',*,*,#6584,.T.);
#9665=ORIENTED_EDGE('',*,*,#6871,.F.);
#9666=ORIENTED_EDGE('',*,*,#6729,.F.);
#9667=ORIENTED_EDGE('',*,*,#6872,.T.);
#9668=ORIENTED_EDGE('',*,*,#6585,.T.);
#9669=ORIENTED_EDGE('',*,*,#6872,.F.);
#9670=ORIENTED_EDGE('',*,*,#6730,.F.);
#9671=ORIENTED_EDGE('',*,*,#6873,.T.);
#9672=ORIENTED_EDGE('',*,*,#6586,.T.);
#9673=ORIENTED_EDGE('',*,*,#6873,.F.);
#9674=ORIENTED_EDGE('',*,*,#6731,.F.);
#9675=ORIENTED_EDGE('',*,*,#6874,.T.);
#9676=ORIENTED_EDGE('',*,*,#6587,.T.);
#9677=ORIENTED_EDGE('',*,*,#6874,.F.);
#9678=ORIENTED_EDGE('',*,*,#6732,.F.);
#9679=ORIENTED_EDGE('',*,*,#6875,.T.);
#9680=ORIENTED_EDGE('',*,*,#6588,.T.);
#9681=ORIENTED_EDGE('',*,*,#6875,.F.);
#9682=ORIENTED_EDGE('',*,*,#6733,.F.);
#9683=ORIENTED_EDGE('',*,*,#6876,.T.);
#9684=ORIENTED_EDGE('',*,*,#6589,.T.);
#9685=ORIENTED_EDGE('',*,*,#6876,.F.);
#9686=ORIENTED_EDGE('',*,*,#6734,.F.);
#9687=ORIENTED_EDGE('',*,*,#6877,.T.);
#9688=ORIENTED_EDGE('',*,*,#6590,.T.);
#9689=ORIENTED_EDGE('',*,*,#6877,.F.);
#9690=ORIENTED_EDGE('',*,*,#6735,.F.);
#9691=ORIENTED_EDGE('',*,*,#6878,.T.);
#9692=ORIENTED_EDGE('',*,*,#6591,.T.);
#9693=ORIENTED_EDGE('',*,*,#6878,.F.);
#9694=ORIENTED_EDGE('',*,*,#6736,.F.);
#9695=ORIENTED_EDGE('',*,*,#6879,.T.);
#9696=ORIENTED_EDGE('',*,*,#6592,.T.);
#9697=ORIENTED_EDGE('',*,*,#6879,.F.);
#9698=ORIENTED_EDGE('',*,*,#6737,.F.);
#9699=ORIENTED_EDGE('',*,*,#6880,.T.);
#9700=ORIENTED_EDGE('',*,*,#6593,.T.);
#9701=ORIENTED_EDGE('',*,*,#6880,.F.);
#9702=ORIENTED_EDGE('',*,*,#6738,.F.);
#9703=ORIENTED_EDGE('',*,*,#6881,.T.);
#9704=ORIENTED_EDGE('',*,*,#6594,.T.);
#9705=ORIENTED_EDGE('',*,*,#6881,.F.);
#9706=ORIENTED_EDGE('',*,*,#6739,.F.);
#9707=ORIENTED_EDGE('',*,*,#6882,.T.);
#9708=ORIENTED_EDGE('',*,*,#6595,.T.);
#9709=ORIENTED_EDGE('',*,*,#6882,.F.);
#9710=ORIENTED_EDGE('',*,*,#6740,.F.);
#9711=ORIENTED_EDGE('',*,*,#6883,.T.);
#9712=ORIENTED_EDGE('',*,*,#6596,.T.);
#9713=ORIENTED_EDGE('',*,*,#6883,.F.);
#9714=ORIENTED_EDGE('',*,*,#6741,.F.);
#9715=ORIENTED_EDGE('',*,*,#6884,.T.);
#9716=ORIENTED_EDGE('',*,*,#6597,.T.);
#9717=ORIENTED_EDGE('',*,*,#6884,.F.);
#9718=ORIENTED_EDGE('',*,*,#6742,.F.);
#9719=ORIENTED_EDGE('',*,*,#6885,.T.);
#9720=ORIENTED_EDGE('',*,*,#6598,.T.);
#9721=ORIENTED_EDGE('',*,*,#6885,.F.);
#9722=ORIENTED_EDGE('',*,*,#6743,.F.);
#9723=ORIENTED_EDGE('',*,*,#6886,.T.);
#9724=ORIENTED_EDGE('',*,*,#6599,.T.);
#9725=ORIENTED_EDGE('',*,*,#6886,.F.);
#9726=ORIENTED_EDGE('',*,*,#6744,.F.);
#9727=ORIENTED_EDGE('',*,*,#6887,.T.);
#9728=ORIENTED_EDGE('',*,*,#6600,.T.);
#9729=ORIENTED_EDGE('',*,*,#6887,.F.);
#9730=ORIENTED_EDGE('',*,*,#6745,.F.);
#9731=ORIENTED_EDGE('',*,*,#6888,.T.);
#9732=ORIENTED_EDGE('',*,*,#6601,.T.);
#9733=ORIENTED_EDGE('',*,*,#6888,.F.);
#9734=ORIENTED_EDGE('',*,*,#6746,.F.);
#9735=ORIENTED_EDGE('',*,*,#6889,.T.);
#9736=ORIENTED_EDGE('',*,*,#6602,.T.);
#9737=ORIENTED_EDGE('',*,*,#6889,.F.);
#9738=ORIENTED_EDGE('',*,*,#6747,.F.);
#9739=ORIENTED_EDGE('',*,*,#6890,.T.);
#9740=ORIENTED_EDGE('',*,*,#6603,.T.);
#9741=ORIENTED_EDGE('',*,*,#6890,.F.);
#9742=ORIENTED_EDGE('',*,*,#6748,.F.);
#9743=ORIENTED_EDGE('',*,*,#6891,.T.);
#9744=ORIENTED_EDGE('',*,*,#6604,.T.);
#9745=ORIENTED_EDGE('',*,*,#6891,.F.);
#9746=ORIENTED_EDGE('',*,*,#6749,.F.);
#9747=ORIENTED_EDGE('',*,*,#6892,.T.);
#9748=ORIENTED_EDGE('',*,*,#6605,.T.);
#9749=ORIENTED_EDGE('',*,*,#6892,.F.);
#9750=ORIENTED_EDGE('',*,*,#6750,.F.);
#9751=ORIENTED_EDGE('',*,*,#6893,.T.);
#9752=ORIENTED_EDGE('',*,*,#6606,.T.);
#9753=ORIENTED_EDGE('',*,*,#6893,.F.);
#9754=ORIENTED_EDGE('',*,*,#6751,.F.);
#9755=ORIENTED_EDGE('',*,*,#6894,.T.);
#9756=ORIENTED_EDGE('',*,*,#6607,.T.);
#9757=ORIENTED_EDGE('',*,*,#6894,.F.);
#9758=ORIENTED_EDGE('',*,*,#6752,.F.);
#9759=ORIENTED_EDGE('',*,*,#6895,.T.);
#9760=ORIENTED_EDGE('',*,*,#6608,.T.);
#9761=ORIENTED_EDGE('',*,*,#6895,.F.);
#9762=ORIENTED_EDGE('',*,*,#6753,.F.);
#9763=ORIENTED_EDGE('',*,*,#6896,.T.);
#9764=ORIENTED_EDGE('',*,*,#6609,.T.);
#9765=ORIENTED_EDGE('',*,*,#6896,.F.);
#9766=ORIENTED_EDGE('',*,*,#6754,.F.);
#9767=ORIENTED_EDGE('',*,*,#6897,.T.);
#9768=ORIENTED_EDGE('',*,*,#6610,.T.);
#9769=ORIENTED_EDGE('',*,*,#6897,.F.);
#9770=ORIENTED_EDGE('',*,*,#6755,.F.);
#9771=ORIENTED_EDGE('',*,*,#6898,.T.);
#9772=ORIENTED_EDGE('',*,*,#6611,.T.);
#9773=ORIENTED_EDGE('',*,*,#6898,.F.);
#9774=ORIENTED_EDGE('',*,*,#6756,.F.);
#9775=ORIENTED_EDGE('',*,*,#6899,.T.);
#9776=ORIENTED_EDGE('',*,*,#6612,.T.);
#9777=ORIENTED_EDGE('',*,*,#6899,.F.);
#9778=ORIENTED_EDGE('',*,*,#6757,.F.);
#9779=ORIENTED_EDGE('',*,*,#6900,.T.);
#9780=ORIENTED_EDGE('',*,*,#6613,.T.);
#9781=ORIENTED_EDGE('',*,*,#6900,.F.);
#9782=ORIENTED_EDGE('',*,*,#6758,.F.);
#9783=ORIENTED_EDGE('',*,*,#6901,.T.);
#9784=ORIENTED_EDGE('',*,*,#6614,.T.);
#9785=ORIENTED_EDGE('',*,*,#6901,.F.);
#9786=PLANE('',#11271);
#9787=PLANE('',#11272);
#9788=PLANE('',#11273);
#9789=PLANE('',#11274);
#9790=PLANE('',#11275);
#9791=PLANE('',#11276);
#9792=PLANE('',#11277);
#9793=PLANE('',#11278);
#9794=PLANE('',#11279);
#9795=PLANE('',#11280);
#9796=PLANE('',#11281);
#9797=PLANE('',#11282);
#9798=PLANE('',#11283);
#9799=PLANE('',#11284);
#9800=PLANE('',#11285);
#9801=PLANE('',#11286);
#9802=PLANE('',#11287);
#9803=PLANE('',#11288);
#9804=PLANE('',#11289);
#9805=PLANE('',#11290);
#9806=PLANE('',#11291);
#9807=PLANE('',#11292);
#9808=PLANE('',#11293);
#9809=PLANE('',#11294);
#9810=PLANE('',#11295);
#9811=PLANE('',#11296);
#9812=PLANE('',#11297);
#9813=PLANE('',#11298);
#9814=PLANE('',#11299);
#9815=PLANE('',#11300);
#9816=PLANE('',#11301);
#9817=PLANE('',#11302);
#9818=PLANE('',#11303);
#9819=PLANE('',#11304);
#9820=PLANE('',#11305);
#9821=PLANE('',#11306);
#9822=PLANE('',#11307);
#9823=PLANE('',#11308);
#9824=PLANE('',#11309);
#9825=PLANE('',#11310);
#9826=PLANE('',#11311);
#9827=PLANE('',#11312);
#9828=PLANE('',#11313);
#9829=PLANE('',#11314);
#9830=PLANE('',#11315);
#9831=PLANE('',#11316);
#9832=PLANE('',#11317);
#9833=PLANE('',#11318);
#9834=PLANE('',#11319);
#9835=PLANE('',#11320);
#9836=PLANE('',#11321);
#9837=PLANE('',#11322);
#9838=PLANE('',#11326);
#9839=PLANE('',#11327);
#9840=PLANE('',#11328);
#9841=PLANE('',#11329);
#9842=PLANE('',#11330);
#9843=PLANE('',#11331);
#9844=PLANE('',#11332);
#9845=PLANE('',#11333);
#9846=PLANE('',#11334);
#9847=PLANE('',#11335);
#9848=PLANE('',#11336);
#9849=PLANE('',#11337);
#9850=PLANE('',#11338);
#9851=PLANE('',#11339);
#9852=PLANE('',#11340);
#9853=PLANE('',#11341);
#9854=PLANE('',#11342);
#9855=PLANE('',#11343);
#9856=PLANE('',#11344);
#9857=PLANE('',#11345);
#9858=PLANE('',#11346);
#9859=PLANE('',#11347);
#9860=PLANE('',#11348);
#9861=PLANE('',#11349);
#9862=PLANE('',#11350);
#9863=PLANE('',#11351);
#9864=PLANE('',#11352);
#9865=PLANE('',#11353);
#9866=PLANE('',#11354);
#9867=PLANE('',#11355);
#9868=PLANE('',#11356);
#9869=PLANE('',#11357);
#9870=PLANE('',#11358);
#9871=PLANE('',#11359);
#9872=PLANE('',#11360);
#9873=PLANE('',#11361);
#9874=PLANE('',#11362);
#9875=PLANE('',#11363);
#9876=PLANE('',#11364);
#9877=PLANE('',#11365);
#9878=PLANE('',#11366);
#9879=PLANE('',#11367);
#9880=PLANE('',#11368);
#9881=PLANE('',#11369);
#9882=PLANE('',#11370);
#9883=PLANE('',#11371);
#9884=PLANE('',#11372);
#9885=PLANE('',#11373);
#9886=PLANE('',#11374);
#9887=PLANE('',#11375);
#9888=PLANE('',#11376);
#9889=PLANE('',#11377);
#9890=PLANE('',#11378);
#9891=PLANE('',#11379);
#9892=PLANE('',#11380);
#9893=PLANE('',#11381);
#9894=PLANE('',#11382);
#9895=PLANE('',#11383);
#9896=PLANE('',#11384);
#9897=PLANE('',#11385);
#9898=PLANE('',#11386);
#9899=PLANE('',#11387);
#9900=PLANE('',#11388);
#9901=PLANE('',#11389);
#9902=PLANE('',#11390);
#9903=PLANE('',#11391);
#9904=PLANE('',#11392);
#9905=PLANE('',#11393);
#9906=PLANE('',#11394);
#9907=PLANE('',#11395);
#9908=PLANE('',#11396);
#9909=PLANE('',#11397);
#9910=PLANE('',#11398);
#9911=PLANE('',#11399);
#9912=PLANE('',#11400);
#9913=PLANE('',#11401);
#9914=PLANE('',#11402);
#9915=PLANE('',#11403);
#9916=PLANE('',#11404);
#9917=PLANE('',#11405);
#9918=PLANE('',#11406);
#9919=PLANE('',#11407);
#9920=PLANE('',#11408);
#9921=PLANE('',#11409);
#9922=PLANE('',#11410);
#9923=PLANE('',#11411);
#9924=PLANE('',#11412);
#9925=PLANE('',#11413);
#9926=PLANE('',#11414);
#9927=PLANE('',#11415);
#9928=PLANE('',#11416);
#9929=PLANE('',#11417);
#9930=PLANE('',#11418);
#9931=PLANE('',#11419);
#9932=PLANE('',#11420);
#9933=PLANE('',#11421);
#9934=PLANE('',#11422);
#9935=PLANE('',#11423);
#9936=PLANE('',#11424);
#9937=PLANE('',#11425);
#9938=PLANE('',#11429);
#9939=PLANE('',#11430);
#9940=PLANE('',#11431);
#9941=PLANE('',#11432);
#9942=PLANE('',#11433);
#9943=PLANE('',#11434);
#9944=PLANE('',#11435);
#9945=PLANE('',#11436);
#9946=PLANE('',#11437);
#9947=PLANE('',#11438);
#9948=PLANE('',#11439);
#9949=PLANE('',#11440);
#9950=PLANE('',#11441);
#9951=PLANE('',#11442);
#9952=PLANE('',#11443);
#9953=PLANE('',#11444);
#9954=PLANE('',#11445);
#9955=PLANE('',#11446);
#9956=PLANE('',#11447);
#9957=PLANE('',#11448);
#9958=PLANE('',#11449);
#9959=PLANE('',#11450);
#9960=PLANE('',#11451);
#9961=PLANE('',#11452);
#9962=PLANE('',#11453);
#9963=PLANE('',#11454);
#9964=PLANE('',#11455);
#9965=PLANE('',#11456);
#9966=PLANE('',#11457);
#9967=PLANE('',#11458);
#9968=PLANE('',#11459);
#9969=PLANE('',#11460);
#9970=PLANE('',#11461);
#9971=PLANE('',#11462);
#9972=PLANE('',#11463);
#9973=PLANE('',#11464);
#9974=PLANE('',#11465);
#9975=PLANE('',#11466);
#9976=PLANE('',#11467);
#9977=PLANE('',#11468);
#9978=PLANE('',#11469);
#9979=PLANE('',#11470);
#9980=PLANE('',#11471);
#9981=PLANE('',#11472);
#9982=PLANE('',#11473);
#9983=PLANE('',#11474);
#9984=PLANE('',#11475);
#9985=PLANE('',#11476);
#9986=PLANE('',#11477);
#9987=PLANE('',#11478);
#9988=PLANE('',#11479);
#9989=PLANE('',#11480);
#9990=PLANE('',#11481);
#9991=PLANE('',#11482);
#9992=PLANE('',#11483);
#9993=PLANE('',#11484);
#9994=PLANE('',#11485);
#9995=PLANE('',#11486);
#9996=PLANE('',#11487);
#9997=PLANE('',#11488);
#9998=PLANE('',#11489);
#9999=PLANE('',#11490);
#10000=PLANE('',#11491);
#10001=PLANE('',#11492);
#10002=PLANE('',#11493);
#10003=PLANE('',#11494);
#10004=PLANE('',#11495);
#10005=PLANE('',#11496);
#10006=PLANE('',#11497);
#10007=PLANE('',#11498);
#10008=PLANE('',#11499);
#10009=PLANE('',#11500);
#10010=PLANE('',#11501);
#10011=PLANE('',#11502);
#10012=PLANE('',#11503);
#10013=PLANE('',#11504);
#10014=PLANE('',#11505);
#10015=PLANE('',#11506);
#10016=PLANE('',#11507);
#10017=PLANE('',#11508);
#10018=PLANE('',#11509);
#10019=PLANE('',#11510);
#10020=PLANE('',#11511);
#10021=PLANE('',#11512);
#10022=PLANE('',#11513);
#10023=PLANE('',#11514);
#10024=PLANE('',#11515);
#10025=PLANE('',#11516);
#10026=PLANE('',#11517);
#10027=PLANE('',#11518);
#10028=PLANE('',#11519);
#10029=PLANE('',#11520);
#10030=PLANE('',#11521);
#10031=PLANE('',#11522);
#10032=PLANE('',#11523);
#10033=PLANE('',#11524);
#10034=PLANE('',#11525);
#10035=PLANE('',#11526);
#10036=PLANE('',#11527);
#10037=PLANE('',#11528);
#10038=PLANE('',#11529);
#10039=PLANE('',#11530);
#10040=PLANE('',#11531);
#10041=PLANE('',#11532);
#10042=PLANE('',#11533);
#10043=PLANE('',#11534);
#10044=PLANE('',#11535);
#10045=PLANE('',#11536);
#10046=PLANE('',#11537);
#10047=PLANE('',#11538);
#10048=PLANE('',#11539);
#10049=PLANE('',#11540);
#10050=PLANE('',#11541);
#10051=PLANE('',#11542);
#10052=PLANE('',#11543);
#10053=PLANE('',#11544);
#10054=PLANE('',#11545);
#10055=PLANE('',#11546);
#10056=PLANE('',#11547);
#10057=PLANE('',#11548);
#10058=PLANE('',#11549);
#10059=PLANE('',#11550);
#10060=PLANE('',#11551);
#10061=PLANE('',#11552);
#10062=PLANE('',#11553);
#10063=PLANE('',#11554);
#10064=PLANE('',#11555);
#10065=PLANE('',#11556);
#10066=PLANE('',#11557);
#10067=PLANE('',#11558);
#10068=PLANE('',#11559);
#10069=PLANE('',#11560);
#10070=PLANE('',#11561);
#10071=PLANE('',#11562);
#10072=PLANE('',#11563);
#10073=PLANE('',#11564);
#10074=PLANE('',#11565);
#10075=PLANE('',#11566);
#10076=PLANE('',#11567);
#10077=PLANE('',#11568);
#10078=PLANE('',#11569);
#10079=PLANE('',#11570);
#10080=PLANE('',#11571);
#10081=PLANE('',#11572);
#10082=PLANE('',#11573);
#10083=PLANE('',#11574);
#10084=PLANE('',#11575);
#10085=PLANE('',#11576);
#10086=PLANE('',#11577);
#10087=PLANE('',#11578);
#10088=PLANE('',#11579);
#10089=PLANE('',#11580);
#10090=PLANE('',#11581);
#10091=PLANE('',#11582);
#10092=PLANE('',#11583);
#10093=PLANE('',#11584);
#10094=PLANE('',#11585);
#10095=PLANE('',#11586);
#10096=PLANE('',#11587);
#10097=PLANE('',#11588);
#10098=PLANE('',#11589);
#10099=PLANE('',#11590);
#10100=PLANE('',#11591);
#10101=PLANE('',#11592);
#10102=PLANE('',#11593);
#10103=PLANE('',#11594);
#10104=PLANE('',#11595);
#10105=PLANE('',#11596);
#10106=PLANE('',#11597);
#10107=PLANE('',#11598);
#10108=PLANE('',#11599);
#10109=PLANE('',#11600);
#10110=PLANE('',#11601);
#10111=PLANE('',#11602);
#10112=PLANE('',#11603);
#10113=PLANE('',#11604);
#10114=PLANE('',#11605);
#10115=PLANE('',#11606);
#10116=PLANE('',#11607);
#10117=PLANE('',#11608);
#10118=PLANE('',#11609);
#10119=PLANE('',#11610);
#10120=PLANE('',#11611);
#10121=PLANE('',#11612);
#10122=PLANE('',#11613);
#10123=PLANE('',#11614);
#10124=PLANE('',#11615);
#10125=PLANE('',#11616);
#10126=PLANE('',#11617);
#10127=PLANE('',#11618);
#10128=PLANE('',#11619);
#10129=PLANE('',#11620);
#10130=PLANE('',#11621);
#10131=PLANE('',#11622);
#10132=PLANE('',#11623);
#10133=PLANE('',#11624);
#10134=PLANE('',#11625);
#10135=PLANE('',#11626);
#10136=PLANE('',#11627);
#10137=PLANE('',#11628);
#10138=PLANE('',#11629);
#10139=PLANE('',#11630);
#10140=PLANE('',#11631);
#10141=PLANE('',#11632);
#10142=PLANE('',#11633);
#10143=PLANE('',#11634);
#10144=PLANE('',#11635);
#10145=PLANE('',#11636);
#10146=PLANE('',#11637);
#10147=PLANE('',#11638);
#10148=PLANE('',#11639);
#10149=PLANE('',#11640);
#10150=PLANE('',#11641);
#10151=PLANE('',#11642);
#10152=PLANE('',#11643);
#10153=PLANE('',#11644);
#10154=PLANE('',#11645);
#10155=PLANE('',#11646);
#10156=PLANE('',#11647);
#10157=PLANE('',#11648);
#10158=PLANE('',#11649);
#10159=PLANE('',#11650);
#10160=PLANE('',#11651);
#10161=PLANE('',#11652);
#10162=PLANE('',#11653);
#10163=PLANE('',#11654);
#10164=PLANE('',#11655);
#10165=PLANE('',#11656);
#10166=PLANE('',#11657);
#10167=PLANE('',#11658);
#10168=PLANE('',#11659);
#10169=PLANE('',#11660);
#10170=PLANE('',#11661);
#10171=PLANE('',#11662);
#10172=PLANE('',#11663);
#10173=PLANE('',#11664);
#10174=PLANE('',#11665);
#10175=PLANE('',#11666);
#10176=PLANE('',#11667);
#10177=PLANE('',#11668);
#10178=PLANE('',#11669);
#10179=PLANE('',#11670);
#10180=PLANE('',#11671);
#10181=PLANE('',#11672);
#10182=PLANE('',#11682);
#10183=PLANE('',#11683);
#10184=PLANE('',#11690);
#10185=PLANE('',#11695);
#10186=PLANE('',#11696);
#10187=PLANE('',#11701);
#10188=PLANE('',#11728);
#10189=PLANE('',#11729);
#10190=PLANE('',#11730);
#10191=PLANE('',#11733);
#10192=PLANE('',#11734);
#10193=PLANE('',#11735);
#10194=PLANE('',#11736);
#10195=PLANE('',#11870);
#10196=PLANE('',#12004);
#10197=PLANE('',#12005);
#10198=PLANE('',#12006);
#10199=PLANE('',#12007);
#10200=PLANE('',#12008);
#10201=PLANE('',#12009);
#10202=PLANE('',#12010);
#10203=PLANE('',#12011);
#10204=PLANE('',#12012);
#10205=PLANE('',#12013);
#10206=PLANE('',#12014);
#10207=STYLED_ITEM('',(#18157),#10635);
#10208=STYLED_ITEM('',(#18157),#10636);
#10209=STYLED_ITEM('',(#18157),#10637);
#10210=STYLED_ITEM('',(#18157),#10638);
#10211=STYLED_ITEM('',(#18157),#10639);
#10212=STYLED_ITEM('',(#18157),#10640);
#10213=STYLED_ITEM('',(#18157),#10641);
#10214=STYLED_ITEM('',(#18157),#10642);
#10215=STYLED_ITEM('',(#18157),#10643);
#10216=STYLED_ITEM('',(#18157),#10644);
#10217=STYLED_ITEM('',(#18157),#10645);
#10218=STYLED_ITEM('',(#18157),#10646);
#10219=STYLED_ITEM('',(#18157),#10647);
#10220=STYLED_ITEM('',(#18157),#10648);
#10221=STYLED_ITEM('',(#18157),#10649);
#10222=STYLED_ITEM('',(#18157),#10650);
#10223=STYLED_ITEM('',(#18158),#10651);
#10224=STYLED_ITEM('',(#18158),#10652);
#10225=STYLED_ITEM('',(#18158),#10653);
#10226=STYLED_ITEM('',(#18158),#10654);
#10227=STYLED_ITEM('',(#18158),#10655);
#10228=STYLED_ITEM('',(#18158),#10656);
#10229=STYLED_ITEM('',(#18158),#10657);
#10230=STYLED_ITEM('',(#18158),#10658);
#10231=STYLED_ITEM('',(#18158),#10659);
#10232=STYLED_ITEM('',(#18158),#10660);
#10233=STYLED_ITEM('',(#18158),#10661);
#10234=STYLED_ITEM('',(#18158),#10662);
#10235=STYLED_ITEM('',(#18158),#10663);
#10236=STYLED_ITEM('',(#18158),#10664);
#10237=STYLED_ITEM('',(#18158),#10665);
#10238=STYLED_ITEM('',(#18158),#10666);
#10239=STYLED_ITEM('',(#18158),#10667);
#10240=STYLED_ITEM('',(#18158),#10668);
#10241=STYLED_ITEM('',(#18158),#10669);
#10242=STYLED_ITEM('',(#18158),#10670);
#10243=STYLED_ITEM('',(#18158),#10671);
#10244=STYLED_ITEM('',(#18158),#10672);
#10245=STYLED_ITEM('',(#18158),#10673);
#10246=STYLED_ITEM('',(#18158),#10674);
#10247=STYLED_ITEM('',(#18158),#10675);
#10248=STYLED_ITEM('',(#18158),#10676);
#10249=STYLED_ITEM('',(#18158),#10677);
#10250=STYLED_ITEM('',(#18158),#10678);
#10251=STYLED_ITEM('',(#18158),#10679);
#10252=STYLED_ITEM('',(#18158),#10680);
#10253=STYLED_ITEM('',(#18158),#10681);
#10254=STYLED_ITEM('',(#18158),#10682);
#10255=STYLED_ITEM('',(#18158),#10683);
#10256=STYLED_ITEM('',(#18158),#10684);
#10257=STYLED_ITEM('',(#18158),#10685);
#10258=STYLED_ITEM('',(#18158),#10686);
#10259=STYLED_ITEM('',(#18156),#506);
#10260=STYLED_ITEM('',(#18157),#10687);
#10261=STYLED_ITEM('',(#18157),#10688);
#10262=STYLED_ITEM('',(#18157),#10689);
#10263=STYLED_ITEM('',(#18157),#10690);
#10264=STYLED_ITEM('',(#18157),#10691);
#10265=STYLED_ITEM('',(#18157),#10692);
#10266=STYLED_ITEM('',(#18157),#10693);
#10267=STYLED_ITEM('',(#18157),#10694);
#10268=STYLED_ITEM('',(#18157),#10695);
#10269=STYLED_ITEM('',(#18157),#10696);
#10270=STYLED_ITEM('',(#18157),#10697);
#10271=STYLED_ITEM('',(#18157),#10698);
#10272=STYLED_ITEM('',(#18157),#10699);
#10273=STYLED_ITEM('',(#18157),#10700);
#10274=STYLED_ITEM('',(#18157),#10701);
#10275=STYLED_ITEM('',(#18157),#10702);
#10276=STYLED_ITEM('',(#18157),#10703);
#10277=STYLED_ITEM('',(#18157),#10704);
#10278=STYLED_ITEM('',(#18157),#10705);
#10279=STYLED_ITEM('',(#18157),#10706);
#10280=STYLED_ITEM('',(#18157),#10707);
#10281=STYLED_ITEM('',(#18157),#10708);
#10282=STYLED_ITEM('',(#18157),#10709);
#10283=STYLED_ITEM('',(#18157),#10710);
#10284=STYLED_ITEM('',(#18157),#10711);
#10285=STYLED_ITEM('',(#18157),#10712);
#10286=STYLED_ITEM('',(#18157),#10713);
#10287=STYLED_ITEM('',(#18157),#10714);
#10288=STYLED_ITEM('',(#18158),#10715);
#10289=STYLED_ITEM('',(#18158),#10716);
#10290=STYLED_ITEM('',(#18158),#10717);
#10291=STYLED_ITEM('',(#18158),#10718);
#10292=STYLED_ITEM('',(#18158),#10719);
#10293=STYLED_ITEM('',(#18158),#10720);
#10294=STYLED_ITEM('',(#18158),#10721);
#10295=STYLED_ITEM('',(#18158),#10722);
#10296=STYLED_ITEM('',(#18158),#10723);
#10297=STYLED_ITEM('',(#18158),#10724);
#10298=STYLED_ITEM('',(#18158),#10725);
#10299=STYLED_ITEM('',(#18158),#10726);
#10300=STYLED_ITEM('',(#18158),#10727);
#10301=STYLED_ITEM('',(#18158),#10728);
#10302=STYLED_ITEM('',(#18158),#10729);
#10303=STYLED_ITEM('',(#18158),#10730);
#10304=STYLED_ITEM('',(#18158),#10731);
#10305=STYLED_ITEM('',(#18158),#10732);
#10306=STYLED_ITEM('',(#18158),#10733);
#10307=STYLED_ITEM('',(#18158),#10734);
#10308=STYLED_ITEM('',(#18158),#10735);
#10309=STYLED_ITEM('',(#18158),#10736);
#10310=STYLED_ITEM('',(#18158),#10737);
#10311=STYLED_ITEM('',(#18158),#10738);
#10312=STYLED_ITEM('',(#18158),#10739);
#10313=STYLED_ITEM('',(#18158),#10740);
#10314=STYLED_ITEM('',(#18158),#10741);
#10315=STYLED_ITEM('',(#18158),#10742);
#10316=STYLED_ITEM('',(#18158),#10743);
#10317=STYLED_ITEM('',(#18158),#10744);
#10318=STYLED_ITEM('',(#18158),#10745);
#10319=STYLED_ITEM('',(#18158),#10746);
#10320=STYLED_ITEM('',(#18158),#10747);
#10321=STYLED_ITEM('',(#18158),#10748);
#10322=STYLED_ITEM('',(#18158),#10749);
#10323=STYLED_ITEM('',(#18158),#10750);
#10324=STYLED_ITEM('',(#18158),#10751);
#10325=STYLED_ITEM('',(#18158),#10752);
#10326=STYLED_ITEM('',(#18158),#10753);
#10327=STYLED_ITEM('',(#18158),#10754);
#10328=STYLED_ITEM('',(#18158),#10755);
#10329=STYLED_ITEM('',(#18158),#10756);
#10330=STYLED_ITEM('',(#18158),#10757);
#10331=STYLED_ITEM('',(#18158),#10758);
#10332=STYLED_ITEM('',(#18158),#10759);
#10333=STYLED_ITEM('',(#18158),#10760);
#10334=STYLED_ITEM('',(#18158),#10761);
#10335=STYLED_ITEM('',(#18158),#10762);
#10336=STYLED_ITEM('',(#18158),#10763);
#10337=STYLED_ITEM('',(#18158),#10764);
#10338=STYLED_ITEM('',(#18158),#10765);
#10339=STYLED_ITEM('',(#18158),#10766);
#10340=STYLED_ITEM('',(#18158),#10767);
#10341=STYLED_ITEM('',(#18158),#10768);
#10342=STYLED_ITEM('',(#18158),#10769);
#10343=STYLED_ITEM('',(#18158),#10770);
#10344=STYLED_ITEM('',(#18158),#10771);
#10345=STYLED_ITEM('',(#18158),#10772);
#10346=STYLED_ITEM('',(#18158),#10773);
#10347=STYLED_ITEM('',(#18158),#10774);
#10348=STYLED_ITEM('',(#18158),#10775);
#10349=STYLED_ITEM('',(#18158),#10776);
#10350=STYLED_ITEM('',(#18158),#10777);
#10351=STYLED_ITEM('',(#18158),#10778);
#10352=STYLED_ITEM('',(#18158),#10779);
#10353=STYLED_ITEM('',(#18158),#10780);
#10354=STYLED_ITEM('',(#18158),#10781);
#10355=STYLED_ITEM('',(#18158),#10782);
#10356=STYLED_ITEM('',(#18158),#10783);
#10357=STYLED_ITEM('',(#18158),#10784);
#10358=STYLED_ITEM('',(#18158),#10785);
#10359=STYLED_ITEM('',(#18158),#10786);
#10360=STYLED_ITEM('',(#18156),#507);
#10361=STYLED_ITEM('',(#18157),#10787);
#10362=STYLED_ITEM('',(#18157),#10788);
#10363=STYLED_ITEM('',(#18157),#10789);
#10364=STYLED_ITEM('',(#18157),#10790);
#10365=STYLED_ITEM('',(#18157),#10791);
#10366=STYLED_ITEM('',(#18157),#10792);
#10367=STYLED_ITEM('',(#18157),#10793);
#10368=STYLED_ITEM('',(#18157),#10794);
#10369=STYLED_ITEM('',(#18157),#10795);
#10370=STYLED_ITEM('',(#18157),#10796);
#10371=STYLED_ITEM('',(#18157),#10797);
#10372=STYLED_ITEM('',(#18157),#10798);
#10373=STYLED_ITEM('',(#18157),#10799);
#10374=STYLED_ITEM('',(#18157),#10800);
#10375=STYLED_ITEM('',(#18157),#10801);
#10376=STYLED_ITEM('',(#18157),#10802);
#10377=STYLED_ITEM('',(#18157),#10803);
#10378=STYLED_ITEM('',(#18157),#10804);
#10379=STYLED_ITEM('',(#18157),#10805);
#10380=STYLED_ITEM('',(#18157),#10806);
#10381=STYLED_ITEM('',(#18157),#10807);
#10382=STYLED_ITEM('',(#18157),#10808);
#10383=STYLED_ITEM('',(#18157),#10809);
#10384=STYLED_ITEM('',(#18157),#10810);
#10385=STYLED_ITEM('',(#18157),#10811);
#10386=STYLED_ITEM('',(#18157),#10812);
#10387=STYLED_ITEM('',(#18157),#10813);
#10388=STYLED_ITEM('',(#18157),#10814);
#10389=STYLED_ITEM('',(#18157),#10815);
#10390=STYLED_ITEM('',(#18157),#10816);
#10391=STYLED_ITEM('',(#18157),#10817);
#10392=STYLED_ITEM('',(#18157),#10818);
#10393=STYLED_ITEM('',(#18157),#10819);
#10394=STYLED_ITEM('',(#18157),#10820);
#10395=STYLED_ITEM('',(#18157),#10821);
#10396=STYLED_ITEM('',(#18157),#10822);
#10397=STYLED_ITEM('',(#18157),#10823);
#10398=STYLED_ITEM('',(#18157),#10824);
#10399=STYLED_ITEM('',(#18157),#10825);
#10400=STYLED_ITEM('',(#18157),#10826);
#10401=STYLED_ITEM('',(#18157),#10827);
#10402=STYLED_ITEM('',(#18157),#10828);
#10403=STYLED_ITEM('',(#18157),#10829);
#10404=STYLED_ITEM('',(#18157),#10830);
#10405=STYLED_ITEM('',(#18157),#10831);
#10406=STYLED_ITEM('',(#18157),#10832);
#10407=STYLED_ITEM('',(#18157),#10833);
#10408=STYLED_ITEM('',(#18157),#10834);
#10409=STYLED_ITEM('',(#18157),#10835);
#10410=STYLED_ITEM('',(#18157),#10836);
#10411=STYLED_ITEM('',(#18157),#10837);
#10412=STYLED_ITEM('',(#18157),#10838);
#10413=STYLED_ITEM('',(#18157),#10839);
#10414=STYLED_ITEM('',(#18157),#10840);
#10415=STYLED_ITEM('',(#18157),#10841);
#10416=STYLED_ITEM('',(#18157),#10842);
#10417=STYLED_ITEM('',(#18157),#10843);
#10418=STYLED_ITEM('',(#18157),#10844);
#10419=STYLED_ITEM('',(#18157),#10845);
#10420=STYLED_ITEM('',(#18157),#10846);
#10421=STYLED_ITEM('',(#18157),#10847);
#10422=STYLED_ITEM('',(#18157),#10848);
#10423=STYLED_ITEM('',(#18157),#10849);
#10424=STYLED_ITEM('',(#18157),#10850);
#10425=STYLED_ITEM('',(#18158),#10851);
#10426=STYLED_ITEM('',(#18158),#10852);
#10427=STYLED_ITEM('',(#18158),#10853);
#10428=STYLED_ITEM('',(#18158),#10854);
#10429=STYLED_ITEM('',(#18158),#10855);
#10430=STYLED_ITEM('',(#18158),#10856);
#10431=STYLED_ITEM('',(#18158),#10857);
#10432=STYLED_ITEM('',(#18158),#10858);
#10433=STYLED_ITEM('',(#18158),#10859);
#10434=STYLED_ITEM('',(#18158),#10860);
#10435=STYLED_ITEM('',(#18158),#10861);
#10436=STYLED_ITEM('',(#18158),#10862);
#10437=STYLED_ITEM('',(#18158),#10863);
#10438=STYLED_ITEM('',(#18158),#10864);
#10439=STYLED_ITEM('',(#18158),#10865);
#10440=STYLED_ITEM('',(#18158),#10866);
#10441=STYLED_ITEM('',(#18158),#10867);
#10442=STYLED_ITEM('',(#18158),#10868);
#10443=STYLED_ITEM('',(#18158),#10869);
#10444=STYLED_ITEM('',(#18158),#10870);
#10445=STYLED_ITEM('',(#18158),#10871);
#10446=STYLED_ITEM('',(#18158),#10872);
#10447=STYLED_ITEM('',(#18158),#10873);
#10448=STYLED_ITEM('',(#18158),#10874);
#10449=STYLED_ITEM('',(#18158),#10875);
#10450=STYLED_ITEM('',(#18158),#10876);
#10451=STYLED_ITEM('',(#18158),#10877);
#10452=STYLED_ITEM('',(#18158),#10878);
#10453=STYLED_ITEM('',(#18158),#10879);
#10454=STYLED_ITEM('',(#18158),#10880);
#10455=STYLED_ITEM('',(#18158),#10881);
#10456=STYLED_ITEM('',(#18158),#10882);
#10457=STYLED_ITEM('',(#18158),#10883);
#10458=STYLED_ITEM('',(#18158),#10884);
#10459=STYLED_ITEM('',(#18158),#10885);
#10460=STYLED_ITEM('',(#18158),#10886);
#10461=STYLED_ITEM('',(#18158),#10887);
#10462=STYLED_ITEM('',(#18158),#10888);
#10463=STYLED_ITEM('',(#18158),#10889);
#10464=STYLED_ITEM('',(#18158),#10890);
#10465=STYLED_ITEM('',(#18158),#10891);
#10466=STYLED_ITEM('',(#18158),#10892);
#10467=STYLED_ITEM('',(#18158),#10893);
#10468=STYLED_ITEM('',(#18158),#10894);
#10469=STYLED_ITEM('',(#18158),#10895);
#10470=STYLED_ITEM('',(#18158),#10896);
#10471=STYLED_ITEM('',(#18158),#10897);
#10472=STYLED_ITEM('',(#18158),#10898);
#10473=STYLED_ITEM('',(#18158),#10899);
#10474=STYLED_ITEM('',(#18158),#10900);
#10475=STYLED_ITEM('',(#18158),#10901);
#10476=STYLED_ITEM('',(#18158),#10902);
#10477=STYLED_ITEM('',(#18158),#10903);
#10478=STYLED_ITEM('',(#18158),#10904);
#10479=STYLED_ITEM('',(#18158),#10905);
#10480=STYLED_ITEM('',(#18158),#10906);
#10481=STYLED_ITEM('',(#18158),#10907);
#10482=STYLED_ITEM('',(#18158),#10908);
#10483=STYLED_ITEM('',(#18158),#10909);
#10484=STYLED_ITEM('',(#18158),#10910);
#10485=STYLED_ITEM('',(#18158),#10911);
#10486=STYLED_ITEM('',(#18158),#10912);
#10487=STYLED_ITEM('',(#18158),#10913);
#10488=STYLED_ITEM('',(#18158),#10914);
#10489=STYLED_ITEM('',(#18158),#10915);
#10490=STYLED_ITEM('',(#18158),#10916);
#10491=STYLED_ITEM('',(#18158),#10917);
#10492=STYLED_ITEM('',(#18158),#10918);
#10493=STYLED_ITEM('',(#18158),#10919);
#10494=STYLED_ITEM('',(#18158),#10920);
#10495=STYLED_ITEM('',(#18158),#10921);
#10496=STYLED_ITEM('',(#18158),#10922);
#10497=STYLED_ITEM('',(#18158),#10923);
#10498=STYLED_ITEM('',(#18158),#10924);
#10499=STYLED_ITEM('',(#18158),#10925);
#10500=STYLED_ITEM('',(#18158),#10926);
#10501=STYLED_ITEM('',(#18158),#10927);
#10502=STYLED_ITEM('',(#18158),#10928);
#10503=STYLED_ITEM('',(#18158),#10929);
#10504=STYLED_ITEM('',(#18158),#10930);
#10505=STYLED_ITEM('',(#18158),#10931);
#10506=STYLED_ITEM('',(#18158),#10932);
#10507=STYLED_ITEM('',(#18158),#10933);
#10508=STYLED_ITEM('',(#18158),#10934);
#10509=STYLED_ITEM('',(#18158),#10935);
#10510=STYLED_ITEM('',(#18158),#10936);
#10511=STYLED_ITEM('',(#18158),#10937);
#10512=STYLED_ITEM('',(#18158),#10938);
#10513=STYLED_ITEM('',(#18158),#10939);
#10514=STYLED_ITEM('',(#18158),#10940);
#10515=STYLED_ITEM('',(#18158),#10941);
#10516=STYLED_ITEM('',(#18158),#10942);
#10517=STYLED_ITEM('',(#18158),#10943);
#10518=STYLED_ITEM('',(#18158),#10944);
#10519=STYLED_ITEM('',(#18158),#10945);
#10520=STYLED_ITEM('',(#18158),#10946);
#10521=STYLED_ITEM('',(#18158),#10947);
#10522=STYLED_ITEM('',(#18158),#10948);
#10523=STYLED_ITEM('',(#18158),#10949);
#10524=STYLED_ITEM('',(#18158),#10950);
#10525=STYLED_ITEM('',(#18158),#10951);
#10526=STYLED_ITEM('',(#18158),#10952);
#10527=STYLED_ITEM('',(#18158),#10953);
#10528=STYLED_ITEM('',(#18158),#10954);
#10529=STYLED_ITEM('',(#18158),#10955);
#10530=STYLED_ITEM('',(#18158),#10956);
#10531=STYLED_ITEM('',(#18158),#10957);
#10532=STYLED_ITEM('',(#18158),#10958);
#10533=STYLED_ITEM('',(#18158),#10959);
#10534=STYLED_ITEM('',(#18158),#10960);
#10535=STYLED_ITEM('',(#18158),#10961);
#10536=STYLED_ITEM('',(#18158),#10962);
#10537=STYLED_ITEM('',(#18158),#10963);
#10538=STYLED_ITEM('',(#18158),#10964);
#10539=STYLED_ITEM('',(#18158),#10965);
#10540=STYLED_ITEM('',(#18158),#10966);
#10541=STYLED_ITEM('',(#18158),#10967);
#10542=STYLED_ITEM('',(#18158),#10968);
#10543=STYLED_ITEM('',(#18158),#10969);
#10544=STYLED_ITEM('',(#18158),#10970);
#10545=STYLED_ITEM('',(#18158),#10971);
#10546=STYLED_ITEM('',(#18158),#10972);
#10547=STYLED_ITEM('',(#18158),#10973);
#10548=STYLED_ITEM('',(#18158),#10974);
#10549=STYLED_ITEM('',(#18158),#10975);
#10550=STYLED_ITEM('',(#18158),#10976);
#10551=STYLED_ITEM('',(#18158),#10977);
#10552=STYLED_ITEM('',(#18158),#10978);
#10553=STYLED_ITEM('',(#18158),#10979);
#10554=STYLED_ITEM('',(#18158),#10980);
#10555=STYLED_ITEM('',(#18158),#10981);
#10556=STYLED_ITEM('',(#18158),#10982);
#10557=STYLED_ITEM('',(#18158),#10983);
#10558=STYLED_ITEM('',(#18158),#10984);
#10559=STYLED_ITEM('',(#18158),#10985);
#10560=STYLED_ITEM('',(#18158),#10986);
#10561=STYLED_ITEM('',(#18158),#10987);
#10562=STYLED_ITEM('',(#18158),#10988);
#10563=STYLED_ITEM('',(#18158),#10989);
#10564=STYLED_ITEM('',(#18158),#10990);
#10565=STYLED_ITEM('',(#18158),#10991);
#10566=STYLED_ITEM('',(#18158),#10992);
#10567=STYLED_ITEM('',(#18158),#10993);
#10568=STYLED_ITEM('',(#18158),#10994);
#10569=STYLED_ITEM('',(#18158),#10995);
#10570=STYLED_ITEM('',(#18158),#10996);
#10571=STYLED_ITEM('',(#18158),#10997);
#10572=STYLED_ITEM('',(#18158),#10998);
#10573=STYLED_ITEM('',(#18158),#10999);
#10574=STYLED_ITEM('',(#18158),#11000);
#10575=STYLED_ITEM('',(#18158),#11001);
#10576=STYLED_ITEM('',(#18158),#11002);
#10577=STYLED_ITEM('',(#18158),#11003);
#10578=STYLED_ITEM('',(#18158),#11004);
#10579=STYLED_ITEM('',(#18158),#11005);
#10580=STYLED_ITEM('',(#18158),#11006);
#10581=STYLED_ITEM('',(#18158),#11007);
#10582=STYLED_ITEM('',(#18158),#11008);
#10583=STYLED_ITEM('',(#18158),#11009);
#10584=STYLED_ITEM('',(#18158),#11010);
#10585=STYLED_ITEM('',(#18158),#11011);
#10586=STYLED_ITEM('',(#18158),#11012);
#10587=STYLED_ITEM('',(#18158),#11013);
#10588=STYLED_ITEM('',(#18158),#11014);
#10589=STYLED_ITEM('',(#18158),#11015);
#10590=STYLED_ITEM('',(#18158),#11016);
#10591=STYLED_ITEM('',(#18158),#11017);
#10592=STYLED_ITEM('',(#18158),#11018);
#10593=STYLED_ITEM('',(#18158),#11019);
#10594=STYLED_ITEM('',(#18158),#11020);
#10595=STYLED_ITEM('',(#18158),#11021);
#10596=STYLED_ITEM('',(#18158),#11022);
#10597=STYLED_ITEM('',(#18158),#11023);
#10598=STYLED_ITEM('',(#18158),#11024);
#10599=STYLED_ITEM('',(#18158),#11025);
#10600=STYLED_ITEM('',(#18158),#11026);
#10601=STYLED_ITEM('',(#18158),#11027);
#10602=STYLED_ITEM('',(#18158),#11028);
#10603=STYLED_ITEM('',(#18158),#11029);
#10604=STYLED_ITEM('',(#18158),#11030);
#10605=STYLED_ITEM('',(#18156),#508);
#10606=STYLED_ITEM('',(#18159),#11031);
#10607=STYLED_ITEM('',(#18159),#11032);
#10608=STYLED_ITEM('',(#18159),#11033);
#10609=STYLED_ITEM('',(#18157),#11034);
#10610=STYLED_ITEM('',(#18157),#11035);
#10611=STYLED_ITEM('',(#18157),#11036);
#10612=STYLED_ITEM('',(#18157),#11037);
#10613=STYLED_ITEM('',(#18157),#11038);
#10614=STYLED_ITEM('',(#18157),#11039);
#10615=STYLED_ITEM('',(#18157),#11040);
#10616=STYLED_ITEM('',(#18157),#11041);
#10617=STYLED_ITEM('',(#18157),#11042);
#10618=STYLED_ITEM('',(#18159),#11043);
#10619=STYLED_ITEM('',(#18159),#11044);
#10620=STYLED_ITEM('',(#18157),#11045);
#10621=STYLED_ITEM('',(#18157),#11046);
#10622=STYLED_ITEM('',(#18157),#11047);
#10623=STYLED_ITEM('',(#18157),#11048);
#10624=STYLED_ITEM('',(#18157),#11049);
#10625=STYLED_ITEM('',(#18157),#11050);
#10626=STYLED_ITEM('',(#18157),#11051);
#10627=STYLED_ITEM('',(#18157),#11052);
#10628=STYLED_ITEM('',(#18159),#11053);
#10629=STYLED_ITEM('',(#18159),#11054);
#10630=STYLED_ITEM('',(#18157),#11055);
#10631=STYLED_ITEM('',(#18159),#11056);
#10632=STYLED_ITEM('',(#18159),#11057);
#10633=STYLED_ITEM('',(#18156),#509);
#10634=STYLED_ITEM('',(#18160),#510);
#10635=ADVANCED_FACE('',(#812),#9786,.F.);
#10636=ADVANCED_FACE('',(#813),#9787,.F.);
#10637=ADVANCED_FACE('',(#814),#9788,.F.);
#10638=ADVANCED_FACE('',(#815,#511,#512),#9789,.F.);
#10639=ADVANCED_FACE('',(#816,#513,#514),#9790,.T.);
#10640=ADVANCED_FACE('',(#817),#9791,.F.);
#10641=ADVANCED_FACE('',(#818),#9792,.F.);
#10642=ADVANCED_FACE('',(#819),#9793,.F.);
#10643=ADVANCED_FACE('',(#820),#9794,.F.);
#10644=ADVANCED_FACE('',(#821),#9795,.F.);
#10645=ADVANCED_FACE('',(#822),#9796,.F.);
#10646=ADVANCED_FACE('',(#823),#9797,.F.);
#10647=ADVANCED_FACE('',(#824),#9798,.F.);
#10648=ADVANCED_FACE('',(#825),#9799,.F.);
#10649=ADVANCED_FACE('',(#826),#9800,.F.);
#10650=ADVANCED_FACE('',(#827),#9801,.F.);
#10651=ADVANCED_FACE('',(#828),#9802,.F.);
#10652=ADVANCED_FACE('',(#829),#9803,.T.);
#10653=ADVANCED_FACE('',(#830),#9804,.T.);
#10654=ADVANCED_FACE('',(#831),#9805,.F.);
#10655=ADVANCED_FACE('',(#832),#9806,.F.);
#10656=ADVANCED_FACE('',(#833),#9807,.T.);
#10657=ADVANCED_FACE('',(#834),#9808,.T.);
#10658=ADVANCED_FACE('',(#835),#9809,.F.);
#10659=ADVANCED_FACE('',(#836),#9810,.F.);
#10660=ADVANCED_FACE('',(#837),#9811,.T.);
#10661=ADVANCED_FACE('',(#838),#9812,.T.);
#10662=ADVANCED_FACE('',(#839),#9813,.F.);
#10663=ADVANCED_FACE('',(#840),#9814,.F.);
#10664=ADVANCED_FACE('',(#841),#9815,.T.);
#10665=ADVANCED_FACE('',(#842),#9816,.T.);
#10666=ADVANCED_FACE('',(#843),#9817,.F.);
#10667=ADVANCED_FACE('',(#844),#9818,.T.);
#10668=ADVANCED_FACE('',(#845),#9819,.F.);
#10669=ADVANCED_FACE('',(#846),#9820,.F.);
#10670=ADVANCED_FACE('',(#847),#9821,.T.);
#10671=ADVANCED_FACE('',(#848),#9822,.T.);
#10672=ADVANCED_FACE('',(#849),#9823,.F.);
#10673=ADVANCED_FACE('',(#850),#9824,.F.);
#10674=ADVANCED_FACE('',(#851),#9825,.T.);
#10675=ADVANCED_FACE('',(#852),#9826,.F.);
#10676=ADVANCED_FACE('',(#853),#9827,.T.);
#10677=ADVANCED_FACE('',(#854),#9828,.T.);
#10678=ADVANCED_FACE('',(#855),#9829,.F.);
#10679=ADVANCED_FACE('',(#856),#9830,.F.);
#10680=ADVANCED_FACE('',(#857),#9831,.T.);
#10681=ADVANCED_FACE('',(#858),#9832,.T.);
#10682=ADVANCED_FACE('',(#859),#9833,.F.);
#10683=ADVANCED_FACE('',(#860),#9834,.F.);
#10684=ADVANCED_FACE('',(#861),#9835,.F.);
#10685=ADVANCED_FACE('',(#862),#9836,.T.);
#10686=ADVANCED_FACE('',(#863),#9837,.T.);
#10687=ADVANCED_FACE('',(#864),#9838,.F.);
#10688=ADVANCED_FACE('',(#865),#9839,.F.);
#10689=ADVANCED_FACE('',(#866),#9840,.F.);
#10690=ADVANCED_FACE('',(#867,#515,#516,#517,#518),#9841,.F.);
#10691=ADVANCED_FACE('',(#868,#519,#520,#521,#522),#9842,.T.);
#10692=ADVANCED_FACE('',(#869),#9843,.F.);
#10693=ADVANCED_FACE('',(#870),#9844,.F.);
#10694=ADVANCED_FACE('',(#871),#9845,.F.);
#10695=ADVANCED_FACE('',(#872),#9846,.F.);
#10696=ADVANCED_FACE('',(#873),#9847,.F.);
#10697=ADVANCED_FACE('',(#874),#9848,.F.);
#10698=ADVANCED_FACE('',(#875),#9849,.F.);
#10699=ADVANCED_FACE('',(#876),#9850,.F.);
#10700=ADVANCED_FACE('',(#877),#9851,.F.);
#10701=ADVANCED_FACE('',(#878),#9852,.F.);
#10702=ADVANCED_FACE('',(#879),#9853,.F.);
#10703=ADVANCED_FACE('',(#880),#9854,.F.);
#10704=ADVANCED_FACE('',(#881),#9855,.F.);
#10705=ADVANCED_FACE('',(#882),#9856,.F.);
#10706=ADVANCED_FACE('',(#883),#9857,.F.);
#10707=ADVANCED_FACE('',(#884),#9858,.F.);
#10708=ADVANCED_FACE('',(#885),#9859,.F.);
#10709=ADVANCED_FACE('',(#886),#9860,.F.);
#10710=ADVANCED_FACE('',(#887),#9861,.F.);
#10711=ADVANCED_FACE('',(#888),#9862,.F.);
#10712=ADVANCED_FACE('',(#889),#9863,.F.);
#10713=ADVANCED_FACE('',(#890),#9864,.F.);
#10714=ADVANCED_FACE('',(#891),#9865,.F.);
#10715=ADVANCED_FACE('',(#892),#9866,.T.);
#10716=ADVANCED_FACE('',(#893),#9867,.F.);
#10717=ADVANCED_FACE('',(#894),#9868,.F.);
#10718=ADVANCED_FACE('',(#895),#9869,.T.);
#10719=ADVANCED_FACE('',(#896),#9870,.T.);
#10720=ADVANCED_FACE('',(#897),#9871,.T.);
#10721=ADVANCED_FACE('',(#898),#9872,.F.);
#10722=ADVANCED_FACE('',(#899),#9873,.F.);
#10723=ADVANCED_FACE('',(#900),#9874,.T.);
#10724=ADVANCED_FACE('',(#901),#9875,.T.);
#10725=ADVANCED_FACE('',(#902),#9876,.F.);
#10726=ADVANCED_FACE('',(#903),#9877,.F.);
#10727=ADVANCED_FACE('',(#904),#9878,.T.);
#10728=ADVANCED_FACE('',(#905),#9879,.F.);
#10729=ADVANCED_FACE('',(#906),#9880,.F.);
#10730=ADVANCED_FACE('',(#907),#9881,.T.);
#10731=ADVANCED_FACE('',(#908),#9882,.T.);
#10732=ADVANCED_FACE('',(#909),#9883,.F.);
#10733=ADVANCED_FACE('',(#910),#9884,.F.);
#10734=ADVANCED_FACE('',(#911),#9885,.T.);
#10735=ADVANCED_FACE('',(#912),#9886,.T.);
#10736=ADVANCED_FACE('',(#913),#9887,.T.);
#10737=ADVANCED_FACE('',(#914),#9888,.F.);
#10738=ADVANCED_FACE('',(#915),#9889,.F.);
#10739=ADVANCED_FACE('',(#916),#9890,.T.);
#10740=ADVANCED_FACE('',(#917),#9891,.T.);
#10741=ADVANCED_FACE('',(#918),#9892,.F.);
#10742=ADVANCED_FACE('',(#919),#9893,.F.);
#10743=ADVANCED_FACE('',(#920),#9894,.T.);
#10744=ADVANCED_FACE('',(#921),#9895,.F.);
#10745=ADVANCED_FACE('',(#922),#9896,.F.);
#10746=ADVANCED_FACE('',(#923),#9897,.T.);
#10747=ADVANCED_FACE('',(#924),#9898,.F.);
#10748=ADVANCED_FACE('',(#925),#9899,.T.);
#10749=ADVANCED_FACE('',(#926),#9900,.T.);
#10750=ADVANCED_FACE('',(#927),#9901,.F.);
#10751=ADVANCED_FACE('',(#928),#9902,.F.);
#10752=ADVANCED_FACE('',(#929),#9903,.F.);
#10753=ADVANCED_FACE('',(#930),#9904,.T.);
#10754=ADVANCED_FACE('',(#931),#9905,.T.);
#10755=ADVANCED_FACE('',(#932),#9906,.F.);
#10756=ADVANCED_FACE('',(#933),#9907,.F.);
#10757=ADVANCED_FACE('',(#934),#9908,.T.);
#10758=ADVANCED_FACE('',(#935),#9909,.T.);
#10759=ADVANCED_FACE('',(#936),#9910,.F.);
#10760=ADVANCED_FACE('',(#937),#9911,.T.);
#10761=ADVANCED_FACE('',(#938),#9912,.T.);
#10762=ADVANCED_FACE('',(#939),#9913,.F.);
#10763=ADVANCED_FACE('',(#940),#9914,.T.);
#10764=ADVANCED_FACE('',(#941),#9915,.F.);
#10765=ADVANCED_FACE('',(#942),#9916,.F.);
#10766=ADVANCED_FACE('',(#943),#9917,.T.);
#10767=ADVANCED_FACE('',(#944),#9918,.T.);
#10768=ADVANCED_FACE('',(#945),#9919,.T.);
#10769=ADVANCED_FACE('',(#946),#9920,.F.);
#10770=ADVANCED_FACE('',(#947),#9921,.F.);
#10771=ADVANCED_FACE('',(#948),#9922,.T.);
#10772=ADVANCED_FACE('',(#949),#9923,.T.);
#10773=ADVANCED_FACE('',(#950),#9924,.F.);
#10774=ADVANCED_FACE('',(#951),#9925,.F.);
#10775=ADVANCED_FACE('',(#952),#9926,.T.);
#10776=ADVANCED_FACE('',(#953),#9927,.F.);
#10777=ADVANCED_FACE('',(#954),#9928,.F.);
#10778=ADVANCED_FACE('',(#955),#9929,.T.);
#10779=ADVANCED_FACE('',(#956),#9930,.F.);
#10780=ADVANCED_FACE('',(#957),#9931,.F.);
#10781=ADVANCED_FACE('',(#958),#9932,.F.);
#10782=ADVANCED_FACE('',(#959),#9933,.F.);
#10783=ADVANCED_FACE('',(#960),#9934,.T.);
#10784=ADVANCED_FACE('',(#961),#9935,.T.);
#10785=ADVANCED_FACE('',(#962),#9936,.T.);
#10786=ADVANCED_FACE('',(#963),#9937,.T.);
#10787=ADVANCED_FACE('',(#964),#9938,.F.);
#10788=ADVANCED_FACE('',(#965),#9939,.F.);
#10789=ADVANCED_FACE('',(#966),#9940,.F.);
#10790=ADVANCED_FACE('',(#967,#523,#524,#525,#526,#527,#528,#529,#530,#531,
#532),#9941,.F.);
#10791=ADVANCED_FACE('',(#968,#533,#534,#535,#536,#537,#538,#539,#540,#541,
#542),#9942,.T.);
#10792=ADVANCED_FACE('',(#969),#9943,.F.);
#10793=ADVANCED_FACE('',(#970),#9944,.F.);
#10794=ADVANCED_FACE('',(#971),#9945,.F.);
#10795=ADVANCED_FACE('',(#972),#9946,.F.);
#10796=ADVANCED_FACE('',(#973),#9947,.F.);
#10797=ADVANCED_FACE('',(#974),#9948,.F.);
#10798=ADVANCED_FACE('',(#975),#9949,.F.);
#10799=ADVANCED_FACE('',(#976),#9950,.F.);
#10800=ADVANCED_FACE('',(#977),#9951,.F.);
#10801=ADVANCED_FACE('',(#978),#9952,.F.);
#10802=ADVANCED_FACE('',(#979),#9953,.F.);
#10803=ADVANCED_FACE('',(#980),#9954,.F.);
#10804=ADVANCED_FACE('',(#981),#9955,.F.);
#10805=ADVANCED_FACE('',(#982),#9956,.F.);
#10806=ADVANCED_FACE('',(#983),#9957,.F.);
#10807=ADVANCED_FACE('',(#984),#9958,.F.);
#10808=ADVANCED_FACE('',(#985),#9959,.F.);
#10809=ADVANCED_FACE('',(#986),#9960,.F.);
#10810=ADVANCED_FACE('',(#987),#9961,.F.);
#10811=ADVANCED_FACE('',(#988),#9962,.F.);
#10812=ADVANCED_FACE('',(#989),#9963,.F.);
#10813=ADVANCED_FACE('',(#990),#9964,.F.);
#10814=ADVANCED_FACE('',(#991),#9965,.F.);
#10815=ADVANCED_FACE('',(#992),#9966,.F.);
#10816=ADVANCED_FACE('',(#993),#9967,.F.);
#10817=ADVANCED_FACE('',(#994),#9968,.F.);
#10818=ADVANCED_FACE('',(#995),#9969,.F.);
#10819=ADVANCED_FACE('',(#996),#9970,.F.);
#10820=ADVANCED_FACE('',(#997),#9971,.F.);
#10821=ADVANCED_FACE('',(#998),#9972,.F.);
#10822=ADVANCED_FACE('',(#999),#9973,.F.);
#10823=ADVANCED_FACE('',(#1000),#9974,.F.);
#10824=ADVANCED_FACE('',(#1001),#9975,.F.);
#10825=ADVANCED_FACE('',(#1002),#9976,.F.);
#10826=ADVANCED_FACE('',(#1003),#9977,.F.);
#10827=ADVANCED_FACE('',(#1004),#9978,.F.);
#10828=ADVANCED_FACE('',(#1005),#9979,.F.);
#10829=ADVANCED_FACE('',(#1006),#9980,.F.);
#10830=ADVANCED_FACE('',(#1007),#9981,.F.);
#10831=ADVANCED_FACE('',(#1008),#9982,.F.);
#10832=ADVANCED_FACE('',(#1009),#9983,.F.);
#10833=ADVANCED_FACE('',(#1010),#9984,.F.);
#10834=ADVANCED_FACE('',(#1011),#9985,.F.);
#10835=ADVANCED_FACE('',(#1012),#9986,.F.);
#10836=ADVANCED_FACE('',(#1013),#9987,.F.);
#10837=ADVANCED_FACE('',(#1014),#9988,.F.);
#10838=ADVANCED_FACE('',(#1015),#9989,.F.);
#10839=ADVANCED_FACE('',(#1016),#9990,.F.);
#10840=ADVANCED_FACE('',(#1017),#9991,.F.);
#10841=ADVANCED_FACE('',(#1018),#9992,.F.);
#10842=ADVANCED_FACE('',(#1019),#9993,.F.);
#10843=ADVANCED_FACE('',(#1020),#9994,.F.);
#10844=ADVANCED_FACE('',(#1021),#9995,.F.);
#10845=ADVANCED_FACE('',(#1022),#9996,.F.);
#10846=ADVANCED_FACE('',(#1023),#9997,.F.);
#10847=ADVANCED_FACE('',(#1024),#9998,.F.);
#10848=ADVANCED_FACE('',(#1025),#9999,.F.);
#10849=ADVANCED_FACE('',(#1026),#10000,.F.);
#10850=ADVANCED_FACE('',(#1027),#10001,.F.);
#10851=ADVANCED_FACE('',(#1028),#10002,.T.);
#10852=ADVANCED_FACE('',(#1029),#10003,.T.);
#10853=ADVANCED_FACE('',(#1030),#10004,.F.);
#10854=ADVANCED_FACE('',(#1031),#10005,.F.);
#10855=ADVANCED_FACE('',(#1032),#10006,.T.);
#10856=ADVANCED_FACE('',(#1033),#10007,.T.);
#10857=ADVANCED_FACE('',(#1034),#10008,.F.);
#10858=ADVANCED_FACE('',(#1035),#10009,.F.);
#10859=ADVANCED_FACE('',(#1036),#10010,.T.);
#10860=ADVANCED_FACE('',(#1037),#10011,.T.);
#10861=ADVANCED_FACE('',(#1038),#10012,.F.);
#10862=ADVANCED_FACE('',(#1039),#10013,.F.);
#10863=ADVANCED_FACE('',(#1040),#10014,.F.);
#10864=ADVANCED_FACE('',(#1041),#10015,.T.);
#10865=ADVANCED_FACE('',(#1042),#10016,.T.);
#10866=ADVANCED_FACE('',(#1043),#10017,.F.);
#10867=ADVANCED_FACE('',(#1044),#10018,.T.);
#10868=ADVANCED_FACE('',(#1045),#10019,.T.);
#10869=ADVANCED_FACE('',(#1046),#10020,.F.);
#10870=ADVANCED_FACE('',(#1047),#10021,.F.);
#10871=ADVANCED_FACE('',(#1048),#10022,.T.);
#10872=ADVANCED_FACE('',(#1049),#10023,.T.);
#10873=ADVANCED_FACE('',(#1050),#10024,.F.);
#10874=ADVANCED_FACE('',(#1051),#10025,.F.);
#10875=ADVANCED_FACE('',(#1052),#10026,.F.);
#10876=ADVANCED_FACE('',(#1053),#10027,.T.);
#10877=ADVANCED_FACE('',(#1054),#10028,.T.);
#10878=ADVANCED_FACE('',(#1055),#10029,.F.);
#10879=ADVANCED_FACE('',(#1056),#10030,.F.);
#10880=ADVANCED_FACE('',(#1057),#10031,.T.);
#10881=ADVANCED_FACE('',(#1058),#10032,.T.);
#10882=ADVANCED_FACE('',(#1059),#10033,.F.);
#10883=ADVANCED_FACE('',(#1060),#10034,.T.);
#10884=ADVANCED_FACE('',(#1061),#10035,.T.);
#10885=ADVANCED_FACE('',(#1062),#10036,.F.);
#10886=ADVANCED_FACE('',(#1063),#10037,.F.);
#10887=ADVANCED_FACE('',(#1064),#10038,.T.);
#10888=ADVANCED_FACE('',(#1065),#10039,.T.);
#10889=ADVANCED_FACE('',(#1066),#10040,.F.);
#10890=ADVANCED_FACE('',(#1067),#10041,.F.);
#10891=ADVANCED_FACE('',(#1068),#10042,.T.);
#10892=ADVANCED_FACE('',(#1069),#10043,.T.);
#10893=ADVANCED_FACE('',(#1070),#10044,.F.);
#10894=ADVANCED_FACE('',(#1071),#10045,.F.);
#10895=ADVANCED_FACE('',(#1072),#10046,.T.);
#10896=ADVANCED_FACE('',(#1073),#10047,.T.);
#10897=ADVANCED_FACE('',(#1074),#10048,.F.);
#10898=ADVANCED_FACE('',(#1075),#10049,.F.);
#10899=ADVANCED_FACE('',(#1076),#10050,.T.);
#10900=ADVANCED_FACE('',(#1077),#10051,.T.);
#10901=ADVANCED_FACE('',(#1078),#10052,.F.);
#10902=ADVANCED_FACE('',(#1079),#10053,.F.);
#10903=ADVANCED_FACE('',(#1080),#10054,.F.);
#10904=ADVANCED_FACE('',(#1081),#10055,.T.);
#10905=ADVANCED_FACE('',(#1082),#10056,.T.);
#10906=ADVANCED_FACE('',(#1083),#10057,.F.);
#10907=ADVANCED_FACE('',(#1084),#10058,.T.);
#10908=ADVANCED_FACE('',(#1085),#10059,.T.);
#10909=ADVANCED_FACE('',(#1086),#10060,.F.);
#10910=ADVANCED_FACE('',(#1087),#10061,.F.);
#10911=ADVANCED_FACE('',(#1088),#10062,.T.);
#10912=ADVANCED_FACE('',(#1089),#10063,.T.);
#10913=ADVANCED_FACE('',(#1090),#10064,.F.);
#10914=ADVANCED_FACE('',(#1091),#10065,.F.);
#10915=ADVANCED_FACE('',(#1092),#10066,.F.);
#10916=ADVANCED_FACE('',(#1093),#10067,.T.);
#10917=ADVANCED_FACE('',(#1094),#10068,.T.);
#10918=ADVANCED_FACE('',(#1095),#10069,.F.);
#10919=ADVANCED_FACE('',(#1096),#10070,.F.);
#10920=ADVANCED_FACE('',(#1097),#10071,.T.);
#10921=ADVANCED_FACE('',(#1098),#10072,.T.);
#10922=ADVANCED_FACE('',(#1099),#10073,.F.);
#10923=ADVANCED_FACE('',(#1100),#10074,.T.);
#10924=ADVANCED_FACE('',(#1101),#10075,.T.);
#10925=ADVANCED_FACE('',(#1102),#10076,.F.);
#10926=ADVANCED_FACE('',(#1103),#10077,.F.);
#10927=ADVANCED_FACE('',(#1104),#10078,.T.);
#10928=ADVANCED_FACE('',(#1105),#10079,.T.);
#10929=ADVANCED_FACE('',(#1106),#10080,.F.);
#10930=ADVANCED_FACE('',(#1107),#10081,.F.);
#10931=ADVANCED_FACE('',(#1108),#10082,.F.);
#10932=ADVANCED_FACE('',(#1109),#10083,.F.);
#10933=ADVANCED_FACE('',(#1110),#10084,.T.);
#10934=ADVANCED_FACE('',(#1111),#10085,.T.);
#10935=ADVANCED_FACE('',(#1112),#10086,.F.);
#10936=ADVANCED_FACE('',(#1113),#10087,.F.);
#10937=ADVANCED_FACE('',(#1114),#10088,.T.);
#10938=ADVANCED_FACE('',(#1115),#10089,.T.);
#10939=ADVANCED_FACE('',(#1116),#10090,.F.);
#10940=ADVANCED_FACE('',(#1117),#10091,.F.);
#10941=ADVANCED_FACE('',(#1118),#10092,.T.);
#10942=ADVANCED_FACE('',(#1119),#10093,.T.);
#10943=ADVANCED_FACE('',(#1120),#10094,.T.);
#10944=ADVANCED_FACE('',(#1121),#10095,.F.);
#10945=ADVANCED_FACE('',(#1122),#10096,.F.);
#10946=ADVANCED_FACE('',(#1123),#10097,.T.);
#10947=ADVANCED_FACE('',(#1124),#10098,.F.);
#10948=ADVANCED_FACE('',(#1125),#10099,.F.);
#10949=ADVANCED_FACE('',(#1126),#10100,.T.);
#10950=ADVANCED_FACE('',(#1127),#10101,.T.);
#10951=ADVANCED_FACE('',(#1128),#10102,.F.);
#10952=ADVANCED_FACE('',(#1129),#10103,.F.);
#10953=ADVANCED_FACE('',(#1130),#10104,.T.);
#10954=ADVANCED_FACE('',(#1131),#10105,.T.);
#10955=ADVANCED_FACE('',(#1132),#10106,.T.);
#10956=ADVANCED_FACE('',(#1133),#10107,.F.);
#10957=ADVANCED_FACE('',(#1134),#10108,.F.);
#10958=ADVANCED_FACE('',(#1135),#10109,.T.);
#10959=ADVANCED_FACE('',(#1136),#10110,.T.);
#10960=ADVANCED_FACE('',(#1137),#10111,.F.);
#10961=ADVANCED_FACE('',(#1138),#10112,.F.);
#10962=ADVANCED_FACE('',(#1139),#10113,.T.);
#10963=ADVANCED_FACE('',(#1140),#10114,.F.);
#10964=ADVANCED_FACE('',(#1141),#10115,.F.);
#10965=ADVANCED_FACE('',(#1142),#10116,.T.);
#10966=ADVANCED_FACE('',(#1143),#10117,.T.);
#10967=ADVANCED_FACE('',(#1144),#10118,.F.);
#10968=ADVANCED_FACE('',(#1145),#10119,.F.);
#10969=ADVANCED_FACE('',(#1146),#10120,.T.);
#10970=ADVANCED_FACE('',(#1147),#10121,.T.);
#10971=ADVANCED_FACE('',(#1148),#10122,.T.);
#10972=ADVANCED_FACE('',(#1149),#10123,.T.);
#10973=ADVANCED_FACE('',(#1150),#10124,.F.);
#10974=ADVANCED_FACE('',(#1151),#10125,.F.);
#10975=ADVANCED_FACE('',(#1152),#10126,.T.);
#10976=ADVANCED_FACE('',(#1153),#10127,.T.);
#10977=ADVANCED_FACE('',(#1154),#10128,.F.);
#10978=ADVANCED_FACE('',(#1155),#10129,.F.);
#10979=ADVANCED_FACE('',(#1156),#10130,.T.);
#10980=ADVANCED_FACE('',(#1157),#10131,.T.);
#10981=ADVANCED_FACE('',(#1158),#10132,.F.);
#10982=ADVANCED_FACE('',(#1159),#10133,.F.);
#10983=ADVANCED_FACE('',(#1160),#10134,.F.);
#10984=ADVANCED_FACE('',(#1161),#10135,.T.);
#10985=ADVANCED_FACE('',(#1162),#10136,.T.);
#10986=ADVANCED_FACE('',(#1163),#10137,.F.);
#10987=ADVANCED_FACE('',(#1164),#10138,.T.);
#10988=ADVANCED_FACE('',(#1165),#10139,.T.);
#10989=ADVANCED_FACE('',(#1166),#10140,.F.);
#10990=ADVANCED_FACE('',(#1167),#10141,.F.);
#10991=ADVANCED_FACE('',(#1168),#10142,.T.);
#10992=ADVANCED_FACE('',(#1169),#10143,.T.);
#10993=ADVANCED_FACE('',(#1170),#10144,.F.);
#10994=ADVANCED_FACE('',(#1171),#10145,.F.);
#10995=ADVANCED_FACE('',(#1172),#10146,.F.);
#10996=ADVANCED_FACE('',(#1173),#10147,.T.);
#10997=ADVANCED_FACE('',(#1174),#10148,.T.);
#10998=ADVANCED_FACE('',(#1175),#10149,.F.);
#10999=ADVANCED_FACE('',(#1176),#10150,.F.);
#11000=ADVANCED_FACE('',(#1177),#10151,.T.);
#11001=ADVANCED_FACE('',(#1178),#10152,.T.);
#11002=ADVANCED_FACE('',(#1179),#10153,.F.);
#11003=ADVANCED_FACE('',(#1180),#10154,.T.);
#11004=ADVANCED_FACE('',(#1181),#10155,.T.);
#11005=ADVANCED_FACE('',(#1182),#10156,.F.);
#11006=ADVANCED_FACE('',(#1183),#10157,.F.);
#11007=ADVANCED_FACE('',(#1184),#10158,.T.);
#11008=ADVANCED_FACE('',(#1185),#10159,.T.);
#11009=ADVANCED_FACE('',(#1186),#10160,.F.);
#11010=ADVANCED_FACE('',(#1187),#10161,.F.);
#11011=ADVANCED_FACE('',(#1188),#10162,.F.);
#11012=ADVANCED_FACE('',(#1189),#10163,.F.);
#11013=ADVANCED_FACE('',(#1190),#10164,.F.);
#11014=ADVANCED_FACE('',(#1191),#10165,.F.);
#11015=ADVANCED_FACE('',(#1192),#10166,.F.);
#11016=ADVANCED_FACE('',(#1193),#10167,.F.);
#11017=ADVANCED_FACE('',(#1194),#10168,.F.);
#11018=ADVANCED_FACE('',(#1195),#10169,.F.);
#11019=ADVANCED_FACE('',(#1196),#10170,.F.);
#11020=ADVANCED_FACE('',(#1197),#10171,.F.);
#11021=ADVANCED_FACE('',(#1198),#10172,.T.);
#11022=ADVANCED_FACE('',(#1199),#10173,.T.);
#11023=ADVANCED_FACE('',(#1200),#10174,.T.);
#11024=ADVANCED_FACE('',(#1201),#10175,.T.);
#11025=ADVANCED_FACE('',(#1202),#10176,.T.);
#11026=ADVANCED_FACE('',(#1203),#10177,.T.);
#11027=ADVANCED_FACE('',(#1204),#10178,.T.);
#11028=ADVANCED_FACE('',(#1205),#10179,.T.);
#11029=ADVANCED_FACE('',(#1206),#10180,.T.);
#11030=ADVANCED_FACE('',(#1207),#10181,.T.);
#11031=ADVANCED_FACE('',(#1208),#457,.T.);
#11032=ADVANCED_FACE('',(#1209),#15,.T.);
#11033=ADVANCED_FACE('',(#1210),#10182,.F.);
#11034=ADVANCED_FACE('',(#1211,#543,#544,#545),#10183,.T.);
#11035=ADVANCED_FACE('',(#1212),#10184,.T.);
#11036=ADVANCED_FACE('',(#1213),#16,.T.);
#11037=ADVANCED_FACE('',(#1214),#17,.T.);
#11038=ADVANCED_FACE('',(#1215),#10185,.T.);
#11039=ADVANCED_FACE('',(#1216),#10186,.T.);
#11040=ADVANCED_FACE('',(#1217),#18,.T.);
#11041=ADVANCED_FACE('',(#1218),#19,.T.);
#11042=ADVANCED_FACE('',(#1219),#10187,.T.);
#11043=ADVANCED_FACE('',(#1220),#20,.T.);
#11044=ADVANCED_FACE('',(#1221),#21,.T.);
#11045=ADVANCED_FACE('',(#1222),#22,.T.);
#11046=ADVANCED_FACE('',(#1223),#11,.F.);
#11047=ADVANCED_FACE('',(#1224),#12,.F.);
#11048=ADVANCED_FACE('',(#1225),#23,.T.);
#11049=ADVANCED_FACE('',(#1226),#24,.T.);
#11050=ADVANCED_FACE('',(#1227),#13,.F.);
#11051=ADVANCED_FACE('',(#1228),#14,.F.);
#11052=ADVANCED_FACE('',(#1229),#25,.T.);
#11053=ADVANCED_FACE('',(#1230),#458,.T.);
#11054=ADVANCED_FACE('',(#1231),#459,.T.);
#11055=ADVANCED_FACE('',(#1232),#10188,.F.);
#11056=ADVANCED_FACE('',(#1233),#10189,.F.);
#11057=ADVANCED_FACE('',(#1234),#10190,.F.);
#11058=ADVANCED_FACE('',(#1235),#10191,.T.);
#11059=ADVANCED_FACE('',(#1236),#10192,.T.);
#11060=ADVANCED_FACE('',(#1237),#10193,.T.);
#11061=ADVANCED_FACE('',(#1238,#546,#547,#548,#549,#550,#551,#552,#553,
#554,#555,#556,#557,#558,#559,#560,#561,#562,#563,#564,#565,#566,#567,#568,
#569,#570,#571,#572,#573,#574,#575,#576,#577,#578,#579,#580,#581,#582,#583,
#584,#585,#586,#587,#588,#589,#590,#591,#592,#593,#594,#595,#596,#597,#598,
#599,#600,#601,#602,#603,#604,#605,#606,#607,#608,#609,#610,#611,#612,#613,
#614,#615,#616,#617,#618,#619,#620,#621,#622,#623,#624,#625,#626,#627,#628,
#629,#630,#631,#632,#633,#634,#635,#636,#637,#638,#639,#640,#641,#642,#643,
#644,#645,#646,#647,#648,#649,#650,#651,#652,#653,#654,#655,#656,#657,#658,
#659,#660,#661,#662,#663,#664,#665,#666,#667,#668,#669,#670,#671,#672,#673,
#674,#675,#676,#677,#678),#10194,.F.);
#11062=ADVANCED_FACE('',(#1239,#679,#680,#681,#682,#683,#684,#685,#686,
#687,#688,#689,#690,#691,#692,#693,#694,#695,#696,#697,#698,#699,#700,#701,
#702,#703,#704,#705,#706,#707,#708,#709,#710,#711,#712,#713,#714,#715,#716,
#717,#718,#719,#720,#721,#722,#723,#724,#725,#726,#727,#728,#729,#730,#731,
#732,#733,#734,#735,#736,#737,#738,#739,#740,#741,#742,#743,#744,#745,#746,
#747,#748,#749,#750,#751,#752,#753,#754,#755,#756,#757,#758,#759,#760,#761,
#762,#763,#764,#765,#766,#767,#768,#769,#770,#771,#772,#773,#774,#775,#776,
#777,#778,#779,#780,#781,#782,#783,#784,#785,#786,#787,#788,#789,#790,#791,
#792,#793,#794,#795,#796,#797,#798,#799,#800,#801,#802,#803,#804,#805,#806,
#807,#808,#809,#810,#811),#10195,.T.);
#11063=ADVANCED_FACE('',(#1240),#10196,.T.);
#11064=ADVANCED_FACE('',(#1241),#10197,.T.);
#11065=ADVANCED_FACE('',(#1242),#10198,.T.);
#11066=ADVANCED_FACE('',(#1243),#10199,.T.);
#11067=ADVANCED_FACE('',(#1244),#10200,.T.);
#11068=ADVANCED_FACE('',(#1245),#10201,.T.);
#11069=ADVANCED_FACE('',(#1246),#10202,.T.);
#11070=ADVANCED_FACE('',(#1247),#10203,.T.);
#11071=ADVANCED_FACE('',(#1248),#10204,.T.);
#11072=ADVANCED_FACE('',(#1249),#10205,.T.);
#11073=ADVANCED_FACE('',(#1250),#10206,.T.);
#11074=ADVANCED_FACE('',(#1251),#26,.F.);
#11075=ADVANCED_FACE('',(#1252),#27,.F.);
#11076=ADVANCED_FACE('',(#1253),#28,.F.);
#11077=ADVANCED_FACE('',(#1254),#29,.F.);
#11078=ADVANCED_FACE('',(#1255),#30,.F.);
#11079=ADVANCED_FACE('',(#1256),#31,.F.);
#11080=ADVANCED_FACE('',(#1257),#32,.F.);
#11081=ADVANCED_FACE('',(#1258),#33,.F.);
#11082=ADVANCED_FACE('',(#1259),#34,.F.);
#11083=ADVANCED_FACE('',(#1260),#35,.F.);
#11084=ADVANCED_FACE('',(#1261),#36,.F.);
#11085=ADVANCED_FACE('',(#1262),#37,.F.);
#11086=ADVANCED_FACE('',(#1263),#38,.F.);
#11087=ADVANCED_FACE('',(#1264),#39,.F.);
#11088=ADVANCED_FACE('',(#1265),#40,.F.);
#11089=ADVANCED_FACE('',(#1266),#41,.F.);
#11090=ADVANCED_FACE('',(#1267),#42,.F.);
#11091=ADVANCED_FACE('',(#1268),#43,.F.);
#11092=ADVANCED_FACE('',(#1269),#44,.F.);
#11093=ADVANCED_FACE('',(#1270),#45,.F.);
#11094=ADVANCED_FACE('',(#1271),#46,.F.);
#11095=ADVANCED_FACE('',(#1272),#47,.F.);
#11096=ADVANCED_FACE('',(#1273),#48,.F.);
#11097=ADVANCED_FACE('',(#1274),#49,.F.);
#11098=ADVANCED_FACE('',(#1275),#50,.F.);
#11099=ADVANCED_FACE('',(#1276),#51,.F.);
#11100=ADVANCED_FACE('',(#1277),#52,.F.);
#11101=ADVANCED_FACE('',(#1278),#53,.F.);
#11102=ADVANCED_FACE('',(#1279),#54,.F.);
#11103=ADVANCED_FACE('',(#1280),#55,.F.);
#11104=ADVANCED_FACE('',(#1281),#56,.F.);
#11105=ADVANCED_FACE('',(#1282),#57,.F.);
#11106=ADVANCED_FACE('',(#1283),#58,.F.);
#11107=ADVANCED_FACE('',(#1284),#59,.F.);
#11108=ADVANCED_FACE('',(#1285),#60,.F.);
#11109=ADVANCED_FACE('',(#1286),#61,.F.);
#11110=ADVANCED_FACE('',(#1287),#62,.F.);
#11111=ADVANCED_FACE('',(#1288),#63,.F.);
#11112=ADVANCED_FACE('',(#1289),#64,.F.);
#11113=ADVANCED_FACE('',(#1290),#65,.F.);
#11114=ADVANCED_FACE('',(#1291),#66,.F.);
#11115=ADVANCED_FACE('',(#1292),#67,.F.);
#11116=ADVANCED_FACE('',(#1293),#68,.F.);
#11117=ADVANCED_FACE('',(#1294),#69,.F.);
#11118=ADVANCED_FACE('',(#1295),#70,.F.);
#11119=ADVANCED_FACE('',(#1296),#71,.F.);
#11120=ADVANCED_FACE('',(#1297),#72,.F.);
#11121=ADVANCED_FACE('',(#1298),#73,.F.);
#11122=ADVANCED_FACE('',(#1299),#74,.F.);
#11123=ADVANCED_FACE('',(#1300),#75,.F.);
#11124=ADVANCED_FACE('',(#1301),#76,.F.);
#11125=ADVANCED_FACE('',(#1302),#77,.F.);
#11126=ADVANCED_FACE('',(#1303),#78,.F.);
#11127=ADVANCED_FACE('',(#1304),#79,.F.);
#11128=ADVANCED_FACE('',(#1305),#80,.F.);
#11129=ADVANCED_FACE('',(#1306),#81,.F.);
#11130=ADVANCED_FACE('',(#1307),#82,.F.);
#11131=ADVANCED_FACE('',(#1308),#83,.F.);
#11132=ADVANCED_FACE('',(#1309),#84,.F.);
#11133=ADVANCED_FACE('',(#1310),#85,.F.);
#11134=ADVANCED_FACE('',(#1311),#86,.F.);
#11135=ADVANCED_FACE('',(#1312),#87,.F.);
#11136=ADVANCED_FACE('',(#1313),#88,.F.);
#11137=ADVANCED_FACE('',(#1314),#89,.F.);
#11138=ADVANCED_FACE('',(#1315),#90,.F.);
#11139=ADVANCED_FACE('',(#1316),#91,.F.);
#11140=ADVANCED_FACE('',(#1317),#92,.F.);
#11141=ADVANCED_FACE('',(#1318),#93,.F.);
#11142=ADVANCED_FACE('',(#1319),#94,.F.);
#11143=ADVANCED_FACE('',(#1320),#95,.F.);
#11144=ADVANCED_FACE('',(#1321),#96,.F.);
#11145=ADVANCED_FACE('',(#1322),#97,.F.);
#11146=ADVANCED_FACE('',(#1323),#98,.F.);
#11147=ADVANCED_FACE('',(#1324),#99,.F.);
#11148=ADVANCED_FACE('',(#1325),#100,.F.);
#11149=ADVANCED_FACE('',(#1326),#101,.F.);
#11150=ADVANCED_FACE('',(#1327),#102,.F.);
#11151=ADVANCED_FACE('',(#1328),#103,.F.);
#11152=ADVANCED_FACE('',(#1329),#104,.F.);
#11153=ADVANCED_FACE('',(#1330),#105,.F.);
#11154=ADVANCED_FACE('',(#1331),#106,.F.);
#11155=ADVANCED_FACE('',(#1332),#107,.F.);
#11156=ADVANCED_FACE('',(#1333),#108,.F.);
#11157=ADVANCED_FACE('',(#1334),#109,.F.);
#11158=ADVANCED_FACE('',(#1335),#110,.F.);
#11159=ADVANCED_FACE('',(#1336),#111,.F.);
#11160=ADVANCED_FACE('',(#1337),#112,.F.);
#11161=ADVANCED_FACE('',(#1338),#113,.F.);
#11162=ADVANCED_FACE('',(#1339),#114,.F.);
#11163=ADVANCED_FACE('',(#1340),#115,.F.);
#11164=ADVANCED_FACE('',(#1341),#116,.F.);
#11165=ADVANCED_FACE('',(#1342),#117,.F.);
#11166=ADVANCED_FACE('',(#1343),#118,.F.);
#11167=ADVANCED_FACE('',(#1344),#119,.F.);
#11168=ADVANCED_FACE('',(#1345),#120,.F.);
#11169=ADVANCED_FACE('',(#1346),#121,.F.);
#11170=ADVANCED_FACE('',(#1347),#122,.F.);
#11171=ADVANCED_FACE('',(#1348),#123,.F.);
#11172=ADVANCED_FACE('',(#1349),#124,.F.);
#11173=ADVANCED_FACE('',(#1350),#125,.F.);
#11174=ADVANCED_FACE('',(#1351),#126,.F.);
#11175=ADVANCED_FACE('',(#1352),#127,.F.);
#11176=ADVANCED_FACE('',(#1353),#128,.F.);
#11177=ADVANCED_FACE('',(#1354),#129,.F.);
#11178=ADVANCED_FACE('',(#1355),#130,.F.);
#11179=ADVANCED_FACE('',(#1356),#131,.F.);
#11180=ADVANCED_FACE('',(#1357),#132,.F.);
#11181=ADVANCED_FACE('',(#1358),#133,.F.);
#11182=ADVANCED_FACE('',(#1359),#134,.F.);
#11183=ADVANCED_FACE('',(#1360),#135,.F.);
#11184=ADVANCED_FACE('',(#1361),#136,.F.);
#11185=ADVANCED_FACE('',(#1362),#137,.F.);
#11186=ADVANCED_FACE('',(#1363),#138,.F.);
#11187=ADVANCED_FACE('',(#1364),#139,.F.);
#11188=ADVANCED_FACE('',(#1365),#140,.F.);
#11189=ADVANCED_FACE('',(#1366),#141,.F.);
#11190=ADVANCED_FACE('',(#1367),#142,.F.);
#11191=ADVANCED_FACE('',(#1368),#143,.F.);
#11192=ADVANCED_FACE('',(#1369),#144,.F.);
#11193=ADVANCED_FACE('',(#1370),#145,.F.);
#11194=ADVANCED_FACE('',(#1371),#146,.F.);
#11195=ADVANCED_FACE('',(#1372),#147,.F.);
#11196=ADVANCED_FACE('',(#1373),#148,.F.);
#11197=ADVANCED_FACE('',(#1374),#149,.F.);
#11198=ADVANCED_FACE('',(#1375),#150,.F.);
#11199=ADVANCED_FACE('',(#1376),#151,.F.);
#11200=ADVANCED_FACE('',(#1377),#152,.F.);
#11201=ADVANCED_FACE('',(#1378),#153,.F.);
#11202=ADVANCED_FACE('',(#1379),#154,.F.);
#11203=ADVANCED_FACE('',(#1380),#155,.F.);
#11204=ADVANCED_FACE('',(#1381),#156,.F.);
#11205=ADVANCED_FACE('',(#1382),#157,.F.);
#11206=ADVANCED_FACE('',(#1383),#158,.F.);
#11207=CLOSED_SHELL('',(#10635,#10636,#10637,#10638,#10639,#10640,#10641,
#10642,#10643,#10644,#10645,#10646,#10647,#10648,#10649,#10650,#10651,#10652,
#10653,#10654,#10655,#10656,#10657,#10658,#10659,#10660,#10661,#10662,#10663,
#10664,#10665,#10666,#10667,#10668,#10669,#10670,#10671,#10672,#10673,#10674,
#10675,#10676,#10677,#10678,#10679,#10680,#10681,#10682,#10683,#10684,#10685,
#10686));
#11208=CLOSED_SHELL('',(#10687,#10688,#10689,#10690,#10691,#10692,#10693,
#10694,#10695,#10696,#10697,#10698,#10699,#10700,#10701,#10702,#10703,#10704,
#10705,#10706,#10707,#10708,#10709,#10710,#10711,#10712,#10713,#10714,#10715,
#10716,#10717,#10718,#10719,#10720,#10721,#10722,#10723,#10724,#10725,#10726,
#10727,#10728,#10729,#10730,#10731,#10732,#10733,#10734,#10735,#10736,#10737,
#10738,#10739,#10740,#10741,#10742,#10743,#10744,#10745,#10746,#10747,#10748,
#10749,#10750,#10751,#10752,#10753,#10754,#10755,#10756,#10757,#10758,#10759,
#10760,#10761,#10762,#10763,#10764,#10765,#10766,#10767,#10768,#10769,#10770,
#10771,#10772,#10773,#10774,#10775,#10776,#10777,#10778,#10779,#10780,#10781,
#10782,#10783,#10784,#10785,#10786));
#11209=CLOSED_SHELL('',(#10787,#10788,#10789,#10790,#10791,#10792,#10793,
#10794,#10795,#10796,#10797,#10798,#10799,#10800,#10801,#10802,#10803,#10804,
#10805,#10806,#10807,#10808,#10809,#10810,#10811,#10812,#10813,#10814,#10815,
#10816,#10817,#10818,#10819,#10820,#10821,#10822,#10823,#10824,#10825,#10826,
#10827,#10828,#10829,#10830,#10831,#10832,#10833,#10834,#10835,#10836,#10837,
#10838,#10839,#10840,#10841,#10842,#10843,#10844,#10845,#10846,#10847,#10848,
#10849,#10850,#10851,#10852,#10853,#10854,#10855,#10856,#10857,#10858,#10859,
#10860,#10861,#10862,#10863,#10864,#10865,#10866,#10867,#10868,#10869,#10870,
#10871,#10872,#10873,#10874,#10875,#10876,#10877,#10878,#10879,#10880,#10881,
#10882,#10883,#10884,#10885,#10886,#10887,#10888,#10889,#10890,#10891,#10892,
#10893,#10894,#10895,#10896,#10897,#10898,#10899,#10900,#10901,#10902,#10903,
#10904,#10905,#10906,#10907,#10908,#10909,#10910,#10911,#10912,#10913,#10914,
#10915,#10916,#10917,#10918,#10919,#10920,#10921,#10922,#10923,#10924,#10925,
#10926,#10927,#10928,#10929,#10930,#10931,#10932,#10933,#10934,#10935,#10936,
#10937,#10938,#10939,#10940,#10941,#10942,#10943,#10944,#10945,#10946,#10947,
#10948,#10949,#10950,#10951,#10952,#10953,#10954,#10955,#10956,#10957,#10958,
#10959,#10960,#10961,#10962,#10963,#10964,#10965,#10966,#10967,#10968,#10969,
#10970,#10971,#10972,#10973,#10974,#10975,#10976,#10977,#10978,#10979,#10980,
#10981,#10982,#10983,#10984,#10985,#10986,#10987,#10988,#10989,#10990,#10991,
#10992,#10993,#10994,#10995,#10996,#10997,#10998,#10999,#11000,#11001,#11002,
#11003,#11004,#11005,#11006,#11007,#11008,#11009,#11010,#11011,#11012,#11013,
#11014,#11015,#11016,#11017,#11018,#11019,#11020,#11021,#11022,#11023,#11024,
#11025,#11026,#11027,#11028,#11029,#11030));
#11210=CLOSED_SHELL('',(#11031,#11032,#11033,#11034,#11035,#11036,#11037,
#11038,#11039,#11040,#11041,#11042,#11043,#11044,#11045,#11046,#11047,#11048,
#11049,#11050,#11051,#11052,#11053,#11054,#11055,#11056,#11057));
#11211=CLOSED_SHELL('',(#11058,#11059,#11060,#11061,#11062,#11063,#11064,
#11065,#11066,#11067,#11068,#11069,#11070,#11071,#11072,#11073,#11074,#11075,
#11076,#11077,#11078,#11079,#11080,#11081,#11082,#11083,#11084,#11085,#11086,
#11087,#11088,#11089,#11090,#11091,#11092,#11093,#11094,#11095,#11096,#11097,
#11098,#11099,#11100,#11101,#11102,#11103,#11104,#11105,#11106,#11107,#11108,
#11109,#11110,#11111,#11112,#11113,#11114,#11115,#11116,#11117,#11118,#11119,
#11120,#11121,#11122,#11123,#11124,#11125,#11126,#11127,#11128,#11129,#11130,
#11131,#11132,#11133,#11134,#11135,#11136,#11137,#11138,#11139,#11140,#11141,
#11142,#11143,#11144,#11145,#11146,#11147,#11148,#11149,#11150,#11151,#11152,
#11153,#11154,#11155,#11156,#11157,#11158,#11159,#11160,#11161,#11162,#11163,
#11164,#11165,#11166,#11167,#11168,#11169,#11170,#11171,#11172,#11173,#11174,
#11175,#11176,#11177,#11178,#11179,#11180,#11181,#11182,#11183,#11184,#11185,
#11186,#11187,#11188,#11189,#11190,#11191,#11192,#11193,#11194,#11195,#11196,
#11197,#11198,#11199,#11200,#11201,#11202,#11203,#11204,#11205,#11206));
#11212=DERIVED_UNIT_ELEMENT(#11222,1.);
#11213=DERIVED_UNIT_ELEMENT(#18070,-3.);
#11214=DERIVED_UNIT_ELEMENT(#11222,1.);
#11215=DERIVED_UNIT_ELEMENT(#18070,-3.);
#11216=DERIVED_UNIT_ELEMENT(#11222,1.);
#11217=DERIVED_UNIT_ELEMENT(#18070,-3.);
#11218=DERIVED_UNIT_ELEMENT(#11222,1.);
#11219=DERIVED_UNIT_ELEMENT(#18070,-3.);
#11220=DERIVED_UNIT_ELEMENT(#11222,1.);
#11221=DERIVED_UNIT_ELEMENT(#18070,-3.);
#11222=(
MASS_UNIT()
NAMED_UNIT(*)
SI_UNIT(.KILO.,.GRAM.)
);
#11223=DERIVED_UNIT((#11212,#11213));
#11224=DERIVED_UNIT((#11214,#11215));
#11225=DERIVED_UNIT((#11216,#11217));
#11226=DERIVED_UNIT((#11218,#11219));
#11227=DERIVED_UNIT((#11220,#11221));
#11228=MEASURE_REPRESENTATION_ITEM('density measure',
POSITIVE_RATIO_MEASURE(7850.),#11223);
#11229=MEASURE_REPRESENTATION_ITEM('density measure',
POSITIVE_RATIO_MEASURE(7850.),#11224);
#11230=MEASURE_REPRESENTATION_ITEM('density measure',
POSITIVE_RATIO_MEASURE(7850.),#11225);
#11231=MEASURE_REPRESENTATION_ITEM('density measure',
POSITIVE_RATIO_MEASURE(7850.),#11226);
#11232=MEASURE_REPRESENTATION_ITEM('density measure',
POSITIVE_RATIO_MEASURE(7850.),#11227);
#11233=PROPERTY_DEFINITION_REPRESENTATION(#11258,#11243);
#11234=PROPERTY_DEFINITION_REPRESENTATION(#11259,#11244);
#11235=PROPERTY_DEFINITION_REPRESENTATION(#11260,#11245);
#11236=PROPERTY_DEFINITION_REPRESENTATION(#11261,#11246);
#11237=PROPERTY_DEFINITION_REPRESENTATION(#11262,#11247);
#11238=PROPERTY_DEFINITION_REPRESENTATION(#11263,#11248);
#11239=PROPERTY_DEFINITION_REPRESENTATION(#11264,#11249);
#11240=PROPERTY_DEFINITION_REPRESENTATION(#11265,#11250);
#11241=PROPERTY_DEFINITION_REPRESENTATION(#11266,#11251);
#11242=PROPERTY_DEFINITION_REPRESENTATION(#11267,#11252);
#11243=REPRESENTATION('material name',(#11253),#18060);
#11244=REPRESENTATION('density',(#11228),#18060);
#11245=REPRESENTATION('material name',(#11254),#18062);
#11246=REPRESENTATION('density',(#11229),#18062);
#11247=REPRESENTATION('material name',(#11255),#18064);
#11248=REPRESENTATION('density',(#11230),#18064);
#11249=REPRESENTATION('material name',(#11256),#18066);
#11250=REPRESENTATION('density',(#11231),#18066);
#11251=REPRESENTATION('material name',(#11257),#18067);
#11252=REPRESENTATION('density',(#11232),#18067);
#11253=DESCRIPTIVE_REPRESENTATION_ITEM('Steel','Steel');
#11254=DESCRIPTIVE_REPRESENTATION_ITEM('Steel','Steel');
#11255=DESCRIPTIVE_REPRESENTATION_ITEM('Steel','Steel');
#11256=DESCRIPTIVE_REPRESENTATION_ITEM('Steel','Steel');
#11257=DESCRIPTIVE_REPRESENTATION_ITEM('Steel','Steel');
#11258=PROPERTY_DEFINITION('material property','material name',#18115);
#11259=PROPERTY_DEFINITION('material property','density of part',#18115);
#11260=PROPERTY_DEFINITION('material property','material name',#18117);
#11261=PROPERTY_DEFINITION('material property','density of part',#18117);
#11262=PROPERTY_DEFINITION('material property','material name',#18119);
#11263=PROPERTY_DEFINITION('material property','density of part',#18119);
#11264=PROPERTY_DEFINITION('material property','material name',#18121);
#11265=PROPERTY_DEFINITION('material property','density of part',#18121);
#11266=PROPERTY_DEFINITION('material property','material name',#18122);
#11267=PROPERTY_DEFINITION('material property','density of part',#18122);
#11268=AXIS2_PLACEMENT_3D('',#15067,#12153,#12154);
#11269=AXIS2_PLACEMENT_3D('',#15068,#12155,#12156);
#11270=AXIS2_PLACEMENT_3D('',#15069,#12157,#12158);
#11271=AXIS2_PLACEMENT_3D('',#15070,#12159,#12160);
#11272=AXIS2_PLACEMENT_3D('',#15079,#12165,#12166);
#11273=AXIS2_PLACEMENT_3D('',#15085,#12170,#12171);
#11274=AXIS2_PLACEMENT_3D('',#15091,#12175,#12176);
#11275=AXIS2_PLACEMENT_3D('',#15129,#12196,#12197);
#11276=AXIS2_PLACEMENT_3D('',#15167,#12217,#12218);
#11277=AXIS2_PLACEMENT_3D('',#15169,#12220,#12221);
#11278=AXIS2_PLACEMENT_3D('',#15171,#12223,#12224);
#11279=AXIS2_PLACEMENT_3D('',#15173,#12226,#12227);
#11280=AXIS2_PLACEMENT_3D('',#15175,#12229,#12230);
#11281=AXIS2_PLACEMENT_3D('',#15177,#12232,#12233);
#11282=AXIS2_PLACEMENT_3D('',#15179,#12235,#12236);
#11283=AXIS2_PLACEMENT_3D('',#15181,#12238,#12239);
#11284=AXIS2_PLACEMENT_3D('',#15183,#12241,#12242);
#11285=AXIS2_PLACEMENT_3D('',#15185,#12244,#12245);
#11286=AXIS2_PLACEMENT_3D('',#15187,#12247,#12248);
#11287=AXIS2_PLACEMENT_3D('',#15188,#12249,#12250);
#11288=AXIS2_PLACEMENT_3D('',#15194,#12254,#12255);
#11289=AXIS2_PLACEMENT_3D('',#15198,#12258,#12259);
#11290=AXIS2_PLACEMENT_3D('',#15202,#12262,#12263);
#11291=AXIS2_PLACEMENT_3D('',#15204,#12265,#12266);
#11292=AXIS2_PLACEMENT_3D('',#15210,#12270,#12271);
#11293=AXIS2_PLACEMENT_3D('',#15214,#12274,#12275);
#11294=AXIS2_PLACEMENT_3D('',#15218,#12278,#12279);
#11295=AXIS2_PLACEMENT_3D('',#15220,#12281,#12282);
#11296=AXIS2_PLACEMENT_3D('',#15226,#12286,#12287);
#11297=AXIS2_PLACEMENT_3D('',#15230,#12290,#12291);
#11298=AXIS2_PLACEMENT_3D('',#15234,#12294,#12295);
#11299=AXIS2_PLACEMENT_3D('',#15236,#12297,#12298);
#11300=AXIS2_PLACEMENT_3D('',#15242,#12302,#12303);
#11301=AXIS2_PLACEMENT_3D('',#15246,#12306,#12307);
#11302=AXIS2_PLACEMENT_3D('',#15250,#12310,#12311);
#11303=AXIS2_PLACEMENT_3D('',#15252,#12313,#12314);
#11304=AXIS2_PLACEMENT_3D('',#15258,#12318,#12319);
#11305=AXIS2_PLACEMENT_3D('',#15262,#12322,#12323);
#11306=AXIS2_PLACEMENT_3D('',#15266,#12326,#12327);
#11307=AXIS2_PLACEMENT_3D('',#15268,#12329,#12330);
#11308=AXIS2_PLACEMENT_3D('',#15274,#12334,#12335);
#11309=AXIS2_PLACEMENT_3D('',#15278,#12338,#12339);
#11310=AXIS2_PLACEMENT_3D('',#15282,#12342,#12343);
#11311=AXIS2_PLACEMENT_3D('',#15284,#12345,#12346);
#11312=AXIS2_PLACEMENT_3D('',#15290,#12350,#12351);
#11313=AXIS2_PLACEMENT_3D('',#15294,#12354,#12355);
#11314=AXIS2_PLACEMENT_3D('',#15298,#12358,#12359);
#11315=AXIS2_PLACEMENT_3D('',#15300,#12361,#12362);
#11316=AXIS2_PLACEMENT_3D('',#15306,#12366,#12367);
#11317=AXIS2_PLACEMENT_3D('',#15310,#12370,#12371);
#11318=AXIS2_PLACEMENT_3D('',#15314,#12374,#12375);
#11319=AXIS2_PLACEMENT_3D('',#15316,#12377,#12378);
#11320=AXIS2_PLACEMENT_3D('',#15317,#12379,#12380);
#11321=AXIS2_PLACEMENT_3D('',#15318,#12381,#12382);
#11322=AXIS2_PLACEMENT_3D('',#15319,#12383,#12384);
#11323=AXIS2_PLACEMENT_3D('',#15320,#12385,#12386);
#11324=AXIS2_PLACEMENT_3D('',#15321,#12387,#12388);
#11325=AXIS2_PLACEMENT_3D('',#15322,#12389,#12390);
#11326=AXIS2_PLACEMENT_3D('',#15323,#12391,#12392);
#11327=AXIS2_PLACEMENT_3D('',#15332,#12397,#12398);
#11328=AXIS2_PLACEMENT_3D('',#15338,#12402,#12403);
#11329=AXIS2_PLACEMENT_3D('',#15344,#12407,#12408);
#11330=AXIS2_PLACEMENT_3D('',#15422,#12448,#12449);
#11331=AXIS2_PLACEMENT_3D('',#15500,#12489,#12490);
#11332=AXIS2_PLACEMENT_3D('',#15502,#12492,#12493);
#11333=AXIS2_PLACEMENT_3D('',#15504,#12495,#12496);
#11334=AXIS2_PLACEMENT_3D('',#15506,#12498,#12499);
#11335=AXIS2_PLACEMENT_3D('',#15508,#12501,#12502);
#11336=AXIS2_PLACEMENT_3D('',#15510,#12504,#12505);
#11337=AXIS2_PLACEMENT_3D('',#15512,#12507,#12508);
#11338=AXIS2_PLACEMENT_3D('',#15514,#12510,#12511);
#11339=AXIS2_PLACEMENT_3D('',#15516,#12513,#12514);
#11340=AXIS2_PLACEMENT_3D('',#15518,#12516,#12517);
#11341=AXIS2_PLACEMENT_3D('',#15520,#12519,#12520);
#11342=AXIS2_PLACEMENT_3D('',#15522,#12522,#12523);
#11343=AXIS2_PLACEMENT_3D('',#15524,#12525,#12526);
#11344=AXIS2_PLACEMENT_3D('',#15526,#12528,#12529);
#11345=AXIS2_PLACEMENT_3D('',#15528,#12531,#12532);
#11346=AXIS2_PLACEMENT_3D('',#15530,#12534,#12535);
#11347=AXIS2_PLACEMENT_3D('',#15532,#12537,#12538);
#11348=AXIS2_PLACEMENT_3D('',#15534,#12540,#12541);
#11349=AXIS2_PLACEMENT_3D('',#15536,#12543,#12544);
#11350=AXIS2_PLACEMENT_3D('',#15538,#12546,#12547);
#11351=AXIS2_PLACEMENT_3D('',#15540,#12549,#12550);
#11352=AXIS2_PLACEMENT_3D('',#15542,#12552,#12553);
#11353=AXIS2_PLACEMENT_3D('',#15544,#12555,#12556);
#11354=AXIS2_PLACEMENT_3D('',#15545,#12557,#12558);
#11355=AXIS2_PLACEMENT_3D('',#15551,#12562,#12563);
#11356=AXIS2_PLACEMENT_3D('',#15555,#12566,#12567);
#11357=AXIS2_PLACEMENT_3D('',#15559,#12570,#12571);
#11358=AXIS2_PLACEMENT_3D('',#15561,#12573,#12574);
#11359=AXIS2_PLACEMENT_3D('',#15567,#12578,#12579);
#11360=AXIS2_PLACEMENT_3D('',#15571,#12582,#12583);
#11361=AXIS2_PLACEMENT_3D('',#15575,#12586,#12587);
#11362=AXIS2_PLACEMENT_3D('',#15577,#12589,#12590);
#11363=AXIS2_PLACEMENT_3D('',#15583,#12594,#12595);
#11364=AXIS2_PLACEMENT_3D('',#15587,#12598,#12599);
#11365=AXIS2_PLACEMENT_3D('',#15591,#12602,#12603);
#11366=AXIS2_PLACEMENT_3D('',#15593,#12605,#12606);
#11367=AXIS2_PLACEMENT_3D('',#15599,#12610,#12611);
#11368=AXIS2_PLACEMENT_3D('',#15603,#12614,#12615);
#11369=AXIS2_PLACEMENT_3D('',#15607,#12618,#12619);
#11370=AXIS2_PLACEMENT_3D('',#15609,#12621,#12622);
#11371=AXIS2_PLACEMENT_3D('',#15615,#12626,#12627);
#11372=AXIS2_PLACEMENT_3D('',#15619,#12630,#12631);
#11373=AXIS2_PLACEMENT_3D('',#15623,#12634,#12635);
#11374=AXIS2_PLACEMENT_3D('',#15625,#12637,#12638);
#11375=AXIS2_PLACEMENT_3D('',#15631,#12642,#12643);
#11376=AXIS2_PLACEMENT_3D('',#15635,#12646,#12647);
#11377=AXIS2_PLACEMENT_3D('',#15639,#12650,#12651);
#11378=AXIS2_PLACEMENT_3D('',#15641,#12653,#12654);
#11379=AXIS2_PLACEMENT_3D('',#15647,#12658,#12659);
#11380=AXIS2_PLACEMENT_3D('',#15651,#12662,#12663);
#11381=AXIS2_PLACEMENT_3D('',#15655,#12666,#12667);
#11382=AXIS2_PLACEMENT_3D('',#15657,#12669,#12670);
#11383=AXIS2_PLACEMENT_3D('',#15663,#12674,#12675);
#11384=AXIS2_PLACEMENT_3D('',#15667,#12678,#12679);
#11385=AXIS2_PLACEMENT_3D('',#15671,#12682,#12683);
#11386=AXIS2_PLACEMENT_3D('',#15673,#12685,#12686);
#11387=AXIS2_PLACEMENT_3D('',#15679,#12690,#12691);
#11388=AXIS2_PLACEMENT_3D('',#15683,#12694,#12695);
#11389=AXIS2_PLACEMENT_3D('',#15687,#12698,#12699);
#11390=AXIS2_PLACEMENT_3D('',#15689,#12701,#12702);
#11391=AXIS2_PLACEMENT_3D('',#15695,#12706,#12707);
#11392=AXIS2_PLACEMENT_3D('',#15699,#12710,#12711);
#11393=AXIS2_PLACEMENT_3D('',#15703,#12714,#12715);
#11394=AXIS2_PLACEMENT_3D('',#15705,#12717,#12718);
#11395=AXIS2_PLACEMENT_3D('',#15711,#12722,#12723);
#11396=AXIS2_PLACEMENT_3D('',#15715,#12726,#12727);
#11397=AXIS2_PLACEMENT_3D('',#15719,#12730,#12731);
#11398=AXIS2_PLACEMENT_3D('',#15721,#12733,#12734);
#11399=AXIS2_PLACEMENT_3D('',#15727,#12738,#12739);
#11400=AXIS2_PLACEMENT_3D('',#15731,#12742,#12743);
#11401=AXIS2_PLACEMENT_3D('',#15735,#12746,#12747);
#11402=AXIS2_PLACEMENT_3D('',#15737,#12749,#12750);
#11403=AXIS2_PLACEMENT_3D('',#15743,#12754,#12755);
#11404=AXIS2_PLACEMENT_3D('',#15747,#12758,#12759);
#11405=AXIS2_PLACEMENT_3D('',#15751,#12762,#12763);
#11406=AXIS2_PLACEMENT_3D('',#15753,#12765,#12766);
#11407=AXIS2_PLACEMENT_3D('',#15759,#12770,#12771);
#11408=AXIS2_PLACEMENT_3D('',#15763,#12774,#12775);
#11409=AXIS2_PLACEMENT_3D('',#15767,#12778,#12779);
#11410=AXIS2_PLACEMENT_3D('',#15769,#12781,#12782);
#11411=AXIS2_PLACEMENT_3D('',#15775,#12786,#12787);
#11412=AXIS2_PLACEMENT_3D('',#15779,#12790,#12791);
#11413=AXIS2_PLACEMENT_3D('',#15783,#12794,#12795);
#11414=AXIS2_PLACEMENT_3D('',#15785,#12797,#12798);
#11415=AXIS2_PLACEMENT_3D('',#15791,#12802,#12803);
#11416=AXIS2_PLACEMENT_3D('',#15795,#12806,#12807);
#11417=AXIS2_PLACEMENT_3D('',#15799,#12810,#12811);
#11418=AXIS2_PLACEMENT_3D('',#15801,#12813,#12814);
#11419=AXIS2_PLACEMENT_3D('',#15802,#12815,#12816);
#11420=AXIS2_PLACEMENT_3D('',#15803,#12817,#12818);
#11421=AXIS2_PLACEMENT_3D('',#15804,#12819,#12820);
#11422=AXIS2_PLACEMENT_3D('',#15805,#12821,#12822);
#11423=AXIS2_PLACEMENT_3D('',#15806,#12823,#12824);
#11424=AXIS2_PLACEMENT_3D('',#15807,#12825,#12826);
#11425=AXIS2_PLACEMENT_3D('',#15808,#12827,#12828);
#11426=AXIS2_PLACEMENT_3D('',#15809,#12829,#12830);
#11427=AXIS2_PLACEMENT_3D('',#15810,#12831,#12832);
#11428=AXIS2_PLACEMENT_3D('',#15811,#12833,#12834);
#11429=AXIS2_PLACEMENT_3D('',#15812,#12835,#12836);
#11430=AXIS2_PLACEMENT_3D('',#15821,#12841,#12842);
#11431=AXIS2_PLACEMENT_3D('',#15827,#12846,#12847);
#11432=AXIS2_PLACEMENT_3D('',#15833,#12851,#12852);
#11433=AXIS2_PLACEMENT_3D('',#16031,#12952,#12953);
#11434=AXIS2_PLACEMENT_3D('',#16229,#13053,#13054);
#11435=AXIS2_PLACEMENT_3D('',#16231,#13056,#13057);
#11436=AXIS2_PLACEMENT_3D('',#16233,#13059,#13060);
#11437=AXIS2_PLACEMENT_3D('',#16235,#13062,#13063);
#11438=AXIS2_PLACEMENT_3D('',#16237,#13065,#13066);
#11439=AXIS2_PLACEMENT_3D('',#16239,#13068,#13069);
#11440=AXIS2_PLACEMENT_3D('',#16241,#13071,#13072);
#11441=AXIS2_PLACEMENT_3D('',#16243,#13074,#13075);
#11442=AXIS2_PLACEMENT_3D('',#16245,#13077,#13078);
#11443=AXIS2_PLACEMENT_3D('',#16247,#13080,#13081);
#11444=AXIS2_PLACEMENT_3D('',#16249,#13083,#13084);
#11445=AXIS2_PLACEMENT_3D('',#16251,#13086,#13087);
#11446=AXIS2_PLACEMENT_3D('',#16253,#13089,#13090);
#11447=AXIS2_PLACEMENT_3D('',#16255,#13092,#13093);
#11448=AXIS2_PLACEMENT_3D('',#16257,#13095,#13096);
#11449=AXIS2_PLACEMENT_3D('',#16259,#13098,#13099);
#11450=AXIS2_PLACEMENT_3D('',#16261,#13101,#13102);
#11451=AXIS2_PLACEMENT_3D('',#16263,#13104,#13105);
#11452=AXIS2_PLACEMENT_3D('',#16265,#13107,#13108);
#11453=AXIS2_PLACEMENT_3D('',#16267,#13110,#13111);
#11454=AXIS2_PLACEMENT_3D('',#16269,#13113,#13114);
#11455=AXIS2_PLACEMENT_3D('',#16271,#13116,#13117);
#11456=AXIS2_PLACEMENT_3D('',#16273,#13119,#13120);
#11457=AXIS2_PLACEMENT_3D('',#16275,#13122,#13123);
#11458=AXIS2_PLACEMENT_3D('',#16277,#13125,#13126);
#11459=AXIS2_PLACEMENT_3D('',#16279,#13128,#13129);
#11460=AXIS2_PLACEMENT_3D('',#16281,#13131,#13132);
#11461=AXIS2_PLACEMENT_3D('',#16283,#13134,#13135);
#11462=AXIS2_PLACEMENT_3D('',#16285,#13137,#13138);
#11463=AXIS2_PLACEMENT_3D('',#16287,#13140,#13141);
#11464=AXIS2_PLACEMENT_3D('',#16289,#13143,#13144);
#11465=AXIS2_PLACEMENT_3D('',#16291,#13146,#13147);
#11466=AXIS2_PLACEMENT_3D('',#16293,#13149,#13150);
#11467=AXIS2_PLACEMENT_3D('',#16295,#13152,#13153);
#11468=AXIS2_PLACEMENT_3D('',#16297,#13155,#13156);
#11469=AXIS2_PLACEMENT_3D('',#16299,#13158,#13159);
#11470=AXIS2_PLACEMENT_3D('',#16301,#13161,#13162);
#11471=AXIS2_PLACEMENT_3D('',#16303,#13164,#13165);
#11472=AXIS2_PLACEMENT_3D('',#16305,#13167,#13168);
#11473=AXIS2_PLACEMENT_3D('',#16307,#13170,#13171);
#11474=AXIS2_PLACEMENT_3D('',#16309,#13173,#13174);
#11475=AXIS2_PLACEMENT_3D('',#16311,#13176,#13177);
#11476=AXIS2_PLACEMENT_3D('',#16313,#13179,#13180);
#11477=AXIS2_PLACEMENT_3D('',#16315,#13182,#13183);
#11478=AXIS2_PLACEMENT_3D('',#16317,#13185,#13186);
#11479=AXIS2_PLACEMENT_3D('',#16319,#13188,#13189);
#11480=AXIS2_PLACEMENT_3D('',#16321,#13191,#13192);
#11481=AXIS2_PLACEMENT_3D('',#16323,#13194,#13195);
#11482=AXIS2_PLACEMENT_3D('',#16325,#13197,#13198);
#11483=AXIS2_PLACEMENT_3D('',#16327,#13200,#13201);
#11484=AXIS2_PLACEMENT_3D('',#16329,#13203,#13204);
#11485=AXIS2_PLACEMENT_3D('',#16331,#13206,#13207);
#11486=AXIS2_PLACEMENT_3D('',#16333,#13209,#13210);
#11487=AXIS2_PLACEMENT_3D('',#16335,#13212,#13213);
#11488=AXIS2_PLACEMENT_3D('',#16337,#13215,#13216);
#11489=AXIS2_PLACEMENT_3D('',#16339,#13218,#13219);
#11490=AXIS2_PLACEMENT_3D('',#16341,#13221,#13222);
#11491=AXIS2_PLACEMENT_3D('',#16343,#13224,#13225);
#11492=AXIS2_PLACEMENT_3D('',#16345,#13227,#13228);
#11493=AXIS2_PLACEMENT_3D('',#16346,#13229,#13230);
#11494=AXIS2_PLACEMENT_3D('',#16352,#13234,#13235);
#11495=AXIS2_PLACEMENT_3D('',#16356,#13238,#13239);
#11496=AXIS2_PLACEMENT_3D('',#16360,#13242,#13243);
#11497=AXIS2_PLACEMENT_3D('',#16362,#13245,#13246);
#11498=AXIS2_PLACEMENT_3D('',#16368,#13250,#13251);
#11499=AXIS2_PLACEMENT_3D('',#16372,#13254,#13255);
#11500=AXIS2_PLACEMENT_3D('',#16376,#13258,#13259);
#11501=AXIS2_PLACEMENT_3D('',#16378,#13261,#13262);
#11502=AXIS2_PLACEMENT_3D('',#16384,#13266,#13267);
#11503=AXIS2_PLACEMENT_3D('',#16388,#13270,#13271);
#11504=AXIS2_PLACEMENT_3D('',#16392,#13274,#13275);
#11505=AXIS2_PLACEMENT_3D('',#16394,#13277,#13278);
#11506=AXIS2_PLACEMENT_3D('',#16400,#13282,#13283);
#11507=AXIS2_PLACEMENT_3D('',#16404,#13286,#13287);
#11508=AXIS2_PLACEMENT_3D('',#16408,#13290,#13291);
#11509=AXIS2_PLACEMENT_3D('',#16410,#13293,#13294);
#11510=AXIS2_PLACEMENT_3D('',#16416,#13298,#13299);
#11511=AXIS2_PLACEMENT_3D('',#16420,#13302,#13303);
#11512=AXIS2_PLACEMENT_3D('',#16424,#13306,#13307);
#11513=AXIS2_PLACEMENT_3D('',#16426,#13309,#13310);
#11514=AXIS2_PLACEMENT_3D('',#16432,#13314,#13315);
#11515=AXIS2_PLACEMENT_3D('',#16436,#13318,#13319);
#11516=AXIS2_PLACEMENT_3D('',#16440,#13322,#13323);
#11517=AXIS2_PLACEMENT_3D('',#16442,#13325,#13326);
#11518=AXIS2_PLACEMENT_3D('',#16448,#13330,#13331);
#11519=AXIS2_PLACEMENT_3D('',#16452,#13334,#13335);
#11520=AXIS2_PLACEMENT_3D('',#16456,#13338,#13339);
#11521=AXIS2_PLACEMENT_3D('',#16458,#13341,#13342);
#11522=AXIS2_PLACEMENT_3D('',#16464,#13346,#13347);
#11523=AXIS2_PLACEMENT_3D('',#16468,#13350,#13351);
#11524=AXIS2_PLACEMENT_3D('',#16472,#13354,#13355);
#11525=AXIS2_PLACEMENT_3D('',#16474,#13357,#13358);
#11526=AXIS2_PLACEMENT_3D('',#16480,#13362,#13363);
#11527=AXIS2_PLACEMENT_3D('',#16484,#13366,#13367);
#11528=AXIS2_PLACEMENT_3D('',#16488,#13370,#13371);
#11529=AXIS2_PLACEMENT_3D('',#16490,#13373,#13374);
#11530=AXIS2_PLACEMENT_3D('',#16496,#13378,#13379);
#11531=AXIS2_PLACEMENT_3D('',#16500,#13382,#13383);
#11532=AXIS2_PLACEMENT_3D('',#16504,#13386,#13387);
#11533=AXIS2_PLACEMENT_3D('',#16506,#13389,#13390);
#11534=AXIS2_PLACEMENT_3D('',#16512,#13394,#13395);
#11535=AXIS2_PLACEMENT_3D('',#16516,#13398,#13399);
#11536=AXIS2_PLACEMENT_3D('',#16520,#13402,#13403);
#11537=AXIS2_PLACEMENT_3D('',#16522,#13405,#13406);
#11538=AXIS2_PLACEMENT_3D('',#16528,#13410,#13411);
#11539=AXIS2_PLACEMENT_3D('',#16532,#13414,#13415);
#11540=AXIS2_PLACEMENT_3D('',#16536,#13418,#13419);
#11541=AXIS2_PLACEMENT_3D('',#16538,#13421,#13422);
#11542=AXIS2_PLACEMENT_3D('',#16544,#13426,#13427);
#11543=AXIS2_PLACEMENT_3D('',#16548,#13430,#13431);
#11544=AXIS2_PLACEMENT_3D('',#16552,#13434,#13435);
#11545=AXIS2_PLACEMENT_3D('',#16554,#13437,#13438);
#11546=AXIS2_PLACEMENT_3D('',#16560,#13442,#13443);
#11547=AXIS2_PLACEMENT_3D('',#16564,#13446,#13447);
#11548=AXIS2_PLACEMENT_3D('',#16568,#13450,#13451);
#11549=AXIS2_PLACEMENT_3D('',#16570,#13453,#13454);
#11550=AXIS2_PLACEMENT_3D('',#16576,#13458,#13459);
#11551=AXIS2_PLACEMENT_3D('',#16580,#13462,#13463);
#11552=AXIS2_PLACEMENT_3D('',#16584,#13466,#13467);
#11553=AXIS2_PLACEMENT_3D('',#16586,#13469,#13470);
#11554=AXIS2_PLACEMENT_3D('',#16592,#13474,#13475);
#11555=AXIS2_PLACEMENT_3D('',#16596,#13478,#13479);
#11556=AXIS2_PLACEMENT_3D('',#16600,#13482,#13483);
#11557=AXIS2_PLACEMENT_3D('',#16602,#13485,#13486);
#11558=AXIS2_PLACEMENT_3D('',#16608,#13490,#13491);
#11559=AXIS2_PLACEMENT_3D('',#16612,#13494,#13495);
#11560=AXIS2_PLACEMENT_3D('',#16616,#13498,#13499);
#11561=AXIS2_PLACEMENT_3D('',#16618,#13501,#13502);
#11562=AXIS2_PLACEMENT_3D('',#16624,#13506,#13507);
#11563=AXIS2_PLACEMENT_3D('',#16628,#13510,#13511);
#11564=AXIS2_PLACEMENT_3D('',#16632,#13514,#13515);
#11565=AXIS2_PLACEMENT_3D('',#16634,#13517,#13518);
#11566=AXIS2_PLACEMENT_3D('',#16640,#13522,#13523);
#11567=AXIS2_PLACEMENT_3D('',#16644,#13526,#13527);
#11568=AXIS2_PLACEMENT_3D('',#16648,#13530,#13531);
#11569=AXIS2_PLACEMENT_3D('',#16650,#13533,#13534);
#11570=AXIS2_PLACEMENT_3D('',#16656,#13538,#13539);
#11571=AXIS2_PLACEMENT_3D('',#16660,#13542,#13543);
#11572=AXIS2_PLACEMENT_3D('',#16664,#13546,#13547);
#11573=AXIS2_PLACEMENT_3D('',#16666,#13549,#13550);
#11574=AXIS2_PLACEMENT_3D('',#16672,#13554,#13555);
#11575=AXIS2_PLACEMENT_3D('',#16676,#13558,#13559);
#11576=AXIS2_PLACEMENT_3D('',#16680,#13562,#13563);
#11577=AXIS2_PLACEMENT_3D('',#16682,#13565,#13566);
#11578=AXIS2_PLACEMENT_3D('',#16688,#13570,#13571);
#11579=AXIS2_PLACEMENT_3D('',#16692,#13574,#13575);
#11580=AXIS2_PLACEMENT_3D('',#16696,#13578,#13579);
#11581=AXIS2_PLACEMENT_3D('',#16698,#13581,#13582);
#11582=AXIS2_PLACEMENT_3D('',#16704,#13586,#13587);
#11583=AXIS2_PLACEMENT_3D('',#16708,#13590,#13591);
#11584=AXIS2_PLACEMENT_3D('',#16712,#13594,#13595);
#11585=AXIS2_PLACEMENT_3D('',#16714,#13597,#13598);
#11586=AXIS2_PLACEMENT_3D('',#16720,#13602,#13603);
#11587=AXIS2_PLACEMENT_3D('',#16724,#13606,#13607);
#11588=AXIS2_PLACEMENT_3D('',#16728,#13610,#13611);
#11589=AXIS2_PLACEMENT_3D('',#16730,#13613,#13614);
#11590=AXIS2_PLACEMENT_3D('',#16736,#13618,#13619);
#11591=AXIS2_PLACEMENT_3D('',#16740,#13622,#13623);
#11592=AXIS2_PLACEMENT_3D('',#16744,#13626,#13627);
#11593=AXIS2_PLACEMENT_3D('',#16746,#13629,#13630);
#11594=AXIS2_PLACEMENT_3D('',#16752,#13634,#13635);
#11595=AXIS2_PLACEMENT_3D('',#16756,#13638,#13639);
#11596=AXIS2_PLACEMENT_3D('',#16760,#13642,#13643);
#11597=AXIS2_PLACEMENT_3D('',#16762,#13645,#13646);
#11598=AXIS2_PLACEMENT_3D('',#16768,#13650,#13651);
#11599=AXIS2_PLACEMENT_3D('',#16772,#13654,#13655);
#11600=AXIS2_PLACEMENT_3D('',#16776,#13658,#13659);
#11601=AXIS2_PLACEMENT_3D('',#16778,#13661,#13662);
#11602=AXIS2_PLACEMENT_3D('',#16784,#13666,#13667);
#11603=AXIS2_PLACEMENT_3D('',#16788,#13670,#13671);
#11604=AXIS2_PLACEMENT_3D('',#16792,#13674,#13675);
#11605=AXIS2_PLACEMENT_3D('',#16794,#13677,#13678);
#11606=AXIS2_PLACEMENT_3D('',#16800,#13682,#13683);
#11607=AXIS2_PLACEMENT_3D('',#16804,#13686,#13687);
#11608=AXIS2_PLACEMENT_3D('',#16808,#13690,#13691);
#11609=AXIS2_PLACEMENT_3D('',#16810,#13693,#13694);
#11610=AXIS2_PLACEMENT_3D('',#16816,#13698,#13699);
#11611=AXIS2_PLACEMENT_3D('',#16820,#13702,#13703);
#11612=AXIS2_PLACEMENT_3D('',#16824,#13706,#13707);
#11613=AXIS2_PLACEMENT_3D('',#16826,#13709,#13710);
#11614=AXIS2_PLACEMENT_3D('',#16832,#13714,#13715);
#11615=AXIS2_PLACEMENT_3D('',#16836,#13718,#13719);
#11616=AXIS2_PLACEMENT_3D('',#16840,#13722,#13723);
#11617=AXIS2_PLACEMENT_3D('',#16842,#13725,#13726);
#11618=AXIS2_PLACEMENT_3D('',#16848,#13730,#13731);
#11619=AXIS2_PLACEMENT_3D('',#16852,#13734,#13735);
#11620=AXIS2_PLACEMENT_3D('',#16856,#13738,#13739);
#11621=AXIS2_PLACEMENT_3D('',#16858,#13741,#13742);
#11622=AXIS2_PLACEMENT_3D('',#16864,#13746,#13747);
#11623=AXIS2_PLACEMENT_3D('',#16868,#13750,#13751);
#11624=AXIS2_PLACEMENT_3D('',#16872,#13754,#13755);
#11625=AXIS2_PLACEMENT_3D('',#16874,#13757,#13758);
#11626=AXIS2_PLACEMENT_3D('',#16880,#13762,#13763);
#11627=AXIS2_PLACEMENT_3D('',#16884,#13766,#13767);
#11628=AXIS2_PLACEMENT_3D('',#16888,#13770,#13771);
#11629=AXIS2_PLACEMENT_3D('',#16890,#13773,#13774);
#11630=AXIS2_PLACEMENT_3D('',#16896,#13778,#13779);
#11631=AXIS2_PLACEMENT_3D('',#16900,#13782,#13783);
#11632=AXIS2_PLACEMENT_3D('',#16904,#13786,#13787);
#11633=AXIS2_PLACEMENT_3D('',#16906,#13789,#13790);
#11634=AXIS2_PLACEMENT_3D('',#16912,#13794,#13795);
#11635=AXIS2_PLACEMENT_3D('',#16916,#13798,#13799);
#11636=AXIS2_PLACEMENT_3D('',#16920,#13802,#13803);
#11637=AXIS2_PLACEMENT_3D('',#16922,#13805,#13806);
#11638=AXIS2_PLACEMENT_3D('',#16928,#13810,#13811);
#11639=AXIS2_PLACEMENT_3D('',#16932,#13814,#13815);
#11640=AXIS2_PLACEMENT_3D('',#16936,#13818,#13819);
#11641=AXIS2_PLACEMENT_3D('',#16938,#13821,#13822);
#11642=AXIS2_PLACEMENT_3D('',#16944,#13826,#13827);
#11643=AXIS2_PLACEMENT_3D('',#16948,#13830,#13831);
#11644=AXIS2_PLACEMENT_3D('',#16952,#13834,#13835);
#11645=AXIS2_PLACEMENT_3D('',#16954,#13837,#13838);
#11646=AXIS2_PLACEMENT_3D('',#16960,#13842,#13843);
#11647=AXIS2_PLACEMENT_3D('',#16964,#13846,#13847);
#11648=AXIS2_PLACEMENT_3D('',#16968,#13850,#13851);
#11649=AXIS2_PLACEMENT_3D('',#16970,#13853,#13854);
#11650=AXIS2_PLACEMENT_3D('',#16976,#13858,#13859);
#11651=AXIS2_PLACEMENT_3D('',#16980,#13862,#13863);
#11652=AXIS2_PLACEMENT_3D('',#16984,#13866,#13867);
#11653=AXIS2_PLACEMENT_3D('',#16986,#13869,#13870);
#11654=AXIS2_PLACEMENT_3D('',#16987,#13871,#13872);
#11655=AXIS2_PLACEMENT_3D('',#16988,#13873,#13874);
#11656=AXIS2_PLACEMENT_3D('',#16989,#13875,#13876);
#11657=AXIS2_PLACEMENT_3D('',#16990,#13877,#13878);
#11658=AXIS2_PLACEMENT_3D('',#16991,#13879,#13880);
#11659=AXIS2_PLACEMENT_3D('',#16992,#13881,#13882);
#11660=AXIS2_PLACEMENT_3D('',#16993,#13883,#13884);
#11661=AXIS2_PLACEMENT_3D('',#16994,#13885,#13886);
#11662=AXIS2_PLACEMENT_3D('',#16995,#13887,#13888);
#11663=AXIS2_PLACEMENT_3D('',#16996,#13889,#13890);
#11664=AXIS2_PLACEMENT_3D('',#16997,#13891,#13892);
#11665=AXIS2_PLACEMENT_3D('',#16998,#13893,#13894);
#11666=AXIS2_PLACEMENT_3D('',#16999,#13895,#13896);
#11667=AXIS2_PLACEMENT_3D('',#17000,#13897,#13898);
#11668=AXIS2_PLACEMENT_3D('',#17001,#13899,#13900);
#11669=AXIS2_PLACEMENT_3D('',#17002,#13901,#13902);
#11670=AXIS2_PLACEMENT_3D('',#17003,#13903,#13904);
#11671=AXIS2_PLACEMENT_3D('',#17004,#13905,#13906);
#11672=AXIS2_PLACEMENT_3D('',#17005,#13907,#13908);
#11673=AXIS2_PLACEMENT_3D('',#17006,#13909,#13910);
#11674=AXIS2_PLACEMENT_3D('',#17007,#13911,#13912);
#11675=AXIS2_PLACEMENT_3D('',#17008,#13913,#13914);
#11676=AXIS2_PLACEMENT_3D('',#17009,#13915,#13916);
#11677=AXIS2_PLACEMENT_3D('',#17011,#13917,#13918);
#11678=AXIS2_PLACEMENT_3D('',#17013,#13919,#13920);
#11679=AXIS2_PLACEMENT_3D('',#17014,#13921,#13922);
#11680=AXIS2_PLACEMENT_3D('',#17015,#13923,#13924);
#11681=AXIS2_PLACEMENT_3D('',#17017,#13925,#13926);
#11682=AXIS2_PLACEMENT_3D('',#17019,#13928,#13929);
#11683=AXIS2_PLACEMENT_3D('',#17020,#13930,#13931);
#11684=AXIS2_PLACEMENT_3D('',#17025,#13933,#13934);
#11685=AXIS2_PLACEMENT_3D('',#17029,#13936,#13937);
#11686=AXIS2_PLACEMENT_3D('',#17033,#13939,#13940);
#11687=AXIS2_PLACEMENT_3D('',#17036,#13942,#13943);
#11688=AXIS2_PLACEMENT_3D('',#17038,#13944,#13945);
#11689=AXIS2_PLACEMENT_3D('',#17040,#13946,#13947);
#11690=AXIS2_PLACEMENT_3D('',#17041,#13948,#13949);
#11691=AXIS2_PLACEMENT_3D('',#17047,#13953,#13954);
#11692=AXIS2_PLACEMENT_3D('',#17050,#13956,#13957);
#11693=AXIS2_PLACEMENT_3D('',#17051,#13958,#13959);
#11694=AXIS2_PLACEMENT_3D('',#17054,#13961,#13962);
#11695=AXIS2_PLACEMENT_3D('',#17055,#13963,#13964);
#11696=AXIS2_PLACEMENT_3D('',#17059,#13967,#13968);
#11697=AXIS2_PLACEMENT_3D('',#17063,#13971,#13972);
#11698=AXIS2_PLACEMENT_3D('',#17065,#13973,#13974);
#11699=AXIS2_PLACEMENT_3D('',#17067,#13976,#13977);
#11700=AXIS2_PLACEMENT_3D('',#17069,#13978,#13979);
#11701=AXIS2_PLACEMENT_3D('',#17071,#13981,#13982);
#11702=AXIS2_PLACEMENT_3D('',#17073,#13984,#13985);
#11703=AXIS2_PLACEMENT_3D('',#17076,#13987,#13988);
#11704=AXIS2_PLACEMENT_3D('',#17077,#13989,#13990);
#11705=AXIS2_PLACEMENT_3D('',#17080,#13992,#13993);
#11706=AXIS2_PLACEMENT_3D('',#17081,#13994,#13995);
#11707=AXIS2_PLACEMENT_3D('',#17083,#13996,#13997);
#11708=AXIS2_PLACEMENT_3D('',#17086,#13999,#14000);
#11709=AXIS2_PLACEMENT_3D('',#17097,#14001,#14002);
#11710=AXIS2_PLACEMENT_3D('',#17098,#14003,#14004);
#11711=AXIS2_PLACEMENT_3D('',#17109,#14005,#14006);
#11712=AXIS2_PLACEMENT_3D('',#17110,#14007,#14008);
#11713=AXIS2_PLACEMENT_3D('',#17111,#14009,#14010);
#11714=AXIS2_PLACEMENT_3D('',#17113,#14011,#14012);
#11715=AXIS2_PLACEMENT_3D('',#17115,#14014,#14015);
#11716=AXIS2_PLACEMENT_3D('',#17118,#14017,#14018);
#11717=AXIS2_PLACEMENT_3D('',#17129,#14019,#14020);
#11718=AXIS2_PLACEMENT_3D('',#17130,#14021,#14022);
#11719=AXIS2_PLACEMENT_3D('',#17141,#14023,#14024);
#11720=AXIS2_PLACEMENT_3D('',#17142,#14025,#14026);
#11721=AXIS2_PLACEMENT_3D('',#17143,#14027,#14028);
#11722=AXIS2_PLACEMENT_3D('',#17145,#14030,#14031);
#11723=AXIS2_PLACEMENT_3D('',#17147,#14032,#14033);
#11724=AXIS2_PLACEMENT_3D('',#17148,#14034,#14035);
#11725=AXIS2_PLACEMENT_3D('',#17149,#14036,#14037);
#11726=AXIS2_PLACEMENT_3D('',#17151,#14038,#14039);
#11727=AXIS2_PLACEMENT_3D('',#17152,#14040,#14041);
#11728=AXIS2_PLACEMENT_3D('',#17153,#14042,#14043);
#11729=AXIS2_PLACEMENT_3D('',#17154,#14044,#14045);
#11730=AXIS2_PLACEMENT_3D('',#17155,#14046,#14047);
#11731=AXIS2_PLACEMENT_3D('',#17156,#14048,#14049);
#11732=AXIS2_PLACEMENT_3D('',#17157,#14050,#14051);
#11733=AXIS2_PLACEMENT_3D('',#17158,#14052,#14053);
#11734=AXIS2_PLACEMENT_3D('',#17167,#14058,#14059);
#11735=AXIS2_PLACEMENT_3D('',#17173,#14063,#14064);
#11736=AXIS2_PLACEMENT_3D('',#17179,#14068,#14069);
#11737=AXIS2_PLACEMENT_3D('',#17202,#14081,#14082);
#11738=AXIS2_PLACEMENT_3D('',#17204,#14083,#14084);
#11739=AXIS2_PLACEMENT_3D('',#17206,#14085,#14086);
#11740=AXIS2_PLACEMENT_3D('',#17208,#14087,#14088);
#11741=AXIS2_PLACEMENT_3D('',#17210,#14089,#14090);
#11742=AXIS2_PLACEMENT_3D('',#17212,#14091,#14092);
#11743=AXIS2_PLACEMENT_3D('',#17214,#14093,#14094);
#11744=AXIS2_PLACEMENT_3D('',#17216,#14095,#14096);
#11745=AXIS2_PLACEMENT_3D('',#17218,#14097,#14098);
#11746=AXIS2_PLACEMENT_3D('',#17220,#14099,#14100);
#11747=AXIS2_PLACEMENT_3D('',#17222,#14101,#14102);
#11748=AXIS2_PLACEMENT_3D('',#17224,#14103,#14104);
#11749=AXIS2_PLACEMENT_3D('',#17226,#14105,#14106);
#11750=AXIS2_PLACEMENT_3D('',#17228,#14107,#14108);
#11751=AXIS2_PLACEMENT_3D('',#17230,#14109,#14110);
#11752=AXIS2_PLACEMENT_3D('',#17232,#14111,#14112);
#11753=AXIS2_PLACEMENT_3D('',#17234,#14113,#14114);
#11754=AXIS2_PLACEMENT_3D('',#17236,#14115,#14116);
#11755=AXIS2_PLACEMENT_3D('',#17238,#14117,#14118);
#11756=AXIS2_PLACEMENT_3D('',#17240,#14119,#14120);
#11757=AXIS2_PLACEMENT_3D('',#17242,#14121,#14122);
#11758=AXIS2_PLACEMENT_3D('',#17244,#14123,#14124);
#11759=AXIS2_PLACEMENT_3D('',#17246,#14125,#14126);
#11760=AXIS2_PLACEMENT_3D('',#17248,#14127,#14128);
#11761=AXIS2_PLACEMENT_3D('',#17250,#14129,#14130);
#11762=AXIS2_PLACEMENT_3D('',#17252,#14131,#14132);
#11763=AXIS2_PLACEMENT_3D('',#17254,#14133,#14134);
#11764=AXIS2_PLACEMENT_3D('',#17256,#14135,#14136);
#11765=AXIS2_PLACEMENT_3D('',#17258,#14137,#14138);
#11766=AXIS2_PLACEMENT_3D('',#17260,#14139,#14140);
#11767=AXIS2_PLACEMENT_3D('',#17262,#14141,#14142);
#11768=AXIS2_PLACEMENT_3D('',#17264,#14143,#14144);
#11769=AXIS2_PLACEMENT_3D('',#17266,#14145,#14146);
#11770=AXIS2_PLACEMENT_3D('',#17268,#14147,#14148);
#11771=AXIS2_PLACEMENT_3D('',#17270,#14149,#14150);
#11772=AXIS2_PLACEMENT_3D('',#17272,#14151,#14152);
#11773=AXIS2_PLACEMENT_3D('',#17274,#14153,#14154);
#11774=AXIS2_PLACEMENT_3D('',#17276,#14155,#14156);
#11775=AXIS2_PLACEMENT_3D('',#17278,#14157,#14158);
#11776=AXIS2_PLACEMENT_3D('',#17280,#14159,#14160);
#11777=AXIS2_PLACEMENT_3D('',#17282,#14161,#14162);
#11778=AXIS2_PLACEMENT_3D('',#17284,#14163,#14164);
#11779=AXIS2_PLACEMENT_3D('',#17286,#14165,#14166);
#11780=AXIS2_PLACEMENT_3D('',#17288,#14167,#14168);
#11781=AXIS2_PLACEMENT_3D('',#17290,#14169,#14170);
#11782=AXIS2_PLACEMENT_3D('',#17292,#14171,#14172);
#11783=AXIS2_PLACEMENT_3D('',#17294,#14173,#14174);
#11784=AXIS2_PLACEMENT_3D('',#17296,#14175,#14176);
#11785=AXIS2_PLACEMENT_3D('',#17298,#14177,#14178);
#11786=AXIS2_PLACEMENT_3D('',#17300,#14179,#14180);
#11787=AXIS2_PLACEMENT_3D('',#17302,#14181,#14182);
#11788=AXIS2_PLACEMENT_3D('',#17304,#14183,#14184);
#11789=AXIS2_PLACEMENT_3D('',#17306,#14185,#14186);
#11790=AXIS2_PLACEMENT_3D('',#17308,#14187,#14188);
#11791=AXIS2_PLACEMENT_3D('',#17310,#14189,#14190);
#11792=AXIS2_PLACEMENT_3D('',#17312,#14191,#14192);
#11793=AXIS2_PLACEMENT_3D('',#17314,#14193,#14194);
#11794=AXIS2_PLACEMENT_3D('',#17316,#14195,#14196);
#11795=AXIS2_PLACEMENT_3D('',#17318,#14197,#14198);
#11796=AXIS2_PLACEMENT_3D('',#17320,#14199,#14200);
#11797=AXIS2_PLACEMENT_3D('',#17322,#14201,#14202);
#11798=AXIS2_PLACEMENT_3D('',#17324,#14203,#14204);
#11799=AXIS2_PLACEMENT_3D('',#17326,#14205,#14206);
#11800=AXIS2_PLACEMENT_3D('',#17328,#14207,#14208);
#11801=AXIS2_PLACEMENT_3D('',#17330,#14209,#14210);
#11802=AXIS2_PLACEMENT_3D('',#17332,#14211,#14212);
#11803=AXIS2_PLACEMENT_3D('',#17334,#14213,#14214);
#11804=AXIS2_PLACEMENT_3D('',#17336,#14215,#14216);
#11805=AXIS2_PLACEMENT_3D('',#17338,#14217,#14218);
#11806=AXIS2_PLACEMENT_3D('',#17340,#14219,#14220);
#11807=AXIS2_PLACEMENT_3D('',#17342,#14221,#14222);
#11808=AXIS2_PLACEMENT_3D('',#17344,#14223,#14224);
#11809=AXIS2_PLACEMENT_3D('',#17346,#14225,#14226);
#11810=AXIS2_PLACEMENT_3D('',#17348,#14227,#14228);
#11811=AXIS2_PLACEMENT_3D('',#17350,#14229,#14230);
#11812=AXIS2_PLACEMENT_3D('',#17352,#14231,#14232);
#11813=AXIS2_PLACEMENT_3D('',#17354,#14233,#14234);
#11814=AXIS2_PLACEMENT_3D('',#17356,#14235,#14236);
#11815=AXIS2_PLACEMENT_3D('',#17358,#14237,#14238);
#11816=AXIS2_PLACEMENT_3D('',#17360,#14239,#14240);
#11817=AXIS2_PLACEMENT_3D('',#17362,#14241,#14242);
#11818=AXIS2_PLACEMENT_3D('',#17364,#14243,#14244);
#11819=AXIS2_PLACEMENT_3D('',#17366,#14245,#14246);
#11820=AXIS2_PLACEMENT_3D('',#17368,#14247,#14248);
#11821=AXIS2_PLACEMENT_3D('',#17370,#14249,#14250);
#11822=AXIS2_PLACEMENT_3D('',#17372,#14251,#14252);
#11823=AXIS2_PLACEMENT_3D('',#17374,#14253,#14254);
#11824=AXIS2_PLACEMENT_3D('',#17376,#14255,#14256);
#11825=AXIS2_PLACEMENT_3D('',#17378,#14257,#14258);
#11826=AXIS2_PLACEMENT_3D('',#17380,#14259,#14260);
#11827=AXIS2_PLACEMENT_3D('',#17382,#14261,#14262);
#11828=AXIS2_PLACEMENT_3D('',#17384,#14263,#14264);
#11829=AXIS2_PLACEMENT_3D('',#17386,#14265,#14266);
#11830=AXIS2_PLACEMENT_3D('',#17388,#14267,#14268);
#11831=AXIS2_PLACEMENT_3D('',#17390,#14269,#14270);
#11832=AXIS2_PLACEMENT_3D('',#17392,#14271,#14272);
#11833=AXIS2_PLACEMENT_3D('',#17394,#14273,#14274);
#11834=AXIS2_PLACEMENT_3D('',#17396,#14275,#14276);
#11835=AXIS2_PLACEMENT_3D('',#17398,#14277,#14278);
#11836=AXIS2_PLACEMENT_3D('',#17400,#14279,#14280);
#11837=AXIS2_PLACEMENT_3D('',#17402,#14281,#14282);
#11838=AXIS2_PLACEMENT_3D('',#17404,#14283,#14284);
#11839=AXIS2_PLACEMENT_3D('',#17406,#14285,#14286);
#11840=AXIS2_PLACEMENT_3D('',#17408,#14287,#14288);
#11841=AXIS2_PLACEMENT_3D('',#17410,#14289,#14290);
#11842=AXIS2_PLACEMENT_3D('',#17412,#14291,#14292);
#11843=AXIS2_PLACEMENT_3D('',#17414,#14293,#14294);
#11844=AXIS2_PLACEMENT_3D('',#17416,#14295,#14296);
#11845=AXIS2_PLACEMENT_3D('',#17418,#14297,#14298);
#11846=AXIS2_PLACEMENT_3D('',#17420,#14299,#14300);
#11847=AXIS2_PLACEMENT_3D('',#17422,#14301,#14302);
#11848=AXIS2_PLACEMENT_3D('',#17424,#14303,#14304);
#11849=AXIS2_PLACEMENT_3D('',#17426,#14305,#14306);
#11850=AXIS2_PLACEMENT_3D('',#17428,#14307,#14308);
#11851=AXIS2_PLACEMENT_3D('',#17430,#14309,#14310);
#11852=AXIS2_PLACEMENT_3D('',#17432,#14311,#14312);
#11853=AXIS2_PLACEMENT_3D('',#17434,#14313,#14314);
#11854=AXIS2_PLACEMENT_3D('',#17436,#14315,#14316);
#11855=AXIS2_PLACEMENT_3D('',#17438,#14317,#14318);
#11856=AXIS2_PLACEMENT_3D('',#17440,#14319,#14320);
#11857=AXIS2_PLACEMENT_3D('',#17442,#14321,#14322);
#11858=AXIS2_PLACEMENT_3D('',#17444,#14323,#14324);
#11859=AXIS2_PLACEMENT_3D('',#17446,#14325,#14326);
#11860=AXIS2_PLACEMENT_3D('',#17448,#14327,#14328);
#11861=AXIS2_PLACEMENT_3D('',#17450,#14329,#14330);
#11862=AXIS2_PLACEMENT_3D('',#17452,#14331,#14332);
#11863=AXIS2_PLACEMENT_3D('',#17454,#14333,#14334);
#11864=AXIS2_PLACEMENT_3D('',#17456,#14335,#14336);
#11865=AXIS2_PLACEMENT_3D('',#17458,#14337,#14338);
#11866=AXIS2_PLACEMENT_3D('',#17460,#14339,#14340);
#11867=AXIS2_PLACEMENT_3D('',#17462,#14341,#14342);
#11868=AXIS2_PLACEMENT_3D('',#17464,#14343,#14344);
#11869=AXIS2_PLACEMENT_3D('',#17466,#14345,#14346);
#11870=AXIS2_PLACEMENT_3D('',#17467,#14347,#14348);
#11871=AXIS2_PLACEMENT_3D('',#17490,#14360,#14361);
#11872=AXIS2_PLACEMENT_3D('',#17492,#14362,#14363);
#11873=AXIS2_PLACEMENT_3D('',#17494,#14364,#14365);
#11874=AXIS2_PLACEMENT_3D('',#17496,#14366,#14367);
#11875=AXIS2_PLACEMENT_3D('',#17498,#14368,#14369);
#11876=AXIS2_PLACEMENT_3D('',#17500,#14370,#14371);
#11877=AXIS2_PLACEMENT_3D('',#17502,#14372,#14373);
#11878=AXIS2_PLACEMENT_3D('',#17504,#14374,#14375);
#11879=AXIS2_PLACEMENT_3D('',#17506,#14376,#14377);
#11880=AXIS2_PLACEMENT_3D('',#17508,#14378,#14379);
#11881=AXIS2_PLACEMENT_3D('',#17510,#14380,#14381);
#11882=AXIS2_PLACEMENT_3D('',#17512,#14382,#14383);
#11883=AXIS2_PLACEMENT_3D('',#17514,#14384,#14385);
#11884=AXIS2_PLACEMENT_3D('',#17516,#14386,#14387);
#11885=AXIS2_PLACEMENT_3D('',#17518,#14388,#14389);
#11886=AXIS2_PLACEMENT_3D('',#17520,#14390,#14391);
#11887=AXIS2_PLACEMENT_3D('',#17522,#14392,#14393);
#11888=AXIS2_PLACEMENT_3D('',#17524,#14394,#14395);
#11889=AXIS2_PLACEMENT_3D('',#17526,#14396,#14397);
#11890=AXIS2_PLACEMENT_3D('',#17528,#14398,#14399);
#11891=AXIS2_PLACEMENT_3D('',#17530,#14400,#14401);
#11892=AXIS2_PLACEMENT_3D('',#17532,#14402,#14403);
#11893=AXIS2_PLACEMENT_3D('',#17534,#14404,#14405);
#11894=AXIS2_PLACEMENT_3D('',#17536,#14406,#14407);
#11895=AXIS2_PLACEMENT_3D('',#17538,#14408,#14409);
#11896=AXIS2_PLACEMENT_3D('',#17540,#14410,#14411);
#11897=AXIS2_PLACEMENT_3D('',#17542,#14412,#14413);
#11898=AXIS2_PLACEMENT_3D('',#17544,#14414,#14415);
#11899=AXIS2_PLACEMENT_3D('',#17546,#14416,#14417);
#11900=AXIS2_PLACEMENT_3D('',#17548,#14418,#14419);
#11901=AXIS2_PLACEMENT_3D('',#17550,#14420,#14421);
#11902=AXIS2_PLACEMENT_3D('',#17552,#14422,#14423);
#11903=AXIS2_PLACEMENT_3D('',#17554,#14424,#14425);
#11904=AXIS2_PLACEMENT_3D('',#17556,#14426,#14427);
#11905=AXIS2_PLACEMENT_3D('',#17558,#14428,#14429);
#11906=AXIS2_PLACEMENT_3D('',#17560,#14430,#14431);
#11907=AXIS2_PLACEMENT_3D('',#17562,#14432,#14433);
#11908=AXIS2_PLACEMENT_3D('',#17564,#14434,#14435);
#11909=AXIS2_PLACEMENT_3D('',#17566,#14436,#14437);
#11910=AXIS2_PLACEMENT_3D('',#17568,#14438,#14439);
#11911=AXIS2_PLACEMENT_3D('',#17570,#14440,#14441);
#11912=AXIS2_PLACEMENT_3D('',#17572,#14442,#14443);
#11913=AXIS2_PLACEMENT_3D('',#17574,#14444,#14445);
#11914=AXIS2_PLACEMENT_3D('',#17576,#14446,#14447);
#11915=AXIS2_PLACEMENT_3D('',#17578,#14448,#14449);
#11916=AXIS2_PLACEMENT_3D('',#17580,#14450,#14451);
#11917=AXIS2_PLACEMENT_3D('',#17582,#14452,#14453);
#11918=AXIS2_PLACEMENT_3D('',#17584,#14454,#14455);
#11919=AXIS2_PLACEMENT_3D('',#17586,#14456,#14457);
#11920=AXIS2_PLACEMENT_3D('',#17588,#14458,#14459);
#11921=AXIS2_PLACEMENT_3D('',#17590,#14460,#14461);
#11922=AXIS2_PLACEMENT_3D('',#17592,#14462,#14463);
#11923=AXIS2_PLACEMENT_3D('',#17594,#14464,#14465);
#11924=AXIS2_PLACEMENT_3D('',#17596,#14466,#14467);
#11925=AXIS2_PLACEMENT_3D('',#17598,#14468,#14469);
#11926=AXIS2_PLACEMENT_3D('',#17600,#14470,#14471);
#11927=AXIS2_PLACEMENT_3D('',#17602,#14472,#14473);
#11928=AXIS2_PLACEMENT_3D('',#17604,#14474,#14475);
#11929=AXIS2_PLACEMENT_3D('',#17606,#14476,#14477);
#11930=AXIS2_PLACEMENT_3D('',#17608,#14478,#14479);
#11931=AXIS2_PLACEMENT_3D('',#17610,#14480,#14481);
#11932=AXIS2_PLACEMENT_3D('',#17612,#14482,#14483);
#11933=AXIS2_PLACEMENT_3D('',#17614,#14484,#14485);
#11934=AXIS2_PLACEMENT_3D('',#17616,#14486,#14487);
#11935=AXIS2_PLACEMENT_3D('',#17618,#14488,#14489);
#11936=AXIS2_PLACEMENT_3D('',#17620,#14490,#14491);
#11937=AXIS2_PLACEMENT_3D('',#17622,#14492,#14493);
#11938=AXIS2_PLACEMENT_3D('',#17624,#14494,#14495);
#11939=AXIS2_PLACEMENT_3D('',#17626,#14496,#14497);
#11940=AXIS2_PLACEMENT_3D('',#17628,#14498,#14499);
#11941=AXIS2_PLACEMENT_3D('',#17630,#14500,#14501);
#11942=AXIS2_PLACEMENT_3D('',#17632,#14502,#14503);
#11943=AXIS2_PLACEMENT_3D('',#17634,#14504,#14505);
#11944=AXIS2_PLACEMENT_3D('',#17636,#14506,#14507);
#11945=AXIS2_PLACEMENT_3D('',#17638,#14508,#14509);
#11946=AXIS2_PLACEMENT_3D('',#17640,#14510,#14511);
#11947=AXIS2_PLACEMENT_3D('',#17642,#14512,#14513);
#11948=AXIS2_PLACEMENT_3D('',#17644,#14514,#14515);
#11949=AXIS2_PLACEMENT_3D('',#17646,#14516,#14517);
#11950=AXIS2_PLACEMENT_3D('',#17648,#14518,#14519);
#11951=AXIS2_PLACEMENT_3D('',#17650,#14520,#14521);
#11952=AXIS2_PLACEMENT_3D('',#17652,#14522,#14523);
#11953=AXIS2_PLACEMENT_3D('',#17654,#14524,#14525);
#11954=AXIS2_PLACEMENT_3D('',#17656,#14526,#14527);
#11955=AXIS2_PLACEMENT_3D('',#17658,#14528,#14529);
#11956=AXIS2_PLACEMENT_3D('',#17660,#14530,#14531);
#11957=AXIS2_PLACEMENT_3D('',#17662,#14532,#14533);
#11958=AXIS2_PLACEMENT_3D('',#17664,#14534,#14535);
#11959=AXIS2_PLACEMENT_3D('',#17666,#14536,#14537);
#11960=AXIS2_PLACEMENT_3D('',#17668,#14538,#14539);
#11961=AXIS2_PLACEMENT_3D('',#17670,#14540,#14541);
#11962=AXIS2_PLACEMENT_3D('',#17672,#14542,#14543);
#11963=AXIS2_PLACEMENT_3D('',#17674,#14544,#14545);
#11964=AXIS2_PLACEMENT_3D('',#17676,#14546,#14547);
#11965=AXIS2_PLACEMENT_3D('',#17678,#14548,#14549);
#11966=AXIS2_PLACEMENT_3D('',#17680,#14550,#14551);
#11967=AXIS2_PLACEMENT_3D('',#17682,#14552,#14553);
#11968=AXIS2_PLACEMENT_3D('',#17684,#14554,#14555);
#11969=AXIS2_PLACEMENT_3D('',#17686,#14556,#14557);
#11970=AXIS2_PLACEMENT_3D('',#17688,#14558,#14559);
#11971=AXIS2_PLACEMENT_3D('',#17690,#14560,#14561);
#11972=AXIS2_PLACEMENT_3D('',#17692,#14562,#14563);
#11973=AXIS2_PLACEMENT_3D('',#17694,#14564,#14565);
#11974=AXIS2_PLACEMENT_3D('',#17696,#14566,#14567);
#11975=AXIS2_PLACEMENT_3D('',#17698,#14568,#14569);
#11976=AXIS2_PLACEMENT_3D('',#17700,#14570,#14571);
#11977=AXIS2_PLACEMENT_3D('',#17702,#14572,#14573);
#11978=AXIS2_PLACEMENT_3D('',#17704,#14574,#14575);
#11979=AXIS2_PLACEMENT_3D('',#17706,#14576,#14577);
#11980=AXIS2_PLACEMENT_3D('',#17708,#14578,#14579);
#11981=AXIS2_PLACEMENT_3D('',#17710,#14580,#14581);
#11982=AXIS2_PLACEMENT_3D('',#17712,#14582,#14583);
#11983=AXIS2_PLACEMENT_3D('',#17714,#14584,#14585);
#11984=AXIS2_PLACEMENT_3D('',#17716,#14586,#14587);
#11985=AXIS2_PLACEMENT_3D('',#17718,#14588,#14589);
#11986=AXIS2_PLACEMENT_3D('',#17720,#14590,#14591);
#11987=AXIS2_PLACEMENT_3D('',#17722,#14592,#14593);
#11988=AXIS2_PLACEMENT_3D('',#17724,#14594,#14595);
#11989=AXIS2_PLACEMENT_3D('',#17726,#14596,#14597);
#11990=AXIS2_PLACEMENT_3D('',#17728,#14598,#14599);
#11991=AXIS2_PLACEMENT_3D('',#17730,#14600,#14601);
#11992=AXIS2_PLACEMENT_3D('',#17732,#14602,#14603);
#11993=AXIS2_PLACEMENT_3D('',#17734,#14604,#14605);
#11994=AXIS2_PLACEMENT_3D('',#17736,#14606,#14607);
#11995=AXIS2_PLACEMENT_3D('',#17738,#14608,#14609);
#11996=AXIS2_PLACEMENT_3D('',#17740,#14610,#14611);
#11997=AXIS2_PLACEMENT_3D('',#17742,#14612,#14613);
#11998=AXIS2_PLACEMENT_3D('',#17744,#14614,#14615);
#11999=AXIS2_PLACEMENT_3D('',#17746,#14616,#14617);
#12000=AXIS2_PLACEMENT_3D('',#17748,#14618,#14619);
#12001=AXIS2_PLACEMENT_3D('',#17750,#14620,#14621);
#12002=AXIS2_PLACEMENT_3D('',#17752,#14622,#14623);
#12003=AXIS2_PLACEMENT_3D('',#17754,#14624,#14625);
#12004=AXIS2_PLACEMENT_3D('',#17755,#14626,#14627);
#12005=AXIS2_PLACEMENT_3D('',#17757,#14629,#14630);
#12006=AXIS2_PLACEMENT_3D('',#17759,#14632,#14633);
#12007=AXIS2_PLACEMENT_3D('',#17761,#14635,#14636);
#12008=AXIS2_PLACEMENT_3D('',#17763,#14638,#14639);
#12009=AXIS2_PLACEMENT_3D('',#17765,#14641,#14642);
#12010=AXIS2_PLACEMENT_3D('',#17767,#14644,#14645);
#12011=AXIS2_PLACEMENT_3D('',#17769,#14647,#14648);
#12012=AXIS2_PLACEMENT_3D('',#17771,#14650,#14651);
#12013=AXIS2_PLACEMENT_3D('',#17773,#14653,#14654);
#12014=AXIS2_PLACEMENT_3D('',#17775,#14656,#14657);
#12015=AXIS2_PLACEMENT_3D('',#17776,#14658,#14659);
#12016=AXIS2_PLACEMENT_3D('',#17778,#14661,#14662);
#12017=AXIS2_PLACEMENT_3D('',#17780,#14664,#14665);
#12018=AXIS2_PLACEMENT_3D('',#17782,#14667,#14668);
#12019=AXIS2_PLACEMENT_3D('',#17784,#14670,#14671);
#12020=AXIS2_PLACEMENT_3D('',#17786,#14673,#14674);
#12021=AXIS2_PLACEMENT_3D('',#17788,#14676,#14677);
#12022=AXIS2_PLACEMENT_3D('',#17790,#14679,#14680);
#12023=AXIS2_PLACEMENT_3D('',#17792,#14682,#14683);
#12024=AXIS2_PLACEMENT_3D('',#17794,#14685,#14686);
#12025=AXIS2_PLACEMENT_3D('',#17796,#14688,#14689);
#12026=AXIS2_PLACEMENT_3D('',#17798,#14691,#14692);
#12027=AXIS2_PLACEMENT_3D('',#17800,#14694,#14695);
#12028=AXIS2_PLACEMENT_3D('',#17802,#14697,#14698);
#12029=AXIS2_PLACEMENT_3D('',#17804,#14700,#14701);
#12030=AXIS2_PLACEMENT_3D('',#17806,#14703,#14704);
#12031=AXIS2_PLACEMENT_3D('',#17808,#14706,#14707);
#12032=AXIS2_PLACEMENT_3D('',#17810,#14709,#14710);
#12033=AXIS2_PLACEMENT_3D('',#17812,#14712,#14713);
#12034=AXIS2_PLACEMENT_3D('',#17814,#14715,#14716);
#12035=AXIS2_PLACEMENT_3D('',#17816,#14718,#14719);
#12036=AXIS2_PLACEMENT_3D('',#17818,#14721,#14722);
#12037=AXIS2_PLACEMENT_3D('',#17820,#14724,#14725);
#12038=AXIS2_PLACEMENT_3D('',#17822,#14727,#14728);
#12039=AXIS2_PLACEMENT_3D('',#17824,#14730,#14731);
#12040=AXIS2_PLACEMENT_3D('',#17826,#14733,#14734);
#12041=AXIS2_PLACEMENT_3D('',#17828,#14736,#14737);
#12042=AXIS2_PLACEMENT_3D('',#17830,#14739,#14740);
#12043=AXIS2_PLACEMENT_3D('',#17832,#14742,#14743);
#12044=AXIS2_PLACEMENT_3D('',#17834,#14745,#14746);
#12045=AXIS2_PLACEMENT_3D('',#17836,#14748,#14749);
#12046=AXIS2_PLACEMENT_3D('',#17838,#14751,#14752);
#12047=AXIS2_PLACEMENT_3D('',#17840,#14754,#14755);
#12048=AXIS2_PLACEMENT_3D('',#17842,#14757,#14758);
#12049=AXIS2_PLACEMENT_3D('',#17844,#14760,#14761);
#12050=AXIS2_PLACEMENT_3D('',#17846,#14763,#14764);
#12051=AXIS2_PLACEMENT_3D('',#17848,#14766,#14767);
#12052=AXIS2_PLACEMENT_3D('',#17850,#14769,#14770);
#12053=AXIS2_PLACEMENT_3D('',#17852,#14772,#14773);
#12054=AXIS2_PLACEMENT_3D('',#17854,#14775,#14776);
#12055=AXIS2_PLACEMENT_3D('',#17856,#14778,#14779);
#12056=AXIS2_PLACEMENT_3D('',#17858,#14781,#14782);
#12057=AXIS2_PLACEMENT_3D('',#17860,#14784,#14785);
#12058=AXIS2_PLACEMENT_3D('',#17862,#14787,#14788);
#12059=AXIS2_PLACEMENT_3D('',#17864,#14790,#14791);
#12060=AXIS2_PLACEMENT_3D('',#17866,#14793,#14794);
#12061=AXIS2_PLACEMENT_3D('',#17868,#14796,#14797);
#12062=AXIS2_PLACEMENT_3D('',#17870,#14799,#14800);
#12063=AXIS2_PLACEMENT_3D('',#17872,#14802,#14803);
#12064=AXIS2_PLACEMENT_3D('',#17874,#14805,#14806);
#12065=AXIS2_PLACEMENT_3D('',#17876,#14808,#14809);
#12066=AXIS2_PLACEMENT_3D('',#17878,#14811,#14812);
#12067=AXIS2_PLACEMENT_3D('',#17880,#14814,#14815);
#12068=AXIS2_PLACEMENT_3D('',#17882,#14817,#14818);
#12069=AXIS2_PLACEMENT_3D('',#17884,#14820,#14821);
#12070=AXIS2_PLACEMENT_3D('',#17886,#14823,#14824);
#12071=AXIS2_PLACEMENT_3D('',#17888,#14826,#14827);
#12072=AXIS2_PLACEMENT_3D('',#17890,#14829,#14830);
#12073=AXIS2_PLACEMENT_3D('',#17892,#14832,#14833);
#12074=AXIS2_PLACEMENT_3D('',#17894,#14835,#14836);
#12075=AXIS2_PLACEMENT_3D('',#17896,#14838,#14839);
#12076=AXIS2_PLACEMENT_3D('',#17898,#14841,#14842);
#12077=AXIS2_PLACEMENT_3D('',#17900,#14844,#14845);
#12078=AXIS2_PLACEMENT_3D('',#17902,#14847,#14848);
#12079=AXIS2_PLACEMENT_3D('',#17904,#14850,#14851);
#12080=AXIS2_PLACEMENT_3D('',#17906,#14853,#14854);
#12081=AXIS2_PLACEMENT_3D('',#17908,#14856,#14857);
#12082=AXIS2_PLACEMENT_3D('',#17910,#14859,#14860);
#12083=AXIS2_PLACEMENT_3D('',#17912,#14862,#14863);
#12084=AXIS2_PLACEMENT_3D('',#17914,#14865,#14866);
#12085=AXIS2_PLACEMENT_3D('',#17916,#14868,#14869);
#12086=AXIS2_PLACEMENT_3D('',#17918,#14871,#14872);
#12087=AXIS2_PLACEMENT_3D('',#17920,#14874,#14875);
#12088=AXIS2_PLACEMENT_3D('',#17922,#14877,#14878);
#12089=AXIS2_PLACEMENT_3D('',#17924,#14880,#14881);
#12090=AXIS2_PLACEMENT_3D('',#17926,#14883,#14884);
#12091=AXIS2_PLACEMENT_3D('',#17928,#14886,#14887);
#12092=AXIS2_PLACEMENT_3D('',#17930,#14889,#14890);
#12093=AXIS2_PLACEMENT_3D('',#17932,#14892,#14893);
#12094=AXIS2_PLACEMENT_3D('',#17934,#14895,#14896);
#12095=AXIS2_PLACEMENT_3D('',#17936,#14898,#14899);
#12096=AXIS2_PLACEMENT_3D('',#17938,#14901,#14902);
#12097=AXIS2_PLACEMENT_3D('',#17940,#14904,#14905);
#12098=AXIS2_PLACEMENT_3D('',#17942,#14907,#14908);
#12099=AXIS2_PLACEMENT_3D('',#17944,#14910,#14911);
#12100=AXIS2_PLACEMENT_3D('',#17946,#14913,#14914);
#12101=AXIS2_PLACEMENT_3D('',#17948,#14916,#14917);
#12102=AXIS2_PLACEMENT_3D('',#17950,#14919,#14920);
#12103=AXIS2_PLACEMENT_3D('',#17952,#14922,#14923);
#12104=AXIS2_PLACEMENT_3D('',#17954,#14925,#14926);
#12105=AXIS2_PLACEMENT_3D('',#17956,#14928,#14929);
#12106=AXIS2_PLACEMENT_3D('',#17958,#14931,#14932);
#12107=AXIS2_PLACEMENT_3D('',#17960,#14934,#14935);
#12108=AXIS2_PLACEMENT_3D('',#17962,#14937,#14938);
#12109=AXIS2_PLACEMENT_3D('',#17964,#14940,#14941);
#12110=AXIS2_PLACEMENT_3D('',#17966,#14943,#14944);
#12111=AXIS2_PLACEMENT_3D('',#17968,#14946,#14947);
#12112=AXIS2_PLACEMENT_3D('',#17970,#14949,#14950);
#12113=AXIS2_PLACEMENT_3D('',#17972,#14952,#14953);
#12114=AXIS2_PLACEMENT_3D('',#17974,#14955,#14956);
#12115=AXIS2_PLACEMENT_3D('',#17976,#14958,#14959);
#12116=AXIS2_PLACEMENT_3D('',#17978,#14961,#14962);
#12117=AXIS2_PLACEMENT_3D('',#17980,#14964,#14965);
#12118=AXIS2_PLACEMENT_3D('',#17982,#14967,#14968);
#12119=AXIS2_PLACEMENT_3D('',#17984,#14970,#14971);
#12120=AXIS2_PLACEMENT_3D('',#17986,#14973,#14974);
#12121=AXIS2_PLACEMENT_3D('',#17988,#14976,#14977);
#12122=AXIS2_PLACEMENT_3D('',#17990,#14979,#14980);
#12123=AXIS2_PLACEMENT_3D('',#17992,#14982,#14983);
#12124=AXIS2_PLACEMENT_3D('',#17994,#14985,#14986);
#12125=AXIS2_PLACEMENT_3D('',#17996,#14988,#14989);
#12126=AXIS2_PLACEMENT_3D('',#17998,#14991,#14992);
#12127=AXIS2_PLACEMENT_3D('',#18000,#14994,#14995);
#12128=AXIS2_PLACEMENT_3D('',#18002,#14997,#14998);
#12129=AXIS2_PLACEMENT_3D('',#18004,#15000,#15001);
#12130=AXIS2_PLACEMENT_3D('',#18006,#15003,#15004);
#12131=AXIS2_PLACEMENT_3D('',#18008,#15006,#15007);
#12132=AXIS2_PLACEMENT_3D('',#18010,#15009,#15010);
#12133=AXIS2_PLACEMENT_3D('',#18012,#15012,#15013);
#12134=AXIS2_PLACEMENT_3D('',#18014,#15015,#15016);
#12135=AXIS2_PLACEMENT_3D('',#18016,#15018,#15019);
#12136=AXIS2_PLACEMENT_3D('',#18018,#15021,#15022);
#12137=AXIS2_PLACEMENT_3D('',#18020,#15024,#15025);
#12138=AXIS2_PLACEMENT_3D('',#18022,#15027,#15028);
#12139=AXIS2_PLACEMENT_3D('',#18024,#15030,#15031);
#12140=AXIS2_PLACEMENT_3D('',#18026,#15033,#15034);
#12141=AXIS2_PLACEMENT_3D('',#18028,#15036,#15037);
#12142=AXIS2_PLACEMENT_3D('',#18030,#15039,#15040);
#12143=AXIS2_PLACEMENT_3D('',#18032,#15042,#15043);
#12144=AXIS2_PLACEMENT_3D('',#18034,#15045,#15046);
#12145=AXIS2_PLACEMENT_3D('',#18036,#15048,#15049);
#12146=AXIS2_PLACEMENT_3D('',#18038,#15051,#15052);
#12147=AXIS2_PLACEMENT_3D('',#18040,#15054,#15055);
#12148=AXIS2_PLACEMENT_3D('',#18042,#15057,#15058);
#12149=AXIS2_PLACEMENT_3D('',#18043,#15059,#15060);
#12150=AXIS2_PLACEMENT_3D('',#18044,#15061,#15062);
#12151=AXIS2_PLACEMENT_3D('',#18045,#15063,#15064);
#12152=AXIS2_PLACEMENT_3D('',#18046,#15065,#15066);
#12153=DIRECTION('axis',(0.,0.,1.));
#12154=DIRECTION('refdir',(1.,0.,0.));
#12155=DIRECTION('axis',(0.,0.,1.));
#12156=DIRECTION('refdir',(1.,0.,0.));
#12157=DIRECTION('axis',(0.,0.,1.));
#12158=DIRECTION('refdir',(1.,0.,0.));
#12159=DIRECTION('center_axis',(0.707106781186548,-0.707106781186548,0.));
#12160=DIRECTION('ref_axis',(-0.707106781186548,-0.707106781186548,0.));
#12161=DIRECTION('',(0.,0.,1.));
#12162=DIRECTION('',(-0.707106781186548,-0.707106781186548,0.));
#12163=DIRECTION('',(0.,0.,1.));
#12164=DIRECTION('',(-0.707106781186548,-0.707106781186548,0.));
#12165=DIRECTION('center_axis',(0.,-1.,0.));
#12166=DIRECTION('ref_axis',(-1.,0.,0.));
#12167=DIRECTION('',(0.,0.,1.));
#12168=DIRECTION('',(-1.,0.,0.));
#12169=DIRECTION('',(-1.,0.,0.));
#12170=DIRECTION('center_axis',(1.,0.,0.));
#12171=DIRECTION('ref_axis',(0.,-1.,0.));
#12172=DIRECTION('',(0.,-1.,0.));
#12173=DIRECTION('',(0.,0.,1.));
#12174=DIRECTION('',(0.,-1.,0.));
#12175=DIRECTION('center_axis',(0.,0.,1.));
#12176=DIRECTION('ref_axis',(1.,0.,0.));
#12177=DIRECTION('',(-0.707106781186548,0.707106781186548,0.));
#12178=DIRECTION('',(0.,1.,0.));
#12179=DIRECTION('',(0.707106781186548,0.707106781186548,0.));
#12180=DIRECTION('',(-0.707106781186548,0.707106781186548,0.));
#12181=DIRECTION('',(0.,1.,0.));
#12182=DIRECTION('',(0.707106781186548,0.707106781186548,0.));
#12183=DIRECTION('',(1.,0.,0.));
#12184=DIRECTION('',(0.707106781186548,-0.707106781186548,0.));
#12185=DIRECTION('',(0.,-1.,0.));
#12186=DIRECTION('',(-0.707106781186548,-0.707106781186548,0.));
#12187=DIRECTION('',(0.707106781186548,-0.707106781186548,0.));
#12188=DIRECTION('',(-1.,0.,0.));
#12189=DIRECTION('',(0.,1.,0.));
#12190=DIRECTION('',(-1.,0.,0.));
#12191=DIRECTION('',(0.,1.,0.));
#12192=DIRECTION('',(-1.,0.,0.));
#12193=DIRECTION('',(0.,1.,0.));
#12194=DIRECTION('',(-1.,0.,0.));
#12195=DIRECTION('',(0.,1.,0.));
#12196=DIRECTION('center_axis',(0.,0.,1.));
#12197=DIRECTION('ref_axis',(1.,0.,0.));
#12198=DIRECTION('',(0.707106781186548,-0.707106781186548,0.));
#12199=DIRECTION('',(-0.707106781186548,-0.707106781186548,0.));
#12200=DIRECTION('',(0.,-1.,0.));
#12201=DIRECTION('',(0.707106781186548,-0.707106781186548,0.));
#12202=DIRECTION('',(1.,0.,0.));
#12203=DIRECTION('',(0.707106781186548,0.707106781186548,0.));
#12204=DIRECTION('',(0.,1.,0.));
#12205=DIRECTION('',(-0.707106781186548,0.707106781186548,0.));
#12206=DIRECTION('',(0.707106781186548,0.707106781186548,0.));
#12207=DIRECTION('',(0.,1.,0.));
#12208=DIRECTION('',(-0.707106781186548,0.707106781186548,0.));
#12209=DIRECTION('',(-1.,0.,0.));
#12210=DIRECTION('',(0.,1.,0.));
#12211=DIRECTION('',(-1.,0.,0.));
#12212=DIRECTION('',(0.,1.,0.));
#12213=DIRECTION('',(-1.,0.,0.));
#12214=DIRECTION('',(0.,1.,0.));
#12215=DIRECTION('',(-1.,0.,0.));
#12216=DIRECTION('',(0.,1.,0.));
#12217=DIRECTION('center_axis',(-0.707106781186548,-0.707106781186548,0.));
#12218=DIRECTION('ref_axis',(-0.707106781186548,0.707106781186548,0.));
#12219=DIRECTION('',(0.,0.,1.));
#12220=DIRECTION('center_axis',(0.707106781186548,0.707106781186548,0.));
#12221=DIRECTION('ref_axis',(0.707106781186548,-0.707106781186548,0.));
#12222=DIRECTION('',(0.,0.,1.));
#12223=DIRECTION('center_axis',(-1.,0.,0.));
#12224=DIRECTION('ref_axis',(0.,1.,0.));
#12225=DIRECTION('',(0.,0.,1.));
#12226=DIRECTION('center_axis',(0.707106781186548,-0.707106781186548,0.));
#12227=DIRECTION('ref_axis',(-0.707106781186548,-0.707106781186548,0.));
#12228=DIRECTION('',(0.,0.,1.));
#12229=DIRECTION('center_axis',(-0.707106781186548,0.707106781186548,0.));
#12230=DIRECTION('ref_axis',(0.707106781186548,0.707106781186548,0.));
#12231=DIRECTION('',(0.,0.,1.));
#12232=DIRECTION('center_axis',(1.,0.,0.));
#12233=DIRECTION('ref_axis',(0.,-1.,0.));
#12234=DIRECTION('',(0.,0.,1.));
#12235=DIRECTION('center_axis',(-0.707106781186548,-0.707106781186548,0.));
#12236=DIRECTION('ref_axis',(-0.707106781186548,0.707106781186548,0.));
#12237=DIRECTION('',(0.,0.,1.));
#12238=DIRECTION('center_axis',(0.707106781186548,0.707106781186548,0.));
#12239=DIRECTION('ref_axis',(0.707106781186548,-0.707106781186548,0.));
#12240=DIRECTION('',(0.,0.,1.));
#12241=DIRECTION('center_axis',(-1.,0.,0.));
#12242=DIRECTION('ref_axis',(0.,1.,0.));
#12243=DIRECTION('',(0.,0.,1.));
#12244=DIRECTION('center_axis',(0.,1.,0.));
#12245=DIRECTION('ref_axis',(1.,0.,0.));
#12246=DIRECTION('',(0.,0.,1.));
#12247=DIRECTION('center_axis',(-0.707106781186548,0.707106781186548,0.));
#12248=DIRECTION('ref_axis',(0.707106781186548,0.707106781186548,0.));
#12249=DIRECTION('center_axis',(0.,1.,0.));
#12250=DIRECTION('ref_axis',(0.,0.,1.));
#12251=DIRECTION('',(0.,0.,1.));
#12252=DIRECTION('',(0.,0.,1.));
#12253=DIRECTION('',(1.,0.,0.));
#12254=DIRECTION('center_axis',(1.,0.,0.));
#12255=DIRECTION('ref_axis',(0.,0.,1.));
#12256=DIRECTION('',(0.,1.,0.));
#12257=DIRECTION('',(0.,0.,1.));
#12258=DIRECTION('center_axis',(0.,1.,0.));
#12259=DIRECTION('ref_axis',(0.,0.,1.));
#12260=DIRECTION('',(1.,0.,0.));
#12261=DIRECTION('',(0.,0.,1.));
#12262=DIRECTION('center_axis',(1.,0.,0.));
#12263=DIRECTION('ref_axis',(0.,0.,1.));
#12264=DIRECTION('',(0.,1.,0.));
#12265=DIRECTION('center_axis',(0.,1.,0.));
#12266=DIRECTION('ref_axis',(0.,0.,1.));
#12267=DIRECTION('',(0.,0.,1.));
#12268=DIRECTION('',(0.,0.,1.));
#12269=DIRECTION('',(1.,0.,0.));
#12270=DIRECTION('center_axis',(1.,0.,0.));
#12271=DIRECTION('ref_axis',(0.,0.,1.));
#12272=DIRECTION('',(0.,1.,0.));
#12273=DIRECTION('',(0.,0.,1.));
#12274=DIRECTION('center_axis',(0.,1.,0.));
#12275=DIRECTION('ref_axis',(0.,0.,1.));
#12276=DIRECTION('',(1.,0.,0.));
#12277=DIRECTION('',(0.,0.,1.));
#12278=DIRECTION('center_axis',(1.,0.,0.));
#12279=DIRECTION('ref_axis',(0.,0.,1.));
#12280=DIRECTION('',(0.,1.,0.));
#12281=DIRECTION('center_axis',(0.,1.,0.));
#12282=DIRECTION('ref_axis',(0.,0.,1.));
#12283=DIRECTION('',(0.,0.,1.));
#12284=DIRECTION('',(1.,0.,0.));
#12285=DIRECTION('',(0.,0.,1.));
#12286=DIRECTION('center_axis',(1.,0.,0.));
#12287=DIRECTION('ref_axis',(0.,0.,1.));
#12288=DIRECTION('',(0.,0.,1.));
#12289=DIRECTION('',(0.,1.,0.));
#12290=DIRECTION('center_axis',(0.,1.,0.));
#12291=DIRECTION('ref_axis',(0.,0.,1.));
#12292=DIRECTION('',(0.,0.,1.));
#12293=DIRECTION('',(1.,0.,0.));
#12294=DIRECTION('center_axis',(1.,0.,0.));
#12295=DIRECTION('ref_axis',(0.,0.,1.));
#12296=DIRECTION('',(0.,1.,0.));
#12297=DIRECTION('center_axis',(0.,1.,0.));
#12298=DIRECTION('ref_axis',(0.,0.,1.));
#12299=DIRECTION('',(0.,0.,1.));
#12300=DIRECTION('',(1.,0.,0.));
#12301=DIRECTION('',(0.,0.,1.));
#12302=DIRECTION('center_axis',(1.,0.,0.));
#12303=DIRECTION('ref_axis',(0.,0.,1.));
#12304=DIRECTION('',(0.,0.,1.));
#12305=DIRECTION('',(0.,1.,0.));
#12306=DIRECTION('center_axis',(0.,1.,0.));
#12307=DIRECTION('ref_axis',(0.,0.,1.));
#12308=DIRECTION('',(0.,0.,1.));
#12309=DIRECTION('',(1.,0.,0.));
#12310=DIRECTION('center_axis',(1.,0.,0.));
#12311=DIRECTION('ref_axis',(0.,0.,1.));
#12312=DIRECTION('',(0.,1.,0.));
#12313=DIRECTION('center_axis',(1.73516750835589E-18,-0.707106781186548,
-0.707106781186548));
#12314=DIRECTION('ref_axis',(-1.,-1.22694871165302E-18,-1.22694871165302E-18));
#12315=DIRECTION('',(0.577350269189626,0.577350269189626,-0.577350269189626));
#12316=DIRECTION('',(1.,0.,0.));
#12317=DIRECTION('',(-0.577350269189626,0.577350269189626,-0.577350269189626));
#12318=DIRECTION('center_axis',(-0.707106781186548,1.73516750835589E-18,
0.707106781186548));
#12319=DIRECTION('ref_axis',(1.22694871165302E-18,1.,-1.22694871165302E-18));
#12320=DIRECTION('',(0.,1.,0.));
#12321=DIRECTION('',(-0.577350269189626,-0.577350269189626,-0.577350269189626));
#12322=DIRECTION('center_axis',(-1.73516750835589E-18,-0.707106781186548,
0.707106781186548));
#12323=DIRECTION('ref_axis',(-1.,1.22694871165302E-18,-1.22694871165302E-18));
#12324=DIRECTION('',(0.577350269189626,-0.577350269189626,-0.577350269189626));
#12325=DIRECTION('',(1.,0.,0.));
#12326=DIRECTION('center_axis',(-0.707106781186548,-1.73516750835589E-18,
-0.707106781186548));
#12327=DIRECTION('ref_axis',(-1.22694871165302E-18,1.,-1.22694871165302E-18));
#12328=DIRECTION('',(0.,1.,0.));
#12329=DIRECTION('center_axis',(1.73516750835589E-18,-0.707106781186548,
-0.707106781186548));
#12330=DIRECTION('ref_axis',(-1.,-1.22694871165302E-18,-1.22694871165302E-18));
#12331=DIRECTION('',(0.577350269189626,0.577350269189626,-0.577350269189626));
#12332=DIRECTION('',(1.,0.,0.));
#12333=DIRECTION('',(-0.577350269189626,0.577350269189626,-0.577350269189626));
#12334=DIRECTION('center_axis',(-0.707106781186548,1.73516750835589E-18,
0.707106781186548));
#12335=DIRECTION('ref_axis',(1.22694871165302E-18,1.,-1.22694871165302E-18));
#12336=DIRECTION('',(0.,1.,0.));
#12337=DIRECTION('',(-0.577350269189626,-0.577350269189626,-0.577350269189626));
#12338=DIRECTION('center_axis',(-1.73516750835589E-18,-0.707106781186548,
0.707106781186548));
#12339=DIRECTION('ref_axis',(-1.,1.22694871165302E-18,-1.22694871165302E-18));
#12340=DIRECTION('',(0.577350269189626,-0.577350269189626,-0.577350269189626));
#12341=DIRECTION('',(1.,0.,0.));
#12342=DIRECTION('center_axis',(-0.707106781186548,-1.73516750835589E-18,
-0.707106781186548));
#12343=DIRECTION('ref_axis',(-1.22694871165302E-18,1.,-1.22694871165302E-18));
#12344=DIRECTION('',(0.,1.,0.));
#12345=DIRECTION('center_axis',(-1.73516750835589E-18,0.707106781186548,
-0.707106781186548));
#12346=DIRECTION('ref_axis',(-1.,-1.22694871165302E-18,1.22694871165302E-18));
#12347=DIRECTION('',(0.577350269189626,0.577350269189626,0.577350269189626));
#12348=DIRECTION('',(-0.577350269189626,0.577350269189626,0.577350269189626));
#12349=DIRECTION('',(1.,0.,0.));
#12350=DIRECTION('center_axis',(0.707106781186548,-1.73516750835589E-18,
0.707106781186548));
#12351=DIRECTION('ref_axis',(1.22694871165302E-18,1.,1.22694871165302E-18));
#12352=DIRECTION('',(-0.577350269189626,-0.577350269189626,0.577350269189626));
#12353=DIRECTION('',(0.,1.,0.));
#12354=DIRECTION('center_axis',(1.73516750835589E-18,0.707106781186548,
0.707106781186548));
#12355=DIRECTION('ref_axis',(-1.,1.22694871165302E-18,1.22694871165302E-18));
#12356=DIRECTION('',(0.577350269189626,-0.577350269189626,0.577350269189626));
#12357=DIRECTION('',(1.,0.,0.));
#12358=DIRECTION('center_axis',(0.707106781186548,1.73516750835589E-18,
-0.707106781186548));
#12359=DIRECTION('ref_axis',(-1.22694871165302E-18,1.,1.22694871165302E-18));
#12360=DIRECTION('',(0.,1.,0.));
#12361=DIRECTION('center_axis',(-1.73516750835589E-18,0.707106781186548,
-0.707106781186548));
#12362=DIRECTION('ref_axis',(-1.,-1.22694871165302E-18,1.22694871165302E-18));
#12363=DIRECTION('',(0.577350269189626,0.577350269189626,0.577350269189626));
#12364=DIRECTION('',(-0.577350269189626,0.577350269189626,0.577350269189626));
#12365=DIRECTION('',(1.,0.,0.));
#12366=DIRECTION('center_axis',(0.707106781186548,-1.73516750835589E-18,
0.707106781186548));
#12367=DIRECTION('ref_axis',(1.22694871165302E-18,1.,1.22694871165302E-18));
#12368=DIRECTION('',(-0.577350269189626,-0.577350269189626,0.577350269189626));
#12369=DIRECTION('',(0.,1.,0.));
#12370=DIRECTION('center_axis',(1.73516750835589E-18,0.707106781186548,
0.707106781186548));
#12371=DIRECTION('ref_axis',(-1.,1.22694871165302E-18,1.22694871165302E-18));
#12372=DIRECTION('',(0.577350269189626,-0.577350269189626,0.577350269189626));
#12373=DIRECTION('',(1.,0.,0.));
#12374=DIRECTION('center_axis',(0.707106781186548,1.73516750835589E-18,
-0.707106781186548));
#12375=DIRECTION('ref_axis',(-1.22694871165302E-18,1.,1.22694871165302E-18));
#12376=DIRECTION('',(0.,1.,0.));
#12377=DIRECTION('center_axis',(0.,0.,1.));
#12378=DIRECTION('ref_axis',(1.,0.,0.));
#12379=DIRECTION('center_axis',(0.,0.,1.));
#12380=DIRECTION('ref_axis',(1.,0.,0.));
#12381=DIRECTION('center_axis',(0.,0.,1.));
#12382=DIRECTION('ref_axis',(1.,0.,0.));
#12383=DIRECTION('center_axis',(0.,0.,1.));
#12384=DIRECTION('ref_axis',(1.,0.,0.));
#12385=DIRECTION('',(0.,0.,1.));
#12386=DIRECTION('',(1.,0.,0.));
#12387=DIRECTION('axis',(0.,0.,1.));
#12388=DIRECTION('refdir',(1.,0.,0.));
#12389=DIRECTION('axis',(0.,0.,1.));
#12390=DIRECTION('refdir',(1.,0.,0.));
#12391=DIRECTION('center_axis',(0.707106781186548,-0.707106781186548,0.));
#12392=DIRECTION('ref_axis',(-0.707106781186548,-0.707106781186548,0.));
#12393=DIRECTION('',(0.,0.,1.));
#12394=DIRECTION('',(-0.707106781186548,-0.707106781186548,0.));
#12395=DIRECTION('',(0.,0.,1.));
#12396=DIRECTION('',(-0.707106781186548,-0.707106781186548,0.));
#12397=DIRECTION('center_axis',(0.,-1.,0.));
#12398=DIRECTION('ref_axis',(-1.,0.,0.));
#12399=DIRECTION('',(0.,0.,1.));
#12400=DIRECTION('',(-1.,0.,0.));
#12401=DIRECTION('',(-1.,0.,0.));
#12402=DIRECTION('center_axis',(1.,0.,0.));
#12403=DIRECTION('ref_axis',(0.,-1.,0.));
#12404=DIRECTION('',(0.,-1.,0.));
#12405=DIRECTION('',(0.,0.,1.));
#12406=DIRECTION('',(0.,-1.,0.));
#12407=DIRECTION('center_axis',(0.,0.,1.));
#12408=DIRECTION('ref_axis',(1.,0.,0.));
#12409=DIRECTION('',(-0.707106781186548,0.707106781186548,0.));
#12410=DIRECTION('',(0.,1.,0.));
#12411=DIRECTION('',(0.707106781186548,0.707106781186548,0.));
#12412=DIRECTION('',(-0.707106781186548,0.707106781186548,0.));
#12413=DIRECTION('',(0.,1.,0.));
#12414=DIRECTION('',(0.707106781186548,0.707106781186548,0.));
#12415=DIRECTION('',(-0.707106781186548,0.707106781186548,0.));
#12416=DIRECTION('',(0.,1.,0.));
#12417=DIRECTION('',(0.707106781186548,0.707106781186548,0.));
#12418=DIRECTION('',(-0.707106781186548,0.707106781186548,0.));
#12419=DIRECTION('',(0.,1.,0.));
#12420=DIRECTION('',(0.707106781186548,0.707106781186548,0.));
#12421=DIRECTION('',(1.,0.,0.));
#12422=DIRECTION('',(0.707106781186548,-0.707106781186548,0.));
#12423=DIRECTION('',(0.,-1.,0.));
#12424=DIRECTION('',(-0.707106781186548,-0.707106781186548,0.));
#12425=DIRECTION('',(0.707106781186548,-0.707106781186548,0.));
#12426=DIRECTION('',(0.,-1.,0.));
#12427=DIRECTION('',(-0.707106781186548,-0.707106781186548,0.));
#12428=DIRECTION('',(0.707106781186548,-0.707106781186548,0.));
#12429=DIRECTION('',(0.,-1.,0.));
#12430=DIRECTION('',(-0.707106781186548,-0.707106781186548,0.));
#12431=DIRECTION('',(0.707106781186548,-0.707106781186548,0.));
#12432=DIRECTION('',(-1.,0.,0.));
#12433=DIRECTION('',(0.,1.,0.));
#12434=DIRECTION('',(-1.,0.,0.));
#12435=DIRECTION('',(0.,1.,0.));
#12436=DIRECTION('',(0.,1.,0.));
#12437=DIRECTION('',(-1.,0.,0.));
#12438=DIRECTION('',(0.,1.,0.));
#12439=DIRECTION('',(-1.,0.,0.));
#12440=DIRECTION('',(0.,1.,0.));
#12441=DIRECTION('',(-1.,0.,0.));
#12442=DIRECTION('',(0.,1.,0.));
#12443=DIRECTION('',(-1.,0.,0.));
#12444=DIRECTION('',(-1.,0.,0.));
#12445=DIRECTION('',(0.,1.,0.));
#12446=DIRECTION('',(-1.,0.,0.));
#12447=DIRECTION('',(0.,1.,0.));
#12448=DIRECTION('center_axis',(0.,0.,1.));
#12449=DIRECTION('ref_axis',(1.,0.,0.));
#12450=DIRECTION('',(0.707106781186548,-0.707106781186548,0.));
#12451=DIRECTION('',(-0.707106781186548,-0.707106781186548,0.));
#12452=DIRECTION('',(0.,-1.,0.));
#12453=DIRECTION('',(0.707106781186548,-0.707106781186548,0.));
#12454=DIRECTION('',(-0.707106781186548,-0.707106781186548,0.));
#12455=DIRECTION('',(0.,-1.,0.));
#12456=DIRECTION('',(0.707106781186548,-0.707106781186548,0.));
#12457=DIRECTION('',(-0.707106781186548,-0.707106781186548,0.));
#12458=DIRECTION('',(0.,-1.,0.));
#12459=DIRECTION('',(0.707106781186548,-0.707106781186548,0.));
#12460=DIRECTION('',(1.,0.,0.));
#12461=DIRECTION('',(0.707106781186548,0.707106781186548,0.));
#12462=DIRECTION('',(0.,1.,0.));
#12463=DIRECTION('',(-0.707106781186548,0.707106781186548,0.));
#12464=DIRECTION('',(0.707106781186548,0.707106781186548,0.));
#12465=DIRECTION('',(0.,1.,0.));
#12466=DIRECTION('',(-0.707106781186548,0.707106781186548,0.));
#12467=DIRECTION('',(0.707106781186548,0.707106781186548,0.));
#12468=DIRECTION('',(0.,1.,0.));
#12469=DIRECTION('',(-0.707106781186548,0.707106781186548,0.));
#12470=DIRECTION('',(0.707106781186548,0.707106781186548,0.));
#12471=DIRECTION('',(0.,1.,0.));
#12472=DIRECTION('',(-0.707106781186548,0.707106781186548,0.));
#12473=DIRECTION('',(-1.,0.,0.));
#12474=DIRECTION('',(0.,1.,0.));
#12475=DIRECTION('',(-1.,0.,0.));
#12476=DIRECTION('',(0.,1.,0.));
#12477=DIRECTION('',(0.,1.,0.));
#12478=DIRECTION('',(-1.,0.,0.));
#12479=DIRECTION('',(0.,1.,0.));
#12480=DIRECTION('',(-1.,0.,0.));
#12481=DIRECTION('',(0.,1.,0.));
#12482=DIRECTION('',(-1.,0.,0.));
#12483=DIRECTION('',(0.,1.,0.));
#12484=DIRECTION('',(-1.,0.,0.));
#12485=DIRECTION('',(-1.,0.,0.));
#12486=DIRECTION('',(0.,1.,0.));
#12487=DIRECTION('',(-1.,0.,0.));
#12488=DIRECTION('',(0.,1.,0.));
#12489=DIRECTION('center_axis',(-0.707106781186548,-0.707106781186548,0.));
#12490=DIRECTION('ref_axis',(-0.707106781186548,0.707106781186548,0.));
#12491=DIRECTION('',(0.,0.,1.));
#12492=DIRECTION('center_axis',(0.707106781186548,0.707106781186548,0.));
#12493=DIRECTION('ref_axis',(0.707106781186548,-0.707106781186548,0.));
#12494=DIRECTION('',(0.,0.,1.));
#12495=DIRECTION('center_axis',(-1.,0.,0.));
#12496=DIRECTION('ref_axis',(0.,1.,0.));
#12497=DIRECTION('',(0.,0.,1.));
#12498=DIRECTION('center_axis',(0.707106781186548,-0.707106781186548,0.));
#12499=DIRECTION('ref_axis',(-0.707106781186548,-0.707106781186548,0.));
#12500=DIRECTION('',(0.,0.,1.));
#12501=DIRECTION('center_axis',(-0.707106781186548,0.707106781186548,0.));
#12502=DIRECTION('ref_axis',(0.707106781186548,0.707106781186548,0.));
#12503=DIRECTION('',(0.,0.,1.));
#12504=DIRECTION('center_axis',(1.,0.,0.));
#12505=DIRECTION('ref_axis',(0.,-1.,0.));
#12506=DIRECTION('',(0.,0.,1.));
#12507=DIRECTION('center_axis',(-0.707106781186548,-0.707106781186548,0.));
#12508=DIRECTION('ref_axis',(-0.707106781186548,0.707106781186548,0.));
#12509=DIRECTION('',(0.,0.,1.));
#12510=DIRECTION('center_axis',(0.707106781186548,0.707106781186548,0.));
#12511=DIRECTION('ref_axis',(0.707106781186548,-0.707106781186548,0.));
#12512=DIRECTION('',(0.,0.,1.));
#12513=DIRECTION('center_axis',(-1.,0.,0.));
#12514=DIRECTION('ref_axis',(0.,1.,0.));
#12515=DIRECTION('',(0.,0.,1.));
#12516=DIRECTION('center_axis',(0.707106781186548,-0.707106781186548,0.));
#12517=DIRECTION('ref_axis',(-0.707106781186548,-0.707106781186548,0.));
#12518=DIRECTION('',(0.,0.,1.));
#12519=DIRECTION('center_axis',(-0.707106781186548,0.707106781186548,0.));
#12520=DIRECTION('ref_axis',(0.707106781186548,0.707106781186548,0.));
#12521=DIRECTION('',(0.,0.,1.));
#12522=DIRECTION('center_axis',(1.,0.,0.));
#12523=DIRECTION('ref_axis',(0.,-1.,0.));
#12524=DIRECTION('',(0.,0.,1.));
#12525=DIRECTION('center_axis',(-0.707106781186548,-0.707106781186548,0.));
#12526=DIRECTION('ref_axis',(-0.707106781186548,0.707106781186548,0.));
#12527=DIRECTION('',(0.,0.,1.));
#12528=DIRECTION('center_axis',(0.707106781186548,0.707106781186548,0.));
#12529=DIRECTION('ref_axis',(0.707106781186548,-0.707106781186548,0.));
#12530=DIRECTION('',(0.,0.,1.));
#12531=DIRECTION('center_axis',(-1.,0.,0.));
#12532=DIRECTION('ref_axis',(0.,1.,0.));
#12533=DIRECTION('',(0.,0.,1.));
#12534=DIRECTION('center_axis',(0.707106781186548,-0.707106781186548,0.));
#12535=DIRECTION('ref_axis',(-0.707106781186548,-0.707106781186548,0.));
#12536=DIRECTION('',(0.,0.,1.));
#12537=DIRECTION('center_axis',(-0.707106781186548,0.707106781186548,0.));
#12538=DIRECTION('ref_axis',(0.707106781186548,0.707106781186548,0.));
#12539=DIRECTION('',(0.,0.,1.));
#12540=DIRECTION('center_axis',(1.,0.,0.));
#12541=DIRECTION('ref_axis',(0.,-1.,0.));
#12542=DIRECTION('',(0.,0.,1.));
#12543=DIRECTION('center_axis',(-0.707106781186548,-0.707106781186548,0.));
#12544=DIRECTION('ref_axis',(-0.707106781186548,0.707106781186548,0.));
#12545=DIRECTION('',(0.,0.,1.));
#12546=DIRECTION('center_axis',(0.707106781186548,0.707106781186548,0.));
#12547=DIRECTION('ref_axis',(0.707106781186548,-0.707106781186548,0.));
#12548=DIRECTION('',(0.,0.,1.));
#12549=DIRECTION('center_axis',(-1.,0.,0.));
#12550=DIRECTION('ref_axis',(0.,1.,0.));
#12551=DIRECTION('',(0.,0.,1.));
#12552=DIRECTION('center_axis',(0.,1.,0.));
#12553=DIRECTION('ref_axis',(1.,0.,0.));
#12554=DIRECTION('',(0.,0.,1.));
#12555=DIRECTION('center_axis',(-0.707106781186548,0.707106781186548,0.));
#12556=DIRECTION('ref_axis',(0.707106781186548,0.707106781186548,0.));
#12557=DIRECTION('center_axis',(0.,1.,0.));
#12558=DIRECTION('ref_axis',(0.,0.,1.));
#12559=DIRECTION('',(0.,0.,1.));
#12560=DIRECTION('',(1.,0.,0.));
#12561=DIRECTION('',(0.,0.,1.));
#12562=DIRECTION('center_axis',(1.,0.,0.));
#12563=DIRECTION('ref_axis',(0.,0.,1.));
#12564=DIRECTION('',(0.,0.,1.));
#12565=DIRECTION('',(0.,1.,0.));
#12566=DIRECTION('center_axis',(0.,1.,0.));
#12567=DIRECTION('ref_axis',(0.,0.,1.));
#12568=DIRECTION('',(0.,0.,1.));
#12569=DIRECTION('',(1.,0.,0.));
#12570=DIRECTION('center_axis',(1.,0.,0.));
#12571=DIRECTION('ref_axis',(0.,0.,1.));
#12572=DIRECTION('',(0.,1.,0.));
#12573=DIRECTION('center_axis',(1.,0.,0.));
#12574=DIRECTION('ref_axis',(0.,0.,1.));
#12575=DIRECTION('',(0.,0.,1.));
#12576=DIRECTION('',(0.,1.,0.));
#12577=DIRECTION('',(0.,0.,1.));
#12578=DIRECTION('center_axis',(0.,1.,0.));
#12579=DIRECTION('ref_axis',(0.,0.,1.));
#12580=DIRECTION('',(1.,0.,0.));
#12581=DIRECTION('',(0.,0.,1.));
#12582=DIRECTION('center_axis',(1.,0.,0.));
#12583=DIRECTION('ref_axis',(0.,0.,1.));
#12584=DIRECTION('',(0.,0.,1.));
#12585=DIRECTION('',(0.,1.,0.));
#12586=DIRECTION('center_axis',(0.,1.,0.));
#12587=DIRECTION('ref_axis',(0.,0.,1.));
#12588=DIRECTION('',(1.,0.,0.));
#12589=DIRECTION('center_axis',(1.,0.,0.));
#12590=DIRECTION('ref_axis',(0.,0.,1.));
#12591=DIRECTION('',(0.,0.,1.));
#12592=DIRECTION('',(0.,1.,0.));
#12593=DIRECTION('',(0.,0.,1.));
#12594=DIRECTION('center_axis',(0.,1.,0.));
#12595=DIRECTION('ref_axis',(0.,0.,1.));
#12596=DIRECTION('',(1.,0.,0.));
#12597=DIRECTION('',(0.,0.,1.));
#12598=DIRECTION('center_axis',(1.,0.,0.));
#12599=DIRECTION('ref_axis',(0.,0.,1.));
#12600=DIRECTION('',(0.,0.,1.));
#12601=DIRECTION('',(0.,1.,0.));
#12602=DIRECTION('center_axis',(0.,1.,0.));
#12603=DIRECTION('ref_axis',(0.,0.,1.));
#12604=DIRECTION('',(1.,0.,0.));
#12605=DIRECTION('center_axis',(0.,1.,0.));
#12606=DIRECTION('ref_axis',(0.,0.,1.));
#12607=DIRECTION('',(0.,0.,1.));
#12608=DIRECTION('',(1.,0.,0.));
#12609=DIRECTION('',(0.,0.,1.));
#12610=DIRECTION('center_axis',(1.,0.,0.));
#12611=DIRECTION('ref_axis',(0.,0.,1.));
#12612=DIRECTION('',(0.,0.,1.));
#12613=DIRECTION('',(0.,1.,0.));
#12614=DIRECTION('center_axis',(0.,1.,0.));
#12615=DIRECTION('ref_axis',(0.,0.,1.));
#12616=DIRECTION('',(0.,0.,1.));
#12617=DIRECTION('',(1.,0.,0.));
#12618=DIRECTION('center_axis',(1.,0.,0.));
#12619=DIRECTION('ref_axis',(0.,0.,1.));
#12620=DIRECTION('',(0.,1.,0.));
#12621=DIRECTION('center_axis',(0.,1.,0.));
#12622=DIRECTION('ref_axis',(0.,0.,1.));
#12623=DIRECTION('',(0.,0.,1.));
#12624=DIRECTION('',(0.,0.,1.));
#12625=DIRECTION('',(1.,0.,0.));
#12626=DIRECTION('center_axis',(1.,0.,0.));
#12627=DIRECTION('ref_axis',(0.,0.,1.));
#12628=DIRECTION('',(0.,0.,1.));
#12629=DIRECTION('',(0.,1.,0.));
#12630=DIRECTION('center_axis',(0.,1.,0.));
#12631=DIRECTION('ref_axis',(0.,0.,1.));
#12632=DIRECTION('',(0.,0.,1.));
#12633=DIRECTION('',(1.,0.,0.));
#12634=DIRECTION('center_axis',(1.,0.,0.));
#12635=DIRECTION('ref_axis',(0.,0.,1.));
#12636=DIRECTION('',(0.,1.,0.));
#12637=DIRECTION('center_axis',(1.,0.,0.));
#12638=DIRECTION('ref_axis',(0.,0.,1.));
#12639=DIRECTION('',(0.,0.,1.));
#12640=DIRECTION('',(0.,0.,1.));
#12641=DIRECTION('',(0.,1.,0.));
#12642=DIRECTION('center_axis',(0.,1.,0.));
#12643=DIRECTION('ref_axis',(0.,0.,1.));
#12644=DIRECTION('',(0.,0.,1.));
#12645=DIRECTION('',(1.,0.,0.));
#12646=DIRECTION('center_axis',(1.,0.,0.));
#12647=DIRECTION('ref_axis',(0.,0.,1.));
#12648=DIRECTION('',(0.,0.,1.));
#12649=DIRECTION('',(0.,1.,0.));
#12650=DIRECTION('center_axis',(0.,1.,0.));
#12651=DIRECTION('ref_axis',(0.,0.,1.));
#12652=DIRECTION('',(1.,0.,0.));
#12653=DIRECTION('center_axis',(1.,0.,0.));
#12654=DIRECTION('ref_axis',(0.,0.,1.));
#12655=DIRECTION('',(0.,0.,1.));
#12656=DIRECTION('',(0.,0.,1.));
#12657=DIRECTION('',(0.,1.,0.));
#12658=DIRECTION('center_axis',(0.,1.,0.));
#12659=DIRECTION('ref_axis',(0.,0.,1.));
#12660=DIRECTION('',(0.,0.,1.));
#12661=DIRECTION('',(1.,0.,0.));
#12662=DIRECTION('center_axis',(1.,0.,0.));
#12663=DIRECTION('ref_axis',(0.,0.,1.));
#12664=DIRECTION('',(0.,0.,1.));
#12665=DIRECTION('',(0.,1.,0.));
#12666=DIRECTION('center_axis',(0.,1.,0.));
#12667=DIRECTION('ref_axis',(0.,0.,1.));
#12668=DIRECTION('',(1.,0.,0.));
#12669=DIRECTION('center_axis',(0.,1.,0.));
#12670=DIRECTION('ref_axis',(0.,0.,1.));
#12671=DIRECTION('',(0.,0.,1.));
#12672=DIRECTION('',(0.,0.,1.));
#12673=DIRECTION('',(1.,0.,0.));
#12674=DIRECTION('center_axis',(1.,0.,0.));
#12675=DIRECTION('ref_axis',(0.,0.,1.));
#12676=DIRECTION('',(0.,0.,1.));
#12677=DIRECTION('',(0.,1.,0.));
#12678=DIRECTION('center_axis',(0.,1.,0.));
#12679=DIRECTION('ref_axis',(0.,0.,1.));
#12680=DIRECTION('',(0.,0.,1.));
#12681=DIRECTION('',(1.,0.,0.));
#12682=DIRECTION('center_axis',(1.,0.,0.));
#12683=DIRECTION('ref_axis',(0.,0.,1.));
#12684=DIRECTION('',(0.,1.,0.));
#12685=DIRECTION('center_axis',(-1.73516750835589E-18,-0.707106781186548,
0.707106781186548));
#12686=DIRECTION('ref_axis',(-1.,1.22694871165302E-18,-1.22694871165302E-18));
#12687=DIRECTION('',(0.577350269189626,-0.577350269189626,-0.577350269189626));
#12688=DIRECTION('',(-0.577350269189626,-0.577350269189626,-0.577350269189626));
#12689=DIRECTION('',(1.,0.,0.));
#12690=DIRECTION('center_axis',(-0.707106781186548,-1.73516750835589E-18,
-0.707106781186548));
#12691=DIRECTION('ref_axis',(-1.22694871165302E-18,1.,-1.22694871165302E-18));
#12692=DIRECTION('',(0.577350269189626,0.577350269189626,-0.577350269189626));
#12693=DIRECTION('',(0.,1.,0.));
#12694=DIRECTION('center_axis',(1.73516750835589E-18,-0.707106781186548,
-0.707106781186548));
#12695=DIRECTION('ref_axis',(-1.,-1.22694871165302E-18,-1.22694871165302E-18));
#12696=DIRECTION('',(1.,0.,0.));
#12697=DIRECTION('',(-0.577350269189626,0.577350269189626,-0.577350269189626));
#12698=DIRECTION('center_axis',(-0.707106781186548,1.73516750835589E-18,
0.707106781186548));
#12699=DIRECTION('ref_axis',(1.22694871165302E-18,1.,-1.22694871165302E-18));
#12700=DIRECTION('',(0.,1.,0.));
#12701=DIRECTION('center_axis',(-0.707106781186548,1.73516750835589E-18,
0.707106781186548));
#12702=DIRECTION('ref_axis',(1.22694871165302E-18,1.,-1.22694871165302E-18));
#12703=DIRECTION('',(-0.577350269189626,0.577350269189626,-0.577350269189626));
#12704=DIRECTION('',(0.,1.,0.));
#12705=DIRECTION('',(-0.577350269189626,-0.577350269189626,-0.577350269189626));
#12706=DIRECTION('center_axis',(-1.73516750835589E-18,-0.707106781186548,
0.707106781186548));
#12707=DIRECTION('ref_axis',(-1.,1.22694871165302E-18,-1.22694871165302E-18));
#12708=DIRECTION('',(0.577350269189626,-0.577350269189626,-0.577350269189626));
#12709=DIRECTION('',(1.,0.,0.));
#12710=DIRECTION('center_axis',(-0.707106781186548,-1.73516750835589E-18,
-0.707106781186548));
#12711=DIRECTION('ref_axis',(-1.22694871165302E-18,1.,-1.22694871165302E-18));
#12712=DIRECTION('',(0.577350269189626,0.577350269189626,-0.577350269189626));
#12713=DIRECTION('',(0.,1.,0.));
#12714=DIRECTION('center_axis',(1.73516750835589E-18,-0.707106781186548,
-0.707106781186548));
#12715=DIRECTION('ref_axis',(-1.,-1.22694871165302E-18,-1.22694871165302E-18));
#12716=DIRECTION('',(1.,0.,0.));
#12717=DIRECTION('center_axis',(-0.707106781186548,1.73516750835589E-18,
0.707106781186548));
#12718=DIRECTION('ref_axis',(1.22694871165302E-18,1.,-1.22694871165302E-18));
#12719=DIRECTION('',(-0.577350269189626,0.577350269189626,-0.577350269189626));
#12720=DIRECTION('',(0.,1.,0.));
#12721=DIRECTION('',(-0.577350269189626,-0.577350269189626,-0.577350269189626));
#12722=DIRECTION('center_axis',(-1.73516750835589E-18,-0.707106781186548,
0.707106781186548));
#12723=DIRECTION('ref_axis',(-1.,1.22694871165302E-18,-1.22694871165302E-18));
#12724=DIRECTION('',(0.577350269189626,-0.577350269189626,-0.577350269189626));
#12725=DIRECTION('',(1.,0.,0.));
#12726=DIRECTION('center_axis',(-0.707106781186548,-1.73516750835589E-18,
-0.707106781186548));
#12727=DIRECTION('ref_axis',(-1.22694871165302E-18,1.,-1.22694871165302E-18));
#12728=DIRECTION('',(0.577350269189626,0.577350269189626,-0.577350269189626));
#12729=DIRECTION('',(0.,1.,0.));
#12730=DIRECTION('center_axis',(1.73516750835589E-18,-0.707106781186548,
-0.707106781186548));
#12731=DIRECTION('ref_axis',(-1.,-1.22694871165302E-18,-1.22694871165302E-18));
#12732=DIRECTION('',(1.,0.,0.));
#12733=DIRECTION('center_axis',(-1.73516750835589E-18,-0.707106781186548,
0.707106781186548));
#12734=DIRECTION('ref_axis',(-1.,1.22694871165302E-18,-1.22694871165302E-18));
#12735=DIRECTION('',(0.577350269189626,-0.577350269189626,-0.577350269189626));
#12736=DIRECTION('',(-0.577350269189626,-0.577350269189626,-0.577350269189626));
#12737=DIRECTION('',(1.,0.,0.));
#12738=DIRECTION('center_axis',(-0.707106781186548,-1.73516750835589E-18,
-0.707106781186548));
#12739=DIRECTION('ref_axis',(-1.22694871165302E-18,1.,-1.22694871165302E-18));
#12740=DIRECTION('',(0.577350269189626,0.577350269189626,-0.577350269189626));
#12741=DIRECTION('',(0.,1.,0.));
#12742=DIRECTION('center_axis',(1.73516750835589E-18,-0.707106781186548,
-0.707106781186548));
#12743=DIRECTION('ref_axis',(-1.,-1.22694871165302E-18,-1.22694871165302E-18));
#12744=DIRECTION('',(1.,0.,0.));
#12745=DIRECTION('',(-0.577350269189626,0.577350269189626,-0.577350269189626));
#12746=DIRECTION('center_axis',(-0.707106781186548,1.73516750835589E-18,
0.707106781186548));
#12747=DIRECTION('ref_axis',(1.22694871165302E-18,1.,-1.22694871165302E-18));
#12748=DIRECTION('',(0.,1.,0.));
#12749=DIRECTION('center_axis',(1.73516750835589E-18,0.707106781186548,
0.707106781186548));
#12750=DIRECTION('ref_axis',(-1.,1.22694871165302E-18,1.22694871165302E-18));
#12751=DIRECTION('',(0.577350269189626,-0.577350269189626,0.577350269189626));
#12752=DIRECTION('',(1.,0.,0.));
#12753=DIRECTION('',(-0.577350269189626,-0.577350269189626,0.577350269189626));
#12754=DIRECTION('center_axis',(0.707106781186548,1.73516750835589E-18,
-0.707106781186548));
#12755=DIRECTION('ref_axis',(-1.22694871165302E-18,1.,1.22694871165302E-18));
#12756=DIRECTION('',(0.577350269189626,0.577350269189626,0.577350269189626));
#12757=DIRECTION('',(0.,1.,0.));
#12758=DIRECTION('center_axis',(-1.73516750835589E-18,0.707106781186548,
-0.707106781186548));
#12759=DIRECTION('ref_axis',(-1.,-1.22694871165302E-18,1.22694871165302E-18));
#12760=DIRECTION('',(-0.577350269189626,0.577350269189626,0.577350269189626));
#12761=DIRECTION('',(1.,0.,0.));
#12762=DIRECTION('center_axis',(0.707106781186548,-1.73516750835589E-18,
0.707106781186548));
#12763=DIRECTION('ref_axis',(1.22694871165302E-18,1.,1.22694871165302E-18));
#12764=DIRECTION('',(0.,1.,0.));
#12765=DIRECTION('center_axis',(0.707106781186548,-1.73516750835589E-18,
0.707106781186548));
#12766=DIRECTION('ref_axis',(1.22694871165302E-18,1.,1.22694871165302E-18));
#12767=DIRECTION('',(-0.577350269189626,0.577350269189626,0.577350269189626));
#12768=DIRECTION('',(-0.577350269189626,-0.577350269189626,0.577350269189626));
#12769=DIRECTION('',(0.,1.,0.));
#12770=DIRECTION('center_axis',(1.73516750835589E-18,0.707106781186548,
0.707106781186548));
#12771=DIRECTION('ref_axis',(-1.,1.22694871165302E-18,1.22694871165302E-18));
#12772=DIRECTION('',(0.577350269189626,-0.577350269189626,0.577350269189626));
#12773=DIRECTION('',(1.,0.,0.));
#12774=DIRECTION('center_axis',(0.707106781186548,1.73516750835589E-18,
-0.707106781186548));
#12775=DIRECTION('ref_axis',(-1.22694871165302E-18,1.,1.22694871165302E-18));
#12776=DIRECTION('',(0.577350269189626,0.577350269189626,0.577350269189626));
#12777=DIRECTION('',(0.,1.,0.));
#12778=DIRECTION('center_axis',(-1.73516750835589E-18,0.707106781186548,
-0.707106781186548));
#12779=DIRECTION('ref_axis',(-1.,-1.22694871165302E-18,1.22694871165302E-18));
#12780=DIRECTION('',(1.,0.,0.));
#12781=DIRECTION('center_axis',(0.707106781186548,-1.73516750835589E-18,
0.707106781186548));
#12782=DIRECTION('ref_axis',(1.22694871165302E-18,1.,1.22694871165302E-18));
#12783=DIRECTION('',(-0.577350269189626,0.577350269189626,0.577350269189626));
#12784=DIRECTION('',(-0.577350269189626,-0.577350269189626,0.577350269189626));
#12785=DIRECTION('',(0.,1.,0.));
#12786=DIRECTION('center_axis',(1.73516750835589E-18,0.707106781186548,
0.707106781186548));
#12787=DIRECTION('ref_axis',(-1.,1.22694871165302E-18,1.22694871165302E-18));
#12788=DIRECTION('',(0.577350269189626,-0.577350269189626,0.577350269189626));
#12789=DIRECTION('',(1.,0.,0.));
#12790=DIRECTION('center_axis',(0.707106781186548,1.73516750835589E-18,
-0.707106781186548));
#12791=DIRECTION('ref_axis',(-1.22694871165302E-18,1.,1.22694871165302E-18));
#12792=DIRECTION('',(0.577350269189626,0.577350269189626,0.577350269189626));
#12793=DIRECTION('',(0.,1.,0.));
#12794=DIRECTION('center_axis',(-1.73516750835589E-18,0.707106781186548,
-0.707106781186548));
#12795=DIRECTION('ref_axis',(-1.,-1.22694871165302E-18,1.22694871165302E-18));
#12796=DIRECTION('',(1.,0.,0.));
#12797=DIRECTION('center_axis',(1.73516750835589E-18,0.707106781186548,
0.707106781186548));
#12798=DIRECTION('ref_axis',(-1.,1.22694871165302E-18,1.22694871165302E-18));
#12799=DIRECTION('',(0.577350269189626,-0.577350269189626,0.577350269189626));
#12800=DIRECTION('',(1.,0.,0.));
#12801=DIRECTION('',(-0.577350269189626,-0.577350269189626,0.577350269189626));
#12802=DIRECTION('center_axis',(0.707106781186548,1.73516750835589E-18,
-0.707106781186548));
#12803=DIRECTION('ref_axis',(-1.22694871165302E-18,1.,1.22694871165302E-18));
#12804=DIRECTION('',(0.577350269189626,0.577350269189626,0.577350269189626));
#12805=DIRECTION('',(0.,1.,0.));
#12806=DIRECTION('center_axis',(-1.73516750835589E-18,0.707106781186548,
-0.707106781186548));
#12807=DIRECTION('ref_axis',(-1.,-1.22694871165302E-18,1.22694871165302E-18));
#12808=DIRECTION('',(-0.577350269189626,0.577350269189626,0.577350269189626));
#12809=DIRECTION('',(1.,0.,0.));
#12810=DIRECTION('center_axis',(0.707106781186548,-1.73516750835589E-18,
0.707106781186548));
#12811=DIRECTION('ref_axis',(1.22694871165302E-18,1.,1.22694871165302E-18));
#12812=DIRECTION('',(0.,1.,0.));
#12813=DIRECTION('center_axis',(0.,0.,1.));
#12814=DIRECTION('ref_axis',(1.,0.,0.));
#12815=DIRECTION('center_axis',(0.,0.,1.));
#12816=DIRECTION('ref_axis',(1.,0.,0.));
#12817=DIRECTION('center_axis',(0.,0.,1.));
#12818=DIRECTION('ref_axis',(1.,0.,0.));
#12819=DIRECTION('center_axis',(0.,0.,1.));
#12820=DIRECTION('ref_axis',(1.,0.,0.));
#12821=DIRECTION('center_axis',(0.,0.,1.));
#12822=DIRECTION('ref_axis',(1.,0.,0.));
#12823=DIRECTION('center_axis',(0.,0.,1.));
#12824=DIRECTION('ref_axis',(1.,0.,0.));
#12825=DIRECTION('center_axis',(0.,0.,1.));
#12826=DIRECTION('ref_axis',(1.,0.,0.));
#12827=DIRECTION('center_axis',(0.,0.,1.));
#12828=DIRECTION('ref_axis',(1.,0.,0.));
#12829=DIRECTION('',(0.,0.,1.));
#12830=DIRECTION('',(1.,0.,0.));
#12831=DIRECTION('axis',(0.,0.,1.));
#12832=DIRECTION('refdir',(1.,0.,0.));
#12833=DIRECTION('axis',(0.,0.,1.));
#12834=DIRECTION('refdir',(1.,0.,0.));
#12835=DIRECTION('center_axis',(0.707106781186548,-0.707106781186548,0.));
#12836=DIRECTION('ref_axis',(-0.707106781186548,-0.707106781186548,0.));
#12837=DIRECTION('',(0.,0.,1.));
#12838=DIRECTION('',(-0.707106781186548,-0.707106781186548,0.));
#12839=DIRECTION('',(0.,0.,1.));
#12840=DIRECTION('',(-0.707106781186548,-0.707106781186548,0.));
#12841=DIRECTION('center_axis',(0.,-1.,0.));
#12842=DIRECTION('ref_axis',(-1.,0.,0.));
#12843=DIRECTION('',(0.,0.,1.));
#12844=DIRECTION('',(-1.,0.,0.));
#12845=DIRECTION('',(-1.,0.,0.));
#12846=DIRECTION('center_axis',(1.,0.,0.));
#12847=DIRECTION('ref_axis',(0.,-1.,0.));
#12848=DIRECTION('',(0.,-1.,0.));
#12849=DIRECTION('',(0.,0.,1.));
#12850=DIRECTION('',(0.,-1.,0.));
#12851=DIRECTION('center_axis',(0.,0.,1.));
#12852=DIRECTION('ref_axis',(1.,0.,0.));
#12853=DIRECTION('',(-0.707106781186548,0.707106781186548,0.));
#12854=DIRECTION('',(0.,1.,0.));
#12855=DIRECTION('',(0.707106781186548,0.707106781186548,0.));
#12856=DIRECTION('',(-0.707106781186548,0.707106781186548,0.));
#12857=DIRECTION('',(0.,1.,0.));
#12858=DIRECTION('',(0.707106781186548,0.707106781186548,0.));
#12859=DIRECTION('',(-0.707106781186548,0.707106781186548,0.));
#12860=DIRECTION('',(0.,1.,0.));
#12861=DIRECTION('',(0.707106781186548,0.707106781186548,0.));
#12862=DIRECTION('',(-0.707106781186548,0.707106781186548,0.));
#12863=DIRECTION('',(0.,1.,0.));
#12864=DIRECTION('',(0.707106781186548,0.707106781186548,0.));
#12865=DIRECTION('',(-0.707106781186548,0.707106781186548,0.));
#12866=DIRECTION('',(0.,1.,0.));
#12867=DIRECTION('',(0.707106781186548,0.707106781186548,0.));
#12868=DIRECTION('',(-0.707106781186548,0.707106781186548,0.));
#12869=DIRECTION('',(0.,1.,0.));
#12870=DIRECTION('',(0.707106781186548,0.707106781186548,0.));
#12871=DIRECTION('',(-0.707106781186548,0.707106781186548,0.));
#12872=DIRECTION('',(0.,1.,0.));
#12873=DIRECTION('',(0.707106781186548,0.707106781186548,0.));
#12874=DIRECTION('',(-0.707106781186548,0.707106781186548,0.));
#12875=DIRECTION('',(0.,1.,0.));
#12876=DIRECTION('',(0.707106781186548,0.707106781186548,0.));
#12877=DIRECTION('',(-0.707106781186548,0.707106781186548,0.));
#12878=DIRECTION('',(0.,1.,0.));
#12879=DIRECTION('',(0.707106781186548,0.707106781186548,0.));
#12880=DIRECTION('',(-0.707106781186548,0.707106781186548,0.));
#12881=DIRECTION('',(0.,1.,0.));
#12882=DIRECTION('',(0.707106781186548,0.707106781186548,0.));
#12883=DIRECTION('',(1.,0.,0.));
#12884=DIRECTION('',(0.707106781186548,-0.707106781186548,0.));
#12885=DIRECTION('',(0.,-1.,0.));
#12886=DIRECTION('',(-0.707106781186548,-0.707106781186548,0.));
#12887=DIRECTION('',(0.707106781186548,-0.707106781186548,0.));
#12888=DIRECTION('',(0.,-1.,0.));
#12889=DIRECTION('',(-0.707106781186548,-0.707106781186548,0.));
#12890=DIRECTION('',(0.707106781186548,-0.707106781186548,0.));
#12891=DIRECTION('',(0.,-1.,0.));
#12892=DIRECTION('',(-0.707106781186548,-0.707106781186548,0.));
#12893=DIRECTION('',(0.707106781186548,-0.707106781186548,0.));
#12894=DIRECTION('',(0.,-1.,0.));
#12895=DIRECTION('',(-0.707106781186548,-0.707106781186548,0.));
#12896=DIRECTION('',(0.707106781186548,-0.707106781186548,0.));
#12897=DIRECTION('',(0.,-1.,0.));
#12898=DIRECTION('',(-0.707106781186548,-0.707106781186548,0.));
#12899=DIRECTION('',(0.707106781186548,-0.707106781186548,0.));
#12900=DIRECTION('',(0.,-1.,0.));
#12901=DIRECTION('',(-0.707106781186548,-0.707106781186548,0.));
#12902=DIRECTION('',(0.707106781186548,-0.707106781186548,0.));
#12903=DIRECTION('',(0.,-1.,0.));
#12904=DIRECTION('',(-0.707106781186548,-0.707106781186548,0.));
#12905=DIRECTION('',(0.707106781186548,-0.707106781186548,0.));
#12906=DIRECTION('',(0.,-1.,0.));
#12907=DIRECTION('',(-0.707106781186548,-0.707106781186548,0.));
#12908=DIRECTION('',(0.707106781186548,-0.707106781186548,0.));
#12909=DIRECTION('',(0.,-1.,0.));
#12910=DIRECTION('',(-0.707106781186548,-0.707106781186548,0.));
#12911=DIRECTION('',(0.707106781186548,-0.707106781186548,0.));
#12912=DIRECTION('',(0.,1.,0.));
#12913=DIRECTION('',(-1.,0.,0.));
#12914=DIRECTION('',(0.,1.,0.));
#12915=DIRECTION('',(-1.,0.,0.));
#12916=DIRECTION('',(0.,1.,0.));
#12917=DIRECTION('',(-1.,0.,0.));
#12918=DIRECTION('',(0.,1.,0.));
#12919=DIRECTION('',(-1.,0.,0.));
#12920=DIRECTION('',(0.,1.,0.));
#12921=DIRECTION('',(-1.,0.,0.));
#12922=DIRECTION('',(0.,1.,0.));
#12923=DIRECTION('',(-1.,0.,0.));
#12924=DIRECTION('',(-1.,0.,0.));
#12925=DIRECTION('',(0.,1.,0.));
#12926=DIRECTION('',(-1.,0.,0.));
#12927=DIRECTION('',(0.,1.,0.));
#12928=DIRECTION('',(0.,1.,0.));
#12929=DIRECTION('',(-1.,0.,0.));
#12930=DIRECTION('',(0.,1.,0.));
#12931=DIRECTION('',(-1.,0.,0.));
#12932=DIRECTION('',(0.,1.,0.));
#12933=DIRECTION('',(-1.,0.,0.));
#12934=DIRECTION('',(0.,1.,0.));
#12935=DIRECTION('',(-1.,0.,0.));
#12936=DIRECTION('',(-1.,0.,0.));
#12937=DIRECTION('',(0.,1.,0.));
#12938=DIRECTION('',(-1.,0.,0.));
#12939=DIRECTION('',(0.,1.,0.));
#12940=DIRECTION('',(-1.,0.,0.));
#12941=DIRECTION('',(0.,1.,0.));
#12942=DIRECTION('',(-1.,0.,0.));
#12943=DIRECTION('',(0.,1.,0.));
#12944=DIRECTION('',(0.,1.,0.));
#12945=DIRECTION('',(-1.,0.,0.));
#12946=DIRECTION('',(0.,1.,0.));
#12947=DIRECTION('',(-1.,0.,0.));
#12948=DIRECTION('',(0.,1.,0.));
#12949=DIRECTION('',(-1.,0.,0.));
#12950=DIRECTION('',(0.,1.,0.));
#12951=DIRECTION('',(-1.,0.,0.));
#12952=DIRECTION('center_axis',(0.,0.,1.));
#12953=DIRECTION('ref_axis',(1.,0.,0.));
#12954=DIRECTION('',(0.707106781186548,-0.707106781186548,0.));
#12955=DIRECTION('',(-0.707106781186548,-0.707106781186548,0.));
#12956=DIRECTION('',(0.,-1.,0.));
#12957=DIRECTION('',(0.707106781186548,-0.707106781186548,0.));
#12958=DIRECTION('',(-0.707106781186548,-0.707106781186548,0.));
#12959=DIRECTION('',(0.,-1.,0.));
#12960=DIRECTION('',(0.707106781186548,-0.707106781186548,0.));
#12961=DIRECTION('',(-0.707106781186548,-0.707106781186548,0.));
#12962=DIRECTION('',(0.,-1.,0.));
#12963=DIRECTION('',(0.707106781186548,-0.707106781186548,0.));
#12964=DIRECTION('',(-0.707106781186548,-0.707106781186548,0.));
#12965=DIRECTION('',(0.,-1.,0.));
#12966=DIRECTION('',(0.707106781186548,-0.707106781186548,0.));
#12967=DIRECTION('',(-0.707106781186548,-0.707106781186548,0.));
#12968=DIRECTION('',(0.,-1.,0.));
#12969=DIRECTION('',(0.707106781186548,-0.707106781186548,0.));
#12970=DIRECTION('',(-0.707106781186548,-0.707106781186548,0.));
#12971=DIRECTION('',(0.,-1.,0.));
#12972=DIRECTION('',(0.707106781186548,-0.707106781186548,0.));
#12973=DIRECTION('',(-0.707106781186548,-0.707106781186548,0.));
#12974=DIRECTION('',(0.,-1.,0.));
#12975=DIRECTION('',(0.707106781186548,-0.707106781186548,0.));
#12976=DIRECTION('',(-0.707106781186548,-0.707106781186548,0.));
#12977=DIRECTION('',(0.,-1.,0.));
#12978=DIRECTION('',(0.707106781186548,-0.707106781186548,0.));
#12979=DIRECTION('',(-0.707106781186548,-0.707106781186548,0.));
#12980=DIRECTION('',(0.,-1.,0.));
#12981=DIRECTION('',(0.707106781186548,-0.707106781186548,0.));
#12982=DIRECTION('',(1.,0.,0.));
#12983=DIRECTION('',(0.707106781186548,0.707106781186548,0.));
#12984=DIRECTION('',(0.,1.,0.));
#12985=DIRECTION('',(-0.707106781186548,0.707106781186548,0.));
#12986=DIRECTION('',(0.707106781186548,0.707106781186548,0.));
#12987=DIRECTION('',(0.,1.,0.));
#12988=DIRECTION('',(-0.707106781186548,0.707106781186548,0.));
#12989=DIRECTION('',(0.707106781186548,0.707106781186548,0.));
#12990=DIRECTION('',(0.,1.,0.));
#12991=DIRECTION('',(-0.707106781186548,0.707106781186548,0.));
#12992=DIRECTION('',(0.707106781186548,0.707106781186548,0.));
#12993=DIRECTION('',(0.,1.,0.));
#12994=DIRECTION('',(-0.707106781186548,0.707106781186548,0.));
#12995=DIRECTION('',(0.707106781186548,0.707106781186548,0.));
#12996=DIRECTION('',(0.,1.,0.));
#12997=DIRECTION('',(-0.707106781186548,0.707106781186548,0.));
#12998=DIRECTION('',(0.707106781186548,0.707106781186548,0.));
#12999=DIRECTION('',(0.,1.,0.));
#13000=DIRECTION('',(-0.707106781186548,0.707106781186548,0.));
#13001=DIRECTION('',(0.707106781186548,0.707106781186548,0.));
#13002=DIRECTION('',(0.,1.,0.));
#13003=DIRECTION('',(-0.707106781186548,0.707106781186548,0.));
#13004=DIRECTION('',(0.707106781186548,0.707106781186548,0.));
#13005=DIRECTION('',(0.,1.,0.));
#13006=DIRECTION('',(-0.707106781186548,0.707106781186548,0.));
#13007=DIRECTION('',(0.707106781186548,0.707106781186548,0.));
#13008=DIRECTION('',(0.,1.,0.));
#13009=DIRECTION('',(-0.707106781186548,0.707106781186548,0.));
#13010=DIRECTION('',(0.707106781186548,0.707106781186548,0.));
#13011=DIRECTION('',(0.,1.,0.));
#13012=DIRECTION('',(-0.707106781186548,0.707106781186548,0.));
#13013=DIRECTION('',(0.,1.,0.));
#13014=DIRECTION('',(-1.,0.,0.));
#13015=DIRECTION('',(0.,1.,0.));
#13016=DIRECTION('',(-1.,0.,0.));
#13017=DIRECTION('',(0.,1.,0.));
#13018=DIRECTION('',(-1.,0.,0.));
#13019=DIRECTION('',(0.,1.,0.));
#13020=DIRECTION('',(-1.,0.,0.));
#13021=DIRECTION('',(0.,1.,0.));
#13022=DIRECTION('',(-1.,0.,0.));
#13023=DIRECTION('',(0.,1.,0.));
#13024=DIRECTION('',(-1.,0.,0.));
#13025=DIRECTION('',(-1.,0.,0.));
#13026=DIRECTION('',(0.,1.,0.));
#13027=DIRECTION('',(-1.,0.,0.));
#13028=DIRECTION('',(0.,1.,0.));
#13029=DIRECTION('',(0.,1.,0.));
#13030=DIRECTION('',(-1.,0.,0.));
#13031=DIRECTION('',(0.,1.,0.));
#13032=DIRECTION('',(-1.,0.,0.));
#13033=DIRECTION('',(0.,1.,0.));
#13034=DIRECTION('',(-1.,0.,0.));
#13035=DIRECTION('',(0.,1.,0.));
#13036=DIRECTION('',(-1.,0.,0.));
#13037=DIRECTION('',(-1.,0.,0.));
#13038=DIRECTION('',(0.,1.,0.));
#13039=DIRECTION('',(-1.,0.,0.));
#13040=DIRECTION('',(0.,1.,0.));
#13041=DIRECTION('',(-1.,0.,0.));
#13042=DIRECTION('',(0.,1.,0.));
#13043=DIRECTION('',(-1.,0.,0.));
#13044=DIRECTION('',(0.,1.,0.));
#13045=DIRECTION('',(0.,1.,0.));
#13046=DIRECTION('',(-1.,0.,0.));
#13047=DIRECTION('',(0.,1.,0.));
#13048=DIRECTION('',(-1.,0.,0.));
#13049=DIRECTION('',(0.,1.,0.));
#13050=DIRECTION('',(-1.,0.,0.));
#13051=DIRECTION('',(0.,1.,0.));
#13052=DIRECTION('',(-1.,0.,0.));
#13053=DIRECTION('center_axis',(-0.707106781186548,-0.707106781186548,0.));
#13054=DIRECTION('ref_axis',(-0.707106781186548,0.707106781186548,0.));
#13055=DIRECTION('',(0.,0.,1.));
#13056=DIRECTION('center_axis',(0.707106781186548,0.707106781186548,0.));
#13057=DIRECTION('ref_axis',(0.707106781186548,-0.707106781186548,0.));
#13058=DIRECTION('',(0.,0.,1.));
#13059=DIRECTION('center_axis',(-1.,0.,0.));
#13060=DIRECTION('ref_axis',(0.,1.,0.));
#13061=DIRECTION('',(0.,0.,1.));
#13062=DIRECTION('center_axis',(0.707106781186548,-0.707106781186548,0.));
#13063=DIRECTION('ref_axis',(-0.707106781186548,-0.707106781186548,0.));
#13064=DIRECTION('',(0.,0.,1.));
#13065=DIRECTION('center_axis',(-0.707106781186548,0.707106781186548,0.));
#13066=DIRECTION('ref_axis',(0.707106781186548,0.707106781186548,0.));
#13067=DIRECTION('',(0.,0.,1.));
#13068=DIRECTION('center_axis',(1.,0.,0.));
#13069=DIRECTION('ref_axis',(0.,-1.,0.));
#13070=DIRECTION('',(0.,0.,1.));
#13071=DIRECTION('center_axis',(-0.707106781186548,-0.707106781186548,0.));
#13072=DIRECTION('ref_axis',(-0.707106781186548,0.707106781186548,0.));
#13073=DIRECTION('',(0.,0.,1.));
#13074=DIRECTION('center_axis',(0.707106781186548,0.707106781186548,0.));
#13075=DIRECTION('ref_axis',(0.707106781186548,-0.707106781186548,0.));
#13076=DIRECTION('',(0.,0.,1.));
#13077=DIRECTION('center_axis',(-1.,0.,0.));
#13078=DIRECTION('ref_axis',(0.,1.,0.));
#13079=DIRECTION('',(0.,0.,1.));
#13080=DIRECTION('center_axis',(0.707106781186548,-0.707106781186548,0.));
#13081=DIRECTION('ref_axis',(-0.707106781186548,-0.707106781186548,0.));
#13082=DIRECTION('',(0.,0.,1.));
#13083=DIRECTION('center_axis',(-0.707106781186548,0.707106781186548,0.));
#13084=DIRECTION('ref_axis',(0.707106781186548,0.707106781186548,0.));
#13085=DIRECTION('',(0.,0.,1.));
#13086=DIRECTION('center_axis',(1.,0.,0.));
#13087=DIRECTION('ref_axis',(0.,-1.,0.));
#13088=DIRECTION('',(0.,0.,1.));
#13089=DIRECTION('center_axis',(-0.707106781186548,-0.707106781186548,0.));
#13090=DIRECTION('ref_axis',(-0.707106781186548,0.707106781186548,0.));
#13091=DIRECTION('',(0.,0.,1.));
#13092=DIRECTION('center_axis',(0.707106781186548,0.707106781186548,0.));
#13093=DIRECTION('ref_axis',(0.707106781186548,-0.707106781186548,0.));
#13094=DIRECTION('',(0.,0.,1.));
#13095=DIRECTION('center_axis',(-1.,0.,0.));
#13096=DIRECTION('ref_axis',(0.,1.,0.));
#13097=DIRECTION('',(0.,0.,1.));
#13098=DIRECTION('center_axis',(0.707106781186548,-0.707106781186548,0.));
#13099=DIRECTION('ref_axis',(-0.707106781186548,-0.707106781186548,0.));
#13100=DIRECTION('',(0.,0.,1.));
#13101=DIRECTION('center_axis',(-0.707106781186548,0.707106781186548,0.));
#13102=DIRECTION('ref_axis',(0.707106781186548,0.707106781186548,0.));
#13103=DIRECTION('',(0.,0.,1.));
#13104=DIRECTION('center_axis',(1.,0.,0.));
#13105=DIRECTION('ref_axis',(0.,-1.,0.));
#13106=DIRECTION('',(0.,0.,1.));
#13107=DIRECTION('center_axis',(-0.707106781186548,-0.707106781186548,0.));
#13108=DIRECTION('ref_axis',(-0.707106781186548,0.707106781186548,0.));
#13109=DIRECTION('',(0.,0.,1.));
#13110=DIRECTION('center_axis',(0.707106781186548,0.707106781186548,0.));
#13111=DIRECTION('ref_axis',(0.707106781186548,-0.707106781186548,0.));
#13112=DIRECTION('',(0.,0.,1.));
#13113=DIRECTION('center_axis',(-1.,0.,0.));
#13114=DIRECTION('ref_axis',(0.,1.,0.));
#13115=DIRECTION('',(0.,0.,1.));
#13116=DIRECTION('center_axis',(0.707106781186548,-0.707106781186548,0.));
#13117=DIRECTION('ref_axis',(-0.707106781186548,-0.707106781186548,0.));
#13118=DIRECTION('',(0.,0.,1.));
#13119=DIRECTION('center_axis',(-0.707106781186548,0.707106781186548,0.));
#13120=DIRECTION('ref_axis',(0.707106781186548,0.707106781186548,0.));
#13121=DIRECTION('',(0.,0.,1.));
#13122=DIRECTION('center_axis',(1.,0.,0.));
#13123=DIRECTION('ref_axis',(0.,-1.,0.));
#13124=DIRECTION('',(0.,0.,1.));
#13125=DIRECTION('center_axis',(-0.707106781186548,-0.707106781186548,0.));
#13126=DIRECTION('ref_axis',(-0.707106781186548,0.707106781186548,0.));
#13127=DIRECTION('',(0.,0.,1.));
#13128=DIRECTION('center_axis',(0.707106781186548,0.707106781186548,0.));
#13129=DIRECTION('ref_axis',(0.707106781186548,-0.707106781186548,0.));
#13130=DIRECTION('',(0.,0.,1.));
#13131=DIRECTION('center_axis',(-1.,0.,0.));
#13132=DIRECTION('ref_axis',(0.,1.,0.));
#13133=DIRECTION('',(0.,0.,1.));
#13134=DIRECTION('center_axis',(0.707106781186548,-0.707106781186548,0.));
#13135=DIRECTION('ref_axis',(-0.707106781186548,-0.707106781186548,0.));
#13136=DIRECTION('',(0.,0.,1.));
#13137=DIRECTION('center_axis',(-0.707106781186548,0.707106781186548,0.));
#13138=DIRECTION('ref_axis',(0.707106781186548,0.707106781186548,0.));
#13139=DIRECTION('',(0.,0.,1.));
#13140=DIRECTION('center_axis',(1.,0.,0.));
#13141=DIRECTION('ref_axis',(0.,-1.,0.));
#13142=DIRECTION('',(0.,0.,1.));
#13143=DIRECTION('center_axis',(-0.707106781186548,-0.707106781186548,0.));
#13144=DIRECTION('ref_axis',(-0.707106781186548,0.707106781186548,0.));
#13145=DIRECTION('',(0.,0.,1.));
#13146=DIRECTION('center_axis',(0.707106781186548,0.707106781186548,0.));
#13147=DIRECTION('ref_axis',(0.707106781186548,-0.707106781186548,0.));
#13148=DIRECTION('',(0.,0.,1.));
#13149=DIRECTION('center_axis',(-1.,0.,0.));
#13150=DIRECTION('ref_axis',(0.,1.,0.));
#13151=DIRECTION('',(0.,0.,1.));
#13152=DIRECTION('center_axis',(0.707106781186548,-0.707106781186548,0.));
#13153=DIRECTION('ref_axis',(-0.707106781186548,-0.707106781186548,0.));
#13154=DIRECTION('',(0.,0.,1.));
#13155=DIRECTION('center_axis',(-0.707106781186548,0.707106781186548,0.));
#13156=DIRECTION('ref_axis',(0.707106781186548,0.707106781186548,0.));
#13157=DIRECTION('',(0.,0.,1.));
#13158=DIRECTION('center_axis',(1.,0.,0.));
#13159=DIRECTION('ref_axis',(0.,-1.,0.));
#13160=DIRECTION('',(0.,0.,1.));
#13161=DIRECTION('center_axis',(-0.707106781186548,-0.707106781186548,0.));
#13162=DIRECTION('ref_axis',(-0.707106781186548,0.707106781186548,0.));
#13163=DIRECTION('',(0.,0.,1.));
#13164=DIRECTION('center_axis',(0.707106781186548,0.707106781186548,0.));
#13165=DIRECTION('ref_axis',(0.707106781186548,-0.707106781186548,0.));
#13166=DIRECTION('',(0.,0.,1.));
#13167=DIRECTION('center_axis',(-1.,0.,0.));
#13168=DIRECTION('ref_axis',(0.,1.,0.));
#13169=DIRECTION('',(0.,0.,1.));
#13170=DIRECTION('center_axis',(0.707106781186548,-0.707106781186548,0.));
#13171=DIRECTION('ref_axis',(-0.707106781186548,-0.707106781186548,0.));
#13172=DIRECTION('',(0.,0.,1.));
#13173=DIRECTION('center_axis',(-0.707106781186548,0.707106781186548,0.));
#13174=DIRECTION('ref_axis',(0.707106781186548,0.707106781186548,0.));
#13175=DIRECTION('',(0.,0.,1.));
#13176=DIRECTION('center_axis',(1.,0.,0.));
#13177=DIRECTION('ref_axis',(0.,-1.,0.));
#13178=DIRECTION('',(0.,0.,1.));
#13179=DIRECTION('center_axis',(-0.707106781186548,-0.707106781186548,0.));
#13180=DIRECTION('ref_axis',(-0.707106781186548,0.707106781186548,0.));
#13181=DIRECTION('',(0.,0.,1.));
#13182=DIRECTION('center_axis',(0.707106781186548,0.707106781186548,0.));
#13183=DIRECTION('ref_axis',(0.707106781186548,-0.707106781186548,0.));
#13184=DIRECTION('',(0.,0.,1.));
#13185=DIRECTION('center_axis',(-1.,0.,0.));
#13186=DIRECTION('ref_axis',(0.,1.,0.));
#13187=DIRECTION('',(0.,0.,1.));
#13188=DIRECTION('center_axis',(0.707106781186548,-0.707106781186548,0.));
#13189=DIRECTION('ref_axis',(-0.707106781186548,-0.707106781186548,0.));
#13190=DIRECTION('',(0.,0.,1.));
#13191=DIRECTION('center_axis',(-0.707106781186548,0.707106781186548,0.));
#13192=DIRECTION('ref_axis',(0.707106781186548,0.707106781186548,0.));
#13193=DIRECTION('',(0.,0.,1.));
#13194=DIRECTION('center_axis',(1.,0.,0.));
#13195=DIRECTION('ref_axis',(0.,-1.,0.));
#13196=DIRECTION('',(0.,0.,1.));
#13197=DIRECTION('center_axis',(-0.707106781186548,-0.707106781186548,0.));
#13198=DIRECTION('ref_axis',(-0.707106781186548,0.707106781186548,0.));
#13199=DIRECTION('',(0.,0.,1.));
#13200=DIRECTION('center_axis',(0.707106781186548,0.707106781186548,0.));
#13201=DIRECTION('ref_axis',(0.707106781186548,-0.707106781186548,0.));
#13202=DIRECTION('',(0.,0.,1.));
#13203=DIRECTION('center_axis',(-1.,0.,0.));
#13204=DIRECTION('ref_axis',(0.,1.,0.));
#13205=DIRECTION('',(0.,0.,1.));
#13206=DIRECTION('center_axis',(0.707106781186548,-0.707106781186548,0.));
#13207=DIRECTION('ref_axis',(-0.707106781186548,-0.707106781186548,0.));
#13208=DIRECTION('',(0.,0.,1.));
#13209=DIRECTION('center_axis',(-0.707106781186548,0.707106781186548,0.));
#13210=DIRECTION('ref_axis',(0.707106781186548,0.707106781186548,0.));
#13211=DIRECTION('',(0.,0.,1.));
#13212=DIRECTION('center_axis',(1.,0.,0.));
#13213=DIRECTION('ref_axis',(0.,-1.,0.));
#13214=DIRECTION('',(0.,0.,1.));
#13215=DIRECTION('center_axis',(-0.707106781186548,-0.707106781186548,0.));
#13216=DIRECTION('ref_axis',(-0.707106781186548,0.707106781186548,0.));
#13217=DIRECTION('',(0.,0.,1.));
#13218=DIRECTION('center_axis',(0.707106781186548,0.707106781186548,0.));
#13219=DIRECTION('ref_axis',(0.707106781186548,-0.707106781186548,0.));
#13220=DIRECTION('',(0.,0.,1.));
#13221=DIRECTION('center_axis',(-1.,0.,0.));
#13222=DIRECTION('ref_axis',(0.,1.,0.));
#13223=DIRECTION('',(0.,0.,1.));
#13224=DIRECTION('center_axis',(0.,1.,0.));
#13225=DIRECTION('ref_axis',(1.,0.,0.));
#13226=DIRECTION('',(0.,0.,1.));
#13227=DIRECTION('center_axis',(-0.707106781186548,0.707106781186548,0.));
#13228=DIRECTION('ref_axis',(0.707106781186548,0.707106781186548,0.));
#13229=DIRECTION('center_axis',(1.,0.,0.));
#13230=DIRECTION('ref_axis',(0.,0.,1.));
#13231=DIRECTION('',(0.,0.,1.));
#13232=DIRECTION('',(0.,1.,0.));
#13233=DIRECTION('',(0.,0.,1.));
#13234=DIRECTION('center_axis',(0.,1.,0.));
#13235=DIRECTION('ref_axis',(0.,0.,1.));
#13236=DIRECTION('',(1.,0.,0.));
#13237=DIRECTION('',(0.,0.,1.));
#13238=DIRECTION('center_axis',(1.,0.,0.));
#13239=DIRECTION('ref_axis',(0.,0.,1.));
#13240=DIRECTION('',(0.,0.,1.));
#13241=DIRECTION('',(0.,1.,0.));
#13242=DIRECTION('center_axis',(0.,1.,0.));
#13243=DIRECTION('ref_axis',(0.,0.,1.));
#13244=DIRECTION('',(1.,0.,0.));
#13245=DIRECTION('center_axis',(1.,0.,0.));
#13246=DIRECTION('ref_axis',(0.,0.,1.));
#13247=DIRECTION('',(0.,0.,1.));
#13248=DIRECTION('',(0.,1.,0.));
#13249=DIRECTION('',(0.,0.,1.));
#13250=DIRECTION('center_axis',(0.,1.,0.));
#13251=DIRECTION('ref_axis',(0.,0.,1.));
#13252=DIRECTION('',(1.,0.,0.));
#13253=DIRECTION('',(0.,0.,1.));
#13254=DIRECTION('center_axis',(1.,0.,0.));
#13255=DIRECTION('ref_axis',(0.,0.,1.));
#13256=DIRECTION('',(0.,0.,1.));
#13257=DIRECTION('',(0.,1.,0.));
#13258=DIRECTION('center_axis',(0.,1.,0.));
#13259=DIRECTION('ref_axis',(0.,0.,1.));
#13260=DIRECTION('',(1.,0.,0.));
#13261=DIRECTION('center_axis',(1.,0.,0.));
#13262=DIRECTION('ref_axis',(0.,0.,1.));
#13263=DIRECTION('',(0.,0.,1.));
#13264=DIRECTION('',(0.,1.,0.));
#13265=DIRECTION('',(0.,0.,1.));
#13266=DIRECTION('center_axis',(0.,1.,0.));
#13267=DIRECTION('ref_axis',(0.,0.,1.));
#13268=DIRECTION('',(1.,0.,0.));
#13269=DIRECTION('',(0.,0.,1.));
#13270=DIRECTION('center_axis',(1.,0.,0.));
#13271=DIRECTION('ref_axis',(0.,0.,1.));
#13272=DIRECTION('',(0.,0.,1.));
#13273=DIRECTION('',(0.,1.,0.));
#13274=DIRECTION('center_axis',(0.,1.,0.));
#13275=DIRECTION('ref_axis',(0.,0.,1.));
#13276=DIRECTION('',(1.,0.,0.));
#13277=DIRECTION('center_axis',(0.,1.,0.));
#13278=DIRECTION('ref_axis',(0.,0.,1.));
#13279=DIRECTION('',(0.,0.,1.));
#13280=DIRECTION('',(0.,0.,1.));
#13281=DIRECTION('',(1.,0.,0.));
#13282=DIRECTION('center_axis',(1.,0.,0.));
#13283=DIRECTION('ref_axis',(0.,0.,1.));
#13284=DIRECTION('',(0.,1.,0.));
#13285=DIRECTION('',(0.,0.,1.));
#13286=DIRECTION('center_axis',(0.,1.,0.));
#13287=DIRECTION('ref_axis',(0.,0.,1.));
#13288=DIRECTION('',(1.,0.,0.));
#13289=DIRECTION('',(0.,0.,1.));
#13290=DIRECTION('center_axis',(1.,0.,0.));
#13291=DIRECTION('ref_axis',(0.,0.,1.));
#13292=DIRECTION('',(0.,1.,0.));
#13293=DIRECTION('center_axis',(1.,0.,0.));
#13294=DIRECTION('ref_axis',(0.,0.,1.));
#13295=DIRECTION('',(0.,0.,1.));
#13296=DIRECTION('',(0.,1.,0.));
#13297=DIRECTION('',(0.,0.,1.));
#13298=DIRECTION('center_axis',(0.,1.,0.));
#13299=DIRECTION('ref_axis',(0.,0.,1.));
#13300=DIRECTION('',(1.,0.,0.));
#13301=DIRECTION('',(0.,0.,1.));
#13302=DIRECTION('center_axis',(1.,0.,0.));
#13303=DIRECTION('ref_axis',(0.,0.,1.));
#13304=DIRECTION('',(0.,0.,1.));
#13305=DIRECTION('',(0.,1.,0.));
#13306=DIRECTION('center_axis',(0.,1.,0.));
#13307=DIRECTION('ref_axis',(0.,0.,1.));
#13308=DIRECTION('',(1.,0.,0.));
#13309=DIRECTION('center_axis',(1.,0.,0.));
#13310=DIRECTION('ref_axis',(0.,0.,1.));
#13311=DIRECTION('',(0.,0.,1.));
#13312=DIRECTION('',(0.,1.,0.));
#13313=DIRECTION('',(0.,0.,1.));
#13314=DIRECTION('center_axis',(0.,1.,0.));
#13315=DIRECTION('ref_axis',(0.,0.,1.));
#13316=DIRECTION('',(1.,0.,0.));
#13317=DIRECTION('',(0.,0.,1.));
#13318=DIRECTION('center_axis',(1.,0.,0.));
#13319=DIRECTION('ref_axis',(0.,0.,1.));
#13320=DIRECTION('',(0.,0.,1.));
#13321=DIRECTION('',(0.,1.,0.));
#13322=DIRECTION('center_axis',(0.,1.,0.));
#13323=DIRECTION('ref_axis',(0.,0.,1.));
#13324=DIRECTION('',(1.,0.,0.));
#13325=DIRECTION('center_axis',(0.,1.,0.));
#13326=DIRECTION('ref_axis',(0.,0.,1.));
#13327=DIRECTION('',(0.,0.,1.));
#13328=DIRECTION('',(0.,0.,1.));
#13329=DIRECTION('',(1.,0.,0.));
#13330=DIRECTION('center_axis',(1.,0.,0.));
#13331=DIRECTION('ref_axis',(0.,0.,1.));
#13332=DIRECTION('',(0.,1.,0.));
#13333=DIRECTION('',(0.,0.,1.));
#13334=DIRECTION('center_axis',(0.,1.,0.));
#13335=DIRECTION('ref_axis',(0.,0.,1.));
#13336=DIRECTION('',(1.,0.,0.));
#13337=DIRECTION('',(0.,0.,1.));
#13338=DIRECTION('center_axis',(1.,0.,0.));
#13339=DIRECTION('ref_axis',(0.,0.,1.));
#13340=DIRECTION('',(0.,1.,0.));
#13341=DIRECTION('center_axis',(0.,1.,0.));
#13342=DIRECTION('ref_axis',(0.,0.,1.));
#13343=DIRECTION('',(0.,0.,1.));
#13344=DIRECTION('',(0.,0.,1.));
#13345=DIRECTION('',(1.,0.,0.));
#13346=DIRECTION('center_axis',(1.,0.,0.));
#13347=DIRECTION('ref_axis',(0.,0.,1.));
#13348=DIRECTION('',(0.,1.,0.));
#13349=DIRECTION('',(0.,0.,1.));
#13350=DIRECTION('center_axis',(0.,1.,0.));
#13351=DIRECTION('ref_axis',(0.,0.,1.));
#13352=DIRECTION('',(1.,0.,0.));
#13353=DIRECTION('',(0.,0.,1.));
#13354=DIRECTION('center_axis',(1.,0.,0.));
#13355=DIRECTION('ref_axis',(0.,0.,1.));
#13356=DIRECTION('',(0.,1.,0.));
#13357=DIRECTION('center_axis',(1.,0.,0.));
#13358=DIRECTION('ref_axis',(0.,0.,1.));
#13359=DIRECTION('',(0.,0.,1.));
#13360=DIRECTION('',(0.,1.,0.));
#13361=DIRECTION('',(0.,0.,1.));
#13362=DIRECTION('center_axis',(0.,1.,0.));
#13363=DIRECTION('ref_axis',(0.,0.,1.));
#13364=DIRECTION('',(1.,0.,0.));
#13365=DIRECTION('',(0.,0.,1.));
#13366=DIRECTION('center_axis',(1.,0.,0.));
#13367=DIRECTION('ref_axis',(0.,0.,1.));
#13368=DIRECTION('',(0.,0.,1.));
#13369=DIRECTION('',(0.,1.,0.));
#13370=DIRECTION('center_axis',(0.,1.,0.));
#13371=DIRECTION('ref_axis',(0.,0.,1.));
#13372=DIRECTION('',(1.,0.,0.));
#13373=DIRECTION('center_axis',(1.,0.,0.));
#13374=DIRECTION('ref_axis',(0.,0.,1.));
#13375=DIRECTION('',(0.,0.,1.));
#13376=DIRECTION('',(0.,1.,0.));
#13377=DIRECTION('',(0.,0.,1.));
#13378=DIRECTION('center_axis',(0.,1.,0.));
#13379=DIRECTION('ref_axis',(0.,0.,1.));
#13380=DIRECTION('',(1.,0.,0.));
#13381=DIRECTION('',(0.,0.,1.));
#13382=DIRECTION('center_axis',(1.,0.,0.));
#13383=DIRECTION('ref_axis',(0.,0.,1.));
#13384=DIRECTION('',(0.,0.,1.));
#13385=DIRECTION('',(0.,1.,0.));
#13386=DIRECTION('center_axis',(0.,1.,0.));
#13387=DIRECTION('ref_axis',(0.,0.,1.));
#13388=DIRECTION('',(1.,0.,0.));
#13389=DIRECTION('center_axis',(1.,0.,0.));
#13390=DIRECTION('ref_axis',(0.,0.,1.));
#13391=DIRECTION('',(0.,0.,1.));
#13392=DIRECTION('',(0.,0.,1.));
#13393=DIRECTION('',(0.,1.,0.));
#13394=DIRECTION('center_axis',(0.,1.,0.));
#13395=DIRECTION('ref_axis',(0.,0.,1.));
#13396=DIRECTION('',(0.,0.,1.));
#13397=DIRECTION('',(1.,0.,0.));
#13398=DIRECTION('center_axis',(1.,0.,0.));
#13399=DIRECTION('ref_axis',(0.,0.,1.));
#13400=DIRECTION('',(0.,0.,1.));
#13401=DIRECTION('',(0.,1.,0.));
#13402=DIRECTION('center_axis',(0.,1.,0.));
#13403=DIRECTION('ref_axis',(0.,0.,1.));
#13404=DIRECTION('',(1.,0.,0.));
#13405=DIRECTION('center_axis',(1.,0.,0.));
#13406=DIRECTION('ref_axis',(0.,0.,1.));
#13407=DIRECTION('',(0.,0.,1.));
#13408=DIRECTION('',(0.,0.,1.));
#13409=DIRECTION('',(0.,1.,0.));
#13410=DIRECTION('center_axis',(0.,1.,0.));
#13411=DIRECTION('ref_axis',(0.,0.,1.));
#13412=DIRECTION('',(0.,0.,1.));
#13413=DIRECTION('',(1.,0.,0.));
#13414=DIRECTION('center_axis',(1.,0.,0.));
#13415=DIRECTION('ref_axis',(0.,0.,1.));
#13416=DIRECTION('',(0.,0.,1.));
#13417=DIRECTION('',(0.,1.,0.));
#13418=DIRECTION('center_axis',(0.,1.,0.));
#13419=DIRECTION('ref_axis',(0.,0.,1.));
#13420=DIRECTION('',(1.,0.,0.));
#13421=DIRECTION('center_axis',(1.,0.,0.));
#13422=DIRECTION('ref_axis',(0.,0.,1.));
#13423=DIRECTION('',(0.,0.,1.));
#13424=DIRECTION('',(0.,0.,1.));
#13425=DIRECTION('',(0.,1.,0.));
#13426=DIRECTION('center_axis',(0.,1.,0.));
#13427=DIRECTION('ref_axis',(0.,0.,1.));
#13428=DIRECTION('',(0.,0.,1.));
#13429=DIRECTION('',(1.,0.,0.));
#13430=DIRECTION('center_axis',(1.,0.,0.));
#13431=DIRECTION('ref_axis',(0.,0.,1.));
#13432=DIRECTION('',(0.,0.,1.));
#13433=DIRECTION('',(0.,1.,0.));
#13434=DIRECTION('center_axis',(0.,1.,0.));
#13435=DIRECTION('ref_axis',(0.,0.,1.));
#13436=DIRECTION('',(1.,0.,0.));
#13437=DIRECTION('center_axis',(0.,1.,0.));
#13438=DIRECTION('ref_axis',(0.,0.,1.));
#13439=DIRECTION('',(0.,0.,1.));
#13440=DIRECTION('',(1.,0.,0.));
#13441=DIRECTION('',(0.,0.,1.));
#13442=DIRECTION('center_axis',(1.,0.,0.));
#13443=DIRECTION('ref_axis',(0.,0.,1.));
#13444=DIRECTION('',(0.,0.,1.));
#13445=DIRECTION('',(0.,1.,0.));
#13446=DIRECTION('center_axis',(0.,1.,0.));
#13447=DIRECTION('ref_axis',(0.,0.,1.));
#13448=DIRECTION('',(0.,0.,1.));
#13449=DIRECTION('',(1.,0.,0.));
#13450=DIRECTION('center_axis',(1.,0.,0.));
#13451=DIRECTION('ref_axis',(0.,0.,1.));
#13452=DIRECTION('',(0.,1.,0.));
#13453=DIRECTION('center_axis',(1.,0.,0.));
#13454=DIRECTION('ref_axis',(0.,0.,1.));
#13455=DIRECTION('',(0.,0.,1.));
#13456=DIRECTION('',(0.,0.,1.));
#13457=DIRECTION('',(0.,1.,0.));
#13458=DIRECTION('center_axis',(0.,1.,0.));
#13459=DIRECTION('ref_axis',(0.,0.,1.));
#13460=DIRECTION('',(0.,0.,1.));
#13461=DIRECTION('',(1.,0.,0.));
#13462=DIRECTION('center_axis',(1.,0.,0.));
#13463=DIRECTION('ref_axis',(0.,0.,1.));
#13464=DIRECTION('',(0.,0.,1.));
#13465=DIRECTION('',(0.,1.,0.));
#13466=DIRECTION('center_axis',(0.,1.,0.));
#13467=DIRECTION('ref_axis',(0.,0.,1.));
#13468=DIRECTION('',(1.,0.,0.));
#13469=DIRECTION('center_axis',(1.,0.,0.));
#13470=DIRECTION('ref_axis',(0.,0.,1.));
#13471=DIRECTION('',(0.,0.,1.));
#13472=DIRECTION('',(0.,0.,1.));
#13473=DIRECTION('',(0.,1.,0.));
#13474=DIRECTION('center_axis',(0.,1.,0.));
#13475=DIRECTION('ref_axis',(0.,0.,1.));
#13476=DIRECTION('',(0.,0.,1.));
#13477=DIRECTION('',(1.,0.,0.));
#13478=DIRECTION('center_axis',(1.,0.,0.));
#13479=DIRECTION('ref_axis',(0.,0.,1.));
#13480=DIRECTION('',(0.,0.,1.));
#13481=DIRECTION('',(0.,1.,0.));
#13482=DIRECTION('center_axis',(0.,1.,0.));
#13483=DIRECTION('ref_axis',(0.,0.,1.));
#13484=DIRECTION('',(1.,0.,0.));
#13485=DIRECTION('center_axis',(0.,1.,0.));
#13486=DIRECTION('ref_axis',(0.,0.,1.));
#13487=DIRECTION('',(0.,0.,1.));
#13488=DIRECTION('',(1.,0.,0.));
#13489=DIRECTION('',(0.,0.,1.));
#13490=DIRECTION('center_axis',(1.,0.,0.));
#13491=DIRECTION('ref_axis',(0.,0.,1.));
#13492=DIRECTION('',(0.,0.,1.));
#13493=DIRECTION('',(0.,1.,0.));
#13494=DIRECTION('center_axis',(0.,1.,0.));
#13495=DIRECTION('ref_axis',(0.,0.,1.));
#13496=DIRECTION('',(0.,0.,1.));
#13497=DIRECTION('',(1.,0.,0.));
#13498=DIRECTION('center_axis',(1.,0.,0.));
#13499=DIRECTION('ref_axis',(0.,0.,1.));
#13500=DIRECTION('',(0.,1.,0.));
#13501=DIRECTION('center_axis',(0.,1.,0.));
#13502=DIRECTION('ref_axis',(0.,0.,1.));
#13503=DIRECTION('',(0.,0.,1.));
#13504=DIRECTION('',(1.,0.,0.));
#13505=DIRECTION('',(0.,0.,1.));
#13506=DIRECTION('center_axis',(1.,0.,0.));
#13507=DIRECTION('ref_axis',(0.,0.,1.));
#13508=DIRECTION('',(0.,0.,1.));
#13509=DIRECTION('',(0.,1.,0.));
#13510=DIRECTION('center_axis',(0.,1.,0.));
#13511=DIRECTION('ref_axis',(0.,0.,1.));
#13512=DIRECTION('',(0.,0.,1.));
#13513=DIRECTION('',(1.,0.,0.));
#13514=DIRECTION('center_axis',(1.,0.,0.));
#13515=DIRECTION('ref_axis',(0.,0.,1.));
#13516=DIRECTION('',(0.,1.,0.));
#13517=DIRECTION('center_axis',(1.,0.,0.));
#13518=DIRECTION('ref_axis',(0.,0.,1.));
#13519=DIRECTION('',(0.,0.,1.));
#13520=DIRECTION('',(0.,0.,1.));
#13521=DIRECTION('',(0.,1.,0.));
#13522=DIRECTION('center_axis',(0.,1.,0.));
#13523=DIRECTION('ref_axis',(0.,0.,1.));
#13524=DIRECTION('',(0.,0.,1.));
#13525=DIRECTION('',(1.,0.,0.));
#13526=DIRECTION('center_axis',(1.,0.,0.));
#13527=DIRECTION('ref_axis',(0.,0.,1.));
#13528=DIRECTION('',(0.,0.,1.));
#13529=DIRECTION('',(0.,1.,0.));
#13530=DIRECTION('center_axis',(0.,1.,0.));
#13531=DIRECTION('ref_axis',(0.,0.,1.));
#13532=DIRECTION('',(1.,0.,0.));
#13533=DIRECTION('center_axis',(1.,0.,0.));
#13534=DIRECTION('ref_axis',(0.,0.,1.));
#13535=DIRECTION('',(0.,0.,1.));
#13536=DIRECTION('',(0.,0.,1.));
#13537=DIRECTION('',(0.,1.,0.));
#13538=DIRECTION('center_axis',(0.,1.,0.));
#13539=DIRECTION('ref_axis',(0.,0.,1.));
#13540=DIRECTION('',(0.,0.,1.));
#13541=DIRECTION('',(1.,0.,0.));
#13542=DIRECTION('center_axis',(1.,0.,0.));
#13543=DIRECTION('ref_axis',(0.,0.,1.));
#13544=DIRECTION('',(0.,0.,1.));
#13545=DIRECTION('',(0.,1.,0.));
#13546=DIRECTION('center_axis',(0.,1.,0.));
#13547=DIRECTION('ref_axis',(0.,0.,1.));
#13548=DIRECTION('',(1.,0.,0.));
#13549=DIRECTION('center_axis',(-0.707106781186548,1.73516750835589E-18,
0.707106781186548));
#13550=DIRECTION('ref_axis',(1.22694871165302E-18,1.,-1.22694871165302E-18));
#13551=DIRECTION('',(-0.577350269189626,0.577350269189626,-0.577350269189626));
#13552=DIRECTION('',(0.,1.,0.));
#13553=DIRECTION('',(-0.577350269189626,-0.577350269189626,-0.577350269189626));
#13554=DIRECTION('center_axis',(-1.73516750835589E-18,-0.707106781186548,
0.707106781186548));
#13555=DIRECTION('ref_axis',(-1.,1.22694871165302E-18,-1.22694871165302E-18));
#13556=DIRECTION('',(0.577350269189626,-0.577350269189626,-0.577350269189626));
#13557=DIRECTION('',(1.,0.,0.));
#13558=DIRECTION('center_axis',(-0.707106781186548,-1.73516750835589E-18,
-0.707106781186548));
#13559=DIRECTION('ref_axis',(-1.22694871165302E-18,1.,-1.22694871165302E-18));
#13560=DIRECTION('',(0.577350269189626,0.577350269189626,-0.577350269189626));
#13561=DIRECTION('',(0.,1.,0.));
#13562=DIRECTION('center_axis',(1.73516750835589E-18,-0.707106781186548,
-0.707106781186548));
#13563=DIRECTION('ref_axis',(-1.,-1.22694871165302E-18,-1.22694871165302E-18));
#13564=DIRECTION('',(1.,0.,0.));
#13565=DIRECTION('center_axis',(-0.707106781186548,1.73516750835589E-18,
0.707106781186548));
#13566=DIRECTION('ref_axis',(1.22694871165302E-18,1.,-1.22694871165302E-18));
#13567=DIRECTION('',(-0.577350269189626,0.577350269189626,-0.577350269189626));
#13568=DIRECTION('',(0.,1.,0.));
#13569=DIRECTION('',(-0.577350269189626,-0.577350269189626,-0.577350269189626));
#13570=DIRECTION('center_axis',(-1.73516750835589E-18,-0.707106781186548,
0.707106781186548));
#13571=DIRECTION('ref_axis',(-1.,1.22694871165302E-18,-1.22694871165302E-18));
#13572=DIRECTION('',(0.577350269189626,-0.577350269189626,-0.577350269189626));
#13573=DIRECTION('',(1.,0.,0.));
#13574=DIRECTION('center_axis',(-0.707106781186548,-1.73516750835589E-18,
-0.707106781186548));
#13575=DIRECTION('ref_axis',(-1.22694871165302E-18,1.,-1.22694871165302E-18));
#13576=DIRECTION('',(0.577350269189626,0.577350269189626,-0.577350269189626));
#13577=DIRECTION('',(0.,1.,0.));
#13578=DIRECTION('center_axis',(1.73516750835589E-18,-0.707106781186548,
-0.707106781186548));
#13579=DIRECTION('ref_axis',(-1.,-1.22694871165302E-18,-1.22694871165302E-18));
#13580=DIRECTION('',(1.,0.,0.));
#13581=DIRECTION('center_axis',(-0.707106781186548,1.73516750835589E-18,
0.707106781186548));
#13582=DIRECTION('ref_axis',(1.22694871165302E-18,1.,-1.22694871165302E-18));
#13583=DIRECTION('',(-0.577350269189626,0.577350269189626,-0.577350269189626));
#13584=DIRECTION('',(0.,1.,0.));
#13585=DIRECTION('',(-0.577350269189626,-0.577350269189626,-0.577350269189626));
#13586=DIRECTION('center_axis',(-1.73516750835589E-18,-0.707106781186548,
0.707106781186548));
#13587=DIRECTION('ref_axis',(-1.,1.22694871165302E-18,-1.22694871165302E-18));
#13588=DIRECTION('',(0.577350269189626,-0.577350269189626,-0.577350269189626));
#13589=DIRECTION('',(1.,0.,0.));
#13590=DIRECTION('center_axis',(-0.707106781186548,-1.73516750835589E-18,
-0.707106781186548));
#13591=DIRECTION('ref_axis',(-1.22694871165302E-18,1.,-1.22694871165302E-18));
#13592=DIRECTION('',(0.577350269189626,0.577350269189626,-0.577350269189626));
#13593=DIRECTION('',(0.,1.,0.));
#13594=DIRECTION('center_axis',(1.73516750835589E-18,-0.707106781186548,
-0.707106781186548));
#13595=DIRECTION('ref_axis',(-1.,-1.22694871165302E-18,-1.22694871165302E-18));
#13596=DIRECTION('',(1.,0.,0.));
#13597=DIRECTION('center_axis',(1.73516750835589E-18,-0.707106781186548,
-0.707106781186548));
#13598=DIRECTION('ref_axis',(-1.,-1.22694871165302E-18,-1.22694871165302E-18));
#13599=DIRECTION('',(0.577350269189626,0.577350269189626,-0.577350269189626));
#13600=DIRECTION('',(1.,0.,0.));
#13601=DIRECTION('',(-0.577350269189626,0.577350269189626,-0.577350269189626));
#13602=DIRECTION('center_axis',(-0.707106781186548,1.73516750835589E-18,
0.707106781186548));
#13603=DIRECTION('ref_axis',(1.22694871165302E-18,1.,-1.22694871165302E-18));
#13604=DIRECTION('',(0.,1.,0.));
#13605=DIRECTION('',(-0.577350269189626,-0.577350269189626,-0.577350269189626));
#13606=DIRECTION('center_axis',(-1.73516750835589E-18,-0.707106781186548,
0.707106781186548));
#13607=DIRECTION('ref_axis',(-1.,1.22694871165302E-18,-1.22694871165302E-18));
#13608=DIRECTION('',(0.577350269189626,-0.577350269189626,-0.577350269189626));
#13609=DIRECTION('',(1.,0.,0.));
#13610=DIRECTION('center_axis',(-0.707106781186548,-1.73516750835589E-18,
-0.707106781186548));
#13611=DIRECTION('ref_axis',(-1.22694871165302E-18,1.,-1.22694871165302E-18));
#13612=DIRECTION('',(0.,1.,0.));
#13613=DIRECTION('center_axis',(-0.707106781186548,1.73516750835589E-18,
0.707106781186548));
#13614=DIRECTION('ref_axis',(1.22694871165302E-18,1.,-1.22694871165302E-18));
#13615=DIRECTION('',(-0.577350269189626,0.577350269189626,-0.577350269189626));
#13616=DIRECTION('',(0.,1.,0.));
#13617=DIRECTION('',(-0.577350269189626,-0.577350269189626,-0.577350269189626));
#13618=DIRECTION('center_axis',(-1.73516750835589E-18,-0.707106781186548,
0.707106781186548));
#13619=DIRECTION('ref_axis',(-1.,1.22694871165302E-18,-1.22694871165302E-18));
#13620=DIRECTION('',(0.577350269189626,-0.577350269189626,-0.577350269189626));
#13621=DIRECTION('',(1.,0.,0.));
#13622=DIRECTION('center_axis',(-0.707106781186548,-1.73516750835589E-18,
-0.707106781186548));
#13623=DIRECTION('ref_axis',(-1.22694871165302E-18,1.,-1.22694871165302E-18));
#13624=DIRECTION('',(0.577350269189626,0.577350269189626,-0.577350269189626));
#13625=DIRECTION('',(0.,1.,0.));
#13626=DIRECTION('center_axis',(1.73516750835589E-18,-0.707106781186548,
-0.707106781186548));
#13627=DIRECTION('ref_axis',(-1.,-1.22694871165302E-18,-1.22694871165302E-18));
#13628=DIRECTION('',(1.,0.,0.));
#13629=DIRECTION('center_axis',(-0.707106781186548,1.73516750835589E-18,
0.707106781186548));
#13630=DIRECTION('ref_axis',(1.22694871165302E-18,1.,-1.22694871165302E-18));
#13631=DIRECTION('',(-0.577350269189626,0.577350269189626,-0.577350269189626));
#13632=DIRECTION('',(0.,1.,0.));
#13633=DIRECTION('',(-0.577350269189626,-0.577350269189626,-0.577350269189626));
#13634=DIRECTION('center_axis',(-1.73516750835589E-18,-0.707106781186548,
0.707106781186548));
#13635=DIRECTION('ref_axis',(-1.,1.22694871165302E-18,-1.22694871165302E-18));
#13636=DIRECTION('',(0.577350269189626,-0.577350269189626,-0.577350269189626));
#13637=DIRECTION('',(1.,0.,0.));
#13638=DIRECTION('center_axis',(-0.707106781186548,-1.73516750835589E-18,
-0.707106781186548));
#13639=DIRECTION('ref_axis',(-1.22694871165302E-18,1.,-1.22694871165302E-18));
#13640=DIRECTION('',(0.577350269189626,0.577350269189626,-0.577350269189626));
#13641=DIRECTION('',(0.,1.,0.));
#13642=DIRECTION('center_axis',(1.73516750835589E-18,-0.707106781186548,
-0.707106781186548));
#13643=DIRECTION('ref_axis',(-1.,-1.22694871165302E-18,-1.22694871165302E-18));
#13644=DIRECTION('',(1.,0.,0.));
#13645=DIRECTION('center_axis',(1.73516750835589E-18,-0.707106781186548,
-0.707106781186548));
#13646=DIRECTION('ref_axis',(-1.,-1.22694871165302E-18,-1.22694871165302E-18));
#13647=DIRECTION('',(0.577350269189626,0.577350269189626,-0.577350269189626));
#13648=DIRECTION('',(1.,0.,0.));
#13649=DIRECTION('',(-0.577350269189626,0.577350269189626,-0.577350269189626));
#13650=DIRECTION('center_axis',(-0.707106781186548,1.73516750835589E-18,
0.707106781186548));
#13651=DIRECTION('ref_axis',(1.22694871165302E-18,1.,-1.22694871165302E-18));
#13652=DIRECTION('',(0.,1.,0.));
#13653=DIRECTION('',(-0.577350269189626,-0.577350269189626,-0.577350269189626));
#13654=DIRECTION('center_axis',(-1.73516750835589E-18,-0.707106781186548,
0.707106781186548));
#13655=DIRECTION('ref_axis',(-1.,1.22694871165302E-18,-1.22694871165302E-18));
#13656=DIRECTION('',(0.577350269189626,-0.577350269189626,-0.577350269189626));
#13657=DIRECTION('',(1.,0.,0.));
#13658=DIRECTION('center_axis',(-0.707106781186548,-1.73516750835589E-18,
-0.707106781186548));
#13659=DIRECTION('ref_axis',(-1.22694871165302E-18,1.,-1.22694871165302E-18));
#13660=DIRECTION('',(0.,1.,0.));
#13661=DIRECTION('center_axis',(1.73516750835589E-18,-0.707106781186548,
-0.707106781186548));
#13662=DIRECTION('ref_axis',(-1.,-1.22694871165302E-18,-1.22694871165302E-18));
#13663=DIRECTION('',(0.577350269189626,0.577350269189626,-0.577350269189626));
#13664=DIRECTION('',(1.,0.,0.));
#13665=DIRECTION('',(-0.577350269189626,0.577350269189626,-0.577350269189626));
#13666=DIRECTION('center_axis',(-0.707106781186548,1.73516750835589E-18,
0.707106781186548));
#13667=DIRECTION('ref_axis',(1.22694871165302E-18,1.,-1.22694871165302E-18));
#13668=DIRECTION('',(0.,1.,0.));
#13669=DIRECTION('',(-0.577350269189626,-0.577350269189626,-0.577350269189626));
#13670=DIRECTION('center_axis',(-1.73516750835589E-18,-0.707106781186548,
0.707106781186548));
#13671=DIRECTION('ref_axis',(-1.,1.22694871165302E-18,-1.22694871165302E-18));
#13672=DIRECTION('',(0.577350269189626,-0.577350269189626,-0.577350269189626));
#13673=DIRECTION('',(1.,0.,0.));
#13674=DIRECTION('center_axis',(-0.707106781186548,-1.73516750835589E-18,
-0.707106781186548));
#13675=DIRECTION('ref_axis',(-1.22694871165302E-18,1.,-1.22694871165302E-18));
#13676=DIRECTION('',(0.,1.,0.));
#13677=DIRECTION('center_axis',(-0.707106781186548,1.73516750835589E-18,
0.707106781186548));
#13678=DIRECTION('ref_axis',(1.22694871165302E-18,1.,-1.22694871165302E-18));
#13679=DIRECTION('',(-0.577350269189626,0.577350269189626,-0.577350269189626));
#13680=DIRECTION('',(0.,1.,0.));
#13681=DIRECTION('',(-0.577350269189626,-0.577350269189626,-0.577350269189626));
#13682=DIRECTION('center_axis',(-1.73516750835589E-18,-0.707106781186548,
0.707106781186548));
#13683=DIRECTION('ref_axis',(-1.,1.22694871165302E-18,-1.22694871165302E-18));
#13684=DIRECTION('',(0.577350269189626,-0.577350269189626,-0.577350269189626));
#13685=DIRECTION('',(1.,0.,0.));
#13686=DIRECTION('center_axis',(-0.707106781186548,-1.73516750835589E-18,
-0.707106781186548));
#13687=DIRECTION('ref_axis',(-1.22694871165302E-18,1.,-1.22694871165302E-18));
#13688=DIRECTION('',(0.577350269189626,0.577350269189626,-0.577350269189626));
#13689=DIRECTION('',(0.,1.,0.));
#13690=DIRECTION('center_axis',(1.73516750835589E-18,-0.707106781186548,
-0.707106781186548));
#13691=DIRECTION('ref_axis',(-1.,-1.22694871165302E-18,-1.22694871165302E-18));
#13692=DIRECTION('',(1.,0.,0.));
#13693=DIRECTION('center_axis',(-0.707106781186548,1.73516750835589E-18,
0.707106781186548));
#13694=DIRECTION('ref_axis',(1.22694871165302E-18,1.,-1.22694871165302E-18));
#13695=DIRECTION('',(-0.577350269189626,0.577350269189626,-0.577350269189626));
#13696=DIRECTION('',(0.,1.,0.));
#13697=DIRECTION('',(-0.577350269189626,-0.577350269189626,-0.577350269189626));
#13698=DIRECTION('center_axis',(-1.73516750835589E-18,-0.707106781186548,
0.707106781186548));
#13699=DIRECTION('ref_axis',(-1.,1.22694871165302E-18,-1.22694871165302E-18));
#13700=DIRECTION('',(0.577350269189626,-0.577350269189626,-0.577350269189626));
#13701=DIRECTION('',(1.,0.,0.));
#13702=DIRECTION('center_axis',(-0.707106781186548,-1.73516750835589E-18,
-0.707106781186548));
#13703=DIRECTION('ref_axis',(-1.22694871165302E-18,1.,-1.22694871165302E-18));
#13704=DIRECTION('',(0.577350269189626,0.577350269189626,-0.577350269189626));
#13705=DIRECTION('',(0.,1.,0.));
#13706=DIRECTION('center_axis',(1.73516750835589E-18,-0.707106781186548,
-0.707106781186548));
#13707=DIRECTION('ref_axis',(-1.,-1.22694871165302E-18,-1.22694871165302E-18));
#13708=DIRECTION('',(1.,0.,0.));
#13709=DIRECTION('center_axis',(0.707106781186548,-1.73516750835589E-18,
0.707106781186548));
#13710=DIRECTION('ref_axis',(1.22694871165302E-18,1.,1.22694871165302E-18));
#13711=DIRECTION('',(-0.577350269189626,0.577350269189626,0.577350269189626));
#13712=DIRECTION('',(-0.577350269189626,-0.577350269189626,0.577350269189626));
#13713=DIRECTION('',(0.,1.,0.));
#13714=DIRECTION('center_axis',(1.73516750835589E-18,0.707106781186548,
0.707106781186548));
#13715=DIRECTION('ref_axis',(-1.,1.22694871165302E-18,1.22694871165302E-18));
#13716=DIRECTION('',(0.577350269189626,-0.577350269189626,0.577350269189626));
#13717=DIRECTION('',(1.,0.,0.));
#13718=DIRECTION('center_axis',(0.707106781186548,1.73516750835589E-18,
-0.707106781186548));
#13719=DIRECTION('ref_axis',(-1.22694871165302E-18,1.,1.22694871165302E-18));
#13720=DIRECTION('',(0.577350269189626,0.577350269189626,0.577350269189626));
#13721=DIRECTION('',(0.,1.,0.));
#13722=DIRECTION('center_axis',(-1.73516750835589E-18,0.707106781186548,
-0.707106781186548));
#13723=DIRECTION('ref_axis',(-1.,-1.22694871165302E-18,1.22694871165302E-18));
#13724=DIRECTION('',(1.,0.,0.));
#13725=DIRECTION('center_axis',(0.707106781186548,-1.73516750835589E-18,
0.707106781186548));
#13726=DIRECTION('ref_axis',(1.22694871165302E-18,1.,1.22694871165302E-18));
#13727=DIRECTION('',(-0.577350269189626,0.577350269189626,0.577350269189626));
#13728=DIRECTION('',(-0.577350269189626,-0.577350269189626,0.577350269189626));
#13729=DIRECTION('',(0.,1.,0.));
#13730=DIRECTION('center_axis',(1.73516750835589E-18,0.707106781186548,
0.707106781186548));
#13731=DIRECTION('ref_axis',(-1.,1.22694871165302E-18,1.22694871165302E-18));
#13732=DIRECTION('',(0.577350269189626,-0.577350269189626,0.577350269189626));
#13733=DIRECTION('',(1.,0.,0.));
#13734=DIRECTION('center_axis',(0.707106781186548,1.73516750835589E-18,
-0.707106781186548));
#13735=DIRECTION('ref_axis',(-1.22694871165302E-18,1.,1.22694871165302E-18));
#13736=DIRECTION('',(0.577350269189626,0.577350269189626,0.577350269189626));
#13737=DIRECTION('',(0.,1.,0.));
#13738=DIRECTION('center_axis',(-1.73516750835589E-18,0.707106781186548,
-0.707106781186548));
#13739=DIRECTION('ref_axis',(-1.,-1.22694871165302E-18,1.22694871165302E-18));
#13740=DIRECTION('',(1.,0.,0.));
#13741=DIRECTION('center_axis',(0.707106781186548,-1.73516750835589E-18,
0.707106781186548));
#13742=DIRECTION('ref_axis',(1.22694871165302E-18,1.,1.22694871165302E-18));
#13743=DIRECTION('',(-0.577350269189626,0.577350269189626,0.577350269189626));
#13744=DIRECTION('',(-0.577350269189626,-0.577350269189626,0.577350269189626));
#13745=DIRECTION('',(0.,1.,0.));
#13746=DIRECTION('center_axis',(1.73516750835589E-18,0.707106781186548,
0.707106781186548));
#13747=DIRECTION('ref_axis',(-1.,1.22694871165302E-18,1.22694871165302E-18));
#13748=DIRECTION('',(0.577350269189626,-0.577350269189626,0.577350269189626));
#13749=DIRECTION('',(1.,0.,0.));
#13750=DIRECTION('center_axis',(0.707106781186548,1.73516750835589E-18,
-0.707106781186548));
#13751=DIRECTION('ref_axis',(-1.22694871165302E-18,1.,1.22694871165302E-18));
#13752=DIRECTION('',(0.577350269189626,0.577350269189626,0.577350269189626));
#13753=DIRECTION('',(0.,1.,0.));
#13754=DIRECTION('center_axis',(-1.73516750835589E-18,0.707106781186548,
-0.707106781186548));
#13755=DIRECTION('ref_axis',(-1.,-1.22694871165302E-18,1.22694871165302E-18));
#13756=DIRECTION('',(1.,0.,0.));
#13757=DIRECTION('center_axis',(-1.73516750835589E-18,0.707106781186548,
-0.707106781186548));
#13758=DIRECTION('ref_axis',(-1.,-1.22694871165302E-18,1.22694871165302E-18));
#13759=DIRECTION('',(0.577350269189626,0.577350269189626,0.577350269189626));
#13760=DIRECTION('',(-0.577350269189626,0.577350269189626,0.577350269189626));
#13761=DIRECTION('',(1.,0.,0.));
#13762=DIRECTION('center_axis',(0.707106781186548,-1.73516750835589E-18,
0.707106781186548));
#13763=DIRECTION('ref_axis',(1.22694871165302E-18,1.,1.22694871165302E-18));
#13764=DIRECTION('',(-0.577350269189626,-0.577350269189626,0.577350269189626));
#13765=DIRECTION('',(0.,1.,0.));
#13766=DIRECTION('center_axis',(1.73516750835589E-18,0.707106781186548,
0.707106781186548));
#13767=DIRECTION('ref_axis',(-1.,1.22694871165302E-18,1.22694871165302E-18));
#13768=DIRECTION('',(0.577350269189626,-0.577350269189626,0.577350269189626));
#13769=DIRECTION('',(1.,0.,0.));
#13770=DIRECTION('center_axis',(0.707106781186548,1.73516750835589E-18,
-0.707106781186548));
#13771=DIRECTION('ref_axis',(-1.22694871165302E-18,1.,1.22694871165302E-18));
#13772=DIRECTION('',(0.,1.,0.));
#13773=DIRECTION('center_axis',(0.707106781186548,-1.73516750835589E-18,
0.707106781186548));
#13774=DIRECTION('ref_axis',(1.22694871165302E-18,1.,1.22694871165302E-18));
#13775=DIRECTION('',(-0.577350269189626,0.577350269189626,0.577350269189626));
#13776=DIRECTION('',(-0.577350269189626,-0.577350269189626,0.577350269189626));
#13777=DIRECTION('',(0.,1.,0.));
#13778=DIRECTION('center_axis',(1.73516750835589E-18,0.707106781186548,
0.707106781186548));
#13779=DIRECTION('ref_axis',(-1.,1.22694871165302E-18,1.22694871165302E-18));
#13780=DIRECTION('',(0.577350269189626,-0.577350269189626,0.577350269189626));
#13781=DIRECTION('',(1.,0.,0.));
#13782=DIRECTION('center_axis',(0.707106781186548,1.73516750835589E-18,
-0.707106781186548));
#13783=DIRECTION('ref_axis',(-1.22694871165302E-18,1.,1.22694871165302E-18));
#13784=DIRECTION('',(0.577350269189626,0.577350269189626,0.577350269189626));
#13785=DIRECTION('',(0.,1.,0.));
#13786=DIRECTION('center_axis',(-1.73516750835589E-18,0.707106781186548,
-0.707106781186548));
#13787=DIRECTION('ref_axis',(-1.,-1.22694871165302E-18,1.22694871165302E-18));
#13788=DIRECTION('',(1.,0.,0.));
#13789=DIRECTION('center_axis',(0.707106781186548,-1.73516750835589E-18,
0.707106781186548));
#13790=DIRECTION('ref_axis',(1.22694871165302E-18,1.,1.22694871165302E-18));
#13791=DIRECTION('',(-0.577350269189626,0.577350269189626,0.577350269189626));
#13792=DIRECTION('',(-0.577350269189626,-0.577350269189626,0.577350269189626));
#13793=DIRECTION('',(0.,1.,0.));
#13794=DIRECTION('center_axis',(1.73516750835589E-18,0.707106781186548,
0.707106781186548));
#13795=DIRECTION('ref_axis',(-1.,1.22694871165302E-18,1.22694871165302E-18));
#13796=DIRECTION('',(0.577350269189626,-0.577350269189626,0.577350269189626));
#13797=DIRECTION('',(1.,0.,0.));
#13798=DIRECTION('center_axis',(0.707106781186548,1.73516750835589E-18,
-0.707106781186548));
#13799=DIRECTION('ref_axis',(-1.22694871165302E-18,1.,1.22694871165302E-18));
#13800=DIRECTION('',(0.577350269189626,0.577350269189626,0.577350269189626));
#13801=DIRECTION('',(0.,1.,0.));
#13802=DIRECTION('center_axis',(-1.73516750835589E-18,0.707106781186548,
-0.707106781186548));
#13803=DIRECTION('ref_axis',(-1.,-1.22694871165302E-18,1.22694871165302E-18));
#13804=DIRECTION('',(1.,0.,0.));
#13805=DIRECTION('center_axis',(-1.73516750835589E-18,0.707106781186548,
-0.707106781186548));
#13806=DIRECTION('ref_axis',(-1.,-1.22694871165302E-18,1.22694871165302E-18));
#13807=DIRECTION('',(0.577350269189626,0.577350269189626,0.577350269189626));
#13808=DIRECTION('',(-0.577350269189626,0.577350269189626,0.577350269189626));
#13809=DIRECTION('',(1.,0.,0.));
#13810=DIRECTION('center_axis',(0.707106781186548,-1.73516750835589E-18,
0.707106781186548));
#13811=DIRECTION('ref_axis',(1.22694871165302E-18,1.,1.22694871165302E-18));
#13812=DIRECTION('',(-0.577350269189626,-0.577350269189626,0.577350269189626));
#13813=DIRECTION('',(0.,1.,0.));
#13814=DIRECTION('center_axis',(1.73516750835589E-18,0.707106781186548,
0.707106781186548));
#13815=DIRECTION('ref_axis',(-1.,1.22694871165302E-18,1.22694871165302E-18));
#13816=DIRECTION('',(0.577350269189626,-0.577350269189626,0.577350269189626));
#13817=DIRECTION('',(1.,0.,0.));
#13818=DIRECTION('center_axis',(0.707106781186548,1.73516750835589E-18,
-0.707106781186548));
#13819=DIRECTION('ref_axis',(-1.22694871165302E-18,1.,1.22694871165302E-18));
#13820=DIRECTION('',(0.,1.,0.));
#13821=DIRECTION('center_axis',(-1.73516750835589E-18,0.707106781186548,
-0.707106781186548));
#13822=DIRECTION('ref_axis',(-1.,-1.22694871165302E-18,1.22694871165302E-18));
#13823=DIRECTION('',(0.577350269189626,0.577350269189626,0.577350269189626));
#13824=DIRECTION('',(-0.577350269189626,0.577350269189626,0.577350269189626));
#13825=DIRECTION('',(1.,0.,0.));
#13826=DIRECTION('center_axis',(0.707106781186548,-1.73516750835589E-18,
0.707106781186548));
#13827=DIRECTION('ref_axis',(1.22694871165302E-18,1.,1.22694871165302E-18));
#13828=DIRECTION('',(-0.577350269189626,-0.577350269189626,0.577350269189626));
#13829=DIRECTION('',(0.,1.,0.));
#13830=DIRECTION('center_axis',(1.73516750835589E-18,0.707106781186548,
0.707106781186548));
#13831=DIRECTION('ref_axis',(-1.,1.22694871165302E-18,1.22694871165302E-18));
#13832=DIRECTION('',(0.577350269189626,-0.577350269189626,0.577350269189626));
#13833=DIRECTION('',(1.,0.,0.));
#13834=DIRECTION('center_axis',(0.707106781186548,1.73516750835589E-18,
-0.707106781186548));
#13835=DIRECTION('ref_axis',(-1.22694871165302E-18,1.,1.22694871165302E-18));
#13836=DIRECTION('',(0.,1.,0.));
#13837=DIRECTION('center_axis',(0.707106781186548,-1.73516750835589E-18,
0.707106781186548));
#13838=DIRECTION('ref_axis',(1.22694871165302E-18,1.,1.22694871165302E-18));
#13839=DIRECTION('',(-0.577350269189626,0.577350269189626,0.577350269189626));
#13840=DIRECTION('',(-0.577350269189626,-0.577350269189626,0.577350269189626));
#13841=DIRECTION('',(0.,1.,0.));
#13842=DIRECTION('center_axis',(1.73516750835589E-18,0.707106781186548,
0.707106781186548));
#13843=DIRECTION('ref_axis',(-1.,1.22694871165302E-18,1.22694871165302E-18));
#13844=DIRECTION('',(0.577350269189626,-0.577350269189626,0.577350269189626));
#13845=DIRECTION('',(1.,0.,0.));
#13846=DIRECTION('center_axis',(0.707106781186548,1.73516750835589E-18,
-0.707106781186548));
#13847=DIRECTION('ref_axis',(-1.22694871165302E-18,1.,1.22694871165302E-18));
#13848=DIRECTION('',(0.577350269189626,0.577350269189626,0.577350269189626));
#13849=DIRECTION('',(0.,1.,0.));
#13850=DIRECTION('center_axis',(-1.73516750835589E-18,0.707106781186548,
-0.707106781186548));
#13851=DIRECTION('ref_axis',(-1.,-1.22694871165302E-18,1.22694871165302E-18));
#13852=DIRECTION('',(1.,0.,0.));
#13853=DIRECTION('center_axis',(0.707106781186548,-1.73516750835589E-18,
0.707106781186548));
#13854=DIRECTION('ref_axis',(1.22694871165302E-18,1.,1.22694871165302E-18));
#13855=DIRECTION('',(-0.577350269189626,0.577350269189626,0.577350269189626));
#13856=DIRECTION('',(-0.577350269189626,-0.577350269189626,0.577350269189626));
#13857=DIRECTION('',(0.,1.,0.));
#13858=DIRECTION('center_axis',(1.73516750835589E-18,0.707106781186548,
0.707106781186548));
#13859=DIRECTION('ref_axis',(-1.,1.22694871165302E-18,1.22694871165302E-18));
#13860=DIRECTION('',(0.577350269189626,-0.577350269189626,0.577350269189626));
#13861=DIRECTION('',(1.,0.,0.));
#13862=DIRECTION('center_axis',(0.707106781186548,1.73516750835589E-18,
-0.707106781186548));
#13863=DIRECTION('ref_axis',(-1.22694871165302E-18,1.,1.22694871165302E-18));
#13864=DIRECTION('',(0.577350269189626,0.577350269189626,0.577350269189626));
#13865=DIRECTION('',(0.,1.,0.));
#13866=DIRECTION('center_axis',(-1.73516750835589E-18,0.707106781186548,
-0.707106781186548));
#13867=DIRECTION('ref_axis',(-1.,-1.22694871165302E-18,1.22694871165302E-18));
#13868=DIRECTION('',(1.,0.,0.));
#13869=DIRECTION('center_axis',(0.,0.,1.));
#13870=DIRECTION('ref_axis',(1.,0.,0.));
#13871=DIRECTION('center_axis',(0.,0.,1.));
#13872=DIRECTION('ref_axis',(1.,0.,0.));
#13873=DIRECTION('center_axis',(0.,0.,1.));
#13874=DIRECTION('ref_axis',(1.,0.,0.));
#13875=DIRECTION('center_axis',(0.,0.,1.));
#13876=DIRECTION('ref_axis',(1.,0.,0.));
#13877=DIRECTION('center_axis',(0.,0.,1.));
#13878=DIRECTION('ref_axis',(1.,0.,0.));
#13879=DIRECTION('center_axis',(0.,0.,1.));
#13880=DIRECTION('ref_axis',(1.,0.,0.));
#13881=DIRECTION('center_axis',(0.,0.,1.));
#13882=DIRECTION('ref_axis',(1.,0.,0.));
#13883=DIRECTION('center_axis',(0.,0.,1.));
#13884=DIRECTION('ref_axis',(1.,0.,0.));
#13885=DIRECTION('center_axis',(0.,0.,1.));
#13886=DIRECTION('ref_axis',(1.,0.,0.));
#13887=DIRECTION('center_axis',(0.,0.,1.));
#13888=DIRECTION('ref_axis',(1.,0.,0.));
#13889=DIRECTION('center_axis',(0.,0.,1.));
#13890=DIRECTION('ref_axis',(1.,0.,0.));
#13891=DIRECTION('center_axis',(0.,0.,1.));
#13892=DIRECTION('ref_axis',(1.,0.,0.));
#13893=DIRECTION('center_axis',(0.,0.,1.));
#13894=DIRECTION('ref_axis',(1.,0.,0.));
#13895=DIRECTION('center_axis',(0.,0.,1.));
#13896=DIRECTION('ref_axis',(1.,0.,0.));
#13897=DIRECTION('center_axis',(0.,0.,1.));
#13898=DIRECTION('ref_axis',(1.,0.,0.));
#13899=DIRECTION('center_axis',(0.,0.,1.));
#13900=DIRECTION('ref_axis',(1.,0.,0.));
#13901=DIRECTION('center_axis',(0.,0.,1.));
#13902=DIRECTION('ref_axis',(1.,0.,0.));
#13903=DIRECTION('center_axis',(0.,0.,1.));
#13904=DIRECTION('ref_axis',(1.,0.,0.));
#13905=DIRECTION('center_axis',(0.,0.,1.));
#13906=DIRECTION('ref_axis',(1.,0.,0.));
#13907=DIRECTION('center_axis',(0.,0.,1.));
#13908=DIRECTION('ref_axis',(1.,0.,0.));
#13909=DIRECTION('',(0.,0.,1.));
#13910=DIRECTION('',(1.,0.,0.));
#13911=DIRECTION('axis',(0.,0.,1.));
#13912=DIRECTION('refdir',(1.,0.,0.));
#13913=DIRECTION('axis',(0.,0.,1.));
#13914=DIRECTION('refdir',(1.,0.,0.));
#13915=DIRECTION('center_axis',(7.92969555769E-31,4.08046586736E-33,-1.));
#13916=DIRECTION('ref_axis',(1.,-6.162975822039E-32,0.));
#13917=DIRECTION('center_axis',(-7.92969555769E-31,-4.08046586736E-33,1.));
#13918=DIRECTION('ref_axis',(1.,-6.162975822039E-32,7.92969555769E-31));
#13919=DIRECTION('center_axis',(1.22464679914735E-16,1.,4.0804658673601E-33));
#13920=DIRECTION('ref_axis',(-1.,1.22464679914735E-16,0.));
#13921=DIRECTION('center_axis',(-7.92969555769E-31,-4.08046586736E-33,1.));
#13922=DIRECTION('ref_axis',(1.,-6.162975822039E-32,7.92969555769E-31));
#13923=DIRECTION('center_axis',(0.,0.,1.));
#13924=DIRECTION('ref_axis',(1.,0.,0.));
#13925=DIRECTION('center_axis',(0.,0.,1.));
#13926=DIRECTION('ref_axis',(1.,0.,0.));
#13927=DIRECTION('',(0.,0.,-1.));
#13928=DIRECTION('center_axis',(-7.92969555769E-31,-4.08046586736E-33,1.));
#13929=DIRECTION('ref_axis',(1.,0.,7.92969555769E-31));
#13930=DIRECTION('center_axis',(0.,0.,-1.));
#13931=DIRECTION('ref_axis',(-1.,0.,0.));
#13932=DIRECTION('',(0.,-1.,0.));
#13933=DIRECTION('center_axis',(0.,0.,1.));
#13934=DIRECTION('ref_axis',(0.,-1.,0.));
#13935=DIRECTION('',(-1.,0.,0.));
#13936=DIRECTION('center_axis',(0.,0.,-1.));
#13937=DIRECTION('ref_axis',(0.,-1.,0.));
#13938=DIRECTION('',(0.,1.,0.));
#13939=DIRECTION('center_axis',(0.,0.,-1.));
#13940=DIRECTION('ref_axis',(0.,-1.,0.));
#13941=DIRECTION('',(1.,0.,0.));
#13942=DIRECTION('center_axis',(0.,0.,1.));
#13943=DIRECTION('ref_axis',(0.,-1.,0.));
#13944=DIRECTION('center_axis',(0.,0.,1.));
#13945=DIRECTION('ref_axis',(1.,0.,0.));
#13946=DIRECTION('center_axis',(0.,0.,1.));
#13947=DIRECTION('ref_axis',(1.,0.,0.));
#13948=DIRECTION('center_axis',(1.,0.,0.));
#13949=DIRECTION('ref_axis',(0.,-1.,0.));
#13950=DIRECTION('',(0.,0.,1.));
#13951=DIRECTION('',(0.,-1.,0.));
#13952=DIRECTION('',(0.,0.,1.));
#13953=DIRECTION('center_axis',(0.,0.,1.));
#13954=DIRECTION('ref_axis',(1.,0.,0.));
#13955=DIRECTION('',(0.,0.,1.));
#13956=DIRECTION('center_axis',(0.,0.,-1.));
#13957=DIRECTION('ref_axis',(0.,1.,0.));
#13958=DIRECTION('center_axis',(0.,0.,1.));
#13959=DIRECTION('ref_axis',(0.,-1.,0.));
#13960=DIRECTION('',(0.,0.,1.));
#13961=DIRECTION('center_axis',(0.,0.,-1.));
#13962=DIRECTION('ref_axis',(1.,1.044915787883E-15,0.));
#13963=DIRECTION('center_axis',(0.,1.,0.));
#13964=DIRECTION('ref_axis',(1.,0.,0.));
#13965=DIRECTION('',(0.,0.,1.));
#13966=DIRECTION('',(1.,0.,0.));
#13967=DIRECTION('center_axis',(0.,-1.,0.));
#13968=DIRECTION('ref_axis',(-1.,0.,0.));
#13969=DIRECTION('',(-1.,0.,0.));
#13970=DIRECTION('',(0.,0.,1.));
#13971=DIRECTION('center_axis',(0.,0.,1.));
#13972=DIRECTION('ref_axis',(-1.,0.,0.));
#13973=DIRECTION('center_axis',(0.,0.,-1.));
#13974=DIRECTION('ref_axis',(-1.,2.089831575765E-15,0.));
#13975=DIRECTION('',(0.,0.,1.));
#13976=DIRECTION('center_axis',(0.,0.,1.));
#13977=DIRECTION('ref_axis',(0.,-1.,0.));
#13978=DIRECTION('center_axis',(0.,0.,-1.));
#13979=DIRECTION('ref_axis',(-1.044915787883E-15,-1.,0.));
#13980=DIRECTION('',(0.,0.,1.));
#13981=DIRECTION('center_axis',(-1.,0.,0.));
#13982=DIRECTION('ref_axis',(0.,1.,0.));
#13983=DIRECTION('',(0.,1.,0.));
#13984=DIRECTION('center_axis',(0.,0.,1.));
#13985=DIRECTION('ref_axis',(1.,0.,0.));
#13986=DIRECTION('',(0.,0.,-1.));
#13987=DIRECTION('center_axis',(-3.985391031585E-31,-4.08046586736E-33,
1.));
#13988=DIRECTION('ref_axis',(1.,-6.162975822039E-32,3.985391031585E-31));
#13989=DIRECTION('center_axis',(0.,0.,1.));
#13990=DIRECTION('ref_axis',(1.,0.,0.));
#13991=DIRECTION('',(0.,0.,-1.));
#13992=DIRECTION('center_axis',(8.217301096052E-33,-4.08046586736E-33,1.));
#13993=DIRECTION('ref_axis',(1.,-6.162975822039E-32,-8.217301096052E-33));
#13994=DIRECTION('center_axis',(0.,-1.,0.));
#13995=DIRECTION('ref_axis',(1.,0.,0.));
#13996=DIRECTION('center_axis',(6.123233995737E-17,-1.,0.));
#13997=DIRECTION('ref_axis',(1.,6.123233995737E-17,0.));
#13998=DIRECTION('',(0.,-1.,0.));
#13999=DIRECTION('center_axis',(0.,-1.,0.));
#14000=DIRECTION('ref_axis',(1.,0.,0.));
#14001=DIRECTION('center_axis',(0.,0.,-1.));
#14002=DIRECTION('ref_axis',(0.,1.,0.));
#14003=DIRECTION('center_axis',(1.,0.,0.));
#14004=DIRECTION('ref_axis',(0.,1.,0.));
#14005=DIRECTION('center_axis',(0.,0.,-1.));
#14006=DIRECTION('ref_axis',(1.,1.044915787883E-15,0.));
#14007=DIRECTION('center_axis',(-1.,4.074896785288E-18,0.));
#14008=DIRECTION('ref_axis',(-4.074896785288E-18,-1.,0.));
#14009=DIRECTION('center_axis',(1.,0.,0.));
#14010=DIRECTION('ref_axis',(0.,1.,0.));
#14011=DIRECTION('center_axis',(1.,0.,0.));
#14012=DIRECTION('ref_axis',(0.,1.,0.));
#14013=DIRECTION('',(1.,0.,0.));
#14014=DIRECTION('center_axis',(-1.,0.,0.));
#14015=DIRECTION('ref_axis',(0.,-1.,0.));
#14016=DIRECTION('',(-1.,0.,0.));
#14017=DIRECTION('center_axis',(-1.,0.,0.));
#14018=DIRECTION('ref_axis',(0.,-1.,0.));
#14019=DIRECTION('center_axis',(0.,0.,-1.));
#14020=DIRECTION('ref_axis',(-1.,2.089831575765E-15,0.));
#14021=DIRECTION('center_axis',(0.,1.,0.));
#14022=DIRECTION('ref_axis',(-1.,0.,0.));
#14023=DIRECTION('center_axis',(0.,0.,-1.));
#14024=DIRECTION('ref_axis',(-1.044915787883E-15,-1.,0.));
#14025=DIRECTION('center_axis',(-1.265395767E-16,1.,0.));
#14026=DIRECTION('ref_axis',(-1.,-1.265395767E-16,0.));
#14027=DIRECTION('center_axis',(0.,1.,0.));
#14028=DIRECTION('ref_axis',(-1.,0.,0.));
#14029=DIRECTION('',(0.,1.,0.));
#14030=DIRECTION('center_axis',(3.985391031585E-31,4.08046586736E-33,-1.));
#14031=DIRECTION('ref_axis',(1.,-6.162975822039E-32,0.));
#14032=DIRECTION('center_axis',(-3.985391031585E-31,-4.08046586736E-33,
1.));
#14033=DIRECTION('ref_axis',(1.,-6.162975822039E-32,3.985391031585E-31));
#14034=DIRECTION('center_axis',(1.22464679914735E-16,1.,4.08046586736005E-33));
#14035=DIRECTION('ref_axis',(-1.,1.22464679914735E-16,0.));
#14036=DIRECTION('center_axis',(-8.217301096052E-33,4.08046586736E-33,-1.));
#14037=DIRECTION('ref_axis',(1.,-6.162975822039E-32,0.));
#14038=DIRECTION('center_axis',(8.217301096052E-33,-4.08046586736E-33,1.));
#14039=DIRECTION('ref_axis',(1.,-6.162975822039E-32,-8.217301096052E-33));
#14040=DIRECTION('center_axis',(1.22464679914735E-16,1.,4.08046586736E-33));
#14041=DIRECTION('ref_axis',(-1.,1.22464679914735E-16,0.));
#14042=DIRECTION('center_axis',(0.,0.,-1.));
#14043=DIRECTION('ref_axis',(-1.,0.,0.));
#14044=DIRECTION('center_axis',(-3.985391031585E-31,-4.08046586736E-33,
1.));
#14045=DIRECTION('ref_axis',(1.,0.,3.985391031585E-31));
#14046=DIRECTION('center_axis',(8.217301096052E-33,-4.08046586736E-33,1.));
#14047=DIRECTION('ref_axis',(1.,0.,-8.217301096052E-33));
#14048=DIRECTION('',(0.,0.,1.));
#14049=DIRECTION('',(1.,0.,0.));
#14050=DIRECTION('axis',(0.,0.,1.));
#14051=DIRECTION('refdir',(1.,0.,0.));
#14052=DIRECTION('center_axis',(0.707106781186548,0.707106781186548,0.));
#14053=DIRECTION('ref_axis',(0.707106781186548,-0.707106781186548,0.));
#14054=DIRECTION('',(0.,0.,1.));
#14055=DIRECTION('',(0.707106781186548,-0.707106781186548,0.));
#14056=DIRECTION('',(0.,0.,1.));
#14057=DIRECTION('',(0.707106781186548,-0.707106781186548,0.));
#14058=DIRECTION('center_axis',(0.999887739182808,0.0149836254588971,0.));
#14059=DIRECTION('ref_axis',(0.0149836254588971,-0.999887739182808,0.));
#14060=DIRECTION('',(0.,0.,1.));
#14061=DIRECTION('',(0.0149836254588971,-0.999887739182808,0.));
#14062=DIRECTION('',(0.0149836254588971,-0.999887739182808,0.));
#14063=DIRECTION('center_axis',(0.999991180371412,-0.00419990230731773,
0.));
#14064=DIRECTION('ref_axis',(-0.00419990230731773,-0.999991180371412,0.));
#14065=DIRECTION('',(-0.00419990230731773,-0.999991180371412,0.));
#14066=DIRECTION('',(0.,0.,1.));
#14067=DIRECTION('',(-0.00419990230731773,-0.999991180371412,0.));
#14068=DIRECTION('center_axis',(0.,0.,1.));
#14069=DIRECTION('ref_axis',(1.,0.,0.));
#14070=DIRECTION('',(0.863447985759465,-0.504437881099272,0.));
#14071=DIRECTION('',(-0.500000006361713,-0.866025400111502,0.));
#14072=DIRECTION('',(-0.861934215158001,0.507020126563001,0.));
#14073=DIRECTION('',(-1.,0.,0.));
#14074=DIRECTION('',(-0.864064572850077,-0.503380982900045,0.));
#14075=DIRECTION('',(-0.499999998984011,0.86602540437102,0.));
#14076=DIRECTION('',(0.865425789382094,0.501037127439054,0.));
#14077=DIRECTION('',(0.00325882064074173,0.999994690029918,0.));
#14078=DIRECTION('',(0.707106781186548,0.707106781186548,0.));
#14079=DIRECTION('',(-0.000421962450037233,0.999999910973841,0.));
#14080=DIRECTION('',(1.,0.,0.));
#14081=DIRECTION('center_axis',(0.,0.,-1.));
#14082=DIRECTION('ref_axis',(0.,-1.,0.));
#14083=DIRECTION('center_axis',(0.,0.,-1.));
#14084=DIRECTION('ref_axis',(0.,-1.,0.));
#14085=DIRECTION('center_axis',(0.,0.,-1.));
#14086=DIRECTION('ref_axis',(0.,-1.,0.));
#14087=DIRECTION('center_axis',(0.,0.,-1.));
#14088=DIRECTION('ref_axis',(0.,-1.,0.));
#14089=DIRECTION('center_axis',(0.,0.,-1.));
#14090=DIRECTION('ref_axis',(0.,-1.,0.));
#14091=DIRECTION('center_axis',(0.,0.,-1.));
#14092=DIRECTION('ref_axis',(0.,-1.,0.));
#14093=DIRECTION('center_axis',(0.,0.,-1.));
#14094=DIRECTION('ref_axis',(0.,-1.,0.));
#14095=DIRECTION('center_axis',(0.,0.,-1.));
#14096=DIRECTION('ref_axis',(0.,-1.,0.));
#14097=DIRECTION('center_axis',(0.,0.,-1.));
#14098=DIRECTION('ref_axis',(-2.153159805334E-14,-1.,0.));
#14099=DIRECTION('center_axis',(0.,0.,-1.));
#14100=DIRECTION('ref_axis',(0.,-1.,0.));
#14101=DIRECTION('center_axis',(0.,0.,-1.));
#14102=DIRECTION('ref_axis',(0.,-1.,0.));
#14103=DIRECTION('center_axis',(0.,0.,-1.));
#14104=DIRECTION('ref_axis',(0.,-1.,0.));
#14105=DIRECTION('center_axis',(0.,0.,-1.));
#14106=DIRECTION('ref_axis',(2.153159805334E-14,-1.,0.));
#14107=DIRECTION('center_axis',(0.,0.,-1.));
#14108=DIRECTION('ref_axis',(0.,-1.,0.));
#14109=DIRECTION('center_axis',(0.,0.,-1.));
#14110=DIRECTION('ref_axis',(-2.153159805334E-14,-1.,0.));
#14111=DIRECTION('center_axis',(0.,0.,-1.));
#14112=DIRECTION('ref_axis',(0.,-1.,0.));
#14113=DIRECTION('center_axis',(0.,0.,-1.));
#14114=DIRECTION('ref_axis',(0.,-1.,0.));
#14115=DIRECTION('center_axis',(0.,0.,-1.));
#14116=DIRECTION('ref_axis',(0.,-1.,0.));
#14117=DIRECTION('center_axis',(0.,0.,-1.));
#14118=DIRECTION('ref_axis',(0.,-1.,0.));
#14119=DIRECTION('center_axis',(0.,0.,-1.));
#14120=DIRECTION('ref_axis',(0.,-1.,0.));
#14121=DIRECTION('center_axis',(0.,0.,-1.));
#14122=DIRECTION('ref_axis',(0.,-1.,0.));
#14123=DIRECTION('center_axis',(0.,0.,-1.));
#14124=DIRECTION('ref_axis',(0.,-1.,0.));
#14125=DIRECTION('center_axis',(0.,0.,-1.));
#14126=DIRECTION('ref_axis',(0.,-1.,0.));
#14127=DIRECTION('center_axis',(0.,0.,-1.));
#14128=DIRECTION('ref_axis',(0.,-1.,0.));
#14129=DIRECTION('center_axis',(0.,0.,-1.));
#14130=DIRECTION('ref_axis',(-2.153159805334E-14,-1.,0.));
#14131=DIRECTION('center_axis',(0.,0.,-1.));
#14132=DIRECTION('ref_axis',(0.,-1.,0.));
#14133=DIRECTION('center_axis',(0.,0.,-1.));
#14134=DIRECTION('ref_axis',(0.,-1.,0.));
#14135=DIRECTION('center_axis',(0.,0.,-1.));
#14136=DIRECTION('ref_axis',(0.,-1.,0.));
#14137=DIRECTION('center_axis',(0.,0.,-1.));
#14138=DIRECTION('ref_axis',(0.,-1.,0.));
#14139=DIRECTION('center_axis',(0.,0.,-1.));
#14140=DIRECTION('ref_axis',(0.,-1.,0.));
#14141=DIRECTION('center_axis',(0.,0.,-1.));
#14142=DIRECTION('ref_axis',(0.,-1.,0.));
#14143=DIRECTION('center_axis',(0.,0.,-1.));
#14144=DIRECTION('ref_axis',(0.,-1.,0.));
#14145=DIRECTION('center_axis',(0.,0.,-1.));
#14146=DIRECTION('ref_axis',(0.,-1.,0.));
#14147=DIRECTION('center_axis',(0.,0.,-1.));
#14148=DIRECTION('ref_axis',(0.,-1.,0.));
#14149=DIRECTION('center_axis',(0.,0.,-1.));
#14150=DIRECTION('ref_axis',(0.,-1.,0.));
#14151=DIRECTION('center_axis',(0.,0.,-1.));
#14152=DIRECTION('ref_axis',(0.,-1.,0.));
#14153=DIRECTION('center_axis',(0.,0.,-1.));
#14154=DIRECTION('ref_axis',(0.,-1.,0.));
#14155=DIRECTION('center_axis',(0.,0.,-1.));
#14156=DIRECTION('ref_axis',(0.,-1.,0.));
#14157=DIRECTION('center_axis',(0.,0.,-1.));
#14158=DIRECTION('ref_axis',(0.,-1.,0.));
#14159=DIRECTION('center_axis',(0.,0.,-1.));
#14160=DIRECTION('ref_axis',(0.,-1.,0.));
#14161=DIRECTION('center_axis',(0.,0.,-1.));
#14162=DIRECTION('ref_axis',(0.,-1.,0.));
#14163=DIRECTION('center_axis',(0.,0.,-1.));
#14164=DIRECTION('ref_axis',(0.,-1.,0.));
#14165=DIRECTION('center_axis',(0.,0.,-1.));
#14166=DIRECTION('ref_axis',(0.,-1.,0.));
#14167=DIRECTION('center_axis',(0.,0.,-1.));
#14168=DIRECTION('ref_axis',(0.,-1.,0.));
#14169=DIRECTION('center_axis',(0.,0.,-1.));
#14170=DIRECTION('ref_axis',(0.,-1.,0.));
#14171=DIRECTION('center_axis',(0.,0.,-1.));
#14172=DIRECTION('ref_axis',(4.306319610667E-14,-1.,0.));
#14173=DIRECTION('center_axis',(0.,0.,-1.));
#14174=DIRECTION('ref_axis',(0.,-1.,0.));
#14175=DIRECTION('center_axis',(0.,0.,-1.));
#14176=DIRECTION('ref_axis',(0.,-1.,0.));
#14177=DIRECTION('center_axis',(0.,0.,-1.));
#14178=DIRECTION('ref_axis',(0.,-1.,0.));
#14179=DIRECTION('center_axis',(0.,0.,-1.));
#14180=DIRECTION('ref_axis',(0.,-1.,0.));
#14181=DIRECTION('center_axis',(0.,0.,-1.));
#14182=DIRECTION('ref_axis',(0.,-1.,0.));
#14183=DIRECTION('center_axis',(0.,0.,-1.));
#14184=DIRECTION('ref_axis',(0.,-1.,0.));
#14185=DIRECTION('center_axis',(0.,0.,-1.));
#14186=DIRECTION('ref_axis',(0.,-1.,0.));
#14187=DIRECTION('center_axis',(0.,0.,-1.));
#14188=DIRECTION('ref_axis',(0.,-1.,0.));
#14189=DIRECTION('center_axis',(0.,0.,-1.));
#14190=DIRECTION('ref_axis',(0.,-1.,0.));
#14191=DIRECTION('center_axis',(0.,0.,-1.));
#14192=DIRECTION('ref_axis',(0.,-1.,0.));
#14193=DIRECTION('center_axis',(0.,0.,-1.));
#14194=DIRECTION('ref_axis',(0.,-1.,0.));
#14195=DIRECTION('center_axis',(0.,0.,-1.));
#14196=DIRECTION('ref_axis',(0.,-1.,0.));
#14197=DIRECTION('center_axis',(0.,0.,-1.));
#14198=DIRECTION('ref_axis',(0.,-1.,0.));
#14199=DIRECTION('center_axis',(0.,0.,-1.));
#14200=DIRECTION('ref_axis',(0.,-1.,0.));
#14201=DIRECTION('center_axis',(0.,0.,-1.));
#14202=DIRECTION('ref_axis',(0.,-1.,0.));
#14203=DIRECTION('center_axis',(0.,0.,-1.));
#14204=DIRECTION('ref_axis',(0.,-1.,0.));
#14205=DIRECTION('center_axis',(0.,0.,-1.));
#14206=DIRECTION('ref_axis',(0.,-1.,0.));
#14207=DIRECTION('center_axis',(0.,0.,-1.));
#14208=DIRECTION('ref_axis',(0.,-1.,0.));
#14209=DIRECTION('center_axis',(0.,0.,-1.));
#14210=DIRECTION('ref_axis',(0.,-1.,0.));
#14211=DIRECTION('center_axis',(0.,0.,-1.));
#14212=DIRECTION('ref_axis',(0.,-1.,0.));
#14213=DIRECTION('center_axis',(0.,0.,-1.));
#14214=DIRECTION('ref_axis',(0.,-1.,0.));
#14215=DIRECTION('center_axis',(0.,0.,-1.));
#14216=DIRECTION('ref_axis',(0.,-1.,0.));
#14217=DIRECTION('center_axis',(0.,0.,-1.));
#14218=DIRECTION('ref_axis',(0.,-1.,0.));
#14219=DIRECTION('center_axis',(0.,0.,-1.));
#14220=DIRECTION('ref_axis',(0.,-1.,0.));
#14221=DIRECTION('center_axis',(0.,0.,-1.));
#14222=DIRECTION('ref_axis',(0.,-1.,0.));
#14223=DIRECTION('center_axis',(0.,0.,-1.));
#14224=DIRECTION('ref_axis',(0.,-1.,0.));
#14225=DIRECTION('center_axis',(0.,0.,-1.));
#14226=DIRECTION('ref_axis',(0.,-1.,0.));
#14227=DIRECTION('center_axis',(0.,0.,-1.));
#14228=DIRECTION('ref_axis',(0.,-1.,0.));
#14229=DIRECTION('center_axis',(0.,0.,-1.));
#14230=DIRECTION('ref_axis',(0.,-1.,0.));
#14231=DIRECTION('center_axis',(0.,0.,-1.));
#14232=DIRECTION('ref_axis',(0.,-1.,0.));
#14233=DIRECTION('center_axis',(0.,0.,-1.));
#14234=DIRECTION('ref_axis',(0.,-1.,0.));
#14235=DIRECTION('center_axis',(0.,0.,-1.));
#14236=DIRECTION('ref_axis',(0.,-1.,0.));
#14237=DIRECTION('center_axis',(0.,0.,-1.));
#14238=DIRECTION('ref_axis',(0.,-1.,0.));
#14239=DIRECTION('center_axis',(0.,0.,-1.));
#14240=DIRECTION('ref_axis',(0.,-1.,0.));
#14241=DIRECTION('center_axis',(0.,0.,-1.));
#14242=DIRECTION('ref_axis',(0.,-1.,0.));
#14243=DIRECTION('center_axis',(0.,0.,-1.));
#14244=DIRECTION('ref_axis',(0.,-1.,0.));
#14245=DIRECTION('center_axis',(0.,0.,-1.));
#14246=DIRECTION('ref_axis',(4.306319610667E-14,-1.,0.));
#14247=DIRECTION('center_axis',(0.,0.,-1.));
#14248=DIRECTION('ref_axis',(0.,-1.,0.));
#14249=DIRECTION('center_axis',(0.,0.,-1.));
#14250=DIRECTION('ref_axis',(0.,-1.,0.));
#14251=DIRECTION('center_axis',(0.,0.,-1.));
#14252=DIRECTION('ref_axis',(0.,-1.,0.));
#14253=DIRECTION('center_axis',(0.,0.,-1.));
#14254=DIRECTION('ref_axis',(0.,-1.,0.));
#14255=DIRECTION('center_axis',(0.,0.,-1.));
#14256=DIRECTION('ref_axis',(0.,-1.,0.));
#14257=DIRECTION('center_axis',(0.,0.,-1.));
#14258=DIRECTION('ref_axis',(2.991758887411E-14,-1.,0.));
#14259=DIRECTION('center_axis',(0.,0.,-1.));
#14260=DIRECTION('ref_axis',(0.,-1.,0.));
#14261=DIRECTION('center_axis',(0.,0.,-1.));
#14262=DIRECTION('ref_axis',(0.,-1.,0.));
#14263=DIRECTION('center_axis',(0.,0.,-1.));
#14264=DIRECTION('ref_axis',(0.,-1.,0.));
#14265=DIRECTION('center_axis',(0.,0.,-1.));
#14266=DIRECTION('ref_axis',(0.,-1.,0.));
#14267=DIRECTION('center_axis',(0.,0.,-1.));
#14268=DIRECTION('ref_axis',(0.,-1.,0.));
#14269=DIRECTION('center_axis',(0.,0.,-1.));
#14270=DIRECTION('ref_axis',(2.991758887411E-14,-1.,0.));
#14271=DIRECTION('center_axis',(0.,0.,-1.));
#14272=DIRECTION('ref_axis',(0.,-1.,0.));
#14273=DIRECTION('center_axis',(0.,0.,-1.));
#14274=DIRECTION('ref_axis',(0.,-1.,0.));
#14275=DIRECTION('center_axis',(0.,0.,-1.));
#14276=DIRECTION('ref_axis',(0.,-1.,0.));
#14277=DIRECTION('center_axis',(0.,0.,-1.));
#14278=DIRECTION('ref_axis',(0.,-1.,0.));
#14279=DIRECTION('center_axis',(0.,0.,-1.));
#14280=DIRECTION('ref_axis',(0.,-1.,0.));
#14281=DIRECTION('center_axis',(0.,0.,-1.));
#14282=DIRECTION('ref_axis',(0.,-1.,0.));
#14283=DIRECTION('center_axis',(0.,0.,-1.));
#14284=DIRECTION('ref_axis',(0.,-1.,0.));
#14285=DIRECTION('center_axis',(0.,0.,-1.));
#14286=DIRECTION('ref_axis',(0.,-1.,0.));
#14287=DIRECTION('center_axis',(0.,0.,-1.));
#14288=DIRECTION('ref_axis',(0.,-1.,0.));
#14289=DIRECTION('center_axis',(0.,0.,-1.));
#14290=DIRECTION('ref_axis',(0.,-1.,0.));
#14291=DIRECTION('center_axis',(0.,0.,-1.));
#14292=DIRECTION('ref_axis',(0.,-1.,0.));
#14293=DIRECTION('center_axis',(0.,0.,-1.));
#14294=DIRECTION('ref_axis',(0.,-1.,0.));
#14295=DIRECTION('center_axis',(0.,0.,-1.));
#14296=DIRECTION('ref_axis',(0.,-1.,0.));
#14297=DIRECTION('center_axis',(0.,0.,-1.));
#14298=DIRECTION('ref_axis',(0.,-1.,0.));
#14299=DIRECTION('center_axis',(0.,0.,-1.));
#14300=DIRECTION('ref_axis',(0.,-1.,0.));
#14301=DIRECTION('center_axis',(0.,0.,-1.));
#14302=DIRECTION('ref_axis',(0.,-1.,0.));
#14303=DIRECTION('center_axis',(0.,0.,-1.));
#14304=DIRECTION('ref_axis',(0.,-1.,0.));
#14305=DIRECTION('center_axis',(0.,0.,-1.));
#14306=DIRECTION('ref_axis',(0.,-1.,0.));
#14307=DIRECTION('center_axis',(0.,0.,-1.));
#14308=DIRECTION('ref_axis',(0.,-1.,0.));
#14309=DIRECTION('center_axis',(0.,0.,-1.));
#14310=DIRECTION('ref_axis',(0.,-1.,0.));
#14311=DIRECTION('center_axis',(0.,0.,-1.));
#14312=DIRECTION('ref_axis',(0.,-1.,0.));
#14313=DIRECTION('center_axis',(0.,0.,-1.));
#14314=DIRECTION('ref_axis',(0.,-1.,0.));
#14315=DIRECTION('center_axis',(0.,0.,-1.));
#14316=DIRECTION('ref_axis',(0.,-1.,0.));
#14317=DIRECTION('center_axis',(0.,0.,-1.));
#14318=DIRECTION('ref_axis',(0.,-1.,0.));
#14319=DIRECTION('center_axis',(0.,0.,-1.));
#14320=DIRECTION('ref_axis',(0.,-1.,0.));
#14321=DIRECTION('center_axis',(0.,0.,-1.));
#14322=DIRECTION('ref_axis',(0.,-1.,0.));
#14323=DIRECTION('center_axis',(0.,0.,-1.));
#14324=DIRECTION('ref_axis',(0.,-1.,0.));
#14325=DIRECTION('center_axis',(0.,0.,-1.));
#14326=DIRECTION('ref_axis',(0.,-1.,0.));
#14327=DIRECTION('center_axis',(0.,0.,-1.));
#14328=DIRECTION('ref_axis',(0.,-1.,0.));
#14329=DIRECTION('center_axis',(0.,0.,-1.));
#14330=DIRECTION('ref_axis',(0.,-1.,0.));
#14331=DIRECTION('center_axis',(0.,0.,-1.));
#14332=DIRECTION('ref_axis',(0.,-1.,0.));
#14333=DIRECTION('center_axis',(0.,0.,-1.));
#14334=DIRECTION('ref_axis',(0.,-1.,0.));
#14335=DIRECTION('center_axis',(0.,0.,-1.));
#14336=DIRECTION('ref_axis',(0.,-1.,0.));
#14337=DIRECTION('center_axis',(0.,0.,-1.));
#14338=DIRECTION('ref_axis',(0.,-1.,0.));
#14339=DIRECTION('center_axis',(0.,0.,-1.));
#14340=DIRECTION('ref_axis',(0.,-1.,0.));
#14341=DIRECTION('center_axis',(0.,0.,-1.));
#14342=DIRECTION('ref_axis',(0.,-1.,0.));
#14343=DIRECTION('center_axis',(0.,0.,-1.));
#14344=DIRECTION('ref_axis',(0.,-1.,0.));
#14345=DIRECTION('center_axis',(0.,0.,-1.));
#14346=DIRECTION('ref_axis',(0.,-1.,0.));
#14347=DIRECTION('center_axis',(0.,0.,1.));
#14348=DIRECTION('ref_axis',(1.,0.,0.));
#14349=DIRECTION('',(1.,0.,0.));
#14350=DIRECTION('',(-0.000421962450037233,0.999999910973841,0.));
#14351=DIRECTION('',(0.707106781186548,0.707106781186548,0.));
#14352=DIRECTION('',(0.00325882064074173,0.999994690029918,0.));
#14353=DIRECTION('',(0.865425789382094,0.501037127439054,0.));
#14354=DIRECTION('',(-0.499999998984011,0.86602540437102,0.));
#14355=DIRECTION('',(-0.864064572850077,-0.503380982900045,0.));
#14356=DIRECTION('',(-1.,0.,0.));
#14357=DIRECTION('',(-0.861934215158001,0.507020126563001,0.));
#14358=DIRECTION('',(-0.500000006361713,-0.866025400111502,0.));
#14359=DIRECTION('',(0.863447985759465,-0.504437881099272,0.));
#14360=DIRECTION('center_axis',(0.,0.,-1.));
#14361=DIRECTION('ref_axis',(0.,-1.,0.));
#14362=DIRECTION('center_axis',(0.,0.,-1.));
#14363=DIRECTION('ref_axis',(0.,-1.,0.));
#14364=DIRECTION('center_axis',(0.,0.,-1.));
#14365=DIRECTION('ref_axis',(0.,-1.,0.));
#14366=DIRECTION('center_axis',(0.,0.,-1.));
#14367=DIRECTION('ref_axis',(0.,-1.,0.));
#14368=DIRECTION('center_axis',(0.,0.,-1.));
#14369=DIRECTION('ref_axis',(0.,-1.,0.));
#14370=DIRECTION('center_axis',(0.,0.,-1.));
#14371=DIRECTION('ref_axis',(0.,-1.,0.));
#14372=DIRECTION('center_axis',(0.,0.,-1.));
#14373=DIRECTION('ref_axis',(0.,-1.,0.));
#14374=DIRECTION('center_axis',(0.,0.,-1.));
#14375=DIRECTION('ref_axis',(0.,-1.,0.));
#14376=DIRECTION('center_axis',(0.,0.,-1.));
#14377=DIRECTION('ref_axis',(-2.153159805334E-14,-1.,0.));
#14378=DIRECTION('center_axis',(0.,0.,-1.));
#14379=DIRECTION('ref_axis',(0.,-1.,0.));
#14380=DIRECTION('center_axis',(0.,0.,-1.));
#14381=DIRECTION('ref_axis',(0.,-1.,0.));
#14382=DIRECTION('center_axis',(0.,0.,-1.));
#14383=DIRECTION('ref_axis',(0.,-1.,0.));
#14384=DIRECTION('center_axis',(0.,0.,-1.));
#14385=DIRECTION('ref_axis',(2.153159805334E-14,-1.,0.));
#14386=DIRECTION('center_axis',(0.,0.,-1.));
#14387=DIRECTION('ref_axis',(0.,-1.,0.));
#14388=DIRECTION('center_axis',(0.,0.,-1.));
#14389=DIRECTION('ref_axis',(-2.153159805334E-14,-1.,0.));
#14390=DIRECTION('center_axis',(0.,0.,-1.));
#14391=DIRECTION('ref_axis',(0.,-1.,0.));
#14392=DIRECTION('center_axis',(0.,0.,-1.));
#14393=DIRECTION('ref_axis',(0.,-1.,0.));
#14394=DIRECTION('center_axis',(0.,0.,-1.));
#14395=DIRECTION('ref_axis',(0.,-1.,0.));
#14396=DIRECTION('center_axis',(0.,0.,-1.));
#14397=DIRECTION('ref_axis',(0.,-1.,0.));
#14398=DIRECTION('center_axis',(0.,0.,-1.));
#14399=DIRECTION('ref_axis',(0.,-1.,0.));
#14400=DIRECTION('center_axis',(0.,0.,-1.));
#14401=DIRECTION('ref_axis',(0.,-1.,0.));
#14402=DIRECTION('center_axis',(0.,0.,-1.));
#14403=DIRECTION('ref_axis',(0.,-1.,0.));
#14404=DIRECTION('center_axis',(0.,0.,-1.));
#14405=DIRECTION('ref_axis',(0.,-1.,0.));
#14406=DIRECTION('center_axis',(0.,0.,-1.));
#14407=DIRECTION('ref_axis',(0.,-1.,0.));
#14408=DIRECTION('center_axis',(0.,0.,-1.));
#14409=DIRECTION('ref_axis',(-2.153159805334E-14,-1.,0.));
#14410=DIRECTION('center_axis',(0.,0.,-1.));
#14411=DIRECTION('ref_axis',(0.,-1.,0.));
#14412=DIRECTION('center_axis',(0.,0.,-1.));
#14413=DIRECTION('ref_axis',(0.,-1.,0.));
#14414=DIRECTION('center_axis',(0.,0.,-1.));
#14415=DIRECTION('ref_axis',(0.,-1.,0.));
#14416=DIRECTION('center_axis',(0.,0.,-1.));
#14417=DIRECTION('ref_axis',(0.,-1.,0.));
#14418=DIRECTION('center_axis',(0.,0.,-1.));
#14419=DIRECTION('ref_axis',(0.,-1.,0.));
#14420=DIRECTION('center_axis',(0.,0.,-1.));
#14421=DIRECTION('ref_axis',(0.,-1.,0.));
#14422=DIRECTION('center_axis',(0.,0.,-1.));
#14423=DIRECTION('ref_axis',(0.,-1.,0.));
#14424=DIRECTION('center_axis',(0.,0.,-1.));
#14425=DIRECTION('ref_axis',(0.,-1.,0.));
#14426=DIRECTION('center_axis',(0.,0.,-1.));
#14427=DIRECTION('ref_axis',(0.,-1.,0.));
#14428=DIRECTION('center_axis',(0.,0.,-1.));
#14429=DIRECTION('ref_axis',(0.,-1.,0.));
#14430=DIRECTION('center_axis',(0.,0.,-1.));
#14431=DIRECTION('ref_axis',(0.,-1.,0.));
#14432=DIRECTION('center_axis',(0.,0.,-1.));
#14433=DIRECTION('ref_axis',(0.,-1.,0.));
#14434=DIRECTION('center_axis',(0.,0.,-1.));
#14435=DIRECTION('ref_axis',(0.,-1.,0.));
#14436=DIRECTION('center_axis',(0.,0.,-1.));
#14437=DIRECTION('ref_axis',(0.,-1.,0.));
#14438=DIRECTION('center_axis',(0.,0.,-1.));
#14439=DIRECTION('ref_axis',(0.,-1.,0.));
#14440=DIRECTION('center_axis',(0.,0.,-1.));
#14441=DIRECTION('ref_axis',(0.,-1.,0.));
#14442=DIRECTION('center_axis',(0.,0.,-1.));
#14443=DIRECTION('ref_axis',(0.,-1.,0.));
#14444=DIRECTION('center_axis',(0.,0.,-1.));
#14445=DIRECTION('ref_axis',(0.,-1.,0.));
#14446=DIRECTION('center_axis',(0.,0.,-1.));
#14447=DIRECTION('ref_axis',(0.,-1.,0.));
#14448=DIRECTION('center_axis',(0.,0.,-1.));
#14449=DIRECTION('ref_axis',(0.,-1.,0.));
#14450=DIRECTION('center_axis',(0.,0.,-1.));
#14451=DIRECTION('ref_axis',(4.306319610667E-14,-1.,0.));
#14452=DIRECTION('center_axis',(0.,0.,-1.));
#14453=DIRECTION('ref_axis',(0.,-1.,0.));
#14454=DIRECTION('center_axis',(0.,0.,-1.));
#14455=DIRECTION('ref_axis',(0.,-1.,0.));
#14456=DIRECTION('center_axis',(0.,0.,-1.));
#14457=DIRECTION('ref_axis',(0.,-1.,0.));
#14458=DIRECTION('center_axis',(0.,0.,-1.));
#14459=DIRECTION('ref_axis',(0.,-1.,0.));
#14460=DIRECTION('center_axis',(0.,0.,-1.));
#14461=DIRECTION('ref_axis',(0.,-1.,0.));
#14462=DIRECTION('center_axis',(0.,0.,-1.));
#14463=DIRECTION('ref_axis',(0.,-1.,0.));
#14464=DIRECTION('center_axis',(0.,0.,-1.));
#14465=DIRECTION('ref_axis',(0.,-1.,0.));
#14466=DIRECTION('center_axis',(0.,0.,-1.));
#14467=DIRECTION('ref_axis',(0.,-1.,0.));
#14468=DIRECTION('center_axis',(0.,0.,-1.));
#14469=DIRECTION('ref_axis',(0.,-1.,0.));
#14470=DIRECTION('center_axis',(0.,0.,-1.));
#14471=DIRECTION('ref_axis',(0.,-1.,0.));
#14472=DIRECTION('center_axis',(0.,0.,-1.));
#14473=DIRECTION('ref_axis',(0.,-1.,0.));
#14474=DIRECTION('center_axis',(0.,0.,-1.));
#14475=DIRECTION('ref_axis',(0.,-1.,0.));
#14476=DIRECTION('center_axis',(0.,0.,-1.));
#14477=DIRECTION('ref_axis',(0.,-1.,0.));
#14478=DIRECTION('center_axis',(0.,0.,-1.));
#14479=DIRECTION('ref_axis',(0.,-1.,0.));
#14480=DIRECTION('center_axis',(0.,0.,-1.));
#14481=DIRECTION('ref_axis',(0.,-1.,0.));
#14482=DIRECTION('center_axis',(0.,0.,-1.));
#14483=DIRECTION('ref_axis',(0.,-1.,0.));
#14484=DIRECTION('center_axis',(0.,0.,-1.));
#14485=DIRECTION('ref_axis',(0.,-1.,0.));
#14486=DIRECTION('center_axis',(0.,0.,-1.));
#14487=DIRECTION('ref_axis',(0.,-1.,0.));
#14488=DIRECTION('center_axis',(0.,0.,-1.));
#14489=DIRECTION('ref_axis',(0.,-1.,0.));
#14490=DIRECTION('center_axis',(0.,0.,-1.));
#14491=DIRECTION('ref_axis',(0.,-1.,0.));
#14492=DIRECTION('center_axis',(0.,0.,-1.));
#14493=DIRECTION('ref_axis',(0.,-1.,0.));
#14494=DIRECTION('center_axis',(0.,0.,-1.));
#14495=DIRECTION('ref_axis',(0.,-1.,0.));
#14496=DIRECTION('center_axis',(0.,0.,-1.));
#14497=DIRECTION('ref_axis',(0.,-1.,0.));
#14498=DIRECTION('center_axis',(0.,0.,-1.));
#14499=DIRECTION('ref_axis',(0.,-1.,0.));
#14500=DIRECTION('center_axis',(0.,0.,-1.));
#14501=DIRECTION('ref_axis',(0.,-1.,0.));
#14502=DIRECTION('center_axis',(0.,0.,-1.));
#14503=DIRECTION('ref_axis',(0.,-1.,0.));
#14504=DIRECTION('center_axis',(0.,0.,-1.));
#14505=DIRECTION('ref_axis',(0.,-1.,0.));
#14506=DIRECTION('center_axis',(0.,0.,-1.));
#14507=DIRECTION('ref_axis',(0.,-1.,0.));
#14508=DIRECTION('center_axis',(0.,0.,-1.));
#14509=DIRECTION('ref_axis',(0.,-1.,0.));
#14510=DIRECTION('center_axis',(0.,0.,-1.));
#14511=DIRECTION('ref_axis',(0.,-1.,0.));
#14512=DIRECTION('center_axis',(0.,0.,-1.));
#14513=DIRECTION('ref_axis',(0.,-1.,0.));
#14514=DIRECTION('center_axis',(0.,0.,-1.));
#14515=DIRECTION('ref_axis',(0.,-1.,0.));
#14516=DIRECTION('center_axis',(0.,0.,-1.));
#14517=DIRECTION('ref_axis',(0.,-1.,0.));
#14518=DIRECTION('center_axis',(0.,0.,-1.));
#14519=DIRECTION('ref_axis',(0.,-1.,0.));
#14520=DIRECTION('center_axis',(0.,0.,-1.));
#14521=DIRECTION('ref_axis',(0.,-1.,0.));
#14522=DIRECTION('center_axis',(0.,0.,-1.));
#14523=DIRECTION('ref_axis',(0.,-1.,0.));
#14524=DIRECTION('center_axis',(0.,0.,-1.));
#14525=DIRECTION('ref_axis',(4.306319610667E-14,-1.,0.));
#14526=DIRECTION('center_axis',(0.,0.,-1.));
#14527=DIRECTION('ref_axis',(0.,-1.,0.));
#14528=DIRECTION('center_axis',(0.,0.,-1.));
#14529=DIRECTION('ref_axis',(0.,-1.,0.));
#14530=DIRECTION('center_axis',(0.,0.,-1.));
#14531=DIRECTION('ref_axis',(0.,-1.,0.));
#14532=DIRECTION('center_axis',(0.,0.,-1.));
#14533=DIRECTION('ref_axis',(0.,-1.,0.));
#14534=DIRECTION('center_axis',(0.,0.,-1.));
#14535=DIRECTION('ref_axis',(0.,-1.,0.));
#14536=DIRECTION('center_axis',(0.,0.,-1.));
#14537=DIRECTION('ref_axis',(2.991758887411E-14,-1.,0.));
#14538=DIRECTION('center_axis',(0.,0.,-1.));
#14539=DIRECTION('ref_axis',(0.,-1.,0.));
#14540=DIRECTION('center_axis',(0.,0.,-1.));
#14541=DIRECTION('ref_axis',(0.,-1.,0.));
#14542=DIRECTION('center_axis',(0.,0.,-1.));
#14543=DIRECTION('ref_axis',(0.,-1.,0.));
#14544=DIRECTION('center_axis',(0.,0.,-1.));
#14545=DIRECTION('ref_axis',(0.,-1.,0.));
#14546=DIRECTION('center_axis',(0.,0.,-1.));
#14547=DIRECTION('ref_axis',(0.,-1.,0.));
#14548=DIRECTION('center_axis',(0.,0.,-1.));
#14549=DIRECTION('ref_axis',(2.991758887411E-14,-1.,0.));
#14550=DIRECTION('center_axis',(0.,0.,-1.));
#14551=DIRECTION('ref_axis',(0.,-1.,0.));
#14552=DIRECTION('center_axis',(0.,0.,-1.));
#14553=DIRECTION('ref_axis',(0.,-1.,0.));
#14554=DIRECTION('center_axis',(0.,0.,-1.));
#14555=DIRECTION('ref_axis',(0.,-1.,0.));
#14556=DIRECTION('center_axis',(0.,0.,-1.));
#14557=DIRECTION('ref_axis',(0.,-1.,0.));
#14558=DIRECTION('center_axis',(0.,0.,-1.));
#14559=DIRECTION('ref_axis',(0.,-1.,0.));
#14560=DIRECTION('center_axis',(0.,0.,-1.));
#14561=DIRECTION('ref_axis',(0.,-1.,0.));
#14562=DIRECTION('center_axis',(0.,0.,-1.));
#14563=DIRECTION('ref_axis',(0.,-1.,0.));
#14564=DIRECTION('center_axis',(0.,0.,-1.));
#14565=DIRECTION('ref_axis',(0.,-1.,0.));
#14566=DIRECTION('center_axis',(0.,0.,-1.));
#14567=DIRECTION('ref_axis',(0.,-1.,0.));
#14568=DIRECTION('center_axis',(0.,0.,-1.));
#14569=DIRECTION('ref_axis',(0.,-1.,0.));
#14570=DIRECTION('center_axis',(0.,0.,-1.));
#14571=DIRECTION('ref_axis',(0.,-1.,0.));
#14572=DIRECTION('center_axis',(0.,0.,-1.));
#14573=DIRECTION('ref_axis',(0.,-1.,0.));
#14574=DIRECTION('center_axis',(0.,0.,-1.));
#14575=DIRECTION('ref_axis',(0.,-1.,0.));
#14576=DIRECTION('center_axis',(0.,0.,-1.));
#14577=DIRECTION('ref_axis',(0.,-1.,0.));
#14578=DIRECTION('center_axis',(0.,0.,-1.));
#14579=DIRECTION('ref_axis',(0.,-1.,0.));
#14580=DIRECTION('center_axis',(0.,0.,-1.));
#14581=DIRECTION('ref_axis',(0.,-1.,0.));
#14582=DIRECTION('center_axis',(0.,0.,-1.));
#14583=DIRECTION('ref_axis',(0.,-1.,0.));
#14584=DIRECTION('center_axis',(0.,0.,-1.));
#14585=DIRECTION('ref_axis',(0.,-1.,0.));
#14586=DIRECTION('center_axis',(0.,0.,-1.));
#14587=DIRECTION('ref_axis',(0.,-1.,0.));
#14588=DIRECTION('center_axis',(0.,0.,-1.));
#14589=DIRECTION('ref_axis',(0.,-1.,0.));
#14590=DIRECTION('center_axis',(0.,0.,-1.));
#14591=DIRECTION('ref_axis',(0.,-1.,0.));
#14592=DIRECTION('center_axis',(0.,0.,-1.));
#14593=DIRECTION('ref_axis',(0.,-1.,0.));
#14594=DIRECTION('center_axis',(0.,0.,-1.));
#14595=DIRECTION('ref_axis',(0.,-1.,0.));
#14596=DIRECTION('center_axis',(0.,0.,-1.));
#14597=DIRECTION('ref_axis',(0.,-1.,0.));
#14598=DIRECTION('center_axis',(0.,0.,-1.));
#14599=DIRECTION('ref_axis',(0.,-1.,0.));
#14600=DIRECTION('center_axis',(0.,0.,-1.));
#14601=DIRECTION('ref_axis',(0.,-1.,0.));
#14602=DIRECTION('center_axis',(0.,0.,-1.));
#14603=DIRECTION('ref_axis',(0.,-1.,0.));
#14604=DIRECTION('center_axis',(0.,0.,-1.));
#14605=DIRECTION('ref_axis',(0.,-1.,0.));
#14606=DIRECTION('center_axis',(0.,0.,-1.));
#14607=DIRECTION('ref_axis',(0.,-1.,0.));
#14608=DIRECTION('center_axis',(0.,0.,-1.));
#14609=DIRECTION('ref_axis',(0.,-1.,0.));
#14610=DIRECTION('center_axis',(0.,0.,-1.));
#14611=DIRECTION('ref_axis',(0.,-1.,0.));
#14612=DIRECTION('center_axis',(0.,0.,-1.));
#14613=DIRECTION('ref_axis',(0.,-1.,0.));
#14614=DIRECTION('center_axis',(0.,0.,-1.));
#14615=DIRECTION('ref_axis',(0.,-1.,0.));
#14616=DIRECTION('center_axis',(0.,0.,-1.));
#14617=DIRECTION('ref_axis',(0.,-1.,0.));
#14618=DIRECTION('center_axis',(0.,0.,-1.));
#14619=DIRECTION('ref_axis',(0.,-1.,0.));
#14620=DIRECTION('center_axis',(0.,0.,-1.));
#14621=DIRECTION('ref_axis',(0.,-1.,0.));
#14622=DIRECTION('center_axis',(0.,0.,-1.));
#14623=DIRECTION('ref_axis',(0.,-1.,0.));
#14624=DIRECTION('center_axis',(0.,0.,-1.));
#14625=DIRECTION('ref_axis',(0.,-1.,0.));
#14626=DIRECTION('center_axis',(0.,1.,0.));
#14627=DIRECTION('ref_axis',(1.,0.,0.));
#14628=DIRECTION('',(0.,0.,1.));
#14629=DIRECTION('center_axis',(0.504437881099272,0.863447985759465,0.));
#14630=DIRECTION('ref_axis',(0.863447985759465,-0.504437881099272,0.));
#14631=DIRECTION('',(0.,0.,1.));
#14632=DIRECTION('center_axis',(-0.999999910973841,-0.000421962450037233,
0.));
#14633=DIRECTION('ref_axis',(-0.000421962450037233,0.999999910973842,0.));
#14634=DIRECTION('',(0.,0.,1.));
#14635=DIRECTION('center_axis',(0.866025400111502,-0.500000006361713,0.));
#14636=DIRECTION('ref_axis',(-0.500000006361713,-0.866025400111502,0.));
#14637=DIRECTION('',(0.,0.,1.));
#14638=DIRECTION('center_axis',(-0.707106781186548,0.707106781186548,0.));
#14639=DIRECTION('ref_axis',(0.707106781186548,0.707106781186548,0.));
#14640=DIRECTION('',(0.,0.,1.));
#14641=DIRECTION('center_axis',(-0.507020126563001,-0.861934215158001,0.));
#14642=DIRECTION('ref_axis',(-0.861934215158001,0.507020126563,0.));
#14643=DIRECTION('',(0.,0.,1.));
#14644=DIRECTION('center_axis',(-0.999994690029918,0.00325882064074173,
0.));
#14645=DIRECTION('ref_axis',(0.00325882064074173,0.999994690029918,0.));
#14646=DIRECTION('',(0.,0.,1.));
#14647=DIRECTION('center_axis',(0.,-1.,0.));
#14648=DIRECTION('ref_axis',(-1.,0.,0.));
#14649=DIRECTION('',(0.,0.,1.));
#14650=DIRECTION('center_axis',(-0.501037127439054,0.865425789382094,0.));
#14651=DIRECTION('ref_axis',(0.865425789382094,0.501037127439054,0.));
#14652=DIRECTION('',(0.,0.,1.));
#14653=DIRECTION('center_axis',(0.503380982900045,-0.864064572850077,0.));
#14654=DIRECTION('ref_axis',(-0.864064572850076,-0.503380982900044,0.));
#14655=DIRECTION('',(0.,0.,1.));
#14656=DIRECTION('center_axis',(-0.86602540437102,-0.499999998984012,0.));
#14657=DIRECTION('ref_axis',(-0.499999998984012,0.86602540437102,0.));
#14658=DIRECTION('center_axis',(0.,0.,-1.));
#14659=DIRECTION('ref_axis',(0.,-1.,0.));
#14660=DIRECTION('',(0.,0.,-1.));
#14661=DIRECTION('center_axis',(0.,0.,-1.));
#14662=DIRECTION('ref_axis',(0.,-1.,0.));
#14663=DIRECTION('',(0.,0.,-1.));
#14664=DIRECTION('center_axis',(0.,0.,-1.));
#14665=DIRECTION('ref_axis',(0.,-1.,0.));
#14666=DIRECTION('',(0.,0.,-1.));
#14667=DIRECTION('center_axis',(0.,0.,-1.));
#14668=DIRECTION('ref_axis',(0.,-1.,0.));
#14669=DIRECTION('',(0.,0.,-1.));
#14670=DIRECTION('center_axis',(0.,0.,-1.));
#14671=DIRECTION('ref_axis',(0.,-1.,0.));
#14672=DIRECTION('',(0.,0.,-1.));
#14673=DIRECTION('center_axis',(0.,0.,-1.));
#14674=DIRECTION('ref_axis',(0.,-1.,0.));
#14675=DIRECTION('',(0.,0.,-1.));
#14676=DIRECTION('center_axis',(0.,0.,-1.));
#14677=DIRECTION('ref_axis',(0.,-1.,0.));
#14678=DIRECTION('',(0.,0.,-1.));
#14679=DIRECTION('center_axis',(0.,0.,-1.));
#14680=DIRECTION('ref_axis',(0.,-1.,0.));
#14681=DIRECTION('',(0.,0.,-1.));
#14682=DIRECTION('center_axis',(0.,0.,-1.));
#14683=DIRECTION('ref_axis',(-2.153159805334E-14,-1.,0.));
#14684=DIRECTION('',(0.,0.,-1.));
#14685=DIRECTION('center_axis',(0.,0.,-1.));
#14686=DIRECTION('ref_axis',(0.,-1.,0.));
#14687=DIRECTION('',(0.,0.,-1.));
#14688=DIRECTION('center_axis',(0.,0.,-1.));
#14689=DIRECTION('ref_axis',(0.,-1.,0.));
#14690=DIRECTION('',(0.,0.,-1.));
#14691=DIRECTION('center_axis',(0.,0.,-1.));
#14692=DIRECTION('ref_axis',(0.,-1.,0.));
#14693=DIRECTION('',(0.,0.,-1.));
#14694=DIRECTION('center_axis',(0.,0.,-1.));
#14695=DIRECTION('ref_axis',(2.153159805334E-14,-1.,0.));
#14696=DIRECTION('',(0.,0.,-1.));
#14697=DIRECTION('center_axis',(0.,0.,-1.));
#14698=DIRECTION('ref_axis',(0.,-1.,0.));
#14699=DIRECTION('',(0.,0.,-1.));
#14700=DIRECTION('center_axis',(0.,0.,-1.));
#14701=DIRECTION('ref_axis',(-2.153159805334E-14,-1.,0.));
#14702=DIRECTION('',(0.,0.,-1.));
#14703=DIRECTION('center_axis',(0.,0.,-1.));
#14704=DIRECTION('ref_axis',(0.,-1.,0.));
#14705=DIRECTION('',(0.,0.,-1.));
#14706=DIRECTION('center_axis',(0.,0.,-1.));
#14707=DIRECTION('ref_axis',(0.,-1.,0.));
#14708=DIRECTION('',(0.,0.,-1.));
#14709=DIRECTION('center_axis',(0.,0.,-1.));
#14710=DIRECTION('ref_axis',(0.,-1.,0.));
#14711=DIRECTION('',(0.,0.,-1.));
#14712=DIRECTION('center_axis',(0.,0.,-1.));
#14713=DIRECTION('ref_axis',(0.,-1.,0.));
#14714=DIRECTION('',(0.,0.,-1.));
#14715=DIRECTION('center_axis',(0.,0.,-1.));
#14716=DIRECTION('ref_axis',(0.,-1.,0.));
#14717=DIRECTION('',(0.,0.,-1.));
#14718=DIRECTION('center_axis',(0.,0.,-1.));
#14719=DIRECTION('ref_axis',(0.,-1.,0.));
#14720=DIRECTION('',(0.,0.,-1.));
#14721=DIRECTION('center_axis',(0.,0.,-1.));
#14722=DIRECTION('ref_axis',(0.,-1.,0.));
#14723=DIRECTION('',(0.,0.,-1.));
#14724=DIRECTION('center_axis',(0.,0.,-1.));
#14725=DIRECTION('ref_axis',(0.,-1.,0.));
#14726=DIRECTION('',(0.,0.,-1.));
#14727=DIRECTION('center_axis',(0.,0.,-1.));
#14728=DIRECTION('ref_axis',(0.,-1.,0.));
#14729=DIRECTION('',(0.,0.,-1.));
#14730=DIRECTION('center_axis',(0.,0.,-1.));
#14731=DIRECTION('ref_axis',(-2.153159805334E-14,-1.,0.));
#14732=DIRECTION('',(0.,0.,-1.));
#14733=DIRECTION('center_axis',(0.,0.,-1.));
#14734=DIRECTION('ref_axis',(0.,-1.,0.));
#14735=DIRECTION('',(0.,0.,-1.));
#14736=DIRECTION('center_axis',(0.,0.,-1.));
#14737=DIRECTION('ref_axis',(0.,-1.,0.));
#14738=DIRECTION('',(0.,0.,-1.));
#14739=DIRECTION('center_axis',(0.,0.,-1.));
#14740=DIRECTION('ref_axis',(0.,-1.,0.));
#14741=DIRECTION('',(0.,0.,-1.));
#14742=DIRECTION('center_axis',(0.,0.,-1.));
#14743=DIRECTION('ref_axis',(0.,-1.,0.));
#14744=DIRECTION('',(0.,0.,-1.));
#14745=DIRECTION('center_axis',(0.,0.,-1.));
#14746=DIRECTION('ref_axis',(0.,-1.,0.));
#14747=DIRECTION('',(0.,0.,-1.));
#14748=DIRECTION('center_axis',(0.,0.,-1.));
#14749=DIRECTION('ref_axis',(0.,-1.,0.));
#14750=DIRECTION('',(0.,0.,-1.));
#14751=DIRECTION('center_axis',(0.,0.,-1.));
#14752=DIRECTION('ref_axis',(0.,-1.,0.));
#14753=DIRECTION('',(0.,0.,-1.));
#14754=DIRECTION('center_axis',(0.,0.,-1.));
#14755=DIRECTION('ref_axis',(0.,-1.,0.));
#14756=DIRECTION('',(0.,0.,-1.));
#14757=DIRECTION('center_axis',(0.,0.,-1.));
#14758=DIRECTION('ref_axis',(0.,-1.,0.));
#14759=DIRECTION('',(0.,0.,-1.));
#14760=DIRECTION('center_axis',(0.,0.,-1.));
#14761=DIRECTION('ref_axis',(0.,-1.,0.));
#14762=DIRECTION('',(0.,0.,-1.));
#14763=DIRECTION('center_axis',(0.,0.,-1.));
#14764=DIRECTION('ref_axis',(0.,-1.,0.));
#14765=DIRECTION('',(0.,0.,-1.));
#14766=DIRECTION('center_axis',(0.,0.,-1.));
#14767=DIRECTION('ref_axis',(0.,-1.,0.));
#14768=DIRECTION('',(0.,0.,-1.));
#14769=DIRECTION('center_axis',(0.,0.,-1.));
#14770=DIRECTION('ref_axis',(0.,-1.,0.));
#14771=DIRECTION('',(0.,0.,-1.));
#14772=DIRECTION('center_axis',(0.,0.,-1.));
#14773=DIRECTION('ref_axis',(0.,-1.,0.));
#14774=DIRECTION('',(0.,0.,-1.));
#14775=DIRECTION('center_axis',(0.,0.,-1.));
#14776=DIRECTION('ref_axis',(0.,-1.,0.));
#14777=DIRECTION('',(0.,0.,-1.));
#14778=DIRECTION('center_axis',(0.,0.,-1.));
#14779=DIRECTION('ref_axis',(0.,-1.,0.));
#14780=DIRECTION('',(0.,0.,-1.));
#14781=DIRECTION('center_axis',(0.,0.,-1.));
#14782=DIRECTION('ref_axis',(0.,-1.,0.));
#14783=DIRECTION('',(0.,0.,-1.));
#14784=DIRECTION('center_axis',(0.,0.,-1.));
#14785=DIRECTION('ref_axis',(0.,-1.,0.));
#14786=DIRECTION('',(0.,0.,-1.));
#14787=DIRECTION('center_axis',(0.,0.,-1.));
#14788=DIRECTION('ref_axis',(0.,-1.,0.));
#14789=DIRECTION('',(0.,0.,-1.));
#14790=DIRECTION('center_axis',(0.,0.,-1.));
#14791=DIRECTION('ref_axis',(0.,-1.,0.));
#14792=DIRECTION('',(0.,0.,-1.));
#14793=DIRECTION('center_axis',(0.,0.,-1.));
#14794=DIRECTION('ref_axis',(4.306319610667E-14,-1.,0.));
#14795=DIRECTION('',(0.,0.,-1.));
#14796=DIRECTION('center_axis',(0.,0.,-1.));
#14797=DIRECTION('ref_axis',(0.,-1.,0.));
#14798=DIRECTION('',(0.,0.,-1.));
#14799=DIRECTION('center_axis',(0.,0.,-1.));
#14800=DIRECTION('ref_axis',(0.,-1.,0.));
#14801=DIRECTION('',(0.,0.,-1.));
#14802=DIRECTION('center_axis',(0.,0.,-1.));
#14803=DIRECTION('ref_axis',(0.,-1.,0.));
#14804=DIRECTION('',(0.,0.,-1.));
#14805=DIRECTION('center_axis',(0.,0.,-1.));
#14806=DIRECTION('ref_axis',(0.,-1.,0.));
#14807=DIRECTION('',(0.,0.,-1.));
#14808=DIRECTION('center_axis',(0.,0.,-1.));
#14809=DIRECTION('ref_axis',(0.,-1.,0.));
#14810=DIRECTION('',(0.,0.,-1.));
#14811=DIRECTION('center_axis',(0.,0.,-1.));
#14812=DIRECTION('ref_axis',(0.,-1.,0.));
#14813=DIRECTION('',(0.,0.,-1.));
#14814=DIRECTION('center_axis',(0.,0.,-1.));
#14815=DIRECTION('ref_axis',(0.,-1.,0.));
#14816=DIRECTION('',(0.,0.,-1.));
#14817=DIRECTION('center_axis',(0.,0.,-1.));
#14818=DIRECTION('ref_axis',(0.,-1.,0.));
#14819=DIRECTION('',(0.,0.,-1.));
#14820=DIRECTION('center_axis',(0.,0.,-1.));
#14821=DIRECTION('ref_axis',(0.,-1.,0.));
#14822=DIRECTION('',(0.,0.,-1.));
#14823=DIRECTION('center_axis',(0.,0.,-1.));
#14824=DIRECTION('ref_axis',(0.,-1.,0.));
#14825=DIRECTION('',(0.,0.,-1.));
#14826=DIRECTION('center_axis',(0.,0.,-1.));
#14827=DIRECTION('ref_axis',(0.,-1.,0.));
#14828=DIRECTION('',(0.,0.,-1.));
#14829=DIRECTION('center_axis',(0.,0.,-1.));
#14830=DIRECTION('ref_axis',(0.,-1.,0.));
#14831=DIRECTION('',(0.,0.,-1.));
#14832=DIRECTION('center_axis',(0.,0.,-1.));
#14833=DIRECTION('ref_axis',(0.,-1.,0.));
#14834=DIRECTION('',(0.,0.,-1.));
#14835=DIRECTION('center_axis',(0.,0.,-1.));
#14836=DIRECTION('ref_axis',(0.,-1.,0.));
#14837=DIRECTION('',(0.,0.,-1.));
#14838=DIRECTION('center_axis',(0.,0.,-1.));
#14839=DIRECTION('ref_axis',(0.,-1.,0.));
#14840=DIRECTION('',(0.,0.,-1.));
#14841=DIRECTION('center_axis',(0.,0.,-1.));
#14842=DIRECTION('ref_axis',(0.,-1.,0.));
#14843=DIRECTION('',(0.,0.,-1.));
#14844=DIRECTION('center_axis',(0.,0.,-1.));
#14845=DIRECTION('ref_axis',(0.,-1.,0.));
#14846=DIRECTION('',(0.,0.,-1.));
#14847=DIRECTION('center_axis',(0.,0.,-1.));
#14848=DIRECTION('ref_axis',(0.,-1.,0.));
#14849=DIRECTION('',(0.,0.,-1.));
#14850=DIRECTION('center_axis',(0.,0.,-1.));
#14851=DIRECTION('ref_axis',(0.,-1.,0.));
#14852=DIRECTION('',(0.,0.,-1.));
#14853=DIRECTION('center_axis',(0.,0.,-1.));
#14854=DIRECTION('ref_axis',(0.,-1.,0.));
#14855=DIRECTION('',(0.,0.,-1.));
#14856=DIRECTION('center_axis',(0.,0.,-1.));
#14857=DIRECTION('ref_axis',(0.,-1.,0.));
#14858=DIRECTION('',(0.,0.,-1.));
#14859=DIRECTION('center_axis',(0.,0.,-1.));
#14860=DIRECTION('ref_axis',(0.,-1.,0.));
#14861=DIRECTION('',(0.,0.,-1.));
#14862=DIRECTION('center_axis',(0.,0.,-1.));
#14863=DIRECTION('ref_axis',(0.,-1.,0.));
#14864=DIRECTION('',(0.,0.,-1.));
#14865=DIRECTION('center_axis',(0.,0.,-1.));
#14866=DIRECTION('ref_axis',(0.,-1.,0.));
#14867=DIRECTION('',(0.,0.,-1.));
#14868=DIRECTION('center_axis',(0.,0.,-1.));
#14869=DIRECTION('ref_axis',(0.,-1.,0.));
#14870=DIRECTION('',(0.,0.,-1.));
#14871=DIRECTION('center_axis',(0.,0.,-1.));
#14872=DIRECTION('ref_axis',(0.,-1.,0.));
#14873=DIRECTION('',(0.,0.,-1.));
#14874=DIRECTION('center_axis',(0.,0.,-1.));
#14875=DIRECTION('ref_axis',(0.,-1.,0.));
#14876=DIRECTION('',(0.,0.,-1.));
#14877=DIRECTION('center_axis',(0.,0.,-1.));
#14878=DIRECTION('ref_axis',(0.,-1.,0.));
#14879=DIRECTION('',(0.,0.,-1.));
#14880=DIRECTION('center_axis',(0.,0.,-1.));
#14881=DIRECTION('ref_axis',(0.,-1.,0.));
#14882=DIRECTION('',(0.,0.,-1.));
#14883=DIRECTION('center_axis',(0.,0.,-1.));
#14884=DIRECTION('ref_axis',(0.,-1.,0.));
#14885=DIRECTION('',(0.,0.,-1.));
#14886=DIRECTION('center_axis',(0.,0.,-1.));
#14887=DIRECTION('ref_axis',(0.,-1.,0.));
#14888=DIRECTION('',(0.,0.,-1.));
#14889=DIRECTION('center_axis',(0.,0.,-1.));
#14890=DIRECTION('ref_axis',(0.,-1.,0.));
#14891=DIRECTION('',(0.,0.,-1.));
#14892=DIRECTION('center_axis',(0.,0.,-1.));
#14893=DIRECTION('ref_axis',(0.,-1.,0.));
#14894=DIRECTION('',(0.,0.,-1.));
#14895=DIRECTION('center_axis',(0.,0.,-1.));
#14896=DIRECTION('ref_axis',(0.,-1.,0.));
#14897=DIRECTION('',(0.,0.,-1.));
#14898=DIRECTION('center_axis',(0.,0.,-1.));
#14899=DIRECTION('ref_axis',(0.,-1.,0.));
#14900=DIRECTION('',(0.,0.,-1.));
#14901=DIRECTION('center_axis',(0.,0.,-1.));
#14902=DIRECTION('ref_axis',(0.,-1.,0.));
#14903=DIRECTION('',(0.,0.,-1.));
#14904=DIRECTION('center_axis',(0.,0.,-1.));
#14905=DIRECTION('ref_axis',(4.306319610667E-14,-1.,0.));
#14906=DIRECTION('',(0.,0.,-1.));
#14907=DIRECTION('center_axis',(0.,0.,-1.));
#14908=DIRECTION('ref_axis',(0.,-1.,0.));
#14909=DIRECTION('',(0.,0.,-1.));
#14910=DIRECTION('center_axis',(0.,0.,-1.));
#14911=DIRECTION('ref_axis',(0.,-1.,0.));
#14912=DIRECTION('',(0.,0.,-1.));
#14913=DIRECTION('center_axis',(0.,0.,-1.));
#14914=DIRECTION('ref_axis',(0.,-1.,0.));
#14915=DIRECTION('',(0.,0.,-1.));
#14916=DIRECTION('center_axis',(0.,0.,-1.));
#14917=DIRECTION('ref_axis',(0.,-1.,0.));
#14918=DIRECTION('',(0.,0.,-1.));
#14919=DIRECTION('center_axis',(0.,0.,-1.));
#14920=DIRECTION('ref_axis',(0.,-1.,0.));
#14921=DIRECTION('',(0.,0.,-1.));
#14922=DIRECTION('center_axis',(0.,0.,-1.));
#14923=DIRECTION('ref_axis',(2.991758887411E-14,-1.,0.));
#14924=DIRECTION('',(0.,0.,-1.));
#14925=DIRECTION('center_axis',(0.,0.,-1.));
#14926=DIRECTION('ref_axis',(0.,-1.,0.));
#14927=DIRECTION('',(0.,0.,-1.));
#14928=DIRECTION('center_axis',(0.,0.,-1.));
#14929=DIRECTION('ref_axis',(0.,-1.,0.));
#14930=DIRECTION('',(0.,0.,-1.));
#14931=DIRECTION('center_axis',(0.,0.,-1.));
#14932=DIRECTION('ref_axis',(0.,-1.,0.));
#14933=DIRECTION('',(0.,0.,-1.));
#14934=DIRECTION('center_axis',(0.,0.,-1.));
#14935=DIRECTION('ref_axis',(0.,-1.,0.));
#14936=DIRECTION('',(0.,0.,-1.));
#14937=DIRECTION('center_axis',(0.,0.,-1.));
#14938=DIRECTION('ref_axis',(0.,-1.,0.));
#14939=DIRECTION('',(0.,0.,-1.));
#14940=DIRECTION('center_axis',(0.,0.,-1.));
#14941=DIRECTION('ref_axis',(2.991758887411E-14,-1.,0.));
#14942=DIRECTION('',(0.,0.,-1.));
#14943=DIRECTION('center_axis',(0.,0.,-1.));
#14944=DIRECTION('ref_axis',(0.,-1.,0.));
#14945=DIRECTION('',(0.,0.,-1.));
#14946=DIRECTION('center_axis',(0.,0.,-1.));
#14947=DIRECTION('ref_axis',(0.,-1.,0.));
#14948=DIRECTION('',(0.,0.,-1.));
#14949=DIRECTION('center_axis',(0.,0.,-1.));
#14950=DIRECTION('ref_axis',(0.,-1.,0.));
#14951=DIRECTION('',(0.,0.,-1.));
#14952=DIRECTION('center_axis',(0.,0.,-1.));
#14953=DIRECTION('ref_axis',(0.,-1.,0.));
#14954=DIRECTION('',(0.,0.,-1.));
#14955=DIRECTION('center_axis',(0.,0.,-1.));
#14956=DIRECTION('ref_axis',(0.,-1.,0.));
#14957=DIRECTION('',(0.,0.,-1.));
#14958=DIRECTION('center_axis',(0.,0.,-1.));
#14959=DIRECTION('ref_axis',(0.,-1.,0.));
#14960=DIRECTION('',(0.,0.,-1.));
#14961=DIRECTION('center_axis',(0.,0.,-1.));
#14962=DIRECTION('ref_axis',(0.,-1.,0.));
#14963=DIRECTION('',(0.,0.,-1.));
#14964=DIRECTION('center_axis',(0.,0.,-1.));
#14965=DIRECTION('ref_axis',(0.,-1.,0.));
#14966=DIRECTION('',(0.,0.,-1.));
#14967=DIRECTION('center_axis',(0.,0.,-1.));
#14968=DIRECTION('ref_axis',(0.,-1.,0.));
#14969=DIRECTION('',(0.,0.,-1.));
#14970=DIRECTION('center_axis',(0.,0.,-1.));
#14971=DIRECTION('ref_axis',(0.,-1.,0.));
#14972=DIRECTION('',(0.,0.,-1.));
#14973=DIRECTION('center_axis',(0.,0.,-1.));
#14974=DIRECTION('ref_axis',(0.,-1.,0.));
#14975=DIRECTION('',(0.,0.,-1.));
#14976=DIRECTION('center_axis',(0.,0.,-1.));
#14977=DIRECTION('ref_axis',(0.,-1.,0.));
#14978=DIRECTION('',(0.,0.,-1.));
#14979=DIRECTION('center_axis',(0.,0.,-1.));
#14980=DIRECTION('ref_axis',(0.,-1.,0.));
#14981=DIRECTION('',(0.,0.,-1.));
#14982=DIRECTION('center_axis',(0.,0.,-1.));
#14983=DIRECTION('ref_axis',(0.,-1.,0.));
#14984=DIRECTION('',(0.,0.,-1.));
#14985=DIRECTION('center_axis',(0.,0.,-1.));
#14986=DIRECTION('ref_axis',(0.,-1.,0.));
#14987=DIRECTION('',(0.,0.,-1.));
#14988=DIRECTION('center_axis',(0.,0.,-1.));
#14989=DIRECTION('ref_axis',(0.,-1.,0.));
#14990=DIRECTION('',(0.,0.,-1.));
#14991=DIRECTION('center_axis',(0.,0.,-1.));
#14992=DIRECTION('ref_axis',(0.,-1.,0.));
#14993=DIRECTION('',(0.,0.,-1.));
#14994=DIRECTION('center_axis',(0.,0.,-1.));
#14995=DIRECTION('ref_axis',(0.,-1.,0.));
#14996=DIRECTION('',(0.,0.,-1.));
#14997=DIRECTION('center_axis',(0.,0.,-1.));
#14998=DIRECTION('ref_axis',(0.,-1.,0.));
#14999=DIRECTION('',(0.,0.,-1.));
#15000=DIRECTION('center_axis',(0.,0.,-1.));
#15001=DIRECTION('ref_axis',(0.,-1.,0.));
#15002=DIRECTION('',(0.,0.,-1.));
#15003=DIRECTION('center_axis',(0.,0.,-1.));
#15004=DIRECTION('ref_axis',(0.,-1.,0.));
#15005=DIRECTION('',(0.,0.,-1.));
#15006=DIRECTION('center_axis',(0.,0.,-1.));
#15007=DIRECTION('ref_axis',(0.,-1.,0.));
#15008=DIRECTION('',(0.,0.,-1.));
#15009=DIRECTION('center_axis',(0.,0.,-1.));
#15010=DIRECTION('ref_axis',(0.,-1.,0.));
#15011=DIRECTION('',(0.,0.,-1.));
#15012=DIRECTION('center_axis',(0.,0.,-1.));
#15013=DIRECTION('ref_axis',(0.,-1.,0.));
#15014=DIRECTION('',(0.,0.,-1.));
#15015=DIRECTION('center_axis',(0.,0.,-1.));
#15016=DIRECTION('ref_axis',(0.,-1.,0.));
#15017=DIRECTION('',(0.,0.,-1.));
#15018=DIRECTION('center_axis',(0.,0.,-1.));
#15019=DIRECTION('ref_axis',(0.,-1.,0.));
#15020=DIRECTION('',(0.,0.,-1.));
#15021=DIRECTION('center_axis',(0.,0.,-1.));
#15022=DIRECTION('ref_axis',(0.,-1.,0.));
#15023=DIRECTION('',(0.,0.,-1.));
#15024=DIRECTION('center_axis',(0.,0.,-1.));
#15025=DIRECTION('ref_axis',(0.,-1.,0.));
#15026=DIRECTION('',(0.,0.,-1.));
#15027=DIRECTION('center_axis',(0.,0.,-1.));
#15028=DIRECTION('ref_axis',(0.,-1.,0.));
#15029=DIRECTION('',(0.,0.,-1.));
#15030=DIRECTION('center_axis',(0.,0.,-1.));
#15031=DIRECTION('ref_axis',(0.,-1.,0.));
#15032=DIRECTION('',(0.,0.,-1.));
#15033=DIRECTION('center_axis',(0.,0.,-1.));
#15034=DIRECTION('ref_axis',(0.,-1.,0.));
#15035=DIRECTION('',(0.,0.,-1.));
#15036=DIRECTION('center_axis',(0.,0.,-1.));
#15037=DIRECTION('ref_axis',(0.,-1.,0.));
#15038=DIRECTION('',(0.,0.,-1.));
#15039=DIRECTION('center_axis',(0.,0.,-1.));
#15040=DIRECTION('ref_axis',(0.,-1.,0.));
#15041=DIRECTION('',(0.,0.,-1.));
#15042=DIRECTION('center_axis',(0.,0.,-1.));
#15043=DIRECTION('ref_axis',(0.,-1.,0.));
#15044=DIRECTION('',(0.,0.,-1.));
#15045=DIRECTION('center_axis',(0.,0.,-1.));
#15046=DIRECTION('ref_axis',(0.,-1.,0.));
#15047=DIRECTION('',(0.,0.,-1.));
#15048=DIRECTION('center_axis',(0.,0.,-1.));
#15049=DIRECTION('ref_axis',(0.,-1.,0.));
#15050=DIRECTION('',(0.,0.,-1.));
#15051=DIRECTION('center_axis',(0.,0.,-1.));
#15052=DIRECTION('ref_axis',(0.,-1.,0.));
#15053=DIRECTION('',(0.,0.,-1.));
#15054=DIRECTION('center_axis',(0.,0.,-1.));
#15055=DIRECTION('ref_axis',(0.,-1.,0.));
#15056=DIRECTION('',(0.,0.,-1.));
#15057=DIRECTION('',(0.,0.,1.));
#15058=DIRECTION('',(1.,0.,0.));
#15059=DIRECTION('',(0.,0.,1.));
#15060=DIRECTION('',(1.,0.,0.));
#15061=DIRECTION('',(0.,0.,1.));
#15062=DIRECTION('',(1.,0.,0.));
#15063=DIRECTION('',(0.,0.,1.));
#15064=DIRECTION('',(0.707106781186547,-0.707106781186547,0.));
#15065=DIRECTION('',(0.,0.,1.));
#15066=DIRECTION('',(1.,0.,0.));
#15067=CARTESIAN_POINT('',(0.,0.,0.));
#15068=CARTESIAN_POINT('',(0.,0.,0.));
#15069=CARTESIAN_POINT('',(0.,0.,0.));
#15070=CARTESIAN_POINT('Origin',(-1.016,1.27,0.));
#15071=CARTESIAN_POINT('',(-1.016,1.27,0.));
#15072=CARTESIAN_POINT('',(-1.016,1.27,2.54));
#15073=CARTESIAN_POINT('',(-1.016,1.27,0.));
#15074=CARTESIAN_POINT('',(-1.27,1.016,0.));
#15075=CARTESIAN_POINT('',(-1.016,1.27,0.));
#15076=CARTESIAN_POINT('',(-1.27,1.016,2.54));
#15077=CARTESIAN_POINT('',(-1.27,1.016,0.));
#15078=CARTESIAN_POINT('',(-1.016,1.27,2.54));
#15079=CARTESIAN_POINT('Origin',(1.016,1.27,0.));
#15080=CARTESIAN_POINT('',(1.016,1.27,0.));
#15081=CARTESIAN_POINT('',(1.016,1.27,2.54));
#15082=CARTESIAN_POINT('',(1.016,1.27,0.));
#15083=CARTESIAN_POINT('',(1.016,1.27,0.));
#15084=CARTESIAN_POINT('',(1.016,1.27,2.54));
#15085=CARTESIAN_POINT('Origin',(-1.27,1.016,0.));
#15086=CARTESIAN_POINT('',(-1.27,-1.016,0.));
#15087=CARTESIAN_POINT('',(-1.27,1.016,0.));
#15088=CARTESIAN_POINT('',(-1.27,-1.016,2.54));
#15089=CARTESIAN_POINT('',(-1.27,-1.016,0.));
#15090=CARTESIAN_POINT('',(-1.27,1.016,2.54));
#15091=CARTESIAN_POINT('Origin',(1.473843703412E-17,-1.27,0.));
#15092=CARTESIAN_POINT('',(1.27,1.016,0.));
#15093=CARTESIAN_POINT('',(1.27,1.016,0.));
#15094=CARTESIAN_POINT('',(1.27,-1.016,0.));
#15095=CARTESIAN_POINT('',(1.27,-1.016,0.));
#15096=CARTESIAN_POINT('',(1.016,-1.27,0.));
#15097=CARTESIAN_POINT('',(1.016,-1.27,0.));
#15098=CARTESIAN_POINT('',(1.27,-1.524,0.));
#15099=CARTESIAN_POINT('',(1.27,-1.524,0.));
#15100=CARTESIAN_POINT('',(1.27,-3.556,0.));
#15101=CARTESIAN_POINT('',(1.27,-3.556,0.));
#15102=CARTESIAN_POINT('',(1.016,-3.81,0.));
#15103=CARTESIAN_POINT('',(1.016,-3.81,0.));
#15104=CARTESIAN_POINT('',(-1.016,-3.81,0.));
#15105=CARTESIAN_POINT('',(-1.016,-3.81,0.));
#15106=CARTESIAN_POINT('',(-1.27,-3.556,0.));
#15107=CARTESIAN_POINT('',(-1.27,-3.556,0.));
#15108=CARTESIAN_POINT('',(-1.27,-1.524,0.));
#15109=CARTESIAN_POINT('',(-1.27,-1.524,0.));
#15110=CARTESIAN_POINT('',(-1.016,-1.27,0.));
#15111=CARTESIAN_POINT('',(-1.016,-1.27,0.));
#15112=CARTESIAN_POINT('',(-1.27,-1.016,0.));
#15113=CARTESIAN_POINT('',(0.32,-0.32,0.));
#15114=CARTESIAN_POINT('',(-0.32,-0.32,0.));
#15115=CARTESIAN_POINT('',(-0.16,-0.32,0.));
#15116=CARTESIAN_POINT('',(0.32,0.32,0.));
#15117=CARTESIAN_POINT('',(0.32,-0.795,0.));
#15118=CARTESIAN_POINT('',(-0.32,0.32,0.));
#15119=CARTESIAN_POINT('',(-0.16,0.32,0.));
#15120=CARTESIAN_POINT('',(-0.32,-0.795,0.));
#15121=CARTESIAN_POINT('',(0.32,-2.86,0.));
#15122=CARTESIAN_POINT('',(-0.32,-2.86,0.));
#15123=CARTESIAN_POINT('',(-0.16,-2.86,0.));
#15124=CARTESIAN_POINT('',(0.32,-2.22,0.));
#15125=CARTESIAN_POINT('',(0.32,-2.065,0.));
#15126=CARTESIAN_POINT('',(-0.32,-2.22,0.));
#15127=CARTESIAN_POINT('',(-0.16,-2.22,0.));
#15128=CARTESIAN_POINT('',(-0.32,-2.065,0.));
#15129=CARTESIAN_POINT('Origin',(1.473843703412E-17,-1.27,2.54));
#15130=CARTESIAN_POINT('',(-1.016,-1.27,2.54));
#15131=CARTESIAN_POINT('',(-1.27,-1.016,2.54));
#15132=CARTESIAN_POINT('',(-1.27,-1.524,2.54));
#15133=CARTESIAN_POINT('',(-1.016,-1.27,2.54));
#15134=CARTESIAN_POINT('',(-1.27,-3.556,2.54));
#15135=CARTESIAN_POINT('',(-1.27,-1.524,2.54));
#15136=CARTESIAN_POINT('',(-1.016,-3.81,2.54));
#15137=CARTESIAN_POINT('',(-1.27,-3.556,2.54));
#15138=CARTESIAN_POINT('',(1.016,-3.81,2.54));
#15139=CARTESIAN_POINT('',(-1.016,-3.81,2.54));
#15140=CARTESIAN_POINT('',(1.27,-3.556,2.54));
#15141=CARTESIAN_POINT('',(1.016,-3.81,2.54));
#15142=CARTESIAN_POINT('',(1.27,-1.524,2.54));
#15143=CARTESIAN_POINT('',(1.27,-3.556,2.54));
#15144=CARTESIAN_POINT('',(1.016,-1.27,2.54));
#15145=CARTESIAN_POINT('',(1.27,-1.524,2.54));
#15146=CARTESIAN_POINT('',(1.27,-1.016,2.54));
#15147=CARTESIAN_POINT('',(1.016,-1.27,2.54));
#15148=CARTESIAN_POINT('',(1.27,1.016,2.54));
#15149=CARTESIAN_POINT('',(1.27,-1.016,2.54));
#15150=CARTESIAN_POINT('',(1.27,1.016,2.54));
#15151=CARTESIAN_POINT('',(0.32,-0.32,2.54));
#15152=CARTESIAN_POINT('',(-0.32,-0.32,2.54));
#15153=CARTESIAN_POINT('',(-0.16,-0.32,2.54));
#15154=CARTESIAN_POINT('',(-0.32,0.32,2.54));
#15155=CARTESIAN_POINT('',(-0.32,-0.795,2.54));
#15156=CARTESIAN_POINT('',(0.32,0.32,2.54));
#15157=CARTESIAN_POINT('',(-0.16,0.32,2.54));
#15158=CARTESIAN_POINT('',(0.32,-0.795,2.54));
#15159=CARTESIAN_POINT('',(0.32,-2.86,2.54));
#15160=CARTESIAN_POINT('',(-0.32,-2.86,2.54));
#15161=CARTESIAN_POINT('',(-0.16,-2.86,2.54));
#15162=CARTESIAN_POINT('',(-0.32,-2.22,2.54));
#15163=CARTESIAN_POINT('',(-0.32,-2.065,2.54));
#15164=CARTESIAN_POINT('',(0.32,-2.22,2.54));
#15165=CARTESIAN_POINT('',(-0.16,-2.22,2.54));
#15166=CARTESIAN_POINT('',(0.32,-2.065,2.54));
#15167=CARTESIAN_POINT('Origin',(1.27,1.016,0.));
#15168=CARTESIAN_POINT('',(1.27,1.016,0.));
#15169=CARTESIAN_POINT('Origin',(-1.27,-1.016,0.));
#15170=CARTESIAN_POINT('',(-1.016,-1.27,0.));
#15171=CARTESIAN_POINT('Origin',(1.27,-1.016,0.));
#15172=CARTESIAN_POINT('',(1.27,-1.016,0.));
#15173=CARTESIAN_POINT('Origin',(-1.016,-1.27,0.));
#15174=CARTESIAN_POINT('',(-1.27,-1.524,0.));
#15175=CARTESIAN_POINT('Origin',(1.016,-1.27,0.));
#15176=CARTESIAN_POINT('',(1.016,-1.27,0.));
#15177=CARTESIAN_POINT('Origin',(-1.27,-1.524,0.));
#15178=CARTESIAN_POINT('',(-1.27,-3.556,0.));
#15179=CARTESIAN_POINT('Origin',(1.27,-1.524,0.));
#15180=CARTESIAN_POINT('',(1.27,-1.524,0.));
#15181=CARTESIAN_POINT('Origin',(-1.27,-3.556,0.));
#15182=CARTESIAN_POINT('',(-1.016,-3.81,0.));
#15183=CARTESIAN_POINT('Origin',(1.27,-3.556,0.));
#15184=CARTESIAN_POINT('',(1.27,-3.556,0.));
#15185=CARTESIAN_POINT('Origin',(-1.016,-3.81,0.));
#15186=CARTESIAN_POINT('',(1.016,-3.81,0.));
#15187=CARTESIAN_POINT('Origin',(1.016,-3.81,0.));
#15188=CARTESIAN_POINT('Origin',(-0.32,-0.32,-3.));
#15189=CARTESIAN_POINT('',(0.32,-0.32,-2.84));
#15190=CARTESIAN_POINT('',(0.32,-0.32,-3.));
#15191=CARTESIAN_POINT('',(-0.32,-0.32,-2.84));
#15192=CARTESIAN_POINT('',(-0.32,-0.32,-3.));
#15193=CARTESIAN_POINT('',(-0.32,-0.32,-2.84));
#15194=CARTESIAN_POINT('Origin',(0.32,-0.32,-3.));
#15195=CARTESIAN_POINT('',(0.32,0.32,-2.84));
#15196=CARTESIAN_POINT('',(0.32,-0.32,-2.84));
#15197=CARTESIAN_POINT('',(0.32,0.32,-3.));
#15198=CARTESIAN_POINT('Origin',(-0.32,0.32,-3.));
#15199=CARTESIAN_POINT('',(-0.32,0.32,-2.84));
#15200=CARTESIAN_POINT('',(-0.32,0.32,-2.84));
#15201=CARTESIAN_POINT('',(-0.32,0.32,-3.));
#15202=CARTESIAN_POINT('Origin',(-0.32,-0.32,-3.));
#15203=CARTESIAN_POINT('',(-0.32,-0.32,-2.84));
#15204=CARTESIAN_POINT('Origin',(-0.32,-2.86,-3.));
#15205=CARTESIAN_POINT('',(0.32,-2.86,-2.84));
#15206=CARTESIAN_POINT('',(0.32,-2.86,-3.));
#15207=CARTESIAN_POINT('',(-0.32,-2.86,-2.84));
#15208=CARTESIAN_POINT('',(-0.32,-2.86,-3.));
#15209=CARTESIAN_POINT('',(-0.32,-2.86,-2.84));
#15210=CARTESIAN_POINT('Origin',(0.32,-2.86,-3.));
#15211=CARTESIAN_POINT('',(0.32,-2.22,-2.84));
#15212=CARTESIAN_POINT('',(0.32,-2.86,-2.84));
#15213=CARTESIAN_POINT('',(0.32,-2.22,-3.));
#15214=CARTESIAN_POINT('Origin',(-0.32,-2.22,-3.));
#15215=CARTESIAN_POINT('',(-0.32,-2.22,-2.84));
#15216=CARTESIAN_POINT('',(-0.32,-2.22,-2.84));
#15217=CARTESIAN_POINT('',(-0.32,-2.22,-3.));
#15218=CARTESIAN_POINT('Origin',(-0.32,-2.86,-3.));
#15219=CARTESIAN_POINT('',(-0.32,-2.86,-2.84));
#15220=CARTESIAN_POINT('Origin',(-0.32,-0.32,-3.));
#15221=CARTESIAN_POINT('',(0.32,-0.32,8.38));
#15222=CARTESIAN_POINT('',(0.32,-0.32,-3.));
#15223=CARTESIAN_POINT('',(-0.32,-0.32,8.38));
#15224=CARTESIAN_POINT('',(-0.32,-0.32,8.38));
#15225=CARTESIAN_POINT('',(-0.32,-0.32,-3.));
#15226=CARTESIAN_POINT('Origin',(0.32,-0.32,-3.));
#15227=CARTESIAN_POINT('',(0.32,0.32,8.38));
#15228=CARTESIAN_POINT('',(0.32,0.32,-3.));
#15229=CARTESIAN_POINT('',(0.32,-0.32,8.38));
#15230=CARTESIAN_POINT('Origin',(-0.32,0.32,-3.));
#15231=CARTESIAN_POINT('',(-0.32,0.32,8.38));
#15232=CARTESIAN_POINT('',(-0.32,0.32,-3.));
#15233=CARTESIAN_POINT('',(-0.32,0.32,8.38));
#15234=CARTESIAN_POINT('Origin',(-0.32,-0.32,-3.));
#15235=CARTESIAN_POINT('',(-0.32,-0.32,8.38));
#15236=CARTESIAN_POINT('Origin',(-0.32,-2.86,-3.));
#15237=CARTESIAN_POINT('',(0.32,-2.86,8.38));
#15238=CARTESIAN_POINT('',(0.32,-2.86,-3.));
#15239=CARTESIAN_POINT('',(-0.32,-2.86,8.38));
#15240=CARTESIAN_POINT('',(-0.32,-2.86,8.38));
#15241=CARTESIAN_POINT('',(-0.32,-2.86,-3.));
#15242=CARTESIAN_POINT('Origin',(0.32,-2.86,-3.));
#15243=CARTESIAN_POINT('',(0.32,-2.22,8.38));
#15244=CARTESIAN_POINT('',(0.32,-2.22,-3.));
#15245=CARTESIAN_POINT('',(0.32,-2.86,8.38));
#15246=CARTESIAN_POINT('Origin',(-0.32,-2.22,-3.));
#15247=CARTESIAN_POINT('',(-0.32,-2.22,8.38));
#15248=CARTESIAN_POINT('',(-0.32,-2.22,-3.));
#15249=CARTESIAN_POINT('',(-0.32,-2.22,8.38));
#15250=CARTESIAN_POINT('Origin',(-0.32,-2.86,-3.));
#15251=CARTESIAN_POINT('',(-0.32,-2.86,8.38));
#15252=CARTESIAN_POINT('Origin',(-0.32,-0.24,-2.92));
#15253=CARTESIAN_POINT('',(-0.16,-0.16,-3.));
#15254=CARTESIAN_POINT('',(-0.266666666667,-0.266666666667,-2.893333333333));
#15255=CARTESIAN_POINT('',(0.16,-0.16,-3.));
#15256=CARTESIAN_POINT('',(-0.32,-0.16,-3.));
#15257=CARTESIAN_POINT('',(0.16,-0.16,-3.));
#15258=CARTESIAN_POINT('Origin',(0.24,-0.32,-2.92));
#15259=CARTESIAN_POINT('',(0.16,0.16,-3.));
#15260=CARTESIAN_POINT('',(0.16,-0.32,-3.));
#15261=CARTESIAN_POINT('',(0.05333333333333,0.05333333333333,-3.106666666667));
#15262=CARTESIAN_POINT('Origin',(-0.32,0.24,-2.92));
#15263=CARTESIAN_POINT('',(-0.16,0.16,-3.));
#15264=CARTESIAN_POINT('',(-0.16,0.16,-3.));
#15265=CARTESIAN_POINT('',(-0.32,0.16,-3.));
#15266=CARTESIAN_POINT('Origin',(-0.24,-0.32,-2.92));
#15267=CARTESIAN_POINT('',(-0.16,-0.32,-3.));
#15268=CARTESIAN_POINT('Origin',(-0.32,-2.78,-2.92));
#15269=CARTESIAN_POINT('',(-0.16,-2.7,-3.));
#15270=CARTESIAN_POINT('',(-0.266666666667,-2.806666666667,-2.893333333333));
#15271=CARTESIAN_POINT('',(0.16,-2.7,-3.));
#15272=CARTESIAN_POINT('',(-0.32,-2.7,-3.));
#15273=CARTESIAN_POINT('',(0.16,-2.7,-3.));
#15274=CARTESIAN_POINT('Origin',(0.24,-2.86,-2.92));
#15275=CARTESIAN_POINT('',(0.16,-2.38,-3.));
#15276=CARTESIAN_POINT('',(0.16,-2.86,-3.));
#15277=CARTESIAN_POINT('',(0.05333333333333,-2.486666666667,-3.106666666667));
#15278=CARTESIAN_POINT('Origin',(-0.32,-2.3,-2.92));
#15279=CARTESIAN_POINT('',(-0.16,-2.38,-3.));
#15280=CARTESIAN_POINT('',(-0.16,-2.38,-3.));
#15281=CARTESIAN_POINT('',(-0.32,-2.38,-3.));
#15282=CARTESIAN_POINT('Origin',(-0.24,-2.86,-2.92));
#15283=CARTESIAN_POINT('',(-0.16,-2.86,-3.));
#15284=CARTESIAN_POINT('Origin',(-0.32,-0.24,8.46));
#15285=CARTESIAN_POINT('',(-0.16,-0.16,8.54));
#15286=CARTESIAN_POINT('',(-0.266666666667,-0.266666666667,8.433333333333));
#15287=CARTESIAN_POINT('',(0.16,-0.16,8.54));
#15288=CARTESIAN_POINT('',(0.16,-0.16,8.54));
#15289=CARTESIAN_POINT('',(-0.32,-0.16,8.54));
#15290=CARTESIAN_POINT('Origin',(0.24,-0.32,8.46));
#15291=CARTESIAN_POINT('',(0.16,0.16,8.54));
#15292=CARTESIAN_POINT('',(0.05333333333333,0.05333333333333,8.646666666667));
#15293=CARTESIAN_POINT('',(0.16,-0.32,8.54));
#15294=CARTESIAN_POINT('Origin',(-0.32,0.24,8.46));
#15295=CARTESIAN_POINT('',(-0.16,0.16,8.54));
#15296=CARTESIAN_POINT('',(-0.16,0.16,8.54));
#15297=CARTESIAN_POINT('',(-0.32,0.16,8.54));
#15298=CARTESIAN_POINT('Origin',(-0.24,-0.32,8.46));
#15299=CARTESIAN_POINT('',(-0.16,-0.32,8.54));
#15300=CARTESIAN_POINT('Origin',(-0.32,-2.78,8.46));
#15301=CARTESIAN_POINT('',(-0.16,-2.7,8.54));
#15302=CARTESIAN_POINT('',(-0.266666666667,-2.806666666667,8.433333333333));
#15303=CARTESIAN_POINT('',(0.16,-2.7,8.54));
#15304=CARTESIAN_POINT('',(0.16,-2.7,8.54));
#15305=CARTESIAN_POINT('',(-0.32,-2.7,8.54));
#15306=CARTESIAN_POINT('Origin',(0.24,-2.86,8.46));
#15307=CARTESIAN_POINT('',(0.16,-2.38,8.54));
#15308=CARTESIAN_POINT('',(0.05333333333333,-2.486666666667,8.646666666667));
#15309=CARTESIAN_POINT('',(0.16,-2.86,8.54));
#15310=CARTESIAN_POINT('Origin',(-0.32,-2.3,8.46));
#15311=CARTESIAN_POINT('',(-0.16,-2.38,8.54));
#15312=CARTESIAN_POINT('',(-0.16,-2.38,8.54));
#15313=CARTESIAN_POINT('',(-0.32,-2.38,8.54));
#15314=CARTESIAN_POINT('Origin',(-0.24,-2.86,8.46));
#15315=CARTESIAN_POINT('',(-0.16,-2.86,8.54));
#15316=CARTESIAN_POINT('Origin',(-0.32,-0.32,-3.));
#15317=CARTESIAN_POINT('Origin',(-0.32,-2.86,-3.));
#15318=CARTESIAN_POINT('Origin',(-0.32,-0.32,8.54));
#15319=CARTESIAN_POINT('Origin',(-0.32,-2.86,8.54));
#15320=CARTESIAN_POINT('',(0.,0.,0.));
#15321=CARTESIAN_POINT('',(0.,0.,0.));
#15322=CARTESIAN_POINT('',(0.,0.,0.));
#15323=CARTESIAN_POINT('Origin',(-1.016,1.27,0.));
#15324=CARTESIAN_POINT('',(-1.016,1.27,0.));
#15325=CARTESIAN_POINT('',(-1.016,1.27,2.54));
#15326=CARTESIAN_POINT('',(-1.016,1.27,0.));
#15327=CARTESIAN_POINT('',(-1.27,1.016,0.));
#15328=CARTESIAN_POINT('',(-1.016,1.27,0.));
#15329=CARTESIAN_POINT('',(-1.27,1.016,2.54));
#15330=CARTESIAN_POINT('',(-1.27,1.016,0.));
#15331=CARTESIAN_POINT('',(-1.016,1.27,2.54));
#15332=CARTESIAN_POINT('Origin',(1.016,1.27,0.));
#15333=CARTESIAN_POINT('',(1.016,1.27,0.));
#15334=CARTESIAN_POINT('',(1.016,1.27,2.54));
#15335=CARTESIAN_POINT('',(1.016,1.27,0.));
#15336=CARTESIAN_POINT('',(1.016,1.27,0.));
#15337=CARTESIAN_POINT('',(1.016,1.27,2.54));
#15338=CARTESIAN_POINT('Origin',(-1.27,1.016,0.));
#15339=CARTESIAN_POINT('',(-1.27,-1.016,0.));
#15340=CARTESIAN_POINT('',(-1.27,1.016,0.));
#15341=CARTESIAN_POINT('',(-1.27,-1.016,2.54));
#15342=CARTESIAN_POINT('',(-1.27,-1.016,0.));
#15343=CARTESIAN_POINT('',(-1.27,1.016,2.54));
#15344=CARTESIAN_POINT('Origin',(4.259053689278E-17,-3.81,0.));
#15345=CARTESIAN_POINT('',(1.27,1.016,0.));
#15346=CARTESIAN_POINT('',(1.27,1.016,0.));
#15347=CARTESIAN_POINT('',(1.27,-1.016,0.));
#15348=CARTESIAN_POINT('',(1.27,-1.016,0.));
#15349=CARTESIAN_POINT('',(1.016,-1.27,0.));
#15350=CARTESIAN_POINT('',(1.016,-1.27,0.));
#15351=CARTESIAN_POINT('',(1.27,-1.524,0.));
#15352=CARTESIAN_POINT('',(1.27,-1.524,0.));
#15353=CARTESIAN_POINT('',(1.27,-3.556,0.));
#15354=CARTESIAN_POINT('',(1.27,-3.556,0.));
#15355=CARTESIAN_POINT('',(1.016,-3.81,0.));
#15356=CARTESIAN_POINT('',(1.016,-3.81,0.));
#15357=CARTESIAN_POINT('',(1.27,-4.064,0.));
#15358=CARTESIAN_POINT('',(1.27,-4.064,0.));
#15359=CARTESIAN_POINT('',(1.27,-6.096,0.));
#15360=CARTESIAN_POINT('',(1.27,-6.096,0.));
#15361=CARTESIAN_POINT('',(1.016,-6.35,0.));
#15362=CARTESIAN_POINT('',(1.016,-6.35,0.));
#15363=CARTESIAN_POINT('',(1.27,-6.604,0.));
#15364=CARTESIAN_POINT('',(1.27,-6.604,0.));
#15365=CARTESIAN_POINT('',(1.27,-8.636,0.));
#15366=CARTESIAN_POINT('',(1.27,-8.636,0.));
#15367=CARTESIAN_POINT('',(1.016,-8.89,0.));
#15368=CARTESIAN_POINT('',(1.016,-8.89,0.));
#15369=CARTESIAN_POINT('',(-1.016,-8.89,0.));
#15370=CARTESIAN_POINT('',(-1.016,-8.89,0.));
#15371=CARTESIAN_POINT('',(-1.27,-8.636,0.));
#15372=CARTESIAN_POINT('',(-1.27,-8.636,0.));
#15373=CARTESIAN_POINT('',(-1.27,-6.604,0.));
#15374=CARTESIAN_POINT('',(-1.27,-6.604,0.));
#15375=CARTESIAN_POINT('',(-1.016,-6.35,0.));
#15376=CARTESIAN_POINT('',(-1.016,-6.35,0.));
#15377=CARTESIAN_POINT('',(-1.27,-6.096,0.));
#15378=CARTESIAN_POINT('',(-1.27,-6.096,0.));
#15379=CARTESIAN_POINT('',(-1.27,-4.064,0.));
#15380=CARTESIAN_POINT('',(-1.27,-4.064,0.));
#15381=CARTESIAN_POINT('',(-1.016,-3.81,0.));
#15382=CARTESIAN_POINT('',(-1.016,-3.81,0.));
#15383=CARTESIAN_POINT('',(-1.27,-3.556,0.));
#15384=CARTESIAN_POINT('',(-1.27,-3.556,0.));
#15385=CARTESIAN_POINT('',(-1.27,-1.524,0.));
#15386=CARTESIAN_POINT('',(-1.27,-1.524,0.));
#15387=CARTESIAN_POINT('',(-1.016,-1.27,0.));
#15388=CARTESIAN_POINT('',(-1.016,-1.27,0.));
#15389=CARTESIAN_POINT('',(-1.27,-1.016,0.));
#15390=CARTESIAN_POINT('',(0.32,-4.76,0.));
#15391=CARTESIAN_POINT('',(-0.32,-4.76,0.));
#15392=CARTESIAN_POINT('',(-0.16,-4.76,0.));
#15393=CARTESIAN_POINT('',(-0.32,-5.4,0.));
#15394=CARTESIAN_POINT('',(-0.32,-4.605,0.));
#15395=CARTESIAN_POINT('',(0.32,-5.4,0.));
#15396=CARTESIAN_POINT('',(-0.16,-5.4,0.));
#15397=CARTESIAN_POINT('',(0.32,-4.605,0.));
#15398=CARTESIAN_POINT('',(0.32,-7.94,0.));
#15399=CARTESIAN_POINT('',(0.32,-7.3,0.));
#15400=CARTESIAN_POINT('',(0.32,-5.875,0.));
#15401=CARTESIAN_POINT('',(-0.32,-7.3,0.));
#15402=CARTESIAN_POINT('',(-0.16,-7.3,0.));
#15403=CARTESIAN_POINT('',(-0.32,-7.94,0.));
#15404=CARTESIAN_POINT('',(-0.32,-5.875,0.));
#15405=CARTESIAN_POINT('',(-0.16,-7.94,0.));
#15406=CARTESIAN_POINT('',(0.32,-0.32,0.));
#15407=CARTESIAN_POINT('',(0.32,0.32,0.));
#15408=CARTESIAN_POINT('',(0.32,-2.065,0.));
#15409=CARTESIAN_POINT('',(-0.32,0.32,0.));
#15410=CARTESIAN_POINT('',(-0.16,0.32,0.));
#15411=CARTESIAN_POINT('',(-0.32,-0.32,0.));
#15412=CARTESIAN_POINT('',(-0.32,-2.065,0.));
#15413=CARTESIAN_POINT('',(-0.16,-0.32,0.));
#15414=CARTESIAN_POINT('',(0.32,-2.22,0.));
#15415=CARTESIAN_POINT('',(-0.32,-2.22,0.));
#15416=CARTESIAN_POINT('',(-0.16,-2.22,0.));
#15417=CARTESIAN_POINT('',(-0.32,-2.86,0.));
#15418=CARTESIAN_POINT('',(-0.32,-3.335,0.));
#15419=CARTESIAN_POINT('',(0.32,-2.86,0.));
#15420=CARTESIAN_POINT('',(-0.16,-2.86,0.));
#15421=CARTESIAN_POINT('',(0.32,-3.335,0.));
#15422=CARTESIAN_POINT('Origin',(4.259053689278E-17,-3.81,2.54));
#15423=CARTESIAN_POINT('',(-1.016,-1.27,2.54));
#15424=CARTESIAN_POINT('',(-1.27,-1.016,2.54));
#15425=CARTESIAN_POINT('',(-1.27,-1.524,2.54));
#15426=CARTESIAN_POINT('',(-1.016,-1.27,2.54));
#15427=CARTESIAN_POINT('',(-1.27,-3.556,2.54));
#15428=CARTESIAN_POINT('',(-1.27,-1.524,2.54));
#15429=CARTESIAN_POINT('',(-1.016,-3.81,2.54));
#15430=CARTESIAN_POINT('',(-1.27,-3.556,2.54));
#15431=CARTESIAN_POINT('',(-1.27,-4.064,2.54));
#15432=CARTESIAN_POINT('',(-1.016,-3.81,2.54));
#15433=CARTESIAN_POINT('',(-1.27,-6.096,2.54));
#15434=CARTESIAN_POINT('',(-1.27,-4.064,2.54));
#15435=CARTESIAN_POINT('',(-1.016,-6.35,2.54));
#15436=CARTESIAN_POINT('',(-1.27,-6.096,2.54));
#15437=CARTESIAN_POINT('',(-1.27,-6.604,2.54));
#15438=CARTESIAN_POINT('',(-1.016,-6.35,2.54));
#15439=CARTESIAN_POINT('',(-1.27,-8.636,2.54));
#15440=CARTESIAN_POINT('',(-1.27,-6.604,2.54));
#15441=CARTESIAN_POINT('',(-1.016,-8.89,2.54));
#15442=CARTESIAN_POINT('',(-1.27,-8.636,2.54));
#15443=CARTESIAN_POINT('',(1.016,-8.89,2.54));
#15444=CARTESIAN_POINT('',(-1.016,-8.89,2.54));
#15445=CARTESIAN_POINT('',(1.27,-8.636,2.54));
#15446=CARTESIAN_POINT('',(1.016,-8.89,2.54));
#15447=CARTESIAN_POINT('',(1.27,-6.604,2.54));
#15448=CARTESIAN_POINT('',(1.27,-8.636,2.54));
#15449=CARTESIAN_POINT('',(1.016,-6.35,2.54));
#15450=CARTESIAN_POINT('',(1.27,-6.604,2.54));
#15451=CARTESIAN_POINT('',(1.27,-6.096,2.54));
#15452=CARTESIAN_POINT('',(1.016,-6.35,2.54));
#15453=CARTESIAN_POINT('',(1.27,-4.064,2.54));
#15454=CARTESIAN_POINT('',(1.27,-6.096,2.54));
#15455=CARTESIAN_POINT('',(1.016,-3.81,2.54));
#15456=CARTESIAN_POINT('',(1.27,-4.064,2.54));
#15457=CARTESIAN_POINT('',(1.27,-3.556,2.54));
#15458=CARTESIAN_POINT('',(1.016,-3.81,2.54));
#15459=CARTESIAN_POINT('',(1.27,-1.524,2.54));
#15460=CARTESIAN_POINT('',(1.27,-3.556,2.54));
#15461=CARTESIAN_POINT('',(1.016,-1.27,2.54));
#15462=CARTESIAN_POINT('',(1.27,-1.524,2.54));
#15463=CARTESIAN_POINT('',(1.27,-1.016,2.54));
#15464=CARTESIAN_POINT('',(1.016,-1.27,2.54));
#15465=CARTESIAN_POINT('',(1.27,1.016,2.54));
#15466=CARTESIAN_POINT('',(1.27,-1.016,2.54));
#15467=CARTESIAN_POINT('',(1.27,1.016,2.54));
#15468=CARTESIAN_POINT('',(0.32,-4.76,2.54));
#15469=CARTESIAN_POINT('',(-0.32,-4.76,2.54));
#15470=CARTESIAN_POINT('',(-0.16,-4.76,2.54));
#15471=CARTESIAN_POINT('',(0.32,-5.4,2.54));
#15472=CARTESIAN_POINT('',(0.32,-4.605,2.54));
#15473=CARTESIAN_POINT('',(-0.32,-5.4,2.54));
#15474=CARTESIAN_POINT('',(-0.16,-5.4,2.54));
#15475=CARTESIAN_POINT('',(-0.32,-4.605,2.54));
#15476=CARTESIAN_POINT('',(0.32,-7.94,2.54));
#15477=CARTESIAN_POINT('',(0.32,-7.3,2.54));
#15478=CARTESIAN_POINT('',(0.32,-5.875,2.54));
#15479=CARTESIAN_POINT('',(-0.32,-7.94,2.54));
#15480=CARTESIAN_POINT('',(-0.16,-7.94,2.54));
#15481=CARTESIAN_POINT('',(-0.32,-7.3,2.54));
#15482=CARTESIAN_POINT('',(-0.32,-5.875,2.54));
#15483=CARTESIAN_POINT('',(-0.16,-7.3,2.54));
#15484=CARTESIAN_POINT('',(0.32,-0.32,2.54));
#15485=CARTESIAN_POINT('',(0.32,0.32,2.54));
#15486=CARTESIAN_POINT('',(0.32,-2.065,2.54));
#15487=CARTESIAN_POINT('',(-0.32,-0.32,2.54));
#15488=CARTESIAN_POINT('',(-0.16,-0.32,2.54));
#15489=CARTESIAN_POINT('',(-0.32,0.32,2.54));
#15490=CARTESIAN_POINT('',(-0.32,-2.065,2.54));
#15491=CARTESIAN_POINT('',(-0.16,0.32,2.54));
#15492=CARTESIAN_POINT('',(0.32,-2.22,2.54));
#15493=CARTESIAN_POINT('',(-0.32,-2.22,2.54));
#15494=CARTESIAN_POINT('',(-0.16,-2.22,2.54));
#15495=CARTESIAN_POINT('',(0.32,-2.86,2.54));
#15496=CARTESIAN_POINT('',(0.32,-3.335,2.54));
#15497=CARTESIAN_POINT('',(-0.32,-2.86,2.54));
#15498=CARTESIAN_POINT('',(-0.16,-2.86,2.54));
#15499=CARTESIAN_POINT('',(-0.32,-3.335,2.54));
#15500=CARTESIAN_POINT('Origin',(1.27,1.016,0.));
#15501=CARTESIAN_POINT('',(1.27,1.016,0.));
#15502=CARTESIAN_POINT('Origin',(-1.27,-1.016,0.));
#15503=CARTESIAN_POINT('',(-1.016,-1.27,0.));
#15504=CARTESIAN_POINT('Origin',(1.27,-1.016,0.));
#15505=CARTESIAN_POINT('',(1.27,-1.016,0.));
#15506=CARTESIAN_POINT('Origin',(-1.016,-1.27,0.));
#15507=CARTESIAN_POINT('',(-1.27,-1.524,0.));
#15508=CARTESIAN_POINT('Origin',(1.016,-1.27,0.));
#15509=CARTESIAN_POINT('',(1.016,-1.27,0.));
#15510=CARTESIAN_POINT('Origin',(-1.27,-1.524,0.));
#15511=CARTESIAN_POINT('',(-1.27,-3.556,0.));
#15512=CARTESIAN_POINT('Origin',(1.27,-1.524,0.));
#15513=CARTESIAN_POINT('',(1.27,-1.524,0.));
#15514=CARTESIAN_POINT('Origin',(-1.27,-3.556,0.));
#15515=CARTESIAN_POINT('',(-1.016,-3.81,0.));
#15516=CARTESIAN_POINT('Origin',(1.27,-3.556,0.));
#15517=CARTESIAN_POINT('',(1.27,-3.556,0.));
#15518=CARTESIAN_POINT('Origin',(-1.016,-3.81,0.));
#15519=CARTESIAN_POINT('',(-1.27,-4.064,0.));
#15520=CARTESIAN_POINT('Origin',(1.016,-3.81,0.));
#15521=CARTESIAN_POINT('',(1.016,-3.81,0.));
#15522=CARTESIAN_POINT('Origin',(-1.27,-4.064,0.));
#15523=CARTESIAN_POINT('',(-1.27,-6.096,0.));
#15524=CARTESIAN_POINT('Origin',(1.27,-4.064,0.));
#15525=CARTESIAN_POINT('',(1.27,-4.064,0.));
#15526=CARTESIAN_POINT('Origin',(-1.27,-6.096,0.));
#15527=CARTESIAN_POINT('',(-1.016,-6.35,0.));
#15528=CARTESIAN_POINT('Origin',(1.27,-6.096,0.));
#15529=CARTESIAN_POINT('',(1.27,-6.096,0.));
#15530=CARTESIAN_POINT('Origin',(-1.016,-6.35,0.));
#15531=CARTESIAN_POINT('',(-1.27,-6.604,0.));
#15532=CARTESIAN_POINT('Origin',(1.016,-6.35,0.));
#15533=CARTESIAN_POINT('',(1.016,-6.35,0.));
#15534=CARTESIAN_POINT('Origin',(-1.27,-6.604,0.));
#15535=CARTESIAN_POINT('',(-1.27,-8.636,0.));
#15536=CARTESIAN_POINT('Origin',(1.27,-6.604,0.));
#15537=CARTESIAN_POINT('',(1.27,-6.604,0.));
#15538=CARTESIAN_POINT('Origin',(-1.27,-8.636,0.));
#15539=CARTESIAN_POINT('',(-1.016,-8.89,0.));
#15540=CARTESIAN_POINT('Origin',(1.27,-8.636,0.));
#15541=CARTESIAN_POINT('',(1.27,-8.636,0.));
#15542=CARTESIAN_POINT('Origin',(-1.016,-8.89,0.));
#15543=CARTESIAN_POINT('',(1.016,-8.89,0.));
#15544=CARTESIAN_POINT('Origin',(1.016,-8.89,0.));
#15545=CARTESIAN_POINT('Origin',(-0.32,-4.76,-3.));
#15546=CARTESIAN_POINT('',(0.32,-4.76,-2.84));
#15547=CARTESIAN_POINT('',(0.32,-4.76,-3.));
#15548=CARTESIAN_POINT('',(-0.32,-4.76,-2.84));
#15549=CARTESIAN_POINT('',(-0.32,-4.76,-2.84));
#15550=CARTESIAN_POINT('',(-0.32,-4.76,-3.));
#15551=CARTESIAN_POINT('Origin',(-0.32,-5.4,-3.));
#15552=CARTESIAN_POINT('',(-0.32,-5.4,-2.84));
#15553=CARTESIAN_POINT('',(-0.32,-5.4,-3.));
#15554=CARTESIAN_POINT('',(-0.32,-5.4,-2.84));
#15555=CARTESIAN_POINT('Origin',(-0.32,-5.4,-3.));
#15556=CARTESIAN_POINT('',(0.32,-5.4,-2.84));
#15557=CARTESIAN_POINT('',(0.32,-5.4,-3.));
#15558=CARTESIAN_POINT('',(-0.32,-5.4,-2.84));
#15559=CARTESIAN_POINT('Origin',(0.32,-5.4,-3.));
#15560=CARTESIAN_POINT('',(0.32,-5.4,-2.84));
#15561=CARTESIAN_POINT('Origin',(0.32,-7.94,-3.));
#15562=CARTESIAN_POINT('',(0.32,-7.94,-2.84));
#15563=CARTESIAN_POINT('',(0.32,-7.94,-3.));
#15564=CARTESIAN_POINT('',(0.32,-7.3,-2.84));
#15565=CARTESIAN_POINT('',(0.32,-7.94,-2.84));
#15566=CARTESIAN_POINT('',(0.32,-7.3,-3.));
#15567=CARTESIAN_POINT('Origin',(-0.32,-7.3,-3.));
#15568=CARTESIAN_POINT('',(-0.32,-7.3,-2.84));
#15569=CARTESIAN_POINT('',(-0.32,-7.3,-2.84));
#15570=CARTESIAN_POINT('',(-0.32,-7.3,-3.));
#15571=CARTESIAN_POINT('Origin',(-0.32,-7.94,-3.));
#15572=CARTESIAN_POINT('',(-0.32,-7.94,-2.84));
#15573=CARTESIAN_POINT('',(-0.32,-7.94,-3.));
#15574=CARTESIAN_POINT('',(-0.32,-7.94,-2.84));
#15575=CARTESIAN_POINT('Origin',(-0.32,-7.94,-3.));
#15576=CARTESIAN_POINT('',(-0.32,-7.94,-2.84));
#15577=CARTESIAN_POINT('Origin',(0.32,-0.32,-3.));
#15578=CARTESIAN_POINT('',(0.32,-0.32,-2.84));
#15579=CARTESIAN_POINT('',(0.32,-0.32,-3.));
#15580=CARTESIAN_POINT('',(0.32,0.32,-2.84));
#15581=CARTESIAN_POINT('',(0.32,-0.32,-2.84));
#15582=CARTESIAN_POINT('',(0.32,0.32,-3.));
#15583=CARTESIAN_POINT('Origin',(-0.32,0.32,-3.));
#15584=CARTESIAN_POINT('',(-0.32,0.32,-2.84));
#15585=CARTESIAN_POINT('',(-0.32,0.32,-2.84));
#15586=CARTESIAN_POINT('',(-0.32,0.32,-3.));
#15587=CARTESIAN_POINT('Origin',(-0.32,-0.32,-3.));
#15588=CARTESIAN_POINT('',(-0.32,-0.32,-2.84));
#15589=CARTESIAN_POINT('',(-0.32,-0.32,-3.));
#15590=CARTESIAN_POINT('',(-0.32,-0.32,-2.84));
#15591=CARTESIAN_POINT('Origin',(-0.32,-0.32,-3.));
#15592=CARTESIAN_POINT('',(-0.32,-0.32,-2.84));
#15593=CARTESIAN_POINT('Origin',(-0.32,-2.22,-3.));
#15594=CARTESIAN_POINT('',(0.32,-2.22,-2.84));
#15595=CARTESIAN_POINT('',(0.32,-2.22,-3.));
#15596=CARTESIAN_POINT('',(-0.32,-2.22,-2.84));
#15597=CARTESIAN_POINT('',(-0.32,-2.22,-2.84));
#15598=CARTESIAN_POINT('',(-0.32,-2.22,-3.));
#15599=CARTESIAN_POINT('Origin',(-0.32,-2.86,-3.));
#15600=CARTESIAN_POINT('',(-0.32,-2.86,-2.84));
#15601=CARTESIAN_POINT('',(-0.32,-2.86,-3.));
#15602=CARTESIAN_POINT('',(-0.32,-2.86,-2.84));
#15603=CARTESIAN_POINT('Origin',(-0.32,-2.86,-3.));
#15604=CARTESIAN_POINT('',(0.32,-2.86,-2.84));
#15605=CARTESIAN_POINT('',(0.32,-2.86,-3.));
#15606=CARTESIAN_POINT('',(-0.32,-2.86,-2.84));
#15607=CARTESIAN_POINT('Origin',(0.32,-2.86,-3.));
#15608=CARTESIAN_POINT('',(0.32,-2.86,-2.84));
#15609=CARTESIAN_POINT('Origin',(-0.32,-4.76,-3.));
#15610=CARTESIAN_POINT('',(0.32,-4.76,8.38));
#15611=CARTESIAN_POINT('',(0.32,-4.76,-3.));
#15612=CARTESIAN_POINT('',(-0.32,-4.76,8.38));
#15613=CARTESIAN_POINT('',(-0.32,-4.76,-3.));
#15614=CARTESIAN_POINT('',(-0.32,-4.76,8.38));
#15615=CARTESIAN_POINT('Origin',(-0.32,-5.4,-3.));
#15616=CARTESIAN_POINT('',(-0.32,-5.4,8.38));
#15617=CARTESIAN_POINT('',(-0.32,-5.4,-3.));
#15618=CARTESIAN_POINT('',(-0.32,-5.4,8.38));
#15619=CARTESIAN_POINT('Origin',(-0.32,-5.4,-3.));
#15620=CARTESIAN_POINT('',(0.32,-5.4,8.38));
#15621=CARTESIAN_POINT('',(0.32,-5.4,-3.));
#15622=CARTESIAN_POINT('',(-0.32,-5.4,8.38));
#15623=CARTESIAN_POINT('Origin',(0.32,-5.4,-3.));
#15624=CARTESIAN_POINT('',(0.32,-5.4,8.38));
#15625=CARTESIAN_POINT('Origin',(0.32,-7.94,-3.));
#15626=CARTESIAN_POINT('',(0.32,-7.94,8.38));
#15627=CARTESIAN_POINT('',(0.32,-7.94,-3.));
#15628=CARTESIAN_POINT('',(0.32,-7.3,8.38));
#15629=CARTESIAN_POINT('',(0.32,-7.3,-3.));
#15630=CARTESIAN_POINT('',(0.32,-7.94,8.38));
#15631=CARTESIAN_POINT('Origin',(-0.32,-7.3,-3.));
#15632=CARTESIAN_POINT('',(-0.32,-7.3,8.38));
#15633=CARTESIAN_POINT('',(-0.32,-7.3,-3.));
#15634=CARTESIAN_POINT('',(-0.32,-7.3,8.38));
#15635=CARTESIAN_POINT('Origin',(-0.32,-7.94,-3.));
#15636=CARTESIAN_POINT('',(-0.32,-7.94,8.38));
#15637=CARTESIAN_POINT('',(-0.32,-7.94,-3.));
#15638=CARTESIAN_POINT('',(-0.32,-7.94,8.38));
#15639=CARTESIAN_POINT('Origin',(-0.32,-7.94,-3.));
#15640=CARTESIAN_POINT('',(-0.32,-7.94,8.38));
#15641=CARTESIAN_POINT('Origin',(0.32,-0.32,-3.));
#15642=CARTESIAN_POINT('',(0.32,-0.32,8.38));
#15643=CARTESIAN_POINT('',(0.32,-0.32,-3.));
#15644=CARTESIAN_POINT('',(0.32,0.32,8.38));
#15645=CARTESIAN_POINT('',(0.32,0.32,-3.));
#15646=CARTESIAN_POINT('',(0.32,-0.32,8.38));
#15647=CARTESIAN_POINT('Origin',(-0.32,0.32,-3.));
#15648=CARTESIAN_POINT('',(-0.32,0.32,8.38));
#15649=CARTESIAN_POINT('',(-0.32,0.32,-3.));
#15650=CARTESIAN_POINT('',(-0.32,0.32,8.38));
#15651=CARTESIAN_POINT('Origin',(-0.32,-0.32,-3.));
#15652=CARTESIAN_POINT('',(-0.32,-0.32,8.38));
#15653=CARTESIAN_POINT('',(-0.32,-0.32,-3.));
#15654=CARTESIAN_POINT('',(-0.32,-0.32,8.38));
#15655=CARTESIAN_POINT('Origin',(-0.32,-0.32,-3.));
#15656=CARTESIAN_POINT('',(-0.32,-0.32,8.38));
#15657=CARTESIAN_POINT('Origin',(-0.32,-2.22,-3.));
#15658=CARTESIAN_POINT('',(0.32,-2.22,8.38));
#15659=CARTESIAN_POINT('',(0.32,-2.22,-3.));
#15660=CARTESIAN_POINT('',(-0.32,-2.22,8.38));
#15661=CARTESIAN_POINT('',(-0.32,-2.22,-3.));
#15662=CARTESIAN_POINT('',(-0.32,-2.22,8.38));
#15663=CARTESIAN_POINT('Origin',(-0.32,-2.86,-3.));
#15664=CARTESIAN_POINT('',(-0.32,-2.86,8.38));
#15665=CARTESIAN_POINT('',(-0.32,-2.86,-3.));
#15666=CARTESIAN_POINT('',(-0.32,-2.86,8.38));
#15667=CARTESIAN_POINT('Origin',(-0.32,-2.86,-3.));
#15668=CARTESIAN_POINT('',(0.32,-2.86,8.38));
#15669=CARTESIAN_POINT('',(0.32,-2.86,-3.));
#15670=CARTESIAN_POINT('',(-0.32,-2.86,8.38));
#15671=CARTESIAN_POINT('Origin',(0.32,-2.86,-3.));
#15672=CARTESIAN_POINT('',(0.32,-2.86,8.38));
#15673=CARTESIAN_POINT('Origin',(-0.32,-4.84,-2.92));
#15674=CARTESIAN_POINT('',(-0.16,-4.92,-3.));
#15675=CARTESIAN_POINT('',(-0.16,-4.92,-3.));
#15676=CARTESIAN_POINT('',(0.16,-4.92,-3.));
#15677=CARTESIAN_POINT('',(0.05333333333333,-5.026666666667,-3.106666666667));
#15678=CARTESIAN_POINT('',(-0.32,-4.92,-3.));
#15679=CARTESIAN_POINT('Origin',(-0.24,-5.4,-2.92));
#15680=CARTESIAN_POINT('',(-0.16,-5.24,-3.));
#15681=CARTESIAN_POINT('',(-0.266666666667,-5.346666666667,-2.893333333333));
#15682=CARTESIAN_POINT('',(-0.16,-5.4,-3.));
#15683=CARTESIAN_POINT('Origin',(-0.32,-5.32,-2.92));
#15684=CARTESIAN_POINT('',(0.16,-5.24,-3.));
#15685=CARTESIAN_POINT('',(-0.32,-5.24,-3.));
#15686=CARTESIAN_POINT('',(0.16,-5.24,-3.));
#15687=CARTESIAN_POINT('Origin',(0.24,-5.4,-2.92));
#15688=CARTESIAN_POINT('',(0.16,-5.4,-3.));
#15689=CARTESIAN_POINT('Origin',(0.24,-7.94,-2.92));
#15690=CARTESIAN_POINT('',(0.16,-7.78,-3.));
#15691=CARTESIAN_POINT('',(0.16,-7.78,-3.));
#15692=CARTESIAN_POINT('',(0.16,-7.46,-3.));
#15693=CARTESIAN_POINT('',(0.16,-7.94,-3.));
#15694=CARTESIAN_POINT('',(0.05333333333333,-7.566666666667,-3.106666666667));
#15695=CARTESIAN_POINT('Origin',(-0.32,-7.38,-2.92));
#15696=CARTESIAN_POINT('',(-0.16,-7.46,-3.));
#15697=CARTESIAN_POINT('',(-0.16,-7.46,-3.));
#15698=CARTESIAN_POINT('',(-0.32,-7.46,-3.));
#15699=CARTESIAN_POINT('Origin',(-0.24,-7.94,-2.92));
#15700=CARTESIAN_POINT('',(-0.16,-7.78,-3.));
#15701=CARTESIAN_POINT('',(-0.266666666667,-7.886666666667,-2.893333333333));
#15702=CARTESIAN_POINT('',(-0.16,-7.94,-3.));
#15703=CARTESIAN_POINT('Origin',(-0.32,-7.86,-2.92));
#15704=CARTESIAN_POINT('',(-0.32,-7.78,-3.));
#15705=CARTESIAN_POINT('Origin',(0.24,-0.32,-2.92));
#15706=CARTESIAN_POINT('',(0.16,-0.16,-3.));
#15707=CARTESIAN_POINT('',(0.16,-0.16,-3.));
#15708=CARTESIAN_POINT('',(0.16,0.16,-3.));
#15709=CARTESIAN_POINT('',(0.16,-0.32,-3.));
#15710=CARTESIAN_POINT('',(0.05333333333333,0.05333333333333,-3.106666666667));
#15711=CARTESIAN_POINT('Origin',(-0.32,0.24,-2.92));
#15712=CARTESIAN_POINT('',(-0.16,0.16,-3.));
#15713=CARTESIAN_POINT('',(-0.16,0.16,-3.));
#15714=CARTESIAN_POINT('',(-0.32,0.16,-3.));
#15715=CARTESIAN_POINT('Origin',(-0.24,-0.32,-2.92));
#15716=CARTESIAN_POINT('',(-0.16,-0.16,-3.));
#15717=CARTESIAN_POINT('',(-0.266666666667,-0.266666666667,-2.893333333333));
#15718=CARTESIAN_POINT('',(-0.16,-0.32,-3.));
#15719=CARTESIAN_POINT('Origin',(-0.32,-0.24,-2.92));
#15720=CARTESIAN_POINT('',(-0.32,-0.16,-3.));
#15721=CARTESIAN_POINT('Origin',(-0.32,-2.3,-2.92));
#15722=CARTESIAN_POINT('',(-0.16,-2.38,-3.));
#15723=CARTESIAN_POINT('',(-0.16,-2.38,-3.));
#15724=CARTESIAN_POINT('',(0.16,-2.38,-3.));
#15725=CARTESIAN_POINT('',(0.05333333333333,-2.486666666667,-3.106666666667));
#15726=CARTESIAN_POINT('',(-0.32,-2.38,-3.));
#15727=CARTESIAN_POINT('Origin',(-0.24,-2.86,-2.92));
#15728=CARTESIAN_POINT('',(-0.16,-2.7,-3.));
#15729=CARTESIAN_POINT('',(-0.266666666667,-2.806666666667,-2.893333333333));
#15730=CARTESIAN_POINT('',(-0.16,-2.86,-3.));
#15731=CARTESIAN_POINT('Origin',(-0.32,-2.78,-2.92));
#15732=CARTESIAN_POINT('',(0.16,-2.7,-3.));
#15733=CARTESIAN_POINT('',(-0.32,-2.7,-3.));
#15734=CARTESIAN_POINT('',(0.16,-2.7,-3.));
#15735=CARTESIAN_POINT('Origin',(0.24,-2.86,-2.92));
#15736=CARTESIAN_POINT('',(0.16,-2.86,-3.));
#15737=CARTESIAN_POINT('Origin',(-0.32,-4.84,8.46));
#15738=CARTESIAN_POINT('',(-0.16,-4.92,8.54));
#15739=CARTESIAN_POINT('',(-0.16,-4.92,8.54));
#15740=CARTESIAN_POINT('',(0.16,-4.92,8.54));
#15741=CARTESIAN_POINT('',(-0.32,-4.92,8.54));
#15742=CARTESIAN_POINT('',(0.05333333333333,-5.026666666667,8.646666666667));
#15743=CARTESIAN_POINT('Origin',(-0.24,-5.4,8.46));
#15744=CARTESIAN_POINT('',(-0.16,-5.24,8.54));
#15745=CARTESIAN_POINT('',(-0.266666666667,-5.346666666667,8.433333333333));
#15746=CARTESIAN_POINT('',(-0.16,-5.4,8.54));
#15747=CARTESIAN_POINT('Origin',(-0.32,-5.32,8.46));
#15748=CARTESIAN_POINT('',(0.16,-5.24,8.54));
#15749=CARTESIAN_POINT('',(0.16,-5.24,8.54));
#15750=CARTESIAN_POINT('',(-0.32,-5.24,8.54));
#15751=CARTESIAN_POINT('Origin',(0.24,-5.4,8.46));
#15752=CARTESIAN_POINT('',(0.16,-5.4,8.54));
#15753=CARTESIAN_POINT('Origin',(0.24,-7.94,8.46));
#15754=CARTESIAN_POINT('',(0.16,-7.78,8.54));
#15755=CARTESIAN_POINT('',(0.16,-7.78,8.54));
#15756=CARTESIAN_POINT('',(0.16,-7.46,8.54));
#15757=CARTESIAN_POINT('',(0.05333333333333,-7.566666666667,8.646666666667));
#15758=CARTESIAN_POINT('',(0.16,-7.94,8.54));
#15759=CARTESIAN_POINT('Origin',(-0.32,-7.38,8.46));
#15760=CARTESIAN_POINT('',(-0.16,-7.46,8.54));
#15761=CARTESIAN_POINT('',(-0.16,-7.46,8.54));
#15762=CARTESIAN_POINT('',(-0.32,-7.46,8.54));
#15763=CARTESIAN_POINT('Origin',(-0.24,-7.94,8.46));
#15764=CARTESIAN_POINT('',(-0.16,-7.78,8.54));
#15765=CARTESIAN_POINT('',(-0.266666666667,-7.886666666667,8.433333333333));
#15766=CARTESIAN_POINT('',(-0.16,-7.94,8.54));
#15767=CARTESIAN_POINT('Origin',(-0.32,-7.86,8.46));
#15768=CARTESIAN_POINT('',(-0.32,-7.78,8.54));
#15769=CARTESIAN_POINT('Origin',(0.24,-0.32,8.46));
#15770=CARTESIAN_POINT('',(0.16,-0.16,8.54));
#15771=CARTESIAN_POINT('',(0.16,-0.16,8.54));
#15772=CARTESIAN_POINT('',(0.16,0.16,8.54));
#15773=CARTESIAN_POINT('',(0.05333333333333,0.05333333333333,8.646666666667));
#15774=CARTESIAN_POINT('',(0.16,-0.32,8.54));
#15775=CARTESIAN_POINT('Origin',(-0.32,0.24,8.46));
#15776=CARTESIAN_POINT('',(-0.16,0.16,8.54));
#15777=CARTESIAN_POINT('',(-0.16,0.16,8.54));
#15778=CARTESIAN_POINT('',(-0.32,0.16,8.54));
#15779=CARTESIAN_POINT('Origin',(-0.24,-0.32,8.46));
#15780=CARTESIAN_POINT('',(-0.16,-0.16,8.54));
#15781=CARTESIAN_POINT('',(-0.266666666667,-0.266666666667,8.433333333333));
#15782=CARTESIAN_POINT('',(-0.16,-0.32,8.54));
#15783=CARTESIAN_POINT('Origin',(-0.32,-0.24,8.46));
#15784=CARTESIAN_POINT('',(-0.32,-0.16,8.54));
#15785=CARTESIAN_POINT('Origin',(-0.32,-2.3,8.46));
#15786=CARTESIAN_POINT('',(-0.16,-2.38,8.54));
#15787=CARTESIAN_POINT('',(-0.16,-2.38,8.54));
#15788=CARTESIAN_POINT('',(0.16,-2.38,8.54));
#15789=CARTESIAN_POINT('',(-0.32,-2.38,8.54));
#15790=CARTESIAN_POINT('',(0.05333333333333,-2.486666666667,8.646666666667));
#15791=CARTESIAN_POINT('Origin',(-0.24,-2.86,8.46));
#15792=CARTESIAN_POINT('',(-0.16,-2.7,8.54));
#15793=CARTESIAN_POINT('',(-0.266666666667,-2.806666666667,8.433333333333));
#15794=CARTESIAN_POINT('',(-0.16,-2.86,8.54));
#15795=CARTESIAN_POINT('Origin',(-0.32,-2.78,8.46));
#15796=CARTESIAN_POINT('',(0.16,-2.7,8.54));
#15797=CARTESIAN_POINT('',(0.16,-2.7,8.54));
#15798=CARTESIAN_POINT('',(-0.32,-2.7,8.54));
#15799=CARTESIAN_POINT('Origin',(0.24,-2.86,8.46));
#15800=CARTESIAN_POINT('',(0.16,-2.86,8.54));
#15801=CARTESIAN_POINT('Origin',(-0.32,-5.4,-3.));
#15802=CARTESIAN_POINT('Origin',(-0.32,-7.94,-3.));
#15803=CARTESIAN_POINT('Origin',(-0.32,-0.32,-3.));
#15804=CARTESIAN_POINT('Origin',(-0.32,-2.86,-3.));
#15805=CARTESIAN_POINT('Origin',(-0.32,-5.4,8.54));
#15806=CARTESIAN_POINT('Origin',(-0.32,-7.94,8.54));
#15807=CARTESIAN_POINT('Origin',(-0.32,-0.32,8.54));
#15808=CARTESIAN_POINT('Origin',(-0.32,-2.86,8.54));
#15809=CARTESIAN_POINT('',(0.,0.,0.));
#15810=CARTESIAN_POINT('',(0.,0.,0.));
#15811=CARTESIAN_POINT('',(0.,0.,0.));
#15812=CARTESIAN_POINT('Origin',(-1.016,1.27,0.));
#15813=CARTESIAN_POINT('',(-1.016,1.27,0.));
#15814=CARTESIAN_POINT('',(-1.016,1.27,2.54));
#15815=CARTESIAN_POINT('',(-1.016,1.27,0.));
#15816=CARTESIAN_POINT('',(-1.27,1.016,0.));
#15817=CARTESIAN_POINT('',(-1.016,1.27,0.));
#15818=CARTESIAN_POINT('',(-1.27,1.016,2.54));
#15819=CARTESIAN_POINT('',(-1.27,1.016,0.));
#15820=CARTESIAN_POINT('',(-1.016,1.27,2.54));
#15821=CARTESIAN_POINT('Origin',(1.016,1.27,0.));
#15822=CARTESIAN_POINT('',(1.016,1.27,0.));
#15823=CARTESIAN_POINT('',(1.016,1.27,2.54));
#15824=CARTESIAN_POINT('',(1.016,1.27,0.));
#15825=CARTESIAN_POINT('',(1.016,1.27,0.));
#15826=CARTESIAN_POINT('',(1.016,1.27,2.54));
#15827=CARTESIAN_POINT('Origin',(-1.27,1.016,0.));
#15828=CARTESIAN_POINT('',(-1.27,-1.016,0.));
#15829=CARTESIAN_POINT('',(-1.27,1.016,0.));
#15830=CARTESIAN_POINT('',(-1.27,-1.016,2.54));
#15831=CARTESIAN_POINT('',(-1.27,-1.016,0.));
#15832=CARTESIAN_POINT('',(-1.27,1.016,2.54));
#15833=CARTESIAN_POINT('Origin',(-1.127656408637E-17,-11.43,0.));
#15834=CARTESIAN_POINT('',(1.27,1.016,0.));
#15835=CARTESIAN_POINT('',(1.27,1.016,0.));
#15836=CARTESIAN_POINT('',(1.27,-1.016,0.));
#15837=CARTESIAN_POINT('',(1.27,-1.016,0.));
#15838=CARTESIAN_POINT('',(1.016,-1.27,0.));
#15839=CARTESIAN_POINT('',(1.016,-1.27,0.));
#15840=CARTESIAN_POINT('',(1.27,-1.524,0.));
#15841=CARTESIAN_POINT('',(1.27,-1.524,0.));
#15842=CARTESIAN_POINT('',(1.27,-3.556,0.));
#15843=CARTESIAN_POINT('',(1.27,-3.556,0.));
#15844=CARTESIAN_POINT('',(1.016,-3.81,0.));
#15845=CARTESIAN_POINT('',(1.016,-3.81,0.));
#15846=CARTESIAN_POINT('',(1.27,-4.064,0.));
#15847=CARTESIAN_POINT('',(1.27,-4.064,0.));
#15848=CARTESIAN_POINT('',(1.27,-6.096,0.));
#15849=CARTESIAN_POINT('',(1.27,-6.096,0.));
#15850=CARTESIAN_POINT('',(1.016,-6.35,0.));
#15851=CARTESIAN_POINT('',(1.016,-6.35,0.));
#15852=CARTESIAN_POINT('',(1.27,-6.604,0.));
#15853=CARTESIAN_POINT('',(1.27,-6.604,0.));
#15854=CARTESIAN_POINT('',(1.27,-8.636,0.));
#15855=CARTESIAN_POINT('',(1.27,-8.636,0.));
#15856=CARTESIAN_POINT('',(1.016,-8.89,0.));
#15857=CARTESIAN_POINT('',(1.016,-8.89,0.));
#15858=CARTESIAN_POINT('',(1.27,-9.144,0.));
#15859=CARTESIAN_POINT('',(1.27,-9.144,0.));
#15860=CARTESIAN_POINT('',(1.27,-11.176,0.));
#15861=CARTESIAN_POINT('',(1.27,-11.176,0.));
#15862=CARTESIAN_POINT('',(1.016,-11.43,0.));
#15863=CARTESIAN_POINT('',(1.016,-11.43,0.));
#15864=CARTESIAN_POINT('',(1.27,-11.684,0.));
#15865=CARTESIAN_POINT('',(1.27,-11.684,0.));
#15866=CARTESIAN_POINT('',(1.27,-13.716,0.));
#15867=CARTESIAN_POINT('',(1.27,-13.716,0.));
#15868=CARTESIAN_POINT('',(1.016,-13.97,0.));
#15869=CARTESIAN_POINT('',(1.016,-13.97,0.));
#15870=CARTESIAN_POINT('',(1.27,-14.224,0.));
#15871=CARTESIAN_POINT('',(1.27,-14.224,0.));
#15872=CARTESIAN_POINT('',(1.27,-16.256,0.));
#15873=CARTESIAN_POINT('',(1.27,-16.256,0.));
#15874=CARTESIAN_POINT('',(1.016,-16.51,0.));
#15875=CARTESIAN_POINT('',(1.016,-16.51,0.));
#15876=CARTESIAN_POINT('',(1.27,-16.764,0.));
#15877=CARTESIAN_POINT('',(1.27,-16.764,0.));
#15878=CARTESIAN_POINT('',(1.27,-18.796,0.));
#15879=CARTESIAN_POINT('',(1.27,-18.796,0.));
#15880=CARTESIAN_POINT('',(1.016,-19.05,0.));
#15881=CARTESIAN_POINT('',(1.016,-19.05,0.));
#15882=CARTESIAN_POINT('',(1.27,-19.304,0.));
#15883=CARTESIAN_POINT('',(1.27,-19.304,0.));
#15884=CARTESIAN_POINT('',(1.27,-21.336,0.));
#15885=CARTESIAN_POINT('',(1.27,-21.336,0.));
#15886=CARTESIAN_POINT('',(1.016,-21.59,0.));
#15887=CARTESIAN_POINT('',(1.016,-21.59,0.));
#15888=CARTESIAN_POINT('',(1.27,-21.844,0.));
#15889=CARTESIAN_POINT('',(1.27,-21.844,0.));
#15890=CARTESIAN_POINT('',(1.27,-23.876,0.));
#15891=CARTESIAN_POINT('',(1.27,-23.876,0.));
#15892=CARTESIAN_POINT('',(1.016,-24.13,0.));
#15893=CARTESIAN_POINT('',(1.016,-24.13,0.));
#15894=CARTESIAN_POINT('',(-1.016,-24.13,0.));
#15895=CARTESIAN_POINT('',(-1.016,-24.13,0.));
#15896=CARTESIAN_POINT('',(-1.27,-23.876,0.));
#15897=CARTESIAN_POINT('',(-1.27,-23.876,0.));
#15898=CARTESIAN_POINT('',(-1.27,-21.844,0.));
#15899=CARTESIAN_POINT('',(-1.27,-21.844,0.));
#15900=CARTESIAN_POINT('',(-1.016,-21.59,0.));
#15901=CARTESIAN_POINT('',(-1.016,-21.59,0.));
#15902=CARTESIAN_POINT('',(-1.27,-21.336,0.));
#15903=CARTESIAN_POINT('',(-1.27,-21.336,0.));
#15904=CARTESIAN_POINT('',(-1.27,-19.304,0.));
#15905=CARTESIAN_POINT('',(-1.27,-19.304,0.));
#15906=CARTESIAN_POINT('',(-1.016,-19.05,0.));
#15907=CARTESIAN_POINT('',(-1.016,-19.05,0.));
#15908=CARTESIAN_POINT('',(-1.27,-18.796,0.));
#15909=CARTESIAN_POINT('',(-1.27,-18.796,0.));
#15910=CARTESIAN_POINT('',(-1.27,-16.764,0.));
#15911=CARTESIAN_POINT('',(-1.27,-16.764,0.));
#15912=CARTESIAN_POINT('',(-1.016,-16.51,0.));
#15913=CARTESIAN_POINT('',(-1.016,-16.51,0.));
#15914=CARTESIAN_POINT('',(-1.27,-16.256,0.));
#15915=CARTESIAN_POINT('',(-1.27,-16.256,0.));
#15916=CARTESIAN_POINT('',(-1.27,-14.224,0.));
#15917=CARTESIAN_POINT('',(-1.27,-14.224,0.));
#15918=CARTESIAN_POINT('',(-1.016,-13.97,0.));
#15919=CARTESIAN_POINT('',(-1.016,-13.97,0.));
#15920=CARTESIAN_POINT('',(-1.27,-13.716,0.));
#15921=CARTESIAN_POINT('',(-1.27,-13.716,0.));
#15922=CARTESIAN_POINT('',(-1.27,-11.684,0.));
#15923=CARTESIAN_POINT('',(-1.27,-11.684,0.));
#15924=CARTESIAN_POINT('',(-1.016,-11.43,0.));
#15925=CARTESIAN_POINT('',(-1.016,-11.43,0.));
#15926=CARTESIAN_POINT('',(-1.27,-11.176,0.));
#15927=CARTESIAN_POINT('',(-1.27,-11.176,0.));
#15928=CARTESIAN_POINT('',(-1.27,-9.144,0.));
#15929=CARTESIAN_POINT('',(-1.27,-9.144,0.));
#15930=CARTESIAN_POINT('',(-1.016,-8.89,0.));
#15931=CARTESIAN_POINT('',(-1.016,-8.89,0.));
#15932=CARTESIAN_POINT('',(-1.27,-8.636,0.));
#15933=CARTESIAN_POINT('',(-1.27,-8.636,0.));
#15934=CARTESIAN_POINT('',(-1.27,-6.604,0.));
#15935=CARTESIAN_POINT('',(-1.27,-6.604,0.));
#15936=CARTESIAN_POINT('',(-1.016,-6.35,0.));
#15937=CARTESIAN_POINT('',(-1.016,-6.35,0.));
#15938=CARTESIAN_POINT('',(-1.27,-6.096,0.));
#15939=CARTESIAN_POINT('',(-1.27,-6.096,0.));
#15940=CARTESIAN_POINT('',(-1.27,-4.064,0.));
#15941=CARTESIAN_POINT('',(-1.27,-4.064,0.));
#15942=CARTESIAN_POINT('',(-1.016,-3.81,0.));
#15943=CARTESIAN_POINT('',(-1.016,-3.81,0.));
#15944=CARTESIAN_POINT('',(-1.27,-3.556,0.));
#15945=CARTESIAN_POINT('',(-1.27,-3.556,0.));
#15946=CARTESIAN_POINT('',(-1.27,-1.524,0.));
#15947=CARTESIAN_POINT('',(-1.27,-1.524,0.));
#15948=CARTESIAN_POINT('',(-1.016,-1.27,0.));
#15949=CARTESIAN_POINT('',(-1.016,-1.27,0.));
#15950=CARTESIAN_POINT('',(-1.27,-1.016,0.));
#15951=CARTESIAN_POINT('',(0.32,-13.02,0.));
#15952=CARTESIAN_POINT('',(0.32,-12.38,0.));
#15953=CARTESIAN_POINT('',(0.32,-12.225,0.));
#15954=CARTESIAN_POINT('',(-0.32,-12.38,0.));
#15955=CARTESIAN_POINT('',(-0.16,-12.38,0.));
#15956=CARTESIAN_POINT('',(-0.32,-13.02,0.));
#15957=CARTESIAN_POINT('',(-0.32,-12.225,0.));
#15958=CARTESIAN_POINT('',(-0.16,-13.02,0.));
#15959=CARTESIAN_POINT('',(0.32,-10.48,0.));
#15960=CARTESIAN_POINT('',(0.32,-9.84,0.));
#15961=CARTESIAN_POINT('',(0.32,-10.955,0.));
#15962=CARTESIAN_POINT('',(-0.32,-9.84,0.));
#15963=CARTESIAN_POINT('',(-0.16,-9.84,0.));
#15964=CARTESIAN_POINT('',(-0.32,-10.48,0.));
#15965=CARTESIAN_POINT('',(-0.32,-10.955,0.));
#15966=CARTESIAN_POINT('',(-0.16,-10.48,0.));
#15967=CARTESIAN_POINT('',(0.32,-7.94,0.));
#15968=CARTESIAN_POINT('',(0.32,-7.3,0.));
#15969=CARTESIAN_POINT('',(0.32,-9.685,0.));
#15970=CARTESIAN_POINT('',(-0.32,-7.3,0.));
#15971=CARTESIAN_POINT('',(-0.16,-7.3,0.));
#15972=CARTESIAN_POINT('',(-0.32,-7.94,0.));
#15973=CARTESIAN_POINT('',(-0.32,-9.685,0.));
#15974=CARTESIAN_POINT('',(-0.16,-7.94,0.));
#15975=CARTESIAN_POINT('',(0.32,-18.1,0.));
#15976=CARTESIAN_POINT('',(-0.32,-18.1,0.));
#15977=CARTESIAN_POINT('',(-0.16,-18.1,0.));
#15978=CARTESIAN_POINT('',(0.32,-17.46,0.));
#15979=CARTESIAN_POINT('',(0.32,-14.765,0.));
#15980=CARTESIAN_POINT('',(-0.32,-17.46,0.));
#15981=CARTESIAN_POINT('',(-0.16,-17.46,0.));
#15982=CARTESIAN_POINT('',(-0.32,-14.765,0.));
#15983=CARTESIAN_POINT('',(0.32,-15.56,0.));
#15984=CARTESIAN_POINT('',(0.32,-14.92,0.));
#15985=CARTESIAN_POINT('',(0.32,-13.495,0.));
#15986=CARTESIAN_POINT('',(-0.32,-14.92,0.));
#15987=CARTESIAN_POINT('',(-0.16,-14.92,0.));
#15988=CARTESIAN_POINT('',(-0.32,-15.56,0.));
#15989=CARTESIAN_POINT('',(-0.32,-13.495,0.));
#15990=CARTESIAN_POINT('',(-0.16,-15.56,0.));
#15991=CARTESIAN_POINT('',(0.32,-23.18,0.));
#15992=CARTESIAN_POINT('',(0.32,-22.54,0.));
#15993=CARTESIAN_POINT('',(0.32,-17.305,0.));
#15994=CARTESIAN_POINT('',(-0.32,-22.54,0.));
#15995=CARTESIAN_POINT('',(-0.16,-22.54,0.));
#15996=CARTESIAN_POINT('',(-0.32,-23.18,0.));
#15997=CARTESIAN_POINT('',(-0.32,-17.305,0.));
#15998=CARTESIAN_POINT('',(-0.16,-23.18,0.));
#15999=CARTESIAN_POINT('',(0.32,-20.64,0.));
#16000=CARTESIAN_POINT('',(-0.32,-20.64,0.));
#16001=CARTESIAN_POINT('',(-0.16,-20.64,0.));
#16002=CARTESIAN_POINT('',(0.32,-20.,0.));
#16003=CARTESIAN_POINT('',(0.32,-16.035,0.));
#16004=CARTESIAN_POINT('',(-0.32,-20.,0.));
#16005=CARTESIAN_POINT('',(-0.16,-20.,0.));
#16006=CARTESIAN_POINT('',(-0.32,-16.035,0.));
#16007=CARTESIAN_POINT('',(0.32,-0.32,0.));
#16008=CARTESIAN_POINT('',(-0.32,-0.32,0.));
#16009=CARTESIAN_POINT('',(-0.16,-0.32,0.));
#16010=CARTESIAN_POINT('',(0.32,0.32,0.));
#16011=CARTESIAN_POINT('',(0.32,-5.875,0.));
#16012=CARTESIAN_POINT('',(-0.32,0.32,0.));
#16013=CARTESIAN_POINT('',(-0.16,0.32,0.));
#16014=CARTESIAN_POINT('',(-0.32,-5.875,0.));
#16015=CARTESIAN_POINT('',(0.32,-2.86,0.));
#16016=CARTESIAN_POINT('',(0.32,-2.22,0.));
#16017=CARTESIAN_POINT('',(0.32,-7.145,0.));
#16018=CARTESIAN_POINT('',(-0.32,-2.22,0.));
#16019=CARTESIAN_POINT('',(-0.16,-2.22,0.));
#16020=CARTESIAN_POINT('',(-0.32,-2.86,0.));
#16021=CARTESIAN_POINT('',(-0.32,-7.145,0.));
#16022=CARTESIAN_POINT('',(-0.16,-2.86,0.));
#16023=CARTESIAN_POINT('',(0.32,-5.4,0.));
#16024=CARTESIAN_POINT('',(0.32,-4.76,0.));
#16025=CARTESIAN_POINT('',(0.32,-8.415,0.));
#16026=CARTESIAN_POINT('',(-0.32,-4.76,0.));
#16027=CARTESIAN_POINT('',(-0.16,-4.76,0.));
#16028=CARTESIAN_POINT('',(-0.32,-5.4,0.));
#16029=CARTESIAN_POINT('',(-0.32,-8.415,0.));
#16030=CARTESIAN_POINT('',(-0.16,-5.4,0.));
#16031=CARTESIAN_POINT('Origin',(-1.127656408637E-17,-11.43,2.54));
#16032=CARTESIAN_POINT('',(-1.016,-1.27,2.54));
#16033=CARTESIAN_POINT('',(-1.27,-1.016,2.54));
#16034=CARTESIAN_POINT('',(-1.27,-1.524,2.54));
#16035=CARTESIAN_POINT('',(-1.016,-1.27,2.54));
#16036=CARTESIAN_POINT('',(-1.27,-3.556,2.54));
#16037=CARTESIAN_POINT('',(-1.27,-1.524,2.54));
#16038=CARTESIAN_POINT('',(-1.016,-3.81,2.54));
#16039=CARTESIAN_POINT('',(-1.27,-3.556,2.54));
#16040=CARTESIAN_POINT('',(-1.27,-4.064,2.54));
#16041=CARTESIAN_POINT('',(-1.016,-3.81,2.54));
#16042=CARTESIAN_POINT('',(-1.27,-6.096,2.54));
#16043=CARTESIAN_POINT('',(-1.27,-4.064,2.54));
#16044=CARTESIAN_POINT('',(-1.016,-6.35,2.54));
#16045=CARTESIAN_POINT('',(-1.27,-6.096,2.54));
#16046=CARTESIAN_POINT('',(-1.27,-6.604,2.54));
#16047=CARTESIAN_POINT('',(-1.016,-6.35,2.54));
#16048=CARTESIAN_POINT('',(-1.27,-8.636,2.54));
#16049=CARTESIAN_POINT('',(-1.27,-6.604,2.54));
#16050=CARTESIAN_POINT('',(-1.016,-8.89,2.54));
#16051=CARTESIAN_POINT('',(-1.27,-8.636,2.54));
#16052=CARTESIAN_POINT('',(-1.27,-9.144,2.54));
#16053=CARTESIAN_POINT('',(-1.016,-8.89,2.54));
#16054=CARTESIAN_POINT('',(-1.27,-11.176,2.54));
#16055=CARTESIAN_POINT('',(-1.27,-9.144,2.54));
#16056=CARTESIAN_POINT('',(-1.016,-11.43,2.54));
#16057=CARTESIAN_POINT('',(-1.27,-11.176,2.54));
#16058=CARTESIAN_POINT('',(-1.27,-11.684,2.54));
#16059=CARTESIAN_POINT('',(-1.016,-11.43,2.54));
#16060=CARTESIAN_POINT('',(-1.27,-13.716,2.54));
#16061=CARTESIAN_POINT('',(-1.27,-11.684,2.54));
#16062=CARTESIAN_POINT('',(-1.016,-13.97,2.54));
#16063=CARTESIAN_POINT('',(-1.27,-13.716,2.54));
#16064=CARTESIAN_POINT('',(-1.27,-14.224,2.54));
#16065=CARTESIAN_POINT('',(-1.016,-13.97,2.54));
#16066=CARTESIAN_POINT('',(-1.27,-16.256,2.54));
#16067=CARTESIAN_POINT('',(-1.27,-14.224,2.54));
#16068=CARTESIAN_POINT('',(-1.016,-16.51,2.54));
#16069=CARTESIAN_POINT('',(-1.27,-16.256,2.54));
#16070=CARTESIAN_POINT('',(-1.27,-16.764,2.54));
#16071=CARTESIAN_POINT('',(-1.016,-16.51,2.54));
#16072=CARTESIAN_POINT('',(-1.27,-18.796,2.54));
#16073=CARTESIAN_POINT('',(-1.27,-16.764,2.54));
#16074=CARTESIAN_POINT('',(-1.016,-19.05,2.54));
#16075=CARTESIAN_POINT('',(-1.27,-18.796,2.54));
#16076=CARTESIAN_POINT('',(-1.27,-19.304,2.54));
#16077=CARTESIAN_POINT('',(-1.016,-19.05,2.54));
#16078=CARTESIAN_POINT('',(-1.27,-21.336,2.54));
#16079=CARTESIAN_POINT('',(-1.27,-19.304,2.54));
#16080=CARTESIAN_POINT('',(-1.016,-21.59,2.54));
#16081=CARTESIAN_POINT('',(-1.27,-21.336,2.54));
#16082=CARTESIAN_POINT('',(-1.27,-21.844,2.54));
#16083=CARTESIAN_POINT('',(-1.016,-21.59,2.54));
#16084=CARTESIAN_POINT('',(-1.27,-23.876,2.54));
#16085=CARTESIAN_POINT('',(-1.27,-21.844,2.54));
#16086=CARTESIAN_POINT('',(-1.016,-24.13,2.54));
#16087=CARTESIAN_POINT('',(-1.27,-23.876,2.54));
#16088=CARTESIAN_POINT('',(1.016,-24.13,2.54));
#16089=CARTESIAN_POINT('',(-1.016,-24.13,2.54));
#16090=CARTESIAN_POINT('',(1.27,-23.876,2.54));
#16091=CARTESIAN_POINT('',(1.016,-24.13,2.54));
#16092=CARTESIAN_POINT('',(1.27,-21.844,2.54));
#16093=CARTESIAN_POINT('',(1.27,-23.876,2.54));
#16094=CARTESIAN_POINT('',(1.016,-21.59,2.54));
#16095=CARTESIAN_POINT('',(1.27,-21.844,2.54));
#16096=CARTESIAN_POINT('',(1.27,-21.336,2.54));
#16097=CARTESIAN_POINT('',(1.016,-21.59,2.54));
#16098=CARTESIAN_POINT('',(1.27,-19.304,2.54));
#16099=CARTESIAN_POINT('',(1.27,-21.336,2.54));
#16100=CARTESIAN_POINT('',(1.016,-19.05,2.54));
#16101=CARTESIAN_POINT('',(1.27,-19.304,2.54));
#16102=CARTESIAN_POINT('',(1.27,-18.796,2.54));
#16103=CARTESIAN_POINT('',(1.016,-19.05,2.54));
#16104=CARTESIAN_POINT('',(1.27,-16.764,2.54));
#16105=CARTESIAN_POINT('',(1.27,-18.796,2.54));
#16106=CARTESIAN_POINT('',(1.016,-16.51,2.54));
#16107=CARTESIAN_POINT('',(1.27,-16.764,2.54));
#16108=CARTESIAN_POINT('',(1.27,-16.256,2.54));
#16109=CARTESIAN_POINT('',(1.016,-16.51,2.54));
#16110=CARTESIAN_POINT('',(1.27,-14.224,2.54));
#16111=CARTESIAN_POINT('',(1.27,-16.256,2.54));
#16112=CARTESIAN_POINT('',(1.016,-13.97,2.54));
#16113=CARTESIAN_POINT('',(1.27,-14.224,2.54));
#16114=CARTESIAN_POINT('',(1.27,-13.716,2.54));
#16115=CARTESIAN_POINT('',(1.016,-13.97,2.54));
#16116=CARTESIAN_POINT('',(1.27,-11.684,2.54));
#16117=CARTESIAN_POINT('',(1.27,-13.716,2.54));
#16118=CARTESIAN_POINT('',(1.016,-11.43,2.54));
#16119=CARTESIAN_POINT('',(1.27,-11.684,2.54));
#16120=CARTESIAN_POINT('',(1.27,-11.176,2.54));
#16121=CARTESIAN_POINT('',(1.016,-11.43,2.54));
#16122=CARTESIAN_POINT('',(1.27,-9.144,2.54));
#16123=CARTESIAN_POINT('',(1.27,-11.176,2.54));
#16124=CARTESIAN_POINT('',(1.016,-8.89,2.54));
#16125=CARTESIAN_POINT('',(1.27,-9.144,2.54));
#16126=CARTESIAN_POINT('',(1.27,-8.636,2.54));
#16127=CARTESIAN_POINT('',(1.016,-8.89,2.54));
#16128=CARTESIAN_POINT('',(1.27,-6.604,2.54));
#16129=CARTESIAN_POINT('',(1.27,-8.636,2.54));
#16130=CARTESIAN_POINT('',(1.016,-6.35,2.54));
#16131=CARTESIAN_POINT('',(1.27,-6.604,2.54));
#16132=CARTESIAN_POINT('',(1.27,-6.096,2.54));
#16133=CARTESIAN_POINT('',(1.016,-6.35,2.54));
#16134=CARTESIAN_POINT('',(1.27,-4.064,2.54));
#16135=CARTESIAN_POINT('',(1.27,-6.096,2.54));
#16136=CARTESIAN_POINT('',(1.016,-3.81,2.54));
#16137=CARTESIAN_POINT('',(1.27,-4.064,2.54));
#16138=CARTESIAN_POINT('',(1.27,-3.556,2.54));
#16139=CARTESIAN_POINT('',(1.016,-3.81,2.54));
#16140=CARTESIAN_POINT('',(1.27,-1.524,2.54));
#16141=CARTESIAN_POINT('',(1.27,-3.556,2.54));
#16142=CARTESIAN_POINT('',(1.016,-1.27,2.54));
#16143=CARTESIAN_POINT('',(1.27,-1.524,2.54));
#16144=CARTESIAN_POINT('',(1.27,-1.016,2.54));
#16145=CARTESIAN_POINT('',(1.016,-1.27,2.54));
#16146=CARTESIAN_POINT('',(1.27,1.016,2.54));
#16147=CARTESIAN_POINT('',(1.27,-1.016,2.54));
#16148=CARTESIAN_POINT('',(1.27,1.016,2.54));
#16149=CARTESIAN_POINT('',(0.32,-13.02,2.54));
#16150=CARTESIAN_POINT('',(0.32,-12.38,2.54));
#16151=CARTESIAN_POINT('',(0.32,-12.225,2.54));
#16152=CARTESIAN_POINT('',(-0.32,-13.02,2.54));
#16153=CARTESIAN_POINT('',(-0.16,-13.02,2.54));
#16154=CARTESIAN_POINT('',(-0.32,-12.38,2.54));
#16155=CARTESIAN_POINT('',(-0.32,-12.225,2.54));
#16156=CARTESIAN_POINT('',(-0.16,-12.38,2.54));
#16157=CARTESIAN_POINT('',(0.32,-10.48,2.54));
#16158=CARTESIAN_POINT('',(0.32,-9.84,2.54));
#16159=CARTESIAN_POINT('',(0.32,-10.955,2.54));
#16160=CARTESIAN_POINT('',(-0.32,-10.48,2.54));
#16161=CARTESIAN_POINT('',(-0.16,-10.48,2.54));
#16162=CARTESIAN_POINT('',(-0.32,-9.84,2.54));
#16163=CARTESIAN_POINT('',(-0.32,-10.955,2.54));
#16164=CARTESIAN_POINT('',(-0.16,-9.84,2.54));
#16165=CARTESIAN_POINT('',(0.32,-7.94,2.54));
#16166=CARTESIAN_POINT('',(0.32,-7.3,2.54));
#16167=CARTESIAN_POINT('',(0.32,-9.685,2.54));
#16168=CARTESIAN_POINT('',(-0.32,-7.94,2.54));
#16169=CARTESIAN_POINT('',(-0.16,-7.94,2.54));
#16170=CARTESIAN_POINT('',(-0.32,-7.3,2.54));
#16171=CARTESIAN_POINT('',(-0.32,-9.685,2.54));
#16172=CARTESIAN_POINT('',(-0.16,-7.3,2.54));
#16173=CARTESIAN_POINT('',(0.32,-18.1,2.54));
#16174=CARTESIAN_POINT('',(-0.32,-18.1,2.54));
#16175=CARTESIAN_POINT('',(-0.16,-18.1,2.54));
#16176=CARTESIAN_POINT('',(-0.32,-17.46,2.54));
#16177=CARTESIAN_POINT('',(-0.32,-14.765,2.54));
#16178=CARTESIAN_POINT('',(0.32,-17.46,2.54));
#16179=CARTESIAN_POINT('',(-0.16,-17.46,2.54));
#16180=CARTESIAN_POINT('',(0.32,-14.765,2.54));
#16181=CARTESIAN_POINT('',(0.32,-15.56,2.54));
#16182=CARTESIAN_POINT('',(0.32,-14.92,2.54));
#16183=CARTESIAN_POINT('',(0.32,-13.495,2.54));
#16184=CARTESIAN_POINT('',(-0.32,-15.56,2.54));
#16185=CARTESIAN_POINT('',(-0.16,-15.56,2.54));
#16186=CARTESIAN_POINT('',(-0.32,-14.92,2.54));
#16187=CARTESIAN_POINT('',(-0.32,-13.495,2.54));
#16188=CARTESIAN_POINT('',(-0.16,-14.92,2.54));
#16189=CARTESIAN_POINT('',(0.32,-23.18,2.54));
#16190=CARTESIAN_POINT('',(0.32,-22.54,2.54));
#16191=CARTESIAN_POINT('',(0.32,-17.305,2.54));
#16192=CARTESIAN_POINT('',(-0.32,-23.18,2.54));
#16193=CARTESIAN_POINT('',(-0.16,-23.18,2.54));
#16194=CARTESIAN_POINT('',(-0.32,-22.54,2.54));
#16195=CARTESIAN_POINT('',(-0.32,-17.305,2.54));
#16196=CARTESIAN_POINT('',(-0.16,-22.54,2.54));
#16197=CARTESIAN_POINT('',(0.32,-20.64,2.54));
#16198=CARTESIAN_POINT('',(-0.32,-20.64,2.54));
#16199=CARTESIAN_POINT('',(-0.16,-20.64,2.54));
#16200=CARTESIAN_POINT('',(-0.32,-20.,2.54));
#16201=CARTESIAN_POINT('',(-0.32,-16.035,2.54));
#16202=CARTESIAN_POINT('',(0.32,-20.,2.54));
#16203=CARTESIAN_POINT('',(-0.16,-20.,2.54));
#16204=CARTESIAN_POINT('',(0.32,-16.035,2.54));
#16205=CARTESIAN_POINT('',(0.32,-0.32,2.54));
#16206=CARTESIAN_POINT('',(-0.32,-0.32,2.54));
#16207=CARTESIAN_POINT('',(-0.16,-0.32,2.54));
#16208=CARTESIAN_POINT('',(-0.32,0.32,2.54));
#16209=CARTESIAN_POINT('',(-0.32,-5.875,2.54));
#16210=CARTESIAN_POINT('',(0.32,0.32,2.54));
#16211=CARTESIAN_POINT('',(-0.16,0.32,2.54));
#16212=CARTESIAN_POINT('',(0.32,-5.875,2.54));
#16213=CARTESIAN_POINT('',(0.32,-2.86,2.54));
#16214=CARTESIAN_POINT('',(0.32,-2.22,2.54));
#16215=CARTESIAN_POINT('',(0.32,-7.145,2.54));
#16216=CARTESIAN_POINT('',(-0.32,-2.86,2.54));
#16217=CARTESIAN_POINT('',(-0.16,-2.86,2.54));
#16218=CARTESIAN_POINT('',(-0.32,-2.22,2.54));
#16219=CARTESIAN_POINT('',(-0.32,-7.145,2.54));
#16220=CARTESIAN_POINT('',(-0.16,-2.22,2.54));
#16221=CARTESIAN_POINT('',(0.32,-5.4,2.54));
#16222=CARTESIAN_POINT('',(0.32,-4.76,2.54));
#16223=CARTESIAN_POINT('',(0.32,-8.415,2.54));
#16224=CARTESIAN_POINT('',(-0.32,-5.4,2.54));
#16225=CARTESIAN_POINT('',(-0.16,-5.4,2.54));
#16226=CARTESIAN_POINT('',(-0.32,-4.76,2.54));
#16227=CARTESIAN_POINT('',(-0.32,-8.415,2.54));
#16228=CARTESIAN_POINT('',(-0.16,-4.76,2.54));
#16229=CARTESIAN_POINT('Origin',(1.27,1.016,0.));
#16230=CARTESIAN_POINT('',(1.27,1.016,0.));
#16231=CARTESIAN_POINT('Origin',(-1.27,-1.016,0.));
#16232=CARTESIAN_POINT('',(-1.016,-1.27,0.));
#16233=CARTESIAN_POINT('Origin',(1.27,-1.016,0.));
#16234=CARTESIAN_POINT('',(1.27,-1.016,0.));
#16235=CARTESIAN_POINT('Origin',(-1.016,-1.27,0.));
#16236=CARTESIAN_POINT('',(-1.27,-1.524,0.));
#16237=CARTESIAN_POINT('Origin',(1.016,-1.27,0.));
#16238=CARTESIAN_POINT('',(1.016,-1.27,0.));
#16239=CARTESIAN_POINT('Origin',(-1.27,-1.524,0.));
#16240=CARTESIAN_POINT('',(-1.27,-3.556,0.));
#16241=CARTESIAN_POINT('Origin',(1.27,-1.524,0.));
#16242=CARTESIAN_POINT('',(1.27,-1.524,0.));
#16243=CARTESIAN_POINT('Origin',(-1.27,-3.556,0.));
#16244=CARTESIAN_POINT('',(-1.016,-3.81,0.));
#16245=CARTESIAN_POINT('Origin',(1.27,-3.556,0.));
#16246=CARTESIAN_POINT('',(1.27,-3.556,0.));
#16247=CARTESIAN_POINT('Origin',(-1.016,-3.81,0.));
#16248=CARTESIAN_POINT('',(-1.27,-4.064,0.));
#16249=CARTESIAN_POINT('Origin',(1.016,-3.81,0.));
#16250=CARTESIAN_POINT('',(1.016,-3.81,0.));
#16251=CARTESIAN_POINT('Origin',(-1.27,-4.064,0.));
#16252=CARTESIAN_POINT('',(-1.27,-6.096,0.));
#16253=CARTESIAN_POINT('Origin',(1.27,-4.064,0.));
#16254=CARTESIAN_POINT('',(1.27,-4.064,0.));
#16255=CARTESIAN_POINT('Origin',(-1.27,-6.096,0.));
#16256=CARTESIAN_POINT('',(-1.016,-6.35,0.));
#16257=CARTESIAN_POINT('Origin',(1.27,-6.096,0.));
#16258=CARTESIAN_POINT('',(1.27,-6.096,0.));
#16259=CARTESIAN_POINT('Origin',(-1.016,-6.35,0.));
#16260=CARTESIAN_POINT('',(-1.27,-6.604,0.));
#16261=CARTESIAN_POINT('Origin',(1.016,-6.35,0.));
#16262=CARTESIAN_POINT('',(1.016,-6.35,0.));
#16263=CARTESIAN_POINT('Origin',(-1.27,-6.604,0.));
#16264=CARTESIAN_POINT('',(-1.27,-8.636,0.));
#16265=CARTESIAN_POINT('Origin',(1.27,-6.604,0.));
#16266=CARTESIAN_POINT('',(1.27,-6.604,0.));
#16267=CARTESIAN_POINT('Origin',(-1.27,-8.636,0.));
#16268=CARTESIAN_POINT('',(-1.016,-8.89,0.));
#16269=CARTESIAN_POINT('Origin',(1.27,-8.636,0.));
#16270=CARTESIAN_POINT('',(1.27,-8.636,0.));
#16271=CARTESIAN_POINT('Origin',(-1.016,-8.89,0.));
#16272=CARTESIAN_POINT('',(-1.27,-9.144,0.));
#16273=CARTESIAN_POINT('Origin',(1.016,-8.89,0.));
#16274=CARTESIAN_POINT('',(1.016,-8.89,0.));
#16275=CARTESIAN_POINT('Origin',(-1.27,-9.144,0.));
#16276=CARTESIAN_POINT('',(-1.27,-11.176,0.));
#16277=CARTESIAN_POINT('Origin',(1.27,-9.144,0.));
#16278=CARTESIAN_POINT('',(1.27,-9.144,0.));
#16279=CARTESIAN_POINT('Origin',(-1.27,-11.176,0.));
#16280=CARTESIAN_POINT('',(-1.016,-11.43,0.));
#16281=CARTESIAN_POINT('Origin',(1.27,-11.176,0.));
#16282=CARTESIAN_POINT('',(1.27,-11.176,0.));
#16283=CARTESIAN_POINT('Origin',(-1.016,-11.43,0.));
#16284=CARTESIAN_POINT('',(-1.27,-11.684,0.));
#16285=CARTESIAN_POINT('Origin',(1.016,-11.43,0.));
#16286=CARTESIAN_POINT('',(1.016,-11.43,0.));
#16287=CARTESIAN_POINT('Origin',(-1.27,-11.684,0.));
#16288=CARTESIAN_POINT('',(-1.27,-13.716,0.));
#16289=CARTESIAN_POINT('Origin',(1.27,-11.684,0.));
#16290=CARTESIAN_POINT('',(1.27,-11.684,0.));
#16291=CARTESIAN_POINT('Origin',(-1.27,-13.716,0.));
#16292=CARTESIAN_POINT('',(-1.016,-13.97,0.));
#16293=CARTESIAN_POINT('Origin',(1.27,-13.716,0.));
#16294=CARTESIAN_POINT('',(1.27,-13.716,0.));
#16295=CARTESIAN_POINT('Origin',(-1.016,-13.97,0.));
#16296=CARTESIAN_POINT('',(-1.27,-14.224,0.));
#16297=CARTESIAN_POINT('Origin',(1.016,-13.97,0.));
#16298=CARTESIAN_POINT('',(1.016,-13.97,0.));
#16299=CARTESIAN_POINT('Origin',(-1.27,-14.224,0.));
#16300=CARTESIAN_POINT('',(-1.27,-16.256,0.));
#16301=CARTESIAN_POINT('Origin',(1.27,-14.224,0.));
#16302=CARTESIAN_POINT('',(1.27,-14.224,0.));
#16303=CARTESIAN_POINT('Origin',(-1.27,-16.256,0.));
#16304=CARTESIAN_POINT('',(-1.016,-16.51,0.));
#16305=CARTESIAN_POINT('Origin',(1.27,-16.256,0.));
#16306=CARTESIAN_POINT('',(1.27,-16.256,0.));
#16307=CARTESIAN_POINT('Origin',(-1.016,-16.51,0.));
#16308=CARTESIAN_POINT('',(-1.27,-16.764,0.));
#16309=CARTESIAN_POINT('Origin',(1.016,-16.51,0.));
#16310=CARTESIAN_POINT('',(1.016,-16.51,0.));
#16311=CARTESIAN_POINT('Origin',(-1.27,-16.764,0.));
#16312=CARTESIAN_POINT('',(-1.27,-18.796,0.));
#16313=CARTESIAN_POINT('Origin',(1.27,-16.764,0.));
#16314=CARTESIAN_POINT('',(1.27,-16.764,0.));
#16315=CARTESIAN_POINT('Origin',(-1.27,-18.796,0.));
#16316=CARTESIAN_POINT('',(-1.016,-19.05,0.));
#16317=CARTESIAN_POINT('Origin',(1.27,-18.796,0.));
#16318=CARTESIAN_POINT('',(1.27,-18.796,0.));
#16319=CARTESIAN_POINT('Origin',(-1.016,-19.05,0.));
#16320=CARTESIAN_POINT('',(-1.27,-19.304,0.));
#16321=CARTESIAN_POINT('Origin',(1.016,-19.05,0.));
#16322=CARTESIAN_POINT('',(1.016,-19.05,0.));
#16323=CARTESIAN_POINT('Origin',(-1.27,-19.304,0.));
#16324=CARTESIAN_POINT('',(-1.27,-21.336,0.));
#16325=CARTESIAN_POINT('Origin',(1.27,-19.304,0.));
#16326=CARTESIAN_POINT('',(1.27,-19.304,0.));
#16327=CARTESIAN_POINT('Origin',(-1.27,-21.336,0.));
#16328=CARTESIAN_POINT('',(-1.016,-21.59,0.));
#16329=CARTESIAN_POINT('Origin',(1.27,-21.336,0.));
#16330=CARTESIAN_POINT('',(1.27,-21.336,0.));
#16331=CARTESIAN_POINT('Origin',(-1.016,-21.59,0.));
#16332=CARTESIAN_POINT('',(-1.27,-21.844,0.));
#16333=CARTESIAN_POINT('Origin',(1.016,-21.59,0.));
#16334=CARTESIAN_POINT('',(1.016,-21.59,0.));
#16335=CARTESIAN_POINT('Origin',(-1.27,-21.844,0.));
#16336=CARTESIAN_POINT('',(-1.27,-23.876,0.));
#16337=CARTESIAN_POINT('Origin',(1.27,-21.844,0.));
#16338=CARTESIAN_POINT('',(1.27,-21.844,0.));
#16339=CARTESIAN_POINT('Origin',(-1.27,-23.876,0.));
#16340=CARTESIAN_POINT('',(-1.016,-24.13,0.));
#16341=CARTESIAN_POINT('Origin',(1.27,-23.876,0.));
#16342=CARTESIAN_POINT('',(1.27,-23.876,0.));
#16343=CARTESIAN_POINT('Origin',(-1.016,-24.13,0.));
#16344=CARTESIAN_POINT('',(1.016,-24.13,0.));
#16345=CARTESIAN_POINT('Origin',(1.016,-24.13,0.));
#16346=CARTESIAN_POINT('Origin',(0.32,-13.02,-3.));
#16347=CARTESIAN_POINT('',(0.32,-13.02,-2.84));
#16348=CARTESIAN_POINT('',(0.32,-13.02,-3.));
#16349=CARTESIAN_POINT('',(0.32,-12.38,-2.84));
#16350=CARTESIAN_POINT('',(0.32,-13.02,-2.84));
#16351=CARTESIAN_POINT('',(0.32,-12.38,-3.));
#16352=CARTESIAN_POINT('Origin',(-0.32,-12.38,-3.));
#16353=CARTESIAN_POINT('',(-0.32,-12.38,-2.84));
#16354=CARTESIAN_POINT('',(-0.32,-12.38,-2.84));
#16355=CARTESIAN_POINT('',(-0.32,-12.38,-3.));
#16356=CARTESIAN_POINT('Origin',(-0.32,-13.02,-3.));
#16357=CARTESIAN_POINT('',(-0.32,-13.02,-2.84));
#16358=CARTESIAN_POINT('',(-0.32,-13.02,-3.));
#16359=CARTESIAN_POINT('',(-0.32,-13.02,-2.84));
#16360=CARTESIAN_POINT('Origin',(-0.32,-13.02,-3.));
#16361=CARTESIAN_POINT('',(-0.32,-13.02,-2.84));
#16362=CARTESIAN_POINT('Origin',(0.32,-10.48,-3.));
#16363=CARTESIAN_POINT('',(0.32,-10.48,-2.84));
#16364=CARTESIAN_POINT('',(0.32,-10.48,-3.));
#16365=CARTESIAN_POINT('',(0.32,-9.84,-2.84));
#16366=CARTESIAN_POINT('',(0.32,-10.48,-2.84));
#16367=CARTESIAN_POINT('',(0.32,-9.84,-3.));
#16368=CARTESIAN_POINT('Origin',(-0.32,-9.84,-3.));
#16369=CARTESIAN_POINT('',(-0.32,-9.84,-2.84));
#16370=CARTESIAN_POINT('',(-0.32,-9.84,-2.84));
#16371=CARTESIAN_POINT('',(-0.32,-9.84,-3.));
#16372=CARTESIAN_POINT('Origin',(-0.32,-10.48,-3.));
#16373=CARTESIAN_POINT('',(-0.32,-10.48,-2.84));
#16374=CARTESIAN_POINT('',(-0.32,-10.48,-3.));
#16375=CARTESIAN_POINT('',(-0.32,-10.48,-2.84));
#16376=CARTESIAN_POINT('Origin',(-0.32,-10.48,-3.));
#16377=CARTESIAN_POINT('',(-0.32,-10.48,-2.84));
#16378=CARTESIAN_POINT('Origin',(0.32,-7.94,-3.));
#16379=CARTESIAN_POINT('',(0.32,-7.94,-2.84));
#16380=CARTESIAN_POINT('',(0.32,-7.94,-3.));
#16381=CARTESIAN_POINT('',(0.32,-7.3,-2.84));
#16382=CARTESIAN_POINT('',(0.32,-7.94,-2.84));
#16383=CARTESIAN_POINT('',(0.32,-7.3,-3.));
#16384=CARTESIAN_POINT('Origin',(-0.32,-7.3,-3.));
#16385=CARTESIAN_POINT('',(-0.32,-7.3,-2.84));
#16386=CARTESIAN_POINT('',(-0.32,-7.3,-2.84));
#16387=CARTESIAN_POINT('',(-0.32,-7.3,-3.));
#16388=CARTESIAN_POINT('Origin',(-0.32,-7.94,-3.));
#16389=CARTESIAN_POINT('',(-0.32,-7.94,-2.84));
#16390=CARTESIAN_POINT('',(-0.32,-7.94,-3.));
#16391=CARTESIAN_POINT('',(-0.32,-7.94,-2.84));
#16392=CARTESIAN_POINT('Origin',(-0.32,-7.94,-3.));
#16393=CARTESIAN_POINT('',(-0.32,-7.94,-2.84));
#16394=CARTESIAN_POINT('Origin',(-0.32,-18.1,-3.));
#16395=CARTESIAN_POINT('',(0.32,-18.1,-2.84));
#16396=CARTESIAN_POINT('',(0.32,-18.1,-3.));
#16397=CARTESIAN_POINT('',(-0.32,-18.1,-2.84));
#16398=CARTESIAN_POINT('',(-0.32,-18.1,-3.));
#16399=CARTESIAN_POINT('',(-0.32,-18.1,-2.84));
#16400=CARTESIAN_POINT('Origin',(0.32,-18.1,-3.));
#16401=CARTESIAN_POINT('',(0.32,-17.46,-2.84));
#16402=CARTESIAN_POINT('',(0.32,-18.1,-2.84));
#16403=CARTESIAN_POINT('',(0.32,-17.46,-3.));
#16404=CARTESIAN_POINT('Origin',(-0.32,-17.46,-3.));
#16405=CARTESIAN_POINT('',(-0.32,-17.46,-2.84));
#16406=CARTESIAN_POINT('',(-0.32,-17.46,-2.84));
#16407=CARTESIAN_POINT('',(-0.32,-17.46,-3.));
#16408=CARTESIAN_POINT('Origin',(-0.32,-18.1,-3.));
#16409=CARTESIAN_POINT('',(-0.32,-18.1,-2.84));
#16410=CARTESIAN_POINT('Origin',(0.32,-15.56,-3.));
#16411=CARTESIAN_POINT('',(0.32,-15.56,-2.84));
#16412=CARTESIAN_POINT('',(0.32,-15.56,-3.));
#16413=CARTESIAN_POINT('',(0.32,-14.92,-2.84));
#16414=CARTESIAN_POINT('',(0.32,-15.56,-2.84));
#16415=CARTESIAN_POINT('',(0.32,-14.92,-3.));
#16416=CARTESIAN_POINT('Origin',(-0.32,-14.92,-3.));
#16417=CARTESIAN_POINT('',(-0.32,-14.92,-2.84));
#16418=CARTESIAN_POINT('',(-0.32,-14.92,-2.84));
#16419=CARTESIAN_POINT('',(-0.32,-14.92,-3.));
#16420=CARTESIAN_POINT('Origin',(-0.32,-15.56,-3.));
#16421=CARTESIAN_POINT('',(-0.32,-15.56,-2.84));
#16422=CARTESIAN_POINT('',(-0.32,-15.56,-3.));
#16423=CARTESIAN_POINT('',(-0.32,-15.56,-2.84));
#16424=CARTESIAN_POINT('Origin',(-0.32,-15.56,-3.));
#16425=CARTESIAN_POINT('',(-0.32,-15.56,-2.84));
#16426=CARTESIAN_POINT('Origin',(0.32,-23.18,-3.));
#16427=CARTESIAN_POINT('',(0.32,-23.18,-2.84));
#16428=CARTESIAN_POINT('',(0.32,-23.18,-3.));
#16429=CARTESIAN_POINT('',(0.32,-22.54,-2.84));
#16430=CARTESIAN_POINT('',(0.32,-23.18,-2.84));
#16431=CARTESIAN_POINT('',(0.32,-22.54,-3.));
#16432=CARTESIAN_POINT('Origin',(-0.32,-22.54,-3.));
#16433=CARTESIAN_POINT('',(-0.32,-22.54,-2.84));
#16434=CARTESIAN_POINT('',(-0.32,-22.54,-2.84));
#16435=CARTESIAN_POINT('',(-0.32,-22.54,-3.));
#16436=CARTESIAN_POINT('Origin',(-0.32,-23.18,-3.));
#16437=CARTESIAN_POINT('',(-0.32,-23.18,-2.84));
#16438=CARTESIAN_POINT('',(-0.32,-23.18,-3.));
#16439=CARTESIAN_POINT('',(-0.32,-23.18,-2.84));
#16440=CARTESIAN_POINT('Origin',(-0.32,-23.18,-3.));
#16441=CARTESIAN_POINT('',(-0.32,-23.18,-2.84));
#16442=CARTESIAN_POINT('Origin',(-0.32,-20.64,-3.));
#16443=CARTESIAN_POINT('',(0.32,-20.64,-2.84));
#16444=CARTESIAN_POINT('',(0.32,-20.64,-3.));
#16445=CARTESIAN_POINT('',(-0.32,-20.64,-2.84));
#16446=CARTESIAN_POINT('',(-0.32,-20.64,-3.));
#16447=CARTESIAN_POINT('',(-0.32,-20.64,-2.84));
#16448=CARTESIAN_POINT('Origin',(0.32,-20.64,-3.));
#16449=CARTESIAN_POINT('',(0.32,-20.,-2.84));
#16450=CARTESIAN_POINT('',(0.32,-20.64,-2.84));
#16451=CARTESIAN_POINT('',(0.32,-20.,-3.));
#16452=CARTESIAN_POINT('Origin',(-0.32,-20.,-3.));
#16453=CARTESIAN_POINT('',(-0.32,-20.,-2.84));
#16454=CARTESIAN_POINT('',(-0.32,-20.,-2.84));
#16455=CARTESIAN_POINT('',(-0.32,-20.,-3.));
#16456=CARTESIAN_POINT('Origin',(-0.32,-20.64,-3.));
#16457=CARTESIAN_POINT('',(-0.32,-20.64,-2.84));
#16458=CARTESIAN_POINT('Origin',(-0.32,-0.32,-3.));
#16459=CARTESIAN_POINT('',(0.32,-0.32,-2.84));
#16460=CARTESIAN_POINT('',(0.32,-0.32,-3.));
#16461=CARTESIAN_POINT('',(-0.32,-0.32,-2.84));
#16462=CARTESIAN_POINT('',(-0.32,-0.32,-3.));
#16463=CARTESIAN_POINT('',(-0.32,-0.32,-2.84));
#16464=CARTESIAN_POINT('Origin',(0.32,-0.32,-3.));
#16465=CARTESIAN_POINT('',(0.32,0.32,-2.84));
#16466=CARTESIAN_POINT('',(0.32,-0.32,-2.84));
#16467=CARTESIAN_POINT('',(0.32,0.32,-3.));
#16468=CARTESIAN_POINT('Origin',(-0.32,0.32,-3.));
#16469=CARTESIAN_POINT('',(-0.32,0.32,-2.84));
#16470=CARTESIAN_POINT('',(-0.32,0.32,-2.84));
#16471=CARTESIAN_POINT('',(-0.32,0.32,-3.));
#16472=CARTESIAN_POINT('Origin',(-0.32,-0.32,-3.));
#16473=CARTESIAN_POINT('',(-0.32,-0.32,-2.84));
#16474=CARTESIAN_POINT('Origin',(0.32,-2.86,-3.));
#16475=CARTESIAN_POINT('',(0.32,-2.86,-2.84));
#16476=CARTESIAN_POINT('',(0.32,-2.86,-3.));
#16477=CARTESIAN_POINT('',(0.32,-2.22,-2.84));
#16478=CARTESIAN_POINT('',(0.32,-2.86,-2.84));
#16479=CARTESIAN_POINT('',(0.32,-2.22,-3.));
#16480=CARTESIAN_POINT('Origin',(-0.32,-2.22,-3.));
#16481=CARTESIAN_POINT('',(-0.32,-2.22,-2.84));
#16482=CARTESIAN_POINT('',(-0.32,-2.22,-2.84));
#16483=CARTESIAN_POINT('',(-0.32,-2.22,-3.));
#16484=CARTESIAN_POINT('Origin',(-0.32,-2.86,-3.));
#16485=CARTESIAN_POINT('',(-0.32,-2.86,-2.84));
#16486=CARTESIAN_POINT('',(-0.32,-2.86,-3.));
#16487=CARTESIAN_POINT('',(-0.32,-2.86,-2.84));
#16488=CARTESIAN_POINT('Origin',(-0.32,-2.86,-3.));
#16489=CARTESIAN_POINT('',(-0.32,-2.86,-2.84));
#16490=CARTESIAN_POINT('Origin',(0.32,-5.4,-3.));
#16491=CARTESIAN_POINT('',(0.32,-5.4,-2.84));
#16492=CARTESIAN_POINT('',(0.32,-5.4,-3.));
#16493=CARTESIAN_POINT('',(0.32,-4.76,-2.84));
#16494=CARTESIAN_POINT('',(0.32,-5.4,-2.84));
#16495=CARTESIAN_POINT('',(0.32,-4.76,-3.));
#16496=CARTESIAN_POINT('Origin',(-0.32,-4.76,-3.));
#16497=CARTESIAN_POINT('',(-0.32,-4.76,-2.84));
#16498=CARTESIAN_POINT('',(-0.32,-4.76,-2.84));
#16499=CARTESIAN_POINT('',(-0.32,-4.76,-3.));
#16500=CARTESIAN_POINT('Origin',(-0.32,-5.4,-3.));
#16501=CARTESIAN_POINT('',(-0.32,-5.4,-2.84));
#16502=CARTESIAN_POINT('',(-0.32,-5.4,-3.));
#16503=CARTESIAN_POINT('',(-0.32,-5.4,-2.84));
#16504=CARTESIAN_POINT('Origin',(-0.32,-5.4,-3.));
#16505=CARTESIAN_POINT('',(-0.32,-5.4,-2.84));
#16506=CARTESIAN_POINT('Origin',(0.32,-13.02,-3.));
#16507=CARTESIAN_POINT('',(0.32,-13.02,8.38));
#16508=CARTESIAN_POINT('',(0.32,-13.02,-3.));
#16509=CARTESIAN_POINT('',(0.32,-12.38,8.38));
#16510=CARTESIAN_POINT('',(0.32,-12.38,-3.));
#16511=CARTESIAN_POINT('',(0.32,-13.02,8.38));
#16512=CARTESIAN_POINT('Origin',(-0.32,-12.38,-3.));
#16513=CARTESIAN_POINT('',(-0.32,-12.38,8.38));
#16514=CARTESIAN_POINT('',(-0.32,-12.38,-3.));
#16515=CARTESIAN_POINT('',(-0.32,-12.38,8.38));
#16516=CARTESIAN_POINT('Origin',(-0.32,-13.02,-3.));
#16517=CARTESIAN_POINT('',(-0.32,-13.02,8.38));
#16518=CARTESIAN_POINT('',(-0.32,-13.02,-3.));
#16519=CARTESIAN_POINT('',(-0.32,-13.02,8.38));
#16520=CARTESIAN_POINT('Origin',(-0.32,-13.02,-3.));
#16521=CARTESIAN_POINT('',(-0.32,-13.02,8.38));
#16522=CARTESIAN_POINT('Origin',(0.32,-10.48,-3.));
#16523=CARTESIAN_POINT('',(0.32,-10.48,8.38));
#16524=CARTESIAN_POINT('',(0.32,-10.48,-3.));
#16525=CARTESIAN_POINT('',(0.32,-9.84,8.38));
#16526=CARTESIAN_POINT('',(0.32,-9.84,-3.));
#16527=CARTESIAN_POINT('',(0.32,-10.48,8.38));
#16528=CARTESIAN_POINT('Origin',(-0.32,-9.84,-3.));
#16529=CARTESIAN_POINT('',(-0.32,-9.84,8.38));
#16530=CARTESIAN_POINT('',(-0.32,-9.84,-3.));
#16531=CARTESIAN_POINT('',(-0.32,-9.84,8.38));
#16532=CARTESIAN_POINT('Origin',(-0.32,-10.48,-3.));
#16533=CARTESIAN_POINT('',(-0.32,-10.48,8.38));
#16534=CARTESIAN_POINT('',(-0.32,-10.48,-3.));
#16535=CARTESIAN_POINT('',(-0.32,-10.48,8.38));
#16536=CARTESIAN_POINT('Origin',(-0.32,-10.48,-3.));
#16537=CARTESIAN_POINT('',(-0.32,-10.48,8.38));
#16538=CARTESIAN_POINT('Origin',(0.32,-7.94,-3.));
#16539=CARTESIAN_POINT('',(0.32,-7.94,8.38));
#16540=CARTESIAN_POINT('',(0.32,-7.94,-3.));
#16541=CARTESIAN_POINT('',(0.32,-7.3,8.38));
#16542=CARTESIAN_POINT('',(0.32,-7.3,-3.));
#16543=CARTESIAN_POINT('',(0.32,-7.94,8.38));
#16544=CARTESIAN_POINT('Origin',(-0.32,-7.3,-3.));
#16545=CARTESIAN_POINT('',(-0.32,-7.3,8.38));
#16546=CARTESIAN_POINT('',(-0.32,-7.3,-3.));
#16547=CARTESIAN_POINT('',(-0.32,-7.3,8.38));
#16548=CARTESIAN_POINT('Origin',(-0.32,-7.94,-3.));
#16549=CARTESIAN_POINT('',(-0.32,-7.94,8.38));
#16550=CARTESIAN_POINT('',(-0.32,-7.94,-3.));
#16551=CARTESIAN_POINT('',(-0.32,-7.94,8.38));
#16552=CARTESIAN_POINT('Origin',(-0.32,-7.94,-3.));
#16553=CARTESIAN_POINT('',(-0.32,-7.94,8.38));
#16554=CARTESIAN_POINT('Origin',(-0.32,-18.1,-3.));
#16555=CARTESIAN_POINT('',(0.32,-18.1,8.38));
#16556=CARTESIAN_POINT('',(0.32,-18.1,-3.));
#16557=CARTESIAN_POINT('',(-0.32,-18.1,8.38));
#16558=CARTESIAN_POINT('',(-0.32,-18.1,8.38));
#16559=CARTESIAN_POINT('',(-0.32,-18.1,-3.));
#16560=CARTESIAN_POINT('Origin',(0.32,-18.1,-3.));
#16561=CARTESIAN_POINT('',(0.32,-17.46,8.38));
#16562=CARTESIAN_POINT('',(0.32,-17.46,-3.));
#16563=CARTESIAN_POINT('',(0.32,-18.1,8.38));
#16564=CARTESIAN_POINT('Origin',(-0.32,-17.46,-3.));
#16565=CARTESIAN_POINT('',(-0.32,-17.46,8.38));
#16566=CARTESIAN_POINT('',(-0.32,-17.46,-3.));
#16567=CARTESIAN_POINT('',(-0.32,-17.46,8.38));
#16568=CARTESIAN_POINT('Origin',(-0.32,-18.1,-3.));
#16569=CARTESIAN_POINT('',(-0.32,-18.1,8.38));
#16570=CARTESIAN_POINT('Origin',(0.32,-15.56,-3.));
#16571=CARTESIAN_POINT('',(0.32,-15.56,8.38));
#16572=CARTESIAN_POINT('',(0.32,-15.56,-3.));
#16573=CARTESIAN_POINT('',(0.32,-14.92,8.38));
#16574=CARTESIAN_POINT('',(0.32,-14.92,-3.));
#16575=CARTESIAN_POINT('',(0.32,-15.56,8.38));
#16576=CARTESIAN_POINT('Origin',(-0.32,-14.92,-3.));
#16577=CARTESIAN_POINT('',(-0.32,-14.92,8.38));
#16578=CARTESIAN_POINT('',(-0.32,-14.92,-3.));
#16579=CARTESIAN_POINT('',(-0.32,-14.92,8.38));
#16580=CARTESIAN_POINT('Origin',(-0.32,-15.56,-3.));
#16581=CARTESIAN_POINT('',(-0.32,-15.56,8.38));
#16582=CARTESIAN_POINT('',(-0.32,-15.56,-3.));
#16583=CARTESIAN_POINT('',(-0.32,-15.56,8.38));
#16584=CARTESIAN_POINT('Origin',(-0.32,-15.56,-3.));
#16585=CARTESIAN_POINT('',(-0.32,-15.56,8.38));
#16586=CARTESIAN_POINT('Origin',(0.32,-23.18,-3.));
#16587=CARTESIAN_POINT('',(0.32,-23.18,8.38));
#16588=CARTESIAN_POINT('',(0.32,-23.18,-3.));
#16589=CARTESIAN_POINT('',(0.32,-22.54,8.38));
#16590=CARTESIAN_POINT('',(0.32,-22.54,-3.));
#16591=CARTESIAN_POINT('',(0.32,-23.18,8.38));
#16592=CARTESIAN_POINT('Origin',(-0.32,-22.54,-3.));
#16593=CARTESIAN_POINT('',(-0.32,-22.54,8.38));
#16594=CARTESIAN_POINT('',(-0.32,-22.54,-3.));
#16595=CARTESIAN_POINT('',(-0.32,-22.54,8.38));
#16596=CARTESIAN_POINT('Origin',(-0.32,-23.18,-3.));
#16597=CARTESIAN_POINT('',(-0.32,-23.18,8.38));
#16598=CARTESIAN_POINT('',(-0.32,-23.18,-3.));
#16599=CARTESIAN_POINT('',(-0.32,-23.18,8.38));
#16600=CARTESIAN_POINT('Origin',(-0.32,-23.18,-3.));
#16601=CARTESIAN_POINT('',(-0.32,-23.18,8.38));
#16602=CARTESIAN_POINT('Origin',(-0.32,-20.64,-3.));
#16603=CARTESIAN_POINT('',(0.32,-20.64,8.38));
#16604=CARTESIAN_POINT('',(0.32,-20.64,-3.));
#16605=CARTESIAN_POINT('',(-0.32,-20.64,8.38));
#16606=CARTESIAN_POINT('',(-0.32,-20.64,8.38));
#16607=CARTESIAN_POINT('',(-0.32,-20.64,-3.));
#16608=CARTESIAN_POINT('Origin',(0.32,-20.64,-3.));
#16609=CARTESIAN_POINT('',(0.32,-20.,8.38));
#16610=CARTESIAN_POINT('',(0.32,-20.,-3.));
#16611=CARTESIAN_POINT('',(0.32,-20.64,8.38));
#16612=CARTESIAN_POINT('Origin',(-0.32,-20.,-3.));
#16613=CARTESIAN_POINT('',(-0.32,-20.,8.38));
#16614=CARTESIAN_POINT('',(-0.32,-20.,-3.));
#16615=CARTESIAN_POINT('',(-0.32,-20.,8.38));
#16616=CARTESIAN_POINT('Origin',(-0.32,-20.64,-3.));
#16617=CARTESIAN_POINT('',(-0.32,-20.64,8.38));
#16618=CARTESIAN_POINT('Origin',(-0.32,-0.32,-3.));
#16619=CARTESIAN_POINT('',(0.32,-0.32,8.38));
#16620=CARTESIAN_POINT('',(0.32,-0.32,-3.));
#16621=CARTESIAN_POINT('',(-0.32,-0.32,8.38));
#16622=CARTESIAN_POINT('',(-0.32,-0.32,8.38));
#16623=CARTESIAN_POINT('',(-0.32,-0.32,-3.));
#16624=CARTESIAN_POINT('Origin',(0.32,-0.32,-3.));
#16625=CARTESIAN_POINT('',(0.32,0.32,8.38));
#16626=CARTESIAN_POINT('',(0.32,0.32,-3.));
#16627=CARTESIAN_POINT('',(0.32,-0.32,8.38));
#16628=CARTESIAN_POINT('Origin',(-0.32,0.32,-3.));
#16629=CARTESIAN_POINT('',(-0.32,0.32,8.38));
#16630=CARTESIAN_POINT('',(-0.32,0.32,-3.));
#16631=CARTESIAN_POINT('',(-0.32,0.32,8.38));
#16632=CARTESIAN_POINT('Origin',(-0.32,-0.32,-3.));
#16633=CARTESIAN_POINT('',(-0.32,-0.32,8.38));
#16634=CARTESIAN_POINT('Origin',(0.32,-2.86,-3.));
#16635=CARTESIAN_POINT('',(0.32,-2.86,8.38));
#16636=CARTESIAN_POINT('',(0.32,-2.86,-3.));
#16637=CARTESIAN_POINT('',(0.32,-2.22,8.38));
#16638=CARTESIAN_POINT('',(0.32,-2.22,-3.));
#16639=CARTESIAN_POINT('',(0.32,-2.86,8.38));
#16640=CARTESIAN_POINT('Origin',(-0.32,-2.22,-3.));
#16641=CARTESIAN_POINT('',(-0.32,-2.22,8.38));
#16642=CARTESIAN_POINT('',(-0.32,-2.22,-3.));
#16643=CARTESIAN_POINT('',(-0.32,-2.22,8.38));
#16644=CARTESIAN_POINT('Origin',(-0.32,-2.86,-3.));
#16645=CARTESIAN_POINT('',(-0.32,-2.86,8.38));
#16646=CARTESIAN_POINT('',(-0.32,-2.86,-3.));
#16647=CARTESIAN_POINT('',(-0.32,-2.86,8.38));
#16648=CARTESIAN_POINT('Origin',(-0.32,-2.86,-3.));
#16649=CARTESIAN_POINT('',(-0.32,-2.86,8.38));
#16650=CARTESIAN_POINT('Origin',(0.32,-5.4,-3.));
#16651=CARTESIAN_POINT('',(0.32,-5.4,8.38));
#16652=CARTESIAN_POINT('',(0.32,-5.4,-3.));
#16653=CARTESIAN_POINT('',(0.32,-4.76,8.38));
#16654=CARTESIAN_POINT('',(0.32,-4.76,-3.));
#16655=CARTESIAN_POINT('',(0.32,-5.4,8.38));
#16656=CARTESIAN_POINT('Origin',(-0.32,-4.76,-3.));
#16657=CARTESIAN_POINT('',(-0.32,-4.76,8.38));
#16658=CARTESIAN_POINT('',(-0.32,-4.76,-3.));
#16659=CARTESIAN_POINT('',(-0.32,-4.76,8.38));
#16660=CARTESIAN_POINT('Origin',(-0.32,-5.4,-3.));
#16661=CARTESIAN_POINT('',(-0.32,-5.4,8.38));
#16662=CARTESIAN_POINT('',(-0.32,-5.4,-3.));
#16663=CARTESIAN_POINT('',(-0.32,-5.4,8.38));
#16664=CARTESIAN_POINT('Origin',(-0.32,-5.4,-3.));
#16665=CARTESIAN_POINT('',(-0.32,-5.4,8.38));
#16666=CARTESIAN_POINT('Origin',(0.24,-13.02,-2.92));
#16667=CARTESIAN_POINT('',(0.16,-12.86,-3.));
#16668=CARTESIAN_POINT('',(0.16,-12.86,-3.));
#16669=CARTESIAN_POINT('',(0.16,-12.54,-3.));
#16670=CARTESIAN_POINT('',(0.16,-13.02,-3.));
#16671=CARTESIAN_POINT('',(0.05333333333333,-12.64666666666,-3.106666666667));
#16672=CARTESIAN_POINT('Origin',(-0.32,-12.46,-2.92));
#16673=CARTESIAN_POINT('',(-0.16,-12.54,-3.));
#16674=CARTESIAN_POINT('',(-0.16,-12.54,-3.));
#16675=CARTESIAN_POINT('',(-0.32,-12.54,-3.));
#16676=CARTESIAN_POINT('Origin',(-0.24,-13.02,-2.92));
#16677=CARTESIAN_POINT('',(-0.16,-12.86,-3.));
#16678=CARTESIAN_POINT('',(-0.266666666667,-12.96666666666,-2.893333333333));
#16679=CARTESIAN_POINT('',(-0.16,-13.02,-3.));
#16680=CARTESIAN_POINT('Origin',(-0.32,-12.94,-2.92));
#16681=CARTESIAN_POINT('',(-0.32,-12.86,-3.));
#16682=CARTESIAN_POINT('Origin',(0.24,-10.48,-2.92));
#16683=CARTESIAN_POINT('',(0.16,-10.32,-3.));
#16684=CARTESIAN_POINT('',(0.16,-10.32,-3.));
#16685=CARTESIAN_POINT('',(0.16,-10.,-3.));
#16686=CARTESIAN_POINT('',(0.16,-10.48,-3.));
#16687=CARTESIAN_POINT('',(0.05333333333333,-10.10666666666,-3.106666666667));
#16688=CARTESIAN_POINT('Origin',(-0.32,-9.92,-2.92));
#16689=CARTESIAN_POINT('',(-0.16,-10.,-3.));
#16690=CARTESIAN_POINT('',(-0.16,-10.,-3.));
#16691=CARTESIAN_POINT('',(-0.32,-10.,-3.));
#16692=CARTESIAN_POINT('Origin',(-0.24,-10.48,-2.92));
#16693=CARTESIAN_POINT('',(-0.16,-10.32,-3.));
#16694=CARTESIAN_POINT('',(-0.266666666667,-10.42666666666,-2.893333333333));
#16695=CARTESIAN_POINT('',(-0.16,-10.48,-3.));
#16696=CARTESIAN_POINT('Origin',(-0.32,-10.4,-2.92));
#16697=CARTESIAN_POINT('',(-0.32,-10.32,-3.));
#16698=CARTESIAN_POINT('Origin',(0.24,-7.94,-2.92));
#16699=CARTESIAN_POINT('',(0.16,-7.78,-3.));
#16700=CARTESIAN_POINT('',(0.16,-7.78,-3.));
#16701=CARTESIAN_POINT('',(0.16,-7.46,-3.));
#16702=CARTESIAN_POINT('',(0.16,-7.94,-3.));
#16703=CARTESIAN_POINT('',(0.05333333333333,-7.566666666667,-3.106666666667));
#16704=CARTESIAN_POINT('Origin',(-0.32,-7.38,-2.92));
#16705=CARTESIAN_POINT('',(-0.16,-7.46,-3.));
#16706=CARTESIAN_POINT('',(-0.16,-7.46,-3.));
#16707=CARTESIAN_POINT('',(-0.32,-7.46,-3.));
#16708=CARTESIAN_POINT('Origin',(-0.24,-7.94,-2.92));
#16709=CARTESIAN_POINT('',(-0.16,-7.78,-3.));
#16710=CARTESIAN_POINT('',(-0.266666666667,-7.886666666667,-2.893333333333));
#16711=CARTESIAN_POINT('',(-0.16,-7.94,-3.));
#16712=CARTESIAN_POINT('Origin',(-0.32,-7.86,-2.92));
#16713=CARTESIAN_POINT('',(-0.32,-7.78,-3.));
#16714=CARTESIAN_POINT('Origin',(-0.32,-18.02,-2.92));
#16715=CARTESIAN_POINT('',(-0.16,-17.94,-3.));
#16716=CARTESIAN_POINT('',(-0.266666666667,-18.04666666666,-2.893333333333));
#16717=CARTESIAN_POINT('',(0.16,-17.94,-3.));
#16718=CARTESIAN_POINT('',(-0.32,-17.94,-3.));
#16719=CARTESIAN_POINT('',(0.16,-17.94,-3.));
#16720=CARTESIAN_POINT('Origin',(0.24,-18.1,-2.92));
#16721=CARTESIAN_POINT('',(0.16,-17.62,-3.));
#16722=CARTESIAN_POINT('',(0.16,-18.1,-3.));
#16723=CARTESIAN_POINT('',(0.05333333333333,-17.72666666666,-3.106666666667));
#16724=CARTESIAN_POINT('Origin',(-0.32,-17.54,-2.92));
#16725=CARTESIAN_POINT('',(-0.16,-17.62,-3.));
#16726=CARTESIAN_POINT('',(-0.16,-17.62,-3.));
#16727=CARTESIAN_POINT('',(-0.32,-17.62,-3.));
#16728=CARTESIAN_POINT('Origin',(-0.24,-18.1,-2.92));
#16729=CARTESIAN_POINT('',(-0.16,-18.1,-3.));
#16730=CARTESIAN_POINT('Origin',(0.24,-15.56,-2.92));
#16731=CARTESIAN_POINT('',(0.16,-15.4,-3.));
#16732=CARTESIAN_POINT('',(0.16,-15.4,-3.));
#16733=CARTESIAN_POINT('',(0.16,-15.08,-3.));
#16734=CARTESIAN_POINT('',(0.16,-15.56,-3.));
#16735=CARTESIAN_POINT('',(0.05333333333333,-15.18666666666,-3.106666666667));
#16736=CARTESIAN_POINT('Origin',(-0.32,-15.,-2.92));
#16737=CARTESIAN_POINT('',(-0.16,-15.08,-3.));
#16738=CARTESIAN_POINT('',(-0.16,-15.08,-3.));
#16739=CARTESIAN_POINT('',(-0.32,-15.08,-3.));
#16740=CARTESIAN_POINT('Origin',(-0.24,-15.56,-2.92));
#16741=CARTESIAN_POINT('',(-0.16,-15.4,-3.));
#16742=CARTESIAN_POINT('',(-0.266666666667,-15.50666666666,-2.893333333333));
#16743=CARTESIAN_POINT('',(-0.16,-15.56,-3.));
#16744=CARTESIAN_POINT('Origin',(-0.32,-15.48,-2.92));
#16745=CARTESIAN_POINT('',(-0.32,-15.4,-3.));
#16746=CARTESIAN_POINT('Origin',(0.24,-23.18,-2.92));
#16747=CARTESIAN_POINT('',(0.16,-23.02,-3.));
#16748=CARTESIAN_POINT('',(0.16,-23.02,-3.));
#16749=CARTESIAN_POINT('',(0.16,-22.7,-3.));
#16750=CARTESIAN_POINT('',(0.16,-23.18,-3.));
#16751=CARTESIAN_POINT('',(0.05333333333333,-22.80666666666,-3.106666666667));
#16752=CARTESIAN_POINT('Origin',(-0.32,-22.62,-2.92));
#16753=CARTESIAN_POINT('',(-0.16,-22.7,-3.));
#16754=CARTESIAN_POINT('',(-0.16,-22.7,-3.));
#16755=CARTESIAN_POINT('',(-0.32,-22.7,-3.));
#16756=CARTESIAN_POINT('Origin',(-0.24,-23.18,-2.92));
#16757=CARTESIAN_POINT('',(-0.16,-23.02,-3.));
#16758=CARTESIAN_POINT('',(-0.266666666667,-23.12666666666,-2.893333333333));
#16759=CARTESIAN_POINT('',(-0.16,-23.18,-3.));
#16760=CARTESIAN_POINT('Origin',(-0.32,-23.1,-2.92));
#16761=CARTESIAN_POINT('',(-0.32,-23.02,-3.));
#16762=CARTESIAN_POINT('Origin',(-0.32,-20.56,-2.92));
#16763=CARTESIAN_POINT('',(-0.16,-20.48,-3.));
#16764=CARTESIAN_POINT('',(-0.266666666667,-20.58666666666,-2.893333333333));
#16765=CARTESIAN_POINT('',(0.16,-20.48,-3.));
#16766=CARTESIAN_POINT('',(-0.32,-20.48,-3.));
#16767=CARTESIAN_POINT('',(0.16,-20.48,-3.));
#16768=CARTESIAN_POINT('Origin',(0.24,-20.64,-2.92));
#16769=CARTESIAN_POINT('',(0.16,-20.16,-3.));
#16770=CARTESIAN_POINT('',(0.16,-20.64,-3.));
#16771=CARTESIAN_POINT('',(0.05333333333333,-20.26666666666,-3.106666666667));
#16772=CARTESIAN_POINT('Origin',(-0.32,-20.08,-2.92));
#16773=CARTESIAN_POINT('',(-0.16,-20.16,-3.));
#16774=CARTESIAN_POINT('',(-0.16,-20.16,-3.));
#16775=CARTESIAN_POINT('',(-0.32,-20.16,-3.));
#16776=CARTESIAN_POINT('Origin',(-0.24,-20.64,-2.92));
#16777=CARTESIAN_POINT('',(-0.16,-20.64,-3.));
#16778=CARTESIAN_POINT('Origin',(-0.32,-0.24,-2.92));
#16779=CARTESIAN_POINT('',(-0.16,-0.16,-3.));
#16780=CARTESIAN_POINT('',(-0.266666666667,-0.266666666667,-2.893333333333));
#16781=CARTESIAN_POINT('',(0.16,-0.16,-3.));
#16782=CARTESIAN_POINT('',(-0.32,-0.16,-3.));
#16783=CARTESIAN_POINT('',(0.16,-0.16,-3.));
#16784=CARTESIAN_POINT('Origin',(0.24,-0.32,-2.92));
#16785=CARTESIAN_POINT('',(0.16,0.16,-3.));
#16786=CARTESIAN_POINT('',(0.16,-0.32,-3.));
#16787=CARTESIAN_POINT('',(0.05333333333333,0.05333333333333,-3.106666666667));
#16788=CARTESIAN_POINT('Origin',(-0.32,0.24,-2.92));
#16789=CARTESIAN_POINT('',(-0.16,0.16,-3.));
#16790=CARTESIAN_POINT('',(-0.16,0.16,-3.));
#16791=CARTESIAN_POINT('',(-0.32,0.16,-3.));
#16792=CARTESIAN_POINT('Origin',(-0.24,-0.32,-2.92));
#16793=CARTESIAN_POINT('',(-0.16,-0.32,-3.));
#16794=CARTESIAN_POINT('Origin',(0.24,-2.86,-2.92));
#16795=CARTESIAN_POINT('',(0.16,-2.7,-3.));
#16796=CARTESIAN_POINT('',(0.16,-2.7,-3.));
#16797=CARTESIAN_POINT('',(0.16,-2.38,-3.));
#16798=CARTESIAN_POINT('',(0.16,-2.86,-3.));
#16799=CARTESIAN_POINT('',(0.05333333333333,-2.486666666667,-3.106666666667));
#16800=CARTESIAN_POINT('Origin',(-0.32,-2.3,-2.92));
#16801=CARTESIAN_POINT('',(-0.16,-2.38,-3.));
#16802=CARTESIAN_POINT('',(-0.16,-2.38,-3.));
#16803=CARTESIAN_POINT('',(-0.32,-2.38,-3.));
#16804=CARTESIAN_POINT('Origin',(-0.24,-2.86,-2.92));
#16805=CARTESIAN_POINT('',(-0.16,-2.7,-3.));
#16806=CARTESIAN_POINT('',(-0.266666666667,-2.806666666667,-2.893333333333));
#16807=CARTESIAN_POINT('',(-0.16,-2.86,-3.));
#16808=CARTESIAN_POINT('Origin',(-0.32,-2.78,-2.92));
#16809=CARTESIAN_POINT('',(-0.32,-2.7,-3.));
#16810=CARTESIAN_POINT('Origin',(0.24,-5.4,-2.92));
#16811=CARTESIAN_POINT('',(0.16,-5.24,-3.));
#16812=CARTESIAN_POINT('',(0.16,-5.24,-3.));
#16813=CARTESIAN_POINT('',(0.16,-4.92,-3.));
#16814=CARTESIAN_POINT('',(0.16,-5.4,-3.));
#16815=CARTESIAN_POINT('',(0.05333333333333,-5.026666666667,-3.106666666667));
#16816=CARTESIAN_POINT('Origin',(-0.32,-4.84,-2.92));
#16817=CARTESIAN_POINT('',(-0.16,-4.92,-3.));
#16818=CARTESIAN_POINT('',(-0.16,-4.92,-3.));
#16819=CARTESIAN_POINT('',(-0.32,-4.92,-3.));
#16820=CARTESIAN_POINT('Origin',(-0.24,-5.4,-2.92));
#16821=CARTESIAN_POINT('',(-0.16,-5.24,-3.));
#16822=CARTESIAN_POINT('',(-0.266666666667,-5.346666666667,-2.893333333333));
#16823=CARTESIAN_POINT('',(-0.16,-5.4,-3.));
#16824=CARTESIAN_POINT('Origin',(-0.32,-5.32,-2.92));
#16825=CARTESIAN_POINT('',(-0.32,-5.24,-3.));
#16826=CARTESIAN_POINT('Origin',(0.24,-13.02,8.46));
#16827=CARTESIAN_POINT('',(0.16,-12.86,8.54));
#16828=CARTESIAN_POINT('',(0.16,-12.86,8.54));
#16829=CARTESIAN_POINT('',(0.16,-12.54,8.54));
#16830=CARTESIAN_POINT('',(0.05333333333333,-12.64666666666,8.646666666667));
#16831=CARTESIAN_POINT('',(0.16,-13.02,8.54));
#16832=CARTESIAN_POINT('Origin',(-0.32,-12.46,8.46));
#16833=CARTESIAN_POINT('',(-0.16,-12.54,8.54));
#16834=CARTESIAN_POINT('',(-0.16,-12.54,8.54));
#16835=CARTESIAN_POINT('',(-0.32,-12.54,8.54));
#16836=CARTESIAN_POINT('Origin',(-0.24,-13.02,8.46));
#16837=CARTESIAN_POINT('',(-0.16,-12.86,8.54));
#16838=CARTESIAN_POINT('',(-0.266666666667,-12.96666666666,8.433333333333));
#16839=CARTESIAN_POINT('',(-0.16,-13.02,8.54));
#16840=CARTESIAN_POINT('Origin',(-0.32,-12.94,8.46));
#16841=CARTESIAN_POINT('',(-0.32,-12.86,8.54));
#16842=CARTESIAN_POINT('Origin',(0.24,-10.48,8.46));
#16843=CARTESIAN_POINT('',(0.16,-10.32,8.54));
#16844=CARTESIAN_POINT('',(0.16,-10.32,8.54));
#16845=CARTESIAN_POINT('',(0.16,-10.,8.54));
#16846=CARTESIAN_POINT('',(0.05333333333333,-10.10666666666,8.646666666667));
#16847=CARTESIAN_POINT('',(0.16,-10.48,8.54));
#16848=CARTESIAN_POINT('Origin',(-0.32,-9.92,8.46));
#16849=CARTESIAN_POINT('',(-0.16,-10.,8.54));
#16850=CARTESIAN_POINT('',(-0.16,-10.,8.54));
#16851=CARTESIAN_POINT('',(-0.32,-10.,8.54));
#16852=CARTESIAN_POINT('Origin',(-0.24,-10.48,8.46));
#16853=CARTESIAN_POINT('',(-0.16,-10.32,8.54));
#16854=CARTESIAN_POINT('',(-0.266666666667,-10.42666666666,8.433333333333));
#16855=CARTESIAN_POINT('',(-0.16,-10.48,8.54));
#16856=CARTESIAN_POINT('Origin',(-0.32,-10.4,8.46));
#16857=CARTESIAN_POINT('',(-0.32,-10.32,8.54));
#16858=CARTESIAN_POINT('Origin',(0.24,-7.94,8.46));
#16859=CARTESIAN_POINT('',(0.16,-7.78,8.54));
#16860=CARTESIAN_POINT('',(0.16,-7.78,8.54));
#16861=CARTESIAN_POINT('',(0.16,-7.46,8.54));
#16862=CARTESIAN_POINT('',(0.05333333333333,-7.566666666667,8.646666666667));
#16863=CARTESIAN_POINT('',(0.16,-7.94,8.54));
#16864=CARTESIAN_POINT('Origin',(-0.32,-7.38,8.46));
#16865=CARTESIAN_POINT('',(-0.16,-7.46,8.54));
#16866=CARTESIAN_POINT('',(-0.16,-7.46,8.54));
#16867=CARTESIAN_POINT('',(-0.32,-7.46,8.54));
#16868=CARTESIAN_POINT('Origin',(-0.24,-7.94,8.46));
#16869=CARTESIAN_POINT('',(-0.16,-7.78,8.54));
#16870=CARTESIAN_POINT('',(-0.266666666667,-7.886666666667,8.433333333333));
#16871=CARTESIAN_POINT('',(-0.16,-7.94,8.54));
#16872=CARTESIAN_POINT('Origin',(-0.32,-7.86,8.46));
#16873=CARTESIAN_POINT('',(-0.32,-7.78,8.54));
#16874=CARTESIAN_POINT('Origin',(-0.32,-18.02,8.46));
#16875=CARTESIAN_POINT('',(-0.16,-17.94,8.54));
#16876=CARTESIAN_POINT('',(-0.266666666667,-18.04666666666,8.433333333333));
#16877=CARTESIAN_POINT('',(0.16,-17.94,8.54));
#16878=CARTESIAN_POINT('',(0.16,-17.94,8.54));
#16879=CARTESIAN_POINT('',(-0.32,-17.94,8.54));
#16880=CARTESIAN_POINT('Origin',(0.24,-18.1,8.46));
#16881=CARTESIAN_POINT('',(0.16,-17.62,8.54));
#16882=CARTESIAN_POINT('',(0.05333333333333,-17.72666666666,8.646666666667));
#16883=CARTESIAN_POINT('',(0.16,-18.1,8.54));
#16884=CARTESIAN_POINT('Origin',(-0.32,-17.54,8.46));
#16885=CARTESIAN_POINT('',(-0.16,-17.62,8.54));
#16886=CARTESIAN_POINT('',(-0.16,-17.62,8.54));
#16887=CARTESIAN_POINT('',(-0.32,-17.62,8.54));
#16888=CARTESIAN_POINT('Origin',(-0.24,-18.1,8.46));
#16889=CARTESIAN_POINT('',(-0.16,-18.1,8.54));
#16890=CARTESIAN_POINT('Origin',(0.24,-15.56,8.46));
#16891=CARTESIAN_POINT('',(0.16,-15.4,8.54));
#16892=CARTESIAN_POINT('',(0.16,-15.4,8.54));
#16893=CARTESIAN_POINT('',(0.16,-15.08,8.54));
#16894=CARTESIAN_POINT('',(0.05333333333333,-15.18666666666,8.646666666667));
#16895=CARTESIAN_POINT('',(0.16,-15.56,8.54));
#16896=CARTESIAN_POINT('Origin',(-0.32,-15.,8.46));
#16897=CARTESIAN_POINT('',(-0.16,-15.08,8.54));
#16898=CARTESIAN_POINT('',(-0.16,-15.08,8.54));
#16899=CARTESIAN_POINT('',(-0.32,-15.08,8.54));
#16900=CARTESIAN_POINT('Origin',(-0.24,-15.56,8.46));
#16901=CARTESIAN_POINT('',(-0.16,-15.4,8.54));
#16902=CARTESIAN_POINT('',(-0.266666666667,-15.50666666666,8.433333333333));
#16903=CARTESIAN_POINT('',(-0.16,-15.56,8.54));
#16904=CARTESIAN_POINT('Origin',(-0.32,-15.48,8.46));
#16905=CARTESIAN_POINT('',(-0.32,-15.4,8.54));
#16906=CARTESIAN_POINT('Origin',(0.24,-23.18,8.46));
#16907=CARTESIAN_POINT('',(0.16,-23.02,8.54));
#16908=CARTESIAN_POINT('',(0.16,-23.02,8.54));
#16909=CARTESIAN_POINT('',(0.16,-22.7,8.54));
#16910=CARTESIAN_POINT('',(0.05333333333333,-22.80666666666,8.646666666667));
#16911=CARTESIAN_POINT('',(0.16,-23.18,8.54));
#16912=CARTESIAN_POINT('Origin',(-0.32,-22.62,8.46));
#16913=CARTESIAN_POINT('',(-0.16,-22.7,8.54));
#16914=CARTESIAN_POINT('',(-0.16,-22.7,8.54));
#16915=CARTESIAN_POINT('',(-0.32,-22.7,8.54));
#16916=CARTESIAN_POINT('Origin',(-0.24,-23.18,8.46));
#16917=CARTESIAN_POINT('',(-0.16,-23.02,8.54));
#16918=CARTESIAN_POINT('',(-0.266666666667,-23.12666666666,8.433333333333));
#16919=CARTESIAN_POINT('',(-0.16,-23.18,8.54));
#16920=CARTESIAN_POINT('Origin',(-0.32,-23.1,8.46));
#16921=CARTESIAN_POINT('',(-0.32,-23.02,8.54));
#16922=CARTESIAN_POINT('Origin',(-0.32,-20.56,8.46));
#16923=CARTESIAN_POINT('',(-0.16,-20.48,8.54));
#16924=CARTESIAN_POINT('',(-0.266666666667,-20.58666666666,8.433333333333));
#16925=CARTESIAN_POINT('',(0.16,-20.48,8.54));
#16926=CARTESIAN_POINT('',(0.16,-20.48,8.54));
#16927=CARTESIAN_POINT('',(-0.32,-20.48,8.54));
#16928=CARTESIAN_POINT('Origin',(0.24,-20.64,8.46));
#16929=CARTESIAN_POINT('',(0.16,-20.16,8.54));
#16930=CARTESIAN_POINT('',(0.05333333333333,-20.26666666666,8.646666666667));
#16931=CARTESIAN_POINT('',(0.16,-20.64,8.54));
#16932=CARTESIAN_POINT('Origin',(-0.32,-20.08,8.46));
#16933=CARTESIAN_POINT('',(-0.16,-20.16,8.54));
#16934=CARTESIAN_POINT('',(-0.16,-20.16,8.54));
#16935=CARTESIAN_POINT('',(-0.32,-20.16,8.54));
#16936=CARTESIAN_POINT('Origin',(-0.24,-20.64,8.46));
#16937=CARTESIAN_POINT('',(-0.16,-20.64,8.54));
#16938=CARTESIAN_POINT('Origin',(-0.32,-0.24,8.46));
#16939=CARTESIAN_POINT('',(-0.16,-0.16,8.54));
#16940=CARTESIAN_POINT('',(-0.266666666667,-0.266666666667,8.433333333333));
#16941=CARTESIAN_POINT('',(0.16,-0.16,8.54));
#16942=CARTESIAN_POINT('',(0.16,-0.16,8.54));
#16943=CARTESIAN_POINT('',(-0.32,-0.16,8.54));
#16944=CARTESIAN_POINT('Origin',(0.24,-0.32,8.46));
#16945=CARTESIAN_POINT('',(0.16,0.16,8.54));
#16946=CARTESIAN_POINT('',(0.05333333333333,0.05333333333333,8.646666666667));
#16947=CARTESIAN_POINT('',(0.16,-0.32,8.54));
#16948=CARTESIAN_POINT('Origin',(-0.32,0.24,8.46));
#16949=CARTESIAN_POINT('',(-0.16,0.16,8.54));
#16950=CARTESIAN_POINT('',(-0.16,0.16,8.54));
#16951=CARTESIAN_POINT('',(-0.32,0.16,8.54));
#16952=CARTESIAN_POINT('Origin',(-0.24,-0.32,8.46));
#16953=CARTESIAN_POINT('',(-0.16,-0.32,8.54));
#16954=CARTESIAN_POINT('Origin',(0.24,-2.86,8.46));
#16955=CARTESIAN_POINT('',(0.16,-2.7,8.54));
#16956=CARTESIAN_POINT('',(0.16,-2.7,8.54));
#16957=CARTESIAN_POINT('',(0.16,-2.38,8.54));
#16958=CARTESIAN_POINT('',(0.05333333333333,-2.486666666667,8.646666666667));
#16959=CARTESIAN_POINT('',(0.16,-2.86,8.54));
#16960=CARTESIAN_POINT('Origin',(-0.32,-2.3,8.46));
#16961=CARTESIAN_POINT('',(-0.16,-2.38,8.54));
#16962=CARTESIAN_POINT('',(-0.16,-2.38,8.54));
#16963=CARTESIAN_POINT('',(-0.32,-2.38,8.54));
#16964=CARTESIAN_POINT('Origin',(-0.24,-2.86,8.46));
#16965=CARTESIAN_POINT('',(-0.16,-2.7,8.54));
#16966=CARTESIAN_POINT('',(-0.266666666667,-2.806666666667,8.433333333333));
#16967=CARTESIAN_POINT('',(-0.16,-2.86,8.54));
#16968=CARTESIAN_POINT('Origin',(-0.32,-2.78,8.46));
#16969=CARTESIAN_POINT('',(-0.32,-2.7,8.54));
#16970=CARTESIAN_POINT('Origin',(0.24,-5.4,8.46));
#16971=CARTESIAN_POINT('',(0.16,-5.24,8.54));
#16972=CARTESIAN_POINT('',(0.16,-5.24,8.54));
#16973=CARTESIAN_POINT('',(0.16,-4.92,8.54));
#16974=CARTESIAN_POINT('',(0.05333333333333,-5.026666666667,8.646666666667));
#16975=CARTESIAN_POINT('',(0.16,-5.4,8.54));
#16976=CARTESIAN_POINT('Origin',(-0.32,-4.84,8.46));
#16977=CARTESIAN_POINT('',(-0.16,-4.92,8.54));
#16978=CARTESIAN_POINT('',(-0.16,-4.92,8.54));
#16979=CARTESIAN_POINT('',(-0.32,-4.92,8.54));
#16980=CARTESIAN_POINT('Origin',(-0.24,-5.4,8.46));
#16981=CARTESIAN_POINT('',(-0.16,-5.24,8.54));
#16982=CARTESIAN_POINT('',(-0.266666666667,-5.346666666667,8.433333333333));
#16983=CARTESIAN_POINT('',(-0.16,-5.4,8.54));
#16984=CARTESIAN_POINT('Origin',(-0.32,-5.32,8.46));
#16985=CARTESIAN_POINT('',(-0.32,-5.24,8.54));
#16986=CARTESIAN_POINT('Origin',(-0.32,-13.02,-3.));
#16987=CARTESIAN_POINT('Origin',(-0.32,-10.48,-3.));
#16988=CARTESIAN_POINT('Origin',(-0.32,-7.94,-3.));
#16989=CARTESIAN_POINT('Origin',(-0.32,-18.1,-3.));
#16990=CARTESIAN_POINT('Origin',(-0.32,-15.56,-3.));
#16991=CARTESIAN_POINT('Origin',(-0.32,-23.18,-3.));
#16992=CARTESIAN_POINT('Origin',(-0.32,-20.64,-3.));
#16993=CARTESIAN_POINT('Origin',(-0.32,-0.32,-3.));
#16994=CARTESIAN_POINT('Origin',(-0.32,-2.86,-3.));
#16995=CARTESIAN_POINT('Origin',(-0.32,-5.4,-3.));
#16996=CARTESIAN_POINT('Origin',(-0.32,-13.02,8.54));
#16997=CARTESIAN_POINT('Origin',(-0.32,-10.48,8.54));
#16998=CARTESIAN_POINT('Origin',(-0.32,-7.94,8.54));
#16999=CARTESIAN_POINT('Origin',(-0.32,-18.1,8.54));
#17000=CARTESIAN_POINT('Origin',(-0.32,-15.56,8.54));
#17001=CARTESIAN_POINT('Origin',(-0.32,-23.18,8.54));
#17002=CARTESIAN_POINT('Origin',(-0.32,-20.64,8.54));
#17003=CARTESIAN_POINT('Origin',(-0.32,-0.32,8.54));
#17004=CARTESIAN_POINT('Origin',(-0.32,-2.86,8.54));
#17005=CARTESIAN_POINT('Origin',(-0.32,-5.4,8.54));
#17006=CARTESIAN_POINT('',(0.,0.,0.));
#17007=CARTESIAN_POINT('',(0.,0.,0.));
#17008=CARTESIAN_POINT('',(0.,0.,0.));
#17009=CARTESIAN_POINT('Origin',(5.08,1.499939296836E-32,-3.9));
#17010=CARTESIAN_POINT('',(4.93,1.83697019872103E-17,-4.));
#17011=CARTESIAN_POINT('Origin',(5.08,1.54074395551E-32,-4.));
#17012=CARTESIAN_POINT('',(4.83,3.06161699786838E-17,-3.9));
#17013=CARTESIAN_POINT('Origin',(4.93,1.83697019872103E-17,-3.9));
#17014=CARTESIAN_POINT('Origin',(5.08,1.499939296836E-32,-3.9));
#17015=CARTESIAN_POINT('Origin',(5.08,0.,0.2));
#17016=CARTESIAN_POINT('',(4.83,-3.06161699786838E-17,0.1));
#17017=CARTESIAN_POINT('Origin',(5.08,0.,0.1));
#17018=CARTESIAN_POINT('',(4.83,-3.06161699786838E-17,0.2));
#17019=CARTESIAN_POINT('Origin',(5.08,2.18439881135E-17,-4.));
#17020=CARTESIAN_POINT('Origin',(2.49,2.25,0.1));
#17021=CARTESIAN_POINT('',(8.29,6.075,0.1));
#17022=CARTESIAN_POINT('',(8.29,-1.575,0.1));
#17023=CARTESIAN_POINT('',(8.29,6.5,0.1));
#17024=CARTESIAN_POINT('',(7.865,-2.,0.1));
#17025=CARTESIAN_POINT('Origin',(7.865,-1.575,0.1));
#17026=CARTESIAN_POINT('',(-2.885,-2.,0.1));
#17027=CARTESIAN_POINT('',(8.29,-2.,0.1));
#17028=CARTESIAN_POINT('',(-3.31,-1.575,0.1));
#17029=CARTESIAN_POINT('Origin',(-2.885,-1.575,0.1));
#17030=CARTESIAN_POINT('',(-3.31,6.075,0.1));
#17031=CARTESIAN_POINT('',(-3.31,-2.,0.1));
#17032=CARTESIAN_POINT('',(-2.885,6.5,0.1));
#17033=CARTESIAN_POINT('Origin',(-2.885,6.075,0.1));
#17034=CARTESIAN_POINT('',(7.865,6.5,0.1));
#17035=CARTESIAN_POINT('',(-3.31,6.5,0.1));
#17036=CARTESIAN_POINT('Origin',(7.865,6.075,0.1));
#17037=CARTESIAN_POINT('',(2.29,-3.06161699786838E-17,0.1));
#17038=CARTESIAN_POINT('Origin',(2.54,0.,0.1));
#17039=CARTESIAN_POINT('',(-0.25,-3.06161699786838E-17,0.1));
#17040=CARTESIAN_POINT('Origin',(0.,0.,0.1));
#17041=CARTESIAN_POINT('Origin',(8.29,6.5,0.1));
#17042=CARTESIAN_POINT('',(8.29,6.075,10.2875));
#17043=CARTESIAN_POINT('',(8.29,6.075,0.1));
#17044=CARTESIAN_POINT('',(8.29,-1.575,10.2875));
#17045=CARTESIAN_POINT('',(8.29,6.075,10.2875));
#17046=CARTESIAN_POINT('',(8.29,-1.575,0.1));
#17047=CARTESIAN_POINT('Origin',(7.865,6.075,0.1));
#17048=CARTESIAN_POINT('',(7.865,6.5,10.2875));
#17049=CARTESIAN_POINT('',(7.865,6.5,0.1));
#17050=CARTESIAN_POINT('Origin',(7.865,6.075,10.2875));
#17051=CARTESIAN_POINT('Origin',(7.865,-1.575,0.1));
#17052=CARTESIAN_POINT('',(7.865,-2.,10.2875));
#17053=CARTESIAN_POINT('',(7.865,-2.,0.1));
#17054=CARTESIAN_POINT('Origin',(7.865,-1.575,10.2875));
#17055=CARTESIAN_POINT('Origin',(-3.31,6.5,0.1));
#17056=CARTESIAN_POINT('',(-2.885,6.5,10.2875));
#17057=CARTESIAN_POINT('',(-2.885,6.5,0.1));
#17058=CARTESIAN_POINT('',(-2.885,6.5,10.2875));
#17059=CARTESIAN_POINT('Origin',(8.29,-2.,0.1));
#17060=CARTESIAN_POINT('',(-2.885,-2.,10.2875));
#17061=CARTESIAN_POINT('',(7.865,-2.,10.2875));
#17062=CARTESIAN_POINT('',(-2.885,-2.,0.1));
#17063=CARTESIAN_POINT('Origin',(-2.885,6.075,0.1));
#17064=CARTESIAN_POINT('',(-3.31,6.075,10.2875));
#17065=CARTESIAN_POINT('Origin',(-2.885,6.075,10.2875));
#17066=CARTESIAN_POINT('',(-3.31,6.075,0.1));
#17067=CARTESIAN_POINT('Origin',(-2.885,-1.575,0.1));
#17068=CARTESIAN_POINT('',(-3.31,-1.575,10.2875));
#17069=CARTESIAN_POINT('Origin',(-2.885,-1.575,10.2875));
#17070=CARTESIAN_POINT('',(-3.31,-1.575,0.1));
#17071=CARTESIAN_POINT('Origin',(-3.31,-2.,0.1));
#17072=CARTESIAN_POINT('',(-3.31,-1.575,10.2875));
#17073=CARTESIAN_POINT('Origin',(2.54,0.,0.2));
#17074=CARTESIAN_POINT('',(2.29,-3.06161699786838E-17,-3.9));
#17075=CARTESIAN_POINT('',(2.29,-3.06161699786838E-17,0.2));
#17076=CARTESIAN_POINT('Origin',(2.54,1.499939296836E-32,-3.9));
#17077=CARTESIAN_POINT('Origin',(0.,0.,0.2));
#17078=CARTESIAN_POINT('',(-0.25,-3.06161699786838E-17,-3.9));
#17079=CARTESIAN_POINT('',(-0.25,-3.06161699786838E-17,0.2));
#17080=CARTESIAN_POINT('Origin',(-3.615612482263E-32,1.499939296836E-32,
-3.9));
#17081=CARTESIAN_POINT('Origin',(8.0775,6.075,10.2875));
#17082=CARTESIAN_POINT('',(8.0775,6.075,10.5));
#17083=CARTESIAN_POINT('Origin',(8.0775,6.075,10.2875));
#17084=CARTESIAN_POINT('',(8.0775,-1.575,10.5));
#17085=CARTESIAN_POINT('',(8.0775,6.075,10.5));
#17086=CARTESIAN_POINT('Origin',(8.0775,-1.575,10.2875));
#17087=CARTESIAN_POINT('Ctrl Pts',(8.29,6.075,10.2875));
#17088=CARTESIAN_POINT('Ctrl Pts',(8.29,6.5,10.2875));
#17089=CARTESIAN_POINT('Ctrl Pts',(7.865,6.5,10.2875));
#17090=CARTESIAN_POINT('Ctrl Pts',(8.29,6.075,10.5));
#17091=CARTESIAN_POINT('Ctrl Pts',(8.29,6.5,10.5));
#17092=CARTESIAN_POINT('Ctrl Pts',(7.865,6.5,10.5));
#17093=CARTESIAN_POINT('Ctrl Pts',(8.0775,6.075,10.5));
#17094=CARTESIAN_POINT('Ctrl Pts',(8.0775,6.2875,10.5));
#17095=CARTESIAN_POINT('Ctrl Pts',(7.865,6.2875,10.5));
#17096=CARTESIAN_POINT('',(7.865,6.2875,10.5));
#17097=CARTESIAN_POINT('Origin',(7.865,6.075,10.5));
#17098=CARTESIAN_POINT('Origin',(7.865,6.2875,10.2875));
#17099=CARTESIAN_POINT('Ctrl Pts',(7.865,-2.,10.2875));
#17100=CARTESIAN_POINT('Ctrl Pts',(8.29,-2.,10.2875));
#17101=CARTESIAN_POINT('Ctrl Pts',(8.29,-1.575,10.2875));
#17102=CARTESIAN_POINT('Ctrl Pts',(7.865,-2.,10.5));
#17103=CARTESIAN_POINT('Ctrl Pts',(8.29,-2.,10.5));
#17104=CARTESIAN_POINT('Ctrl Pts',(8.29,-1.575,10.5));
#17105=CARTESIAN_POINT('Ctrl Pts',(7.865,-1.7875,10.5));
#17106=CARTESIAN_POINT('Ctrl Pts',(8.0775,-1.7875,10.5));
#17107=CARTESIAN_POINT('Ctrl Pts',(8.0775,-1.575,10.5));
#17108=CARTESIAN_POINT('',(7.865,-1.7875,10.5));
#17109=CARTESIAN_POINT('Origin',(7.865,-1.575,10.5));
#17110=CARTESIAN_POINT('Origin',(7.865,-1.7875,10.2875));
#17111=CARTESIAN_POINT('Origin',(-2.885,6.2875,10.2875));
#17112=CARTESIAN_POINT('',(-2.885,6.2875,10.5));
#17113=CARTESIAN_POINT('Origin',(-2.885,6.2875,10.2875));
#17114=CARTESIAN_POINT('',(-2.885,6.2875,10.5));
#17115=CARTESIAN_POINT('Origin',(7.865,-1.7875,10.2875));
#17116=CARTESIAN_POINT('',(-2.885,-1.7875,10.5));
#17117=CARTESIAN_POINT('',(7.865,-1.7875,10.5));
#17118=CARTESIAN_POINT('Origin',(-2.885,-1.7875,10.2875));
#17119=CARTESIAN_POINT('Ctrl Pts',(-2.885,6.5,10.2875));
#17120=CARTESIAN_POINT('Ctrl Pts',(-3.31,6.5,10.2875));
#17121=CARTESIAN_POINT('Ctrl Pts',(-3.31,6.075,10.2875));
#17122=CARTESIAN_POINT('Ctrl Pts',(-2.885,6.5,10.5));
#17123=CARTESIAN_POINT('Ctrl Pts',(-3.31,6.5,10.5));
#17124=CARTESIAN_POINT('Ctrl Pts',(-3.31,6.075,10.5));
#17125=CARTESIAN_POINT('Ctrl Pts',(-2.885,6.2875,10.5));
#17126=CARTESIAN_POINT('Ctrl Pts',(-3.0975,6.2875,10.5));
#17127=CARTESIAN_POINT('Ctrl Pts',(-3.0975,6.075,10.5));
#17128=CARTESIAN_POINT('',(-3.0975,6.075,10.5));
#17129=CARTESIAN_POINT('Origin',(-2.885,6.075,10.5));
#17130=CARTESIAN_POINT('Origin',(-3.0975,6.075,10.2875));
#17131=CARTESIAN_POINT('Ctrl Pts',(-3.31,-1.575,10.2875));
#17132=CARTESIAN_POINT('Ctrl Pts',(-3.31,-2.,10.2875));
#17133=CARTESIAN_POINT('Ctrl Pts',(-2.885,-2.,10.2875));
#17134=CARTESIAN_POINT('Ctrl Pts',(-3.31,-1.575,10.5));
#17135=CARTESIAN_POINT('Ctrl Pts',(-3.31,-2.,10.5));
#17136=CARTESIAN_POINT('Ctrl Pts',(-2.885,-2.,10.5));
#17137=CARTESIAN_POINT('Ctrl Pts',(-3.0975,-1.575,10.5));
#17138=CARTESIAN_POINT('Ctrl Pts',(-3.0975,-1.7875,10.5));
#17139=CARTESIAN_POINT('Ctrl Pts',(-2.885,-1.7875,10.5));
#17140=CARTESIAN_POINT('',(-3.0975,-1.575,10.5));
#17141=CARTESIAN_POINT('Origin',(-2.885,-1.575,10.5));
#17142=CARTESIAN_POINT('Origin',(-3.0975,-1.575,10.2875));
#17143=CARTESIAN_POINT('Origin',(-3.0975,-1.575,10.2875));
#17144=CARTESIAN_POINT('',(-3.0975,-1.575,10.5));
#17145=CARTESIAN_POINT('Origin',(2.54,1.499939296836E-32,-3.9));
#17146=CARTESIAN_POINT('',(2.39,1.83697019872103E-17,-4.));
#17147=CARTESIAN_POINT('Origin',(2.54,1.54074395551E-32,-4.));
#17148=CARTESIAN_POINT('Origin',(2.39,1.83697019872103E-17,-3.9));
#17149=CARTESIAN_POINT('Origin',(-3.615612482263E-32,1.499939296836E-32,
-3.9));
#17150=CARTESIAN_POINT('',(-0.15,1.83697019872103E-17,-4.));
#17151=CARTESIAN_POINT('Origin',(-3.697785493223E-32,1.54074395551E-32,
-4.));
#17152=CARTESIAN_POINT('Origin',(-0.15,1.83697019872103E-17,-3.9));
#17153=CARTESIAN_POINT('Origin',(2.49,2.25,10.5));
#17154=CARTESIAN_POINT('Origin',(2.54,2.18439881135E-17,-4.));
#17155=CARTESIAN_POINT('Origin',(-1.60246890532E-17,2.18439881135E-17,-4.));
#17156=CARTESIAN_POINT('',(0.,0.,0.));
#17157=CARTESIAN_POINT('',(0.,0.,0.));
#17158=CARTESIAN_POINT('Origin',(169.496438,-55.724198,0.));
#17159=CARTESIAN_POINT('',(169.496438,-55.724198,0.));
#17160=CARTESIAN_POINT('',(169.496438,-55.724198,1.51));
#17161=CARTESIAN_POINT('',(169.496438,-55.724198,0.));
#17162=CARTESIAN_POINT('',(181.048042,-67.275802,1.51));
#17163=CARTESIAN_POINT('',(169.496438,-55.724198,1.51));
#17164=CARTESIAN_POINT('',(181.048042,-67.275802,0.));
#17165=CARTESIAN_POINT('',(181.048042,-67.275802,0.));
#17166=CARTESIAN_POINT('',(169.496438,-55.724198,0.));
#17167=CARTESIAN_POINT('Origin',(169.037361,-25.089058,0.));
#17168=CARTESIAN_POINT('',(169.037361,-25.089058,0.));
#17169=CARTESIAN_POINT('',(169.037361,-25.089058,1.51));
#17170=CARTESIAN_POINT('',(169.037361,-25.089058,0.));
#17171=CARTESIAN_POINT('',(169.037361,-25.089058,1.51));
#17172=CARTESIAN_POINT('',(169.037361,-25.089058,0.));
#17173=CARTESIAN_POINT('Origin',(181.048042,-67.275802,0.));
#17174=CARTESIAN_POINT('',(180.920889,-97.550763,1.51));
#17175=CARTESIAN_POINT('',(181.048042,-67.275802,1.51));
#17176=CARTESIAN_POINT('',(180.920889,-97.550763,0.));
#17177=CARTESIAN_POINT('',(180.920889,-97.550763,0.));
#17178=CARTESIAN_POINT('',(181.048042,-67.275802,0.));
#17179=CARTESIAN_POINT('Origin',(0.,0.,0.));
#17180=CARTESIAN_POINT('',(222.235313,-121.687203,0.));
#17181=CARTESIAN_POINT('',(180.920889,-97.550763,0.));
#17182=CARTESIAN_POINT('',(205.548935,-150.588857,0.));
#17183=CARTESIAN_POINT('',(222.235313,-121.687203,0.));
#17184=CARTESIAN_POINT('',(171.548935,-130.588857,0.));
#17185=CARTESIAN_POINT('',(205.548935,-150.588857,0.));
#17186=CARTESIAN_POINT('',(130.048935,-130.588857,0.));
#17187=CARTESIAN_POINT('',(171.548935,-130.588857,0.));
#17188=CARTESIAN_POINT('',(95.465914,-150.736003,0.));
#17189=CARTESIAN_POINT('',(130.048935,-130.588857,0.));
#17190=CARTESIAN_POINT('',(78.906446,-122.054163,0.));
#17191=CARTESIAN_POINT('',(95.465914,-150.736003,0.));
#17192=CARTESIAN_POINT('',(119.951997,-98.290895,0.));
#17193=CARTESIAN_POINT('',(78.906446,-122.054163,0.));
#17194=CARTESIAN_POINT('',(120.053241,-67.223379,0.));
#17195=CARTESIAN_POINT('',(119.951997,-98.290895,0.));
#17196=CARTESIAN_POINT('',(131.5,-55.77662,0.));
#17197=CARTESIAN_POINT('',(120.053241,-67.223379,0.));
#17198=CARTESIAN_POINT('',(131.487051,-25.089058,0.));
#17199=CARTESIAN_POINT('',(131.5,-55.77662,0.));
#17200=CARTESIAN_POINT('',(131.487051,-25.089058,0.));
#17201=CARTESIAN_POINT('',(96.5,-146.45,0.));
#17202=CARTESIAN_POINT('Origin',(96.5,-147.5,0.));
#17203=CARTESIAN_POINT('',(96.393802,-142.285314,0.));
#17204=CARTESIAN_POINT('Origin',(96.393802,-142.785314,0.));
#17205=CARTESIAN_POINT('',(94.393802,-138.821212,0.));
#17206=CARTESIAN_POINT('Origin',(94.393802,-139.321212,0.));
#17207=CARTESIAN_POINT('',(92.393802,-135.357111,0.));
#17208=CARTESIAN_POINT('Origin',(92.393802,-135.857111,0.));
#17209=CARTESIAN_POINT('',(88.393802,-128.428908,0.));
#17210=CARTESIAN_POINT('Origin',(88.393802,-128.928908,0.));
#17211=CARTESIAN_POINT('',(90.393802,-131.893009,0.));
#17212=CARTESIAN_POINT('Origin',(90.393802,-132.393009,0.));
#17213=CARTESIAN_POINT('',(82.5,-121.95,0.));
#17214=CARTESIAN_POINT('Origin',(82.5,-123.,0.));
#17215=CARTESIAN_POINT('',(86.393802,-124.964806,0.));
#17216=CARTESIAN_POINT('Origin',(86.393802,-125.464806,0.));
#17217=CARTESIAN_POINT('',(111.970053,-130.384174,0.));
#17218=CARTESIAN_POINT('Origin',(111.970053,-131.044174,0.));
#17219=CARTESIAN_POINT('',(114.169758,-129.114174,0.));
#17220=CARTESIAN_POINT('Origin',(114.169758,-129.774174,0.));
#17221=CARTESIAN_POINT('',(116.369462,-127.844174,0.));
#17222=CARTESIAN_POINT('Origin',(116.369462,-128.504174,0.));
#17223=CARTESIAN_POINT('',(118.569167,-126.574174,0.));
#17224=CARTESIAN_POINT('Origin',(118.569167,-127.234174,0.));
#17225=CARTESIAN_POINT('',(120.768871,-125.304174,0.));
#17226=CARTESIAN_POINT('Origin',(120.768871,-125.964174,0.));
#17227=CARTESIAN_POINT('',(122.968576,-124.034174,0.));
#17228=CARTESIAN_POINT('Origin',(122.968576,-124.694174,0.));
#17229=CARTESIAN_POINT('',(125.16828,-122.764174,0.));
#17230=CARTESIAN_POINT('Origin',(125.16828,-123.424174,0.));
#17231=CARTESIAN_POINT('',(127.367985,-121.494174,0.));
#17232=CARTESIAN_POINT('Origin',(127.367985,-122.154174,0.));
#17233=CARTESIAN_POINT('',(133.5,-125.04,0.));
#17234=CARTESIAN_POINT('Origin',(133.5,-125.54,0.));
#17235=CARTESIAN_POINT('',(133.5,-122.5,0.));
#17236=CARTESIAN_POINT('Origin',(133.5,-123.,0.));
#17237=CARTESIAN_POINT('',(138.27,-121.975,0.));
#17238=CARTESIAN_POINT('Origin',(138.27,-123.475,0.));
#17239=CARTESIAN_POINT('',(104.350053,-117.185946,0.));
#17240=CARTESIAN_POINT('Origin',(104.350053,-117.845946,0.));
#17241=CARTESIAN_POINT('',(106.549758,-115.915946,0.));
#17242=CARTESIAN_POINT('Origin',(106.549758,-116.575946,0.));
#17243=CARTESIAN_POINT('',(108.749462,-114.645946,0.));
#17244=CARTESIAN_POINT('Origin',(108.749462,-115.305946,0.));
#17245=CARTESIAN_POINT('',(110.949167,-113.375946,0.));
#17246=CARTESIAN_POINT('Origin',(110.949167,-114.035946,0.));
#17247=CARTESIAN_POINT('',(113.148871,-112.105946,0.));
#17248=CARTESIAN_POINT('Origin',(113.148871,-112.765946,0.));
#17249=CARTESIAN_POINT('',(115.348576,-110.835946,0.));
#17250=CARTESIAN_POINT('Origin',(115.348576,-111.495946,0.));
#17251=CARTESIAN_POINT('',(117.54828,-109.565946,0.));
#17252=CARTESIAN_POINT('Origin',(117.54828,-110.225946,0.));
#17253=CARTESIAN_POINT('',(119.747985,-108.295946,0.));
#17254=CARTESIAN_POINT('Origin',(119.747985,-108.955946,0.));
#17255=CARTESIAN_POINT('',(129.,-107.95,0.));
#17256=CARTESIAN_POINT('Origin',(129.,-109.,0.));
#17257=CARTESIAN_POINT('',(137.8,-115.005,0.));
#17258=CARTESIAN_POINT('Origin',(137.8,-115.515,0.));
#17259=CARTESIAN_POINT('',(137.8,-112.465,0.));
#17260=CARTESIAN_POINT('Origin',(137.8,-112.975,0.));
#17261=CARTESIAN_POINT('',(137.8,-109.925,0.));
#17262=CARTESIAN_POINT('Origin',(137.8,-110.435,0.));
#17263=CARTESIAN_POINT('',(137.8,-107.385,0.));
#17264=CARTESIAN_POINT('Origin',(137.8,-107.895,0.));
#17265=CARTESIAN_POINT('',(137.8,-104.845,0.));
#17266=CARTESIAN_POINT('Origin',(137.8,-105.355,0.));
#17267=CARTESIAN_POINT('',(137.8,-102.305,0.));
#17268=CARTESIAN_POINT('Origin',(137.8,-102.815,0.));
#17269=CARTESIAN_POINT('',(137.8,-99.765,0.));
#17270=CARTESIAN_POINT('Origin',(137.8,-100.275,0.));
#17271=CARTESIAN_POINT('',(137.8,-97.225,0.));
#17272=CARTESIAN_POINT('Origin',(137.8,-97.735,0.));
#17273=CARTESIAN_POINT('',(137.8,-94.685,0.));
#17274=CARTESIAN_POINT('Origin',(137.8,-95.195,0.));
#17275=CARTESIAN_POINT('',(137.8,-92.145,0.));
#17276=CARTESIAN_POINT('Origin',(137.8,-92.655,0.));
#17277=CARTESIAN_POINT('',(137.8,-89.605,0.));
#17278=CARTESIAN_POINT('Origin',(137.8,-90.115,0.));
#17279=CARTESIAN_POINT('',(162.78,-121.975,0.));
#17280=CARTESIAN_POINT('Origin',(162.78,-123.475,0.));
#17281=CARTESIAN_POINT('',(180.231164,-125.304114,0.));
#17282=CARTESIAN_POINT('Origin',(180.231164,-125.964114,0.));
#17283=CARTESIAN_POINT('',(184.630573,-127.844114,0.));
#17284=CARTESIAN_POINT('Origin',(184.630573,-128.504114,0.));
#17285=CARTESIAN_POINT('',(182.430868,-126.574114,0.));
#17286=CARTESIAN_POINT('Origin',(182.430868,-127.234114,0.));
#17287=CARTESIAN_POINT('',(173.63205,-121.494114,0.));
#17288=CARTESIAN_POINT('Origin',(173.63205,-122.154114,0.));
#17289=CARTESIAN_POINT('',(175.831754,-122.764114,0.));
#17290=CARTESIAN_POINT('Origin',(175.831754,-123.424114,0.));
#17291=CARTESIAN_POINT('',(178.031459,-124.034114,0.));
#17292=CARTESIAN_POINT('Origin',(178.031459,-124.694114,0.));
#17293=CARTESIAN_POINT('',(204.5,-145.95,0.));
#17294=CARTESIAN_POINT('Origin',(204.5,-147.,0.));
#17295=CARTESIAN_POINT('',(203.523702,-141.660254,0.));
#17296=CARTESIAN_POINT('Origin',(203.523702,-142.160254,0.));
#17297=CARTESIAN_POINT('',(205.523702,-138.196152,0.));
#17298=CARTESIAN_POINT('Origin',(205.523702,-138.696152,0.));
#17299=CARTESIAN_POINT('',(207.523702,-134.732051,0.));
#17300=CARTESIAN_POINT('Origin',(207.523702,-135.232051,0.));
#17301=CARTESIAN_POINT('',(186.830277,-129.114114,0.));
#17302=CARTESIAN_POINT('Origin',(186.830277,-129.774114,0.));
#17303=CARTESIAN_POINT('',(189.029982,-130.384114,0.));
#17304=CARTESIAN_POINT('Origin',(189.029982,-131.044114,0.));
#17305=CARTESIAN_POINT('',(209.523702,-131.267949,0.));
#17306=CARTESIAN_POINT('Origin',(209.523702,-131.767949,0.));
#17307=CARTESIAN_POINT('',(211.523702,-127.803848,0.));
#17308=CARTESIAN_POINT('Origin',(211.523702,-128.303848,0.));
#17309=CARTESIAN_POINT('',(213.523702,-124.339746,0.));
#17310=CARTESIAN_POINT('Origin',(213.523702,-124.839746,0.));
#17311=CARTESIAN_POINT('',(218.5,-121.45,0.));
#17312=CARTESIAN_POINT('Origin',(218.5,-122.5,0.));
#17313=CARTESIAN_POINT('',(163.2,-115.005,0.));
#17314=CARTESIAN_POINT('Origin',(163.2,-115.515,0.));
#17315=CARTESIAN_POINT('',(163.2,-112.465,0.));
#17316=CARTESIAN_POINT('Origin',(163.2,-112.975,0.));
#17317=CARTESIAN_POINT('',(163.2,-109.925,0.));
#17318=CARTESIAN_POINT('Origin',(163.2,-110.435,0.));
#17319=CARTESIAN_POINT('',(163.2,-107.385,0.));
#17320=CARTESIAN_POINT('Origin',(163.2,-107.895,0.));
#17321=CARTESIAN_POINT('',(163.2,-104.845,0.));
#17322=CARTESIAN_POINT('Origin',(163.2,-105.355,0.));
#17323=CARTESIAN_POINT('',(170.,-103.,0.));
#17324=CARTESIAN_POINT('Origin',(170.,-103.5,0.));
#17325=CARTESIAN_POINT('',(181.25205,-108.295886,0.));
#17326=CARTESIAN_POINT('Origin',(181.25205,-108.955886,0.));
#17327=CARTESIAN_POINT('',(183.451755,-109.565886,0.));
#17328=CARTESIAN_POINT('Origin',(183.451755,-110.225886,0.));
#17329=CARTESIAN_POINT('',(163.2,-102.305,0.));
#17330=CARTESIAN_POINT('Origin',(163.2,-102.815,0.));
#17331=CARTESIAN_POINT('',(163.2,-99.765,0.));
#17332=CARTESIAN_POINT('Origin',(163.2,-100.275,0.));
#17333=CARTESIAN_POINT('',(163.2,-97.225,0.));
#17334=CARTESIAN_POINT('Origin',(163.2,-97.735,0.));
#17335=CARTESIAN_POINT('',(163.2,-94.685,0.));
#17336=CARTESIAN_POINT('Origin',(163.2,-95.195,0.));
#17337=CARTESIAN_POINT('',(163.2,-92.145,0.));
#17338=CARTESIAN_POINT('Origin',(163.2,-92.655,0.));
#17339=CARTESIAN_POINT('',(163.2,-89.605,0.));
#17340=CARTESIAN_POINT('Origin',(163.2,-90.115,0.));
#17341=CARTESIAN_POINT('',(170.,-100.46,0.));
#17342=CARTESIAN_POINT('Origin',(170.,-100.96,0.));
#17343=CARTESIAN_POINT('',(170.,-97.92,0.));
#17344=CARTESIAN_POINT('Origin',(170.,-98.42,0.));
#17345=CARTESIAN_POINT('',(170.,-95.38,0.));
#17346=CARTESIAN_POINT('Origin',(170.,-95.88,0.));
#17347=CARTESIAN_POINT('',(175.,-96.31,0.));
#17348=CARTESIAN_POINT('Origin',(175.,-96.81,0.));
#17349=CARTESIAN_POINT('',(181.,-101.45,0.));
#17350=CARTESIAN_POINT('Origin',(181.,-102.5,0.));
#17351=CARTESIAN_POINT('',(170.,-92.84,0.));
#17352=CARTESIAN_POINT('Origin',(170.,-93.34,0.));
#17353=CARTESIAN_POINT('',(175.,-93.77,0.));
#17354=CARTESIAN_POINT('Origin',(175.,-94.27,0.));
#17355=CARTESIAN_POINT('',(170.,-90.3,0.));
#17356=CARTESIAN_POINT('Origin',(170.,-90.8,0.));
#17357=CARTESIAN_POINT('',(170.,-87.76,0.));
#17358=CARTESIAN_POINT('Origin',(170.,-88.26,0.));
#17359=CARTESIAN_POINT('',(175.,-91.23,0.));
#17360=CARTESIAN_POINT('Origin',(175.,-91.73,0.));
#17361=CARTESIAN_POINT('',(175.,-88.69,0.));
#17362=CARTESIAN_POINT('Origin',(175.,-89.19,0.));
#17363=CARTESIAN_POINT('',(192.250573,-114.645886,0.));
#17364=CARTESIAN_POINT('Origin',(192.250573,-115.305886,0.));
#17365=CARTESIAN_POINT('',(187.851164,-112.105886,0.));
#17366=CARTESIAN_POINT('Origin',(187.851164,-112.765886,0.));
#17367=CARTESIAN_POINT('',(185.651459,-110.835886,0.));
#17368=CARTESIAN_POINT('Origin',(185.651459,-111.495886,0.));
#17369=CARTESIAN_POINT('',(190.050868,-113.375886,0.));
#17370=CARTESIAN_POINT('Origin',(190.050868,-114.035886,0.));
#17371=CARTESIAN_POINT('',(194.450278,-115.915886,0.));
#17372=CARTESIAN_POINT('Origin',(194.450278,-116.575886,0.));
#17373=CARTESIAN_POINT('',(196.649982,-117.185886,0.));
#17374=CARTESIAN_POINT('Origin',(196.649982,-117.845886,0.));
#17375=CARTESIAN_POINT('',(126.15,-79.,0.));
#17376=CARTESIAN_POINT('Origin',(126.15,-79.5,0.));
#17377=CARTESIAN_POINT('',(131.15,-75.55,0.));
#17378=CARTESIAN_POINT('Origin',(131.15,-76.5,0.));
#17379=CARTESIAN_POINT('',(137.8,-87.065,0.));
#17380=CARTESIAN_POINT('Origin',(137.8,-87.575,0.));
#17381=CARTESIAN_POINT('',(137.8,-84.525,0.));
#17382=CARTESIAN_POINT('Origin',(137.8,-85.035,0.));
#17383=CARTESIAN_POINT('',(137.8,-81.985,0.));
#17384=CARTESIAN_POINT('Origin',(137.8,-82.495,0.));
#17385=CARTESIAN_POINT('',(137.8,-79.445,0.));
#17386=CARTESIAN_POINT('Origin',(137.8,-79.955,0.));
#17387=CARTESIAN_POINT('',(138.27,-75.025,0.));
#17388=CARTESIAN_POINT('Origin',(138.27,-76.525,0.));
#17389=CARTESIAN_POINT('',(131.15,-70.55,0.));
#17390=CARTESIAN_POINT('Origin',(131.15,-71.5,0.));
#17391=CARTESIAN_POINT('',(126.15,-68.,0.));
#17392=CARTESIAN_POINT('Origin',(126.15,-68.5,0.));
#17393=CARTESIAN_POINT('',(130.,-61.95,0.));
#17394=CARTESIAN_POINT('Origin',(130.,-63.,0.));
#17395=CARTESIAN_POINT('',(142.88,-68.23,0.));
#17396=CARTESIAN_POINT('Origin',(142.88,-68.89,0.));
#17397=CARTESIAN_POINT('',(142.88,-65.69,0.));
#17398=CARTESIAN_POINT('Origin',(142.88,-66.35,0.));
#17399=CARTESIAN_POINT('',(142.88,-63.15,0.));
#17400=CARTESIAN_POINT('Origin',(142.88,-63.81,0.));
#17401=CARTESIAN_POINT('',(142.88,-60.61,0.));
#17402=CARTESIAN_POINT('Origin',(142.88,-61.27,0.));
#17403=CARTESIAN_POINT('',(142.88,-58.07,0.));
#17404=CARTESIAN_POINT('Origin',(142.88,-58.73,0.));
#17405=CARTESIAN_POINT('',(142.88,-55.53,0.));
#17406=CARTESIAN_POINT('Origin',(142.88,-56.19,0.));
#17407=CARTESIAN_POINT('',(142.88,-52.99,0.));
#17408=CARTESIAN_POINT('Origin',(142.88,-53.65,0.));
#17409=CARTESIAN_POINT('',(142.88,-50.45,0.));
#17410=CARTESIAN_POINT('Origin',(142.88,-51.11,0.));
#17411=CARTESIAN_POINT('',(140.5,-31.25,0.));
#17412=CARTESIAN_POINT('Origin',(140.5,-31.75,0.));
#17413=CARTESIAN_POINT('',(135.,-27.45,0.));
#17414=CARTESIAN_POINT('Origin',(135.,-28.5,0.));
#17415=CARTESIAN_POINT('',(144.5,-31.25,0.));
#17416=CARTESIAN_POINT('Origin',(144.5,-31.75,0.));
#17417=CARTESIAN_POINT('',(148.5,-31.25,0.));
#17418=CARTESIAN_POINT('Origin',(148.5,-31.75,0.));
#17419=CARTESIAN_POINT('',(163.2,-87.065,0.));
#17420=CARTESIAN_POINT('Origin',(163.2,-87.575,0.));
#17421=CARTESIAN_POINT('',(163.2,-84.525,0.));
#17422=CARTESIAN_POINT('Origin',(163.2,-85.035,0.));
#17423=CARTESIAN_POINT('',(163.2,-81.985,0.));
#17424=CARTESIAN_POINT('Origin',(163.2,-82.495,0.));
#17425=CARTESIAN_POINT('',(163.2,-79.445,0.));
#17426=CARTESIAN_POINT('Origin',(163.2,-79.955,0.));
#17427=CARTESIAN_POINT('',(162.78,-75.025,0.));
#17428=CARTESIAN_POINT('Origin',(162.78,-76.525,0.));
#17429=CARTESIAN_POINT('',(170.,-85.22,0.));
#17430=CARTESIAN_POINT('Origin',(170.,-85.72,0.));
#17431=CARTESIAN_POINT('',(170.,-82.68,0.));
#17432=CARTESIAN_POINT('Origin',(170.,-83.18,0.));
#17433=CARTESIAN_POINT('',(170.,-80.14,0.));
#17434=CARTESIAN_POINT('Origin',(170.,-80.64,0.));
#17435=CARTESIAN_POINT('',(177.5,-76.95,0.));
#17436=CARTESIAN_POINT('Origin',(177.5,-78.,0.));
#17437=CARTESIAN_POINT('',(158.12,-68.23,0.));
#17438=CARTESIAN_POINT('Origin',(158.12,-68.89,0.));
#17439=CARTESIAN_POINT('',(158.12,-65.69,0.));
#17440=CARTESIAN_POINT('Origin',(158.12,-66.35,0.));
#17441=CARTESIAN_POINT('',(158.12,-63.15,0.));
#17442=CARTESIAN_POINT('Origin',(158.12,-63.81,0.));
#17443=CARTESIAN_POINT('',(158.12,-60.61,0.));
#17444=CARTESIAN_POINT('Origin',(158.12,-61.27,0.));
#17445=CARTESIAN_POINT('',(158.12,-58.07,0.));
#17446=CARTESIAN_POINT('Origin',(158.12,-58.73,0.));
#17447=CARTESIAN_POINT('',(172.,-69.499999,0.));
#17448=CARTESIAN_POINT('Origin',(172.,-69.999999,0.));
#17449=CARTESIAN_POINT('',(170.203949,-67.703948,0.));
#17450=CARTESIAN_POINT('Origin',(170.203949,-68.203948,0.));
#17451=CARTESIAN_POINT('',(168.407898,-65.907897,0.));
#17452=CARTESIAN_POINT('Origin',(168.407898,-66.407897,0.));
#17453=CARTESIAN_POINT('',(158.12,-55.53,0.));
#17454=CARTESIAN_POINT('Origin',(158.12,-56.19,0.));
#17455=CARTESIAN_POINT('',(158.12,-52.99,0.));
#17456=CARTESIAN_POINT('Origin',(158.12,-53.65,0.));
#17457=CARTESIAN_POINT('',(158.12,-50.45,0.));
#17458=CARTESIAN_POINT('Origin',(158.12,-51.11,0.));
#17459=CARTESIAN_POINT('',(152.5,-31.25,0.));
#17460=CARTESIAN_POINT('Origin',(152.5,-31.75,0.));
#17461=CARTESIAN_POINT('',(156.5,-31.25,0.));
#17462=CARTESIAN_POINT('Origin',(156.5,-31.75,0.));
#17463=CARTESIAN_POINT('',(160.5,-31.25,0.));
#17464=CARTESIAN_POINT('Origin',(160.5,-31.75,0.));
#17465=CARTESIAN_POINT('',(166.,-27.45,0.));
#17466=CARTESIAN_POINT('Origin',(166.,-28.5,0.));
#17467=CARTESIAN_POINT('Origin',(0.,0.,1.51));
#17468=CARTESIAN_POINT('',(131.487051,-25.089058,1.51));
#17469=CARTESIAN_POINT('',(131.487051,-25.089058,1.51));
#17470=CARTESIAN_POINT('',(131.5,-55.77662,1.51));
#17471=CARTESIAN_POINT('',(131.5,-55.77662,1.51));
#17472=CARTESIAN_POINT('',(120.053241,-67.223379,1.51));
#17473=CARTESIAN_POINT('',(120.053241,-67.223379,1.51));
#17474=CARTESIAN_POINT('',(119.951997,-98.290895,1.51));
#17475=CARTESIAN_POINT('',(119.951997,-98.290895,1.51));
#17476=CARTESIAN_POINT('',(78.906446,-122.054163,1.51));
#17477=CARTESIAN_POINT('',(78.906446,-122.054163,1.51));
#17478=CARTESIAN_POINT('',(95.465914,-150.736003,1.51));
#17479=CARTESIAN_POINT('',(95.465914,-150.736003,1.51));
#17480=CARTESIAN_POINT('',(130.048935,-130.588857,1.51));
#17481=CARTESIAN_POINT('',(130.048935,-130.588857,1.51));
#17482=CARTESIAN_POINT('',(171.548935,-130.588857,1.51));
#17483=CARTESIAN_POINT('',(171.548935,-130.588857,1.51));
#17484=CARTESIAN_POINT('',(205.548935,-150.588857,1.51));
#17485=CARTESIAN_POINT('',(205.548935,-150.588857,1.51));
#17486=CARTESIAN_POINT('',(222.235313,-121.687203,1.51));
#17487=CARTESIAN_POINT('',(222.235313,-121.687203,1.51));
#17488=CARTESIAN_POINT('',(180.920889,-97.550763,1.51));
#17489=CARTESIAN_POINT('',(96.5,-146.45,1.51));
#17490=CARTESIAN_POINT('Origin',(96.5,-147.5,1.51));
#17491=CARTESIAN_POINT('',(96.393802,-142.285314,1.51));
#17492=CARTESIAN_POINT('Origin',(96.393802,-142.785314,1.51));
#17493=CARTESIAN_POINT('',(94.393802,-138.821212,1.51));
#17494=CARTESIAN_POINT('Origin',(94.393802,-139.321212,1.51));
#17495=CARTESIAN_POINT('',(92.393802,-135.357111,1.51));
#17496=CARTESIAN_POINT('Origin',(92.393802,-135.857111,1.51));
#17497=CARTESIAN_POINT('',(88.393802,-128.428908,1.51));
#17498=CARTESIAN_POINT('Origin',(88.393802,-128.928908,1.51));
#17499=CARTESIAN_POINT('',(90.393802,-131.893009,1.51));
#17500=CARTESIAN_POINT('Origin',(90.393802,-132.393009,1.51));
#17501=CARTESIAN_POINT('',(82.5,-121.95,1.51));
#17502=CARTESIAN_POINT('Origin',(82.5,-123.,1.51));
#17503=CARTESIAN_POINT('',(86.393802,-124.964806,1.51));
#17504=CARTESIAN_POINT('Origin',(86.393802,-125.464806,1.51));
#17505=CARTESIAN_POINT('',(111.970053,-130.384174,1.51));
#17506=CARTESIAN_POINT('Origin',(111.970053,-131.044174,1.51));
#17507=CARTESIAN_POINT('',(114.169758,-129.114174,1.51));
#17508=CARTESIAN_POINT('Origin',(114.169758,-129.774174,1.51));
#17509=CARTESIAN_POINT('',(116.369462,-127.844174,1.51));
#17510=CARTESIAN_POINT('Origin',(116.369462,-128.504174,1.51));
#17511=CARTESIAN_POINT('',(118.569167,-126.574174,1.51));
#17512=CARTESIAN_POINT('Origin',(118.569167,-127.234174,1.51));
#17513=CARTESIAN_POINT('',(120.768871,-125.304174,1.51));
#17514=CARTESIAN_POINT('Origin',(120.768871,-125.964174,1.51));
#17515=CARTESIAN_POINT('',(122.968576,-124.034174,1.51));
#17516=CARTESIAN_POINT('Origin',(122.968576,-124.694174,1.51));
#17517=CARTESIAN_POINT('',(125.16828,-122.764174,1.51));
#17518=CARTESIAN_POINT('Origin',(125.16828,-123.424174,1.51));
#17519=CARTESIAN_POINT('',(127.367985,-121.494174,1.51));
#17520=CARTESIAN_POINT('Origin',(127.367985,-122.154174,1.51));
#17521=CARTESIAN_POINT('',(133.5,-125.04,1.51));
#17522=CARTESIAN_POINT('Origin',(133.5,-125.54,1.51));
#17523=CARTESIAN_POINT('',(133.5,-122.5,1.51));
#17524=CARTESIAN_POINT('Origin',(133.5,-123.,1.51));
#17525=CARTESIAN_POINT('',(138.27,-121.975,1.51));
#17526=CARTESIAN_POINT('Origin',(138.27,-123.475,1.51));
#17527=CARTESIAN_POINT('',(104.350053,-117.185946,1.51));
#17528=CARTESIAN_POINT('Origin',(104.350053,-117.845946,1.51));
#17529=CARTESIAN_POINT('',(106.549758,-115.915946,1.51));
#17530=CARTESIAN_POINT('Origin',(106.549758,-116.575946,1.51));
#17531=CARTESIAN_POINT('',(108.749462,-114.645946,1.51));
#17532=CARTESIAN_POINT('Origin',(108.749462,-115.305946,1.51));
#17533=CARTESIAN_POINT('',(110.949167,-113.375946,1.51));
#17534=CARTESIAN_POINT('Origin',(110.949167,-114.035946,1.51));
#17535=CARTESIAN_POINT('',(113.148871,-112.105946,1.51));
#17536=CARTESIAN_POINT('Origin',(113.148871,-112.765946,1.51));
#17537=CARTESIAN_POINT('',(115.348576,-110.835946,1.51));
#17538=CARTESIAN_POINT('Origin',(115.348576,-111.495946,1.51));
#17539=CARTESIAN_POINT('',(117.54828,-109.565946,1.51));
#17540=CARTESIAN_POINT('Origin',(117.54828,-110.225946,1.51));
#17541=CARTESIAN_POINT('',(119.747985,-108.295946,1.51));
#17542=CARTESIAN_POINT('Origin',(119.747985,-108.955946,1.51));
#17543=CARTESIAN_POINT('',(129.,-107.95,1.51));
#17544=CARTESIAN_POINT('Origin',(129.,-109.,1.51));
#17545=CARTESIAN_POINT('',(137.8,-115.005,1.51));
#17546=CARTESIAN_POINT('Origin',(137.8,-115.515,1.51));
#17547=CARTESIAN_POINT('',(137.8,-112.465,1.51));
#17548=CARTESIAN_POINT('Origin',(137.8,-112.975,1.51));
#17549=CARTESIAN_POINT('',(137.8,-109.925,1.51));
#17550=CARTESIAN_POINT('Origin',(137.8,-110.435,1.51));
#17551=CARTESIAN_POINT('',(137.8,-107.385,1.51));
#17552=CARTESIAN_POINT('Origin',(137.8,-107.895,1.51));
#17553=CARTESIAN_POINT('',(137.8,-104.845,1.51));
#17554=CARTESIAN_POINT('Origin',(137.8,-105.355,1.51));
#17555=CARTESIAN_POINT('',(137.8,-102.305,1.51));
#17556=CARTESIAN_POINT('Origin',(137.8,-102.815,1.51));
#17557=CARTESIAN_POINT('',(137.8,-99.765,1.51));
#17558=CARTESIAN_POINT('Origin',(137.8,-100.275,1.51));
#17559=CARTESIAN_POINT('',(137.8,-97.225,1.51));
#17560=CARTESIAN_POINT('Origin',(137.8,-97.735,1.51));
#17561=CARTESIAN_POINT('',(137.8,-94.685,1.51));
#17562=CARTESIAN_POINT('Origin',(137.8,-95.195,1.51));
#17563=CARTESIAN_POINT('',(137.8,-92.145,1.51));
#17564=CARTESIAN_POINT('Origin',(137.8,-92.655,1.51));
#17565=CARTESIAN_POINT('',(137.8,-89.605,1.51));
#17566=CARTESIAN_POINT('Origin',(137.8,-90.115,1.51));
#17567=CARTESIAN_POINT('',(162.78,-121.975,1.51));
#17568=CARTESIAN_POINT('Origin',(162.78,-123.475,1.51));
#17569=CARTESIAN_POINT('',(180.231164,-125.304114,1.51));
#17570=CARTESIAN_POINT('Origin',(180.231164,-125.964114,1.51));
#17571=CARTESIAN_POINT('',(184.630573,-127.844114,1.51));
#17572=CARTESIAN_POINT('Origin',(184.630573,-128.504114,1.51));
#17573=CARTESIAN_POINT('',(182.430868,-126.574114,1.51));
#17574=CARTESIAN_POINT('Origin',(182.430868,-127.234114,1.51));
#17575=CARTESIAN_POINT('',(173.63205,-121.494114,1.51));
#17576=CARTESIAN_POINT('Origin',(173.63205,-122.154114,1.51));
#17577=CARTESIAN_POINT('',(175.831754,-122.764114,1.51));
#17578=CARTESIAN_POINT('Origin',(175.831754,-123.424114,1.51));
#17579=CARTESIAN_POINT('',(178.031459,-124.034114,1.51));
#17580=CARTESIAN_POINT('Origin',(178.031459,-124.694114,1.51));
#17581=CARTESIAN_POINT('',(204.5,-145.95,1.51));
#17582=CARTESIAN_POINT('Origin',(204.5,-147.,1.51));
#17583=CARTESIAN_POINT('',(203.523702,-141.660254,1.51));
#17584=CARTESIAN_POINT('Origin',(203.523702,-142.160254,1.51));
#17585=CARTESIAN_POINT('',(205.523702,-138.196152,1.51));
#17586=CARTESIAN_POINT('Origin',(205.523702,-138.696152,1.51));
#17587=CARTESIAN_POINT('',(207.523702,-134.732051,1.51));
#17588=CARTESIAN_POINT('Origin',(207.523702,-135.232051,1.51));
#17589=CARTESIAN_POINT('',(186.830277,-129.114114,1.51));
#17590=CARTESIAN_POINT('Origin',(186.830277,-129.774114,1.51));
#17591=CARTESIAN_POINT('',(189.029982,-130.384114,1.51));
#17592=CARTESIAN_POINT('Origin',(189.029982,-131.044114,1.51));
#17593=CARTESIAN_POINT('',(209.523702,-131.267949,1.51));
#17594=CARTESIAN_POINT('Origin',(209.523702,-131.767949,1.51));
#17595=CARTESIAN_POINT('',(211.523702,-127.803848,1.51));
#17596=CARTESIAN_POINT('Origin',(211.523702,-128.303848,1.51));
#17597=CARTESIAN_POINT('',(213.523702,-124.339746,1.51));
#17598=CARTESIAN_POINT('Origin',(213.523702,-124.839746,1.51));
#17599=CARTESIAN_POINT('',(218.5,-121.45,1.51));
#17600=CARTESIAN_POINT('Origin',(218.5,-122.5,1.51));
#17601=CARTESIAN_POINT('',(163.2,-115.005,1.51));
#17602=CARTESIAN_POINT('Origin',(163.2,-115.515,1.51));
#17603=CARTESIAN_POINT('',(163.2,-112.465,1.51));
#17604=CARTESIAN_POINT('Origin',(163.2,-112.975,1.51));
#17605=CARTESIAN_POINT('',(163.2,-109.925,1.51));
#17606=CARTESIAN_POINT('Origin',(163.2,-110.435,1.51));
#17607=CARTESIAN_POINT('',(163.2,-107.385,1.51));
#17608=CARTESIAN_POINT('Origin',(163.2,-107.895,1.51));
#17609=CARTESIAN_POINT('',(163.2,-104.845,1.51));
#17610=CARTESIAN_POINT('Origin',(163.2,-105.355,1.51));
#17611=CARTESIAN_POINT('',(170.,-103.,1.51));
#17612=CARTESIAN_POINT('Origin',(170.,-103.5,1.51));
#17613=CARTESIAN_POINT('',(181.25205,-108.295886,1.51));
#17614=CARTESIAN_POINT('Origin',(181.25205,-108.955886,1.51));
#17615=CARTESIAN_POINT('',(183.451755,-109.565886,1.51));
#17616=CARTESIAN_POINT('Origin',(183.451755,-110.225886,1.51));
#17617=CARTESIAN_POINT('',(163.2,-102.305,1.51));
#17618=CARTESIAN_POINT('Origin',(163.2,-102.815,1.51));
#17619=CARTESIAN_POINT('',(163.2,-99.765,1.51));
#17620=CARTESIAN_POINT('Origin',(163.2,-100.275,1.51));
#17621=CARTESIAN_POINT('',(163.2,-97.225,1.51));
#17622=CARTESIAN_POINT('Origin',(163.2,-97.735,1.51));
#17623=CARTESIAN_POINT('',(163.2,-94.685,1.51));
#17624=CARTESIAN_POINT('Origin',(163.2,-95.195,1.51));
#17625=CARTESIAN_POINT('',(163.2,-92.145,1.51));
#17626=CARTESIAN_POINT('Origin',(163.2,-92.655,1.51));
#17627=CARTESIAN_POINT('',(163.2,-89.605,1.51));
#17628=CARTESIAN_POINT('Origin',(163.2,-90.115,1.51));
#17629=CARTESIAN_POINT('',(170.,-100.46,1.51));
#17630=CARTESIAN_POINT('Origin',(170.,-100.96,1.51));
#17631=CARTESIAN_POINT('',(170.,-97.92,1.51));
#17632=CARTESIAN_POINT('Origin',(170.,-98.42,1.51));
#17633=CARTESIAN_POINT('',(170.,-95.38,1.51));
#17634=CARTESIAN_POINT('Origin',(170.,-95.88,1.51));
#17635=CARTESIAN_POINT('',(175.,-96.31,1.51));
#17636=CARTESIAN_POINT('Origin',(175.,-96.81,1.51));
#17637=CARTESIAN_POINT('',(181.,-101.45,1.51));
#17638=CARTESIAN_POINT('Origin',(181.,-102.5,1.51));
#17639=CARTESIAN_POINT('',(170.,-92.84,1.51));
#17640=CARTESIAN_POINT('Origin',(170.,-93.34,1.51));
#17641=CARTESIAN_POINT('',(175.,-93.77,1.51));
#17642=CARTESIAN_POINT('Origin',(175.,-94.27,1.51));
#17643=CARTESIAN_POINT('',(170.,-90.3,1.51));
#17644=CARTESIAN_POINT('Origin',(170.,-90.8,1.51));
#17645=CARTESIAN_POINT('',(170.,-87.76,1.51));
#17646=CARTESIAN_POINT('Origin',(170.,-88.26,1.51));
#17647=CARTESIAN_POINT('',(175.,-91.23,1.51));
#17648=CARTESIAN_POINT('Origin',(175.,-91.73,1.51));
#17649=CARTESIAN_POINT('',(175.,-88.69,1.51));
#17650=CARTESIAN_POINT('Origin',(175.,-89.19,1.51));
#17651=CARTESIAN_POINT('',(192.250573,-114.645886,1.51));
#17652=CARTESIAN_POINT('Origin',(192.250573,-115.305886,1.51));
#17653=CARTESIAN_POINT('',(187.851164,-112.105886,1.51));
#17654=CARTESIAN_POINT('Origin',(187.851164,-112.765886,1.51));
#17655=CARTESIAN_POINT('',(185.651459,-110.835886,1.51));
#17656=CARTESIAN_POINT('Origin',(185.651459,-111.495886,1.51));
#17657=CARTESIAN_POINT('',(190.050868,-113.375886,1.51));
#17658=CARTESIAN_POINT('Origin',(190.050868,-114.035886,1.51));
#17659=CARTESIAN_POINT('',(194.450278,-115.915886,1.51));
#17660=CARTESIAN_POINT('Origin',(194.450278,-116.575886,1.51));
#17661=CARTESIAN_POINT('',(196.649982,-117.185886,1.51));
#17662=CARTESIAN_POINT('Origin',(196.649982,-117.845886,1.51));
#17663=CARTESIAN_POINT('',(126.15,-79.,1.51));
#17664=CARTESIAN_POINT('Origin',(126.15,-79.5,1.51));
#17665=CARTESIAN_POINT('',(131.15,-75.55,1.51));
#17666=CARTESIAN_POINT('Origin',(131.15,-76.5,1.51));
#17667=CARTESIAN_POINT('',(137.8,-87.065,1.51));
#17668=CARTESIAN_POINT('Origin',(137.8,-87.575,1.51));
#17669=CARTESIAN_POINT('',(137.8,-84.525,1.51));
#17670=CARTESIAN_POINT('Origin',(137.8,-85.035,1.51));
#17671=CARTESIAN_POINT('',(137.8,-81.985,1.51));
#17672=CARTESIAN_POINT('Origin',(137.8,-82.495,1.51));
#17673=CARTESIAN_POINT('',(137.8,-79.445,1.51));
#17674=CARTESIAN_POINT('Origin',(137.8,-79.955,1.51));
#17675=CARTESIAN_POINT('',(138.27,-75.025,1.51));
#17676=CARTESIAN_POINT('Origin',(138.27,-76.525,1.51));
#17677=CARTESIAN_POINT('',(131.15,-70.55,1.51));
#17678=CARTESIAN_POINT('Origin',(131.15,-71.5,1.51));
#17679=CARTESIAN_POINT('',(126.15,-68.,1.51));
#17680=CARTESIAN_POINT('Origin',(126.15,-68.5,1.51));
#17681=CARTESIAN_POINT('',(130.,-61.95,1.51));
#17682=CARTESIAN_POINT('Origin',(130.,-63.,1.51));
#17683=CARTESIAN_POINT('',(142.88,-68.23,1.51));
#17684=CARTESIAN_POINT('Origin',(142.88,-68.89,1.51));
#17685=CARTESIAN_POINT('',(142.88,-65.69,1.51));
#17686=CARTESIAN_POINT('Origin',(142.88,-66.35,1.51));
#17687=CARTESIAN_POINT('',(142.88,-63.15,1.51));
#17688=CARTESIAN_POINT('Origin',(142.88,-63.81,1.51));
#17689=CARTESIAN_POINT('',(142.88,-60.61,1.51));
#17690=CARTESIAN_POINT('Origin',(142.88,-61.27,1.51));
#17691=CARTESIAN_POINT('',(142.88,-58.07,1.51));
#17692=CARTESIAN_POINT('Origin',(142.88,-58.73,1.51));
#17693=CARTESIAN_POINT('',(142.88,-55.53,1.51));
#17694=CARTESIAN_POINT('Origin',(142.88,-56.19,1.51));
#17695=CARTESIAN_POINT('',(142.88,-52.99,1.51));
#17696=CARTESIAN_POINT('Origin',(142.88,-53.65,1.51));
#17697=CARTESIAN_POINT('',(142.88,-50.45,1.51));
#17698=CARTESIAN_POINT('Origin',(142.88,-51.11,1.51));
#17699=CARTESIAN_POINT('',(140.5,-31.25,1.51));
#17700=CARTESIAN_POINT('Origin',(140.5,-31.75,1.51));
#17701=CARTESIAN_POINT('',(135.,-27.45,1.51));
#17702=CARTESIAN_POINT('Origin',(135.,-28.5,1.51));
#17703=CARTESIAN_POINT('',(144.5,-31.25,1.51));
#17704=CARTESIAN_POINT('Origin',(144.5,-31.75,1.51));
#17705=CARTESIAN_POINT('',(148.5,-31.25,1.51));
#17706=CARTESIAN_POINT('Origin',(148.5,-31.75,1.51));
#17707=CARTESIAN_POINT('',(163.2,-87.065,1.51));
#17708=CARTESIAN_POINT('Origin',(163.2,-87.575,1.51));
#17709=CARTESIAN_POINT('',(163.2,-84.525,1.51));
#17710=CARTESIAN_POINT('Origin',(163.2,-85.035,1.51));
#17711=CARTESIAN_POINT('',(163.2,-81.985,1.51));
#17712=CARTESIAN_POINT('Origin',(163.2,-82.495,1.51));
#17713=CARTESIAN_POINT('',(163.2,-79.445,1.51));
#17714=CARTESIAN_POINT('Origin',(163.2,-79.955,1.51));
#17715=CARTESIAN_POINT('',(162.78,-75.025,1.51));
#17716=CARTESIAN_POINT('Origin',(162.78,-76.525,1.51));
#17717=CARTESIAN_POINT('',(170.,-85.22,1.51));
#17718=CARTESIAN_POINT('Origin',(170.,-85.72,1.51));
#17719=CARTESIAN_POINT('',(170.,-82.68,1.51));
#17720=CARTESIAN_POINT('Origin',(170.,-83.18,1.51));
#17721=CARTESIAN_POINT('',(170.,-80.14,1.51));
#17722=CARTESIAN_POINT('Origin',(170.,-80.64,1.51));
#17723=CARTESIAN_POINT('',(177.5,-76.95,1.51));
#17724=CARTESIAN_POINT('Origin',(177.5,-78.,1.51));
#17725=CARTESIAN_POINT('',(158.12,-68.23,1.51));
#17726=CARTESIAN_POINT('Origin',(158.12,-68.89,1.51));
#17727=CARTESIAN_POINT('',(158.12,-65.69,1.51));
#17728=CARTESIAN_POINT('Origin',(158.12,-66.35,1.51));
#17729=CARTESIAN_POINT('',(158.12,-63.15,1.51));
#17730=CARTESIAN_POINT('Origin',(158.12,-63.81,1.51));
#17731=CARTESIAN_POINT('',(158.12,-60.61,1.51));
#17732=CARTESIAN_POINT('Origin',(158.12,-61.27,1.51));
#17733=CARTESIAN_POINT('',(158.12,-58.07,1.51));
#17734=CARTESIAN_POINT('Origin',(158.12,-58.73,1.51));
#17735=CARTESIAN_POINT('',(172.,-69.499999,1.51));
#17736=CARTESIAN_POINT('Origin',(172.,-69.999999,1.51));
#17737=CARTESIAN_POINT('',(170.203949,-67.703948,1.51));
#17738=CARTESIAN_POINT('Origin',(170.203949,-68.203948,1.51));
#17739=CARTESIAN_POINT('',(168.407898,-65.907897,1.51));
#17740=CARTESIAN_POINT('Origin',(168.407898,-66.407897,1.51));
#17741=CARTESIAN_POINT('',(158.12,-55.53,1.51));
#17742=CARTESIAN_POINT('Origin',(158.12,-56.19,1.51));
#17743=CARTESIAN_POINT('',(158.12,-52.99,1.51));
#17744=CARTESIAN_POINT('Origin',(158.12,-53.65,1.51));
#17745=CARTESIAN_POINT('',(158.12,-50.45,1.51));
#17746=CARTESIAN_POINT('Origin',(158.12,-51.11,1.51));
#17747=CARTESIAN_POINT('',(152.5,-31.25,1.51));
#17748=CARTESIAN_POINT('Origin',(152.5,-31.75,1.51));
#17749=CARTESIAN_POINT('',(156.5,-31.25,1.51));
#17750=CARTESIAN_POINT('Origin',(156.5,-31.75,1.51));
#17751=CARTESIAN_POINT('',(160.5,-31.25,1.51));
#17752=CARTESIAN_POINT('Origin',(160.5,-31.75,1.51));
#17753=CARTESIAN_POINT('',(166.,-27.45,1.51));
#17754=CARTESIAN_POINT('Origin',(166.,-28.5,1.51));
#17755=CARTESIAN_POINT('Origin',(131.487051,-25.089058,0.));
#17756=CARTESIAN_POINT('',(131.487051,-25.089058,0.));
#17757=CARTESIAN_POINT('Origin',(180.920889,-97.550763,0.));
#17758=CARTESIAN_POINT('',(222.235313,-121.687203,0.));
#17759=CARTESIAN_POINT('Origin',(131.5,-55.77662,0.));
#17760=CARTESIAN_POINT('',(131.5,-55.77662,0.));
#17761=CARTESIAN_POINT('Origin',(222.235313,-121.687203,0.));
#17762=CARTESIAN_POINT('',(205.548935,-150.588857,0.));
#17763=CARTESIAN_POINT('Origin',(120.053241,-67.223379,0.));
#17764=CARTESIAN_POINT('',(120.053241,-67.223379,0.));
#17765=CARTESIAN_POINT('Origin',(205.548935,-150.588857,0.));
#17766=CARTESIAN_POINT('',(171.548935,-130.588857,0.));
#17767=CARTESIAN_POINT('Origin',(119.951997,-98.290895,0.));
#17768=CARTESIAN_POINT('',(119.951997,-98.290895,0.));
#17769=CARTESIAN_POINT('Origin',(171.548935,-130.588857,0.));
#17770=CARTESIAN_POINT('',(130.048935,-130.588857,0.));
#17771=CARTESIAN_POINT('Origin',(78.906446,-122.054163,0.));
#17772=CARTESIAN_POINT('',(78.906446,-122.054163,0.));
#17773=CARTESIAN_POINT('Origin',(130.048935,-130.588857,0.));
#17774=CARTESIAN_POINT('',(95.465914,-150.736003,0.));
#17775=CARTESIAN_POINT('Origin',(95.465914,-150.736003,0.));
#17776=CARTESIAN_POINT('Origin',(96.5,-147.5,-0.046));
#17777=CARTESIAN_POINT('',(96.5,-146.45,-0.046));
#17778=CARTESIAN_POINT('Origin',(96.393802,-142.785314,-0.046));
#17779=CARTESIAN_POINT('',(96.393802,-142.285314,-0.046));
#17780=CARTESIAN_POINT('Origin',(94.393802,-139.321212,-0.046));
#17781=CARTESIAN_POINT('',(94.393802,-138.821212,-0.046));
#17782=CARTESIAN_POINT('Origin',(92.393802,-135.857111,-0.046));
#17783=CARTESIAN_POINT('',(92.393802,-135.357111,-0.046));
#17784=CARTESIAN_POINT('Origin',(88.393802,-128.928908,-0.046));
#17785=CARTESIAN_POINT('',(88.393802,-128.428908,-0.046));
#17786=CARTESIAN_POINT('Origin',(90.393802,-132.393009,-0.046));
#17787=CARTESIAN_POINT('',(90.393802,-131.893009,-0.046));
#17788=CARTESIAN_POINT('Origin',(82.5,-123.,-0.046));
#17789=CARTESIAN_POINT('',(82.5,-121.95,-0.046));
#17790=CARTESIAN_POINT('Origin',(86.393802,-125.464806,-0.046));
#17791=CARTESIAN_POINT('',(86.393802,-124.964806,-0.046));
#17792=CARTESIAN_POINT('Origin',(111.970053,-131.044174,-0.046));
#17793=CARTESIAN_POINT('',(111.970053,-130.384174,-0.046));
#17794=CARTESIAN_POINT('Origin',(114.169758,-129.774174,-0.046));
#17795=CARTESIAN_POINT('',(114.169758,-129.114174,-0.046));
#17796=CARTESIAN_POINT('Origin',(116.369462,-128.504174,-0.046));
#17797=CARTESIAN_POINT('',(116.369462,-127.844174,-0.046));
#17798=CARTESIAN_POINT('Origin',(118.569167,-127.234174,-0.046));
#17799=CARTESIAN_POINT('',(118.569167,-126.574174,-0.046));
#17800=CARTESIAN_POINT('Origin',(120.768871,-125.964174,-0.046));
#17801=CARTESIAN_POINT('',(120.768871,-125.304174,-0.046));
#17802=CARTESIAN_POINT('Origin',(122.968576,-124.694174,-0.046));
#17803=CARTESIAN_POINT('',(122.968576,-124.034174,-0.046));
#17804=CARTESIAN_POINT('Origin',(125.16828,-123.424174,-0.046));
#17805=CARTESIAN_POINT('',(125.16828,-122.764174,-0.046));
#17806=CARTESIAN_POINT('Origin',(127.367985,-122.154174,-0.046));
#17807=CARTESIAN_POINT('',(127.367985,-121.494174,-0.046));
#17808=CARTESIAN_POINT('Origin',(133.5,-125.54,-0.046));
#17809=CARTESIAN_POINT('',(133.5,-125.04,-0.046));
#17810=CARTESIAN_POINT('Origin',(133.5,-123.,-0.046));
#17811=CARTESIAN_POINT('',(133.5,-122.5,-0.046));
#17812=CARTESIAN_POINT('Origin',(138.27,-123.475,-0.046));
#17813=CARTESIAN_POINT('',(138.27,-121.975,-0.046));
#17814=CARTESIAN_POINT('Origin',(104.350053,-117.845946,-0.046));
#17815=CARTESIAN_POINT('',(104.350053,-117.185946,-0.046));
#17816=CARTESIAN_POINT('Origin',(106.549758,-116.575946,-0.046));
#17817=CARTESIAN_POINT('',(106.549758,-115.915946,-0.046));
#17818=CARTESIAN_POINT('Origin',(108.749462,-115.305946,-0.046));
#17819=CARTESIAN_POINT('',(108.749462,-114.645946,-0.046));
#17820=CARTESIAN_POINT('Origin',(110.949167,-114.035946,-0.046));
#17821=CARTESIAN_POINT('',(110.949167,-113.375946,-0.046));
#17822=CARTESIAN_POINT('Origin',(113.148871,-112.765946,-0.046));
#17823=CARTESIAN_POINT('',(113.148871,-112.105946,-0.046));
#17824=CARTESIAN_POINT('Origin',(115.348576,-111.495946,-0.046));
#17825=CARTESIAN_POINT('',(115.348576,-110.835946,-0.046));
#17826=CARTESIAN_POINT('Origin',(117.54828,-110.225946,-0.046));
#17827=CARTESIAN_POINT('',(117.54828,-109.565946,-0.046));
#17828=CARTESIAN_POINT('Origin',(119.747985,-108.955946,-0.046));
#17829=CARTESIAN_POINT('',(119.747985,-108.295946,-0.046));
#17830=CARTESIAN_POINT('Origin',(129.,-109.,-0.046));
#17831=CARTESIAN_POINT('',(129.,-107.95,-0.046));
#17832=CARTESIAN_POINT('Origin',(137.8,-115.515,-0.046));
#17833=CARTESIAN_POINT('',(137.8,-115.005,-0.046));
#17834=CARTESIAN_POINT('Origin',(137.8,-112.975,-0.046));
#17835=CARTESIAN_POINT('',(137.8,-112.465,-0.046));
#17836=CARTESIAN_POINT('Origin',(137.8,-110.435,-0.046));
#17837=CARTESIAN_POINT('',(137.8,-109.925,-0.046));
#17838=CARTESIAN_POINT('Origin',(137.8,-107.895,-0.046));
#17839=CARTESIAN_POINT('',(137.8,-107.385,-0.046));
#17840=CARTESIAN_POINT('Origin',(137.8,-105.355,-0.046));
#17841=CARTESIAN_POINT('',(137.8,-104.845,-0.046));
#17842=CARTESIAN_POINT('Origin',(137.8,-102.815,-0.046));
#17843=CARTESIAN_POINT('',(137.8,-102.305,-0.046));
#17844=CARTESIAN_POINT('Origin',(137.8,-100.275,-0.046));
#17845=CARTESIAN_POINT('',(137.8,-99.765,-0.046));
#17846=CARTESIAN_POINT('Origin',(137.8,-97.735,-0.046));
#17847=CARTESIAN_POINT('',(137.8,-97.225,-0.046));
#17848=CARTESIAN_POINT('Origin',(137.8,-95.195,-0.046));
#17849=CARTESIAN_POINT('',(137.8,-94.685,-0.046));
#17850=CARTESIAN_POINT('Origin',(137.8,-92.655,-0.046));
#17851=CARTESIAN_POINT('',(137.8,-92.145,-0.046));
#17852=CARTESIAN_POINT('Origin',(137.8,-90.115,-0.046));
#17853=CARTESIAN_POINT('',(137.8,-89.605,-0.046));
#17854=CARTESIAN_POINT('Origin',(162.78,-123.475,-0.046));
#17855=CARTESIAN_POINT('',(162.78,-121.975,-0.046));
#17856=CARTESIAN_POINT('Origin',(180.231164,-125.964114,-0.046));
#17857=CARTESIAN_POINT('',(180.231164,-125.304114,-0.046));
#17858=CARTESIAN_POINT('Origin',(184.630573,-128.504114,-0.046));
#17859=CARTESIAN_POINT('',(184.630573,-127.844114,-0.046));
#17860=CARTESIAN_POINT('Origin',(182.430868,-127.234114,-0.046));
#17861=CARTESIAN_POINT('',(182.430868,-126.574114,-0.046));
#17862=CARTESIAN_POINT('Origin',(173.63205,-122.154114,-0.046));
#17863=CARTESIAN_POINT('',(173.63205,-121.494114,-0.046));
#17864=CARTESIAN_POINT('Origin',(175.831754,-123.424114,-0.046));
#17865=CARTESIAN_POINT('',(175.831754,-122.764114,-0.046));
#17866=CARTESIAN_POINT('Origin',(178.031459,-124.694114,-0.046));
#17867=CARTESIAN_POINT('',(178.031459,-124.034114,-0.046));
#17868=CARTESIAN_POINT('Origin',(204.5,-147.,-0.046));
#17869=CARTESIAN_POINT('',(204.5,-145.95,-0.046));
#17870=CARTESIAN_POINT('Origin',(203.523702,-142.160254,-0.046));
#17871=CARTESIAN_POINT('',(203.523702,-141.660254,-0.046));
#17872=CARTESIAN_POINT('Origin',(205.523702,-138.696152,-0.046));
#17873=CARTESIAN_POINT('',(205.523702,-138.196152,-0.046));
#17874=CARTESIAN_POINT('Origin',(207.523702,-135.232051,-0.046));
#17875=CARTESIAN_POINT('',(207.523702,-134.732051,-0.046));
#17876=CARTESIAN_POINT('Origin',(186.830277,-129.774114,-0.046));
#17877=CARTESIAN_POINT('',(186.830277,-129.114114,-0.046));
#17878=CARTESIAN_POINT('Origin',(189.029982,-131.044114,-0.046));
#17879=CARTESIAN_POINT('',(189.029982,-130.384114,-0.046));
#17880=CARTESIAN_POINT('Origin',(209.523702,-131.767949,-0.046));
#17881=CARTESIAN_POINT('',(209.523702,-131.267949,-0.046));
#17882=CARTESIAN_POINT('Origin',(211.523702,-128.303848,-0.046));
#17883=CARTESIAN_POINT('',(211.523702,-127.803848,-0.046));
#17884=CARTESIAN_POINT('Origin',(213.523702,-124.839746,-0.046));
#17885=CARTESIAN_POINT('',(213.523702,-124.339746,-0.046));
#17886=CARTESIAN_POINT('Origin',(218.5,-122.5,-0.046));
#17887=CARTESIAN_POINT('',(218.5,-121.45,-0.046));
#17888=CARTESIAN_POINT('Origin',(163.2,-115.515,-0.046));
#17889=CARTESIAN_POINT('',(163.2,-115.005,-0.046));
#17890=CARTESIAN_POINT('Origin',(163.2,-112.975,-0.046));
#17891=CARTESIAN_POINT('',(163.2,-112.465,-0.046));
#17892=CARTESIAN_POINT('Origin',(163.2,-110.435,-0.046));
#17893=CARTESIAN_POINT('',(163.2,-109.925,-0.046));
#17894=CARTESIAN_POINT('Origin',(163.2,-107.895,-0.046));
#17895=CARTESIAN_POINT('',(163.2,-107.385,-0.046));
#17896=CARTESIAN_POINT('Origin',(163.2,-105.355,-0.046));
#17897=CARTESIAN_POINT('',(163.2,-104.845,-0.046));
#17898=CARTESIAN_POINT('Origin',(170.,-103.5,-0.046));
#17899=CARTESIAN_POINT('',(170.,-103.,-0.046));
#17900=CARTESIAN_POINT('Origin',(181.25205,-108.955886,-0.046));
#17901=CARTESIAN_POINT('',(181.25205,-108.295886,-0.046));
#17902=CARTESIAN_POINT('Origin',(183.451755,-110.225886,-0.046));
#17903=CARTESIAN_POINT('',(183.451755,-109.565886,-0.046));
#17904=CARTESIAN_POINT('Origin',(163.2,-102.815,-0.046));
#17905=CARTESIAN_POINT('',(163.2,-102.305,-0.046));
#17906=CARTESIAN_POINT('Origin',(163.2,-100.275,-0.046));
#17907=CARTESIAN_POINT('',(163.2,-99.765,-0.046));
#17908=CARTESIAN_POINT('Origin',(163.2,-97.735,-0.046));
#17909=CARTESIAN_POINT('',(163.2,-97.225,-0.046));
#17910=CARTESIAN_POINT('Origin',(163.2,-95.195,-0.046));
#17911=CARTESIAN_POINT('',(163.2,-94.685,-0.046));
#17912=CARTESIAN_POINT('Origin',(163.2,-92.655,-0.046));
#17913=CARTESIAN_POINT('',(163.2,-92.145,-0.046));
#17914=CARTESIAN_POINT('Origin',(163.2,-90.115,-0.046));
#17915=CARTESIAN_POINT('',(163.2,-89.605,-0.046));
#17916=CARTESIAN_POINT('Origin',(170.,-100.96,-0.046));
#17917=CARTESIAN_POINT('',(170.,-100.46,-0.046));
#17918=CARTESIAN_POINT('Origin',(170.,-98.42,-0.046));
#17919=CARTESIAN_POINT('',(170.,-97.92,-0.046));
#17920=CARTESIAN_POINT('Origin',(170.,-95.88,-0.046));
#17921=CARTESIAN_POINT('',(170.,-95.38,-0.046));
#17922=CARTESIAN_POINT('Origin',(175.,-96.81,-0.046));
#17923=CARTESIAN_POINT('',(175.,-96.31,-0.046));
#17924=CARTESIAN_POINT('Origin',(181.,-102.5,-0.046));
#17925=CARTESIAN_POINT('',(181.,-101.45,-0.046));
#17926=CARTESIAN_POINT('Origin',(170.,-93.34,-0.046));
#17927=CARTESIAN_POINT('',(170.,-92.84,-0.046));
#17928=CARTESIAN_POINT('Origin',(175.,-94.27,-0.046));
#17929=CARTESIAN_POINT('',(175.,-93.77,-0.046));
#17930=CARTESIAN_POINT('Origin',(170.,-90.8,-0.046));
#17931=CARTESIAN_POINT('',(170.,-90.3,-0.046));
#17932=CARTESIAN_POINT('Origin',(170.,-88.26,-0.046));
#17933=CARTESIAN_POINT('',(170.,-87.76,-0.046));
#17934=CARTESIAN_POINT('Origin',(175.,-91.73,-0.046));
#17935=CARTESIAN_POINT('',(175.,-91.23,-0.046));
#17936=CARTESIAN_POINT('Origin',(175.,-89.19,-0.046));
#17937=CARTESIAN_POINT('',(175.,-88.69,-0.046));
#17938=CARTESIAN_POINT('Origin',(192.250573,-115.305886,-0.046));
#17939=CARTESIAN_POINT('',(192.250573,-114.645886,-0.046));
#17940=CARTESIAN_POINT('Origin',(187.851164,-112.765886,-0.046));
#17941=CARTESIAN_POINT('',(187.851164,-112.105886,-0.046));
#17942=CARTESIAN_POINT('Origin',(185.651459,-111.495886,-0.046));
#17943=CARTESIAN_POINT('',(185.651459,-110.835886,-0.046));
#17944=CARTESIAN_POINT('Origin',(190.050868,-114.035886,-0.046));
#17945=CARTESIAN_POINT('',(190.050868,-113.375886,-0.046));
#17946=CARTESIAN_POINT('Origin',(194.450278,-116.575886,-0.046));
#17947=CARTESIAN_POINT('',(194.450278,-115.915886,-0.046));
#17948=CARTESIAN_POINT('Origin',(196.649982,-117.845886,-0.046));
#17949=CARTESIAN_POINT('',(196.649982,-117.185886,-0.046));
#17950=CARTESIAN_POINT('Origin',(126.15,-79.5,-0.046));
#17951=CARTESIAN_POINT('',(126.15,-79.,-0.046));
#17952=CARTESIAN_POINT('Origin',(131.15,-76.5,-0.046));
#17953=CARTESIAN_POINT('',(131.15,-75.55,-0.046));
#17954=CARTESIAN_POINT('Origin',(137.8,-87.575,-0.046));
#17955=CARTESIAN_POINT('',(137.8,-87.065,-0.046));
#17956=CARTESIAN_POINT('Origin',(137.8,-85.035,-0.046));
#17957=CARTESIAN_POINT('',(137.8,-84.525,-0.046));
#17958=CARTESIAN_POINT('Origin',(137.8,-82.495,-0.046));
#17959=CARTESIAN_POINT('',(137.8,-81.985,-0.046));
#17960=CARTESIAN_POINT('Origin',(137.8,-79.955,-0.046));
#17961=CARTESIAN_POINT('',(137.8,-79.445,-0.046));
#17962=CARTESIAN_POINT('Origin',(138.27,-76.525,-0.046));
#17963=CARTESIAN_POINT('',(138.27,-75.025,-0.046));
#17964=CARTESIAN_POINT('Origin',(131.15,-71.5,-0.046));
#17965=CARTESIAN_POINT('',(131.15,-70.55,-0.046));
#17966=CARTESIAN_POINT('Origin',(126.15,-68.5,-0.046));
#17967=CARTESIAN_POINT('',(126.15,-68.,-0.046));
#17968=CARTESIAN_POINT('Origin',(130.,-63.,-0.046));
#17969=CARTESIAN_POINT('',(130.,-61.95,-0.046));
#17970=CARTESIAN_POINT('Origin',(142.88,-68.89,-0.046));
#17971=CARTESIAN_POINT('',(142.88,-68.23,-0.046));
#17972=CARTESIAN_POINT('Origin',(142.88,-66.35,-0.046));
#17973=CARTESIAN_POINT('',(142.88,-65.69,-0.046));
#17974=CARTESIAN_POINT('Origin',(142.88,-63.81,-0.046));
#17975=CARTESIAN_POINT('',(142.88,-63.15,-0.046));
#17976=CARTESIAN_POINT('Origin',(142.88,-61.27,-0.046));
#17977=CARTESIAN_POINT('',(142.88,-60.61,-0.046));
#17978=CARTESIAN_POINT('Origin',(142.88,-58.73,-0.046));
#17979=CARTESIAN_POINT('',(142.88,-58.07,-0.046));
#17980=CARTESIAN_POINT('Origin',(142.88,-56.19,-0.046));
#17981=CARTESIAN_POINT('',(142.88,-55.53,-0.046));
#17982=CARTESIAN_POINT('Origin',(142.88,-53.65,-0.046));
#17983=CARTESIAN_POINT('',(142.88,-52.99,-0.046));
#17984=CARTESIAN_POINT('Origin',(142.88,-51.11,-0.046));
#17985=CARTESIAN_POINT('',(142.88,-50.45,-0.046));
#17986=CARTESIAN_POINT('Origin',(140.5,-31.75,-0.046));
#17987=CARTESIAN_POINT('',(140.5,-31.25,-0.046));
#17988=CARTESIAN_POINT('Origin',(135.,-28.5,-0.046));
#17989=CARTESIAN_POINT('',(135.,-27.45,-0.046));
#17990=CARTESIAN_POINT('Origin',(144.5,-31.75,-0.046));
#17991=CARTESIAN_POINT('',(144.5,-31.25,-0.046));
#17992=CARTESIAN_POINT('Origin',(148.5,-31.75,-0.046));
#17993=CARTESIAN_POINT('',(148.5,-31.25,-0.046));
#17994=CARTESIAN_POINT('Origin',(163.2,-87.575,-0.046));
#17995=CARTESIAN_POINT('',(163.2,-87.065,-0.046));
#17996=CARTESIAN_POINT('Origin',(163.2,-85.035,-0.046));
#17997=CARTESIAN_POINT('',(163.2,-84.525,-0.046));
#17998=CARTESIAN_POINT('Origin',(163.2,-82.495,-0.046));
#17999=CARTESIAN_POINT('',(163.2,-81.985,-0.046));
#18000=CARTESIAN_POINT('Origin',(163.2,-79.955,-0.046));
#18001=CARTESIAN_POINT('',(163.2,-79.445,-0.046));
#18002=CARTESIAN_POINT('Origin',(162.78,-76.525,-0.046));
#18003=CARTESIAN_POINT('',(162.78,-75.025,-0.046));
#18004=CARTESIAN_POINT('Origin',(170.,-85.72,-0.046));
#18005=CARTESIAN_POINT('',(170.,-85.22,-0.046));
#18006=CARTESIAN_POINT('Origin',(170.,-83.18,-0.046));
#18007=CARTESIAN_POINT('',(170.,-82.68,-0.046));
#18008=CARTESIAN_POINT('Origin',(170.,-80.64,-0.046));
#18009=CARTESIAN_POINT('',(170.,-80.14,-0.046));
#18010=CARTESIAN_POINT('Origin',(177.5,-78.,-0.046));
#18011=CARTESIAN_POINT('',(177.5,-76.95,-0.046));
#18012=CARTESIAN_POINT('Origin',(158.12,-68.89,-0.046));
#18013=CARTESIAN_POINT('',(158.12,-68.23,-0.046));
#18014=CARTESIAN_POINT('Origin',(158.12,-66.35,-0.046));
#18015=CARTESIAN_POINT('',(158.12,-65.69,-0.046));
#18016=CARTESIAN_POINT('Origin',(158.12,-63.81,-0.046));
#18017=CARTESIAN_POINT('',(158.12,-63.15,-0.046));
#18018=CARTESIAN_POINT('Origin',(158.12,-61.27,-0.046));
#18019=CARTESIAN_POINT('',(158.12,-60.61,-0.046));
#18020=CARTESIAN_POINT('Origin',(158.12,-58.73,-0.046));
#18021=CARTESIAN_POINT('',(158.12,-58.07,-0.046));
#18022=CARTESIAN_POINT('Origin',(172.,-69.999999,-0.046));
#18023=CARTESIAN_POINT('',(172.,-69.499999,-0.046));
#18024=CARTESIAN_POINT('Origin',(170.203949,-68.203948,-0.046));
#18025=CARTESIAN_POINT('',(170.203949,-67.703948,-0.046));
#18026=CARTESIAN_POINT('Origin',(168.407898,-66.407897,-0.046));
#18027=CARTESIAN_POINT('',(168.407898,-65.907897,-0.046));
#18028=CARTESIAN_POINT('Origin',(158.12,-56.19,-0.046));
#18029=CARTESIAN_POINT('',(158.12,-55.53,-0.046));
#18030=CARTESIAN_POINT('Origin',(158.12,-53.65,-0.046));
#18031=CARTESIAN_POINT('',(158.12,-52.99,-0.046));
#18032=CARTESIAN_POINT('Origin',(158.12,-51.11,-0.046));
#18033=CARTESIAN_POINT('',(158.12,-50.45,-0.046));
#18034=CARTESIAN_POINT('Origin',(152.5,-31.75,-0.046));
#18035=CARTESIAN_POINT('',(152.5,-31.25,-0.046));
#18036=CARTESIAN_POINT('Origin',(156.5,-31.75,-0.046));
#18037=CARTESIAN_POINT('',(156.5,-31.25,-0.046));
#18038=CARTESIAN_POINT('Origin',(160.5,-31.75,-0.046));
#18039=CARTESIAN_POINT('',(160.5,-31.25,-0.046));
#18040=CARTESIAN_POINT('Origin',(166.,-28.5,-0.046));
#18041=CARTESIAN_POINT('',(166.,-27.45,-0.046));
#18042=CARTESIAN_POINT('',(133.5,-123.,1.595));
#18043=CARTESIAN_POINT('',(175.,-89.19,1.595));
#18044=CARTESIAN_POINT('',(170.,-80.64,1.595));
#18045=CARTESIAN_POINT('',(168.407898,-66.407897,1.595));
#18046=CARTESIAN_POINT('',(0.,0.,0.));
#18047=UNCERTAINTY_MEASURE_WITH_UNIT(LENGTH_MEASURE(0.01),#18069,
'DISTANCE_ACCURACY_VALUE',
'Maximum model space distance between geometric entities at asserted c
onnectivities');
#18048=UNCERTAINTY_MEASURE_WITH_UNIT(LENGTH_MEASURE(0.01),#18069,
'DISTANCE_ACCURACY_VALUE',
'Maximum model space distance between geometric entities at asserted c
onnectivities');
#18049=UNCERTAINTY_MEASURE_WITH_UNIT(LENGTH_MEASURE(0.01),#18069,
'DISTANCE_ACCURACY_VALUE',
'Maximum model space distance between geometric entities at asserted c
onnectivities');
#18050=UNCERTAINTY_MEASURE_WITH_UNIT(LENGTH_MEASURE(0.01),#18069,
'DISTANCE_ACCURACY_VALUE',
'Maximum model space distance between geometric entities at asserted c
onnectivities');
#18051=UNCERTAINTY_MEASURE_WITH_UNIT(LENGTH_MEASURE(0.01),#18069,
'DISTANCE_ACCURACY_VALUE',
'Maximum model space distance between geometric entities at asserted c
onnectivities');
#18052=UNCERTAINTY_MEASURE_WITH_UNIT(LENGTH_MEASURE(0.01),#18069,
'DISTANCE_ACCURACY_VALUE',
'Maximum model space distance between geometric entities at asserted c
onnectivities');
#18053=UNCERTAINTY_MEASURE_WITH_UNIT(LENGTH_MEASURE(0.01),#18069,
'DISTANCE_ACCURACY_VALUE',
'Maximum model space distance between geometric entities at asserted c
onnectivities');
#18054=UNCERTAINTY_MEASURE_WITH_UNIT(LENGTH_MEASURE(0.01),#18069,
'DISTANCE_ACCURACY_VALUE',
'Maximum model space distance between geometric entities at asserted c
onnectivities');
#18055=UNCERTAINTY_MEASURE_WITH_UNIT(LENGTH_MEASURE(0.01),#18069,
'DISTANCE_ACCURACY_VALUE',
'Maximum model space distance between geometric entities at asserted c
onnectivities');
#18056=UNCERTAINTY_MEASURE_WITH_UNIT(LENGTH_MEASURE(0.01),#18069,
'DISTANCE_ACCURACY_VALUE',
'Maximum model space distance between geometric entities at asserted c
onnectivities');
#18057=UNCERTAINTY_MEASURE_WITH_UNIT(LENGTH_MEASURE(0.01),#18069,
'DISTANCE_ACCURACY_VALUE',
'Maximum model space distance between geometric entities at asserted c
onnectivities');
#18058=(
GEOMETRIC_REPRESENTATION_CONTEXT(3)
GLOBAL_UNCERTAINTY_ASSIGNED_CONTEXT((#18047))
GLOBAL_UNIT_ASSIGNED_CONTEXT((#18069,#18071,#18072))
REPRESENTATION_CONTEXT('','3D')
);
#18059=(
GEOMETRIC_REPRESENTATION_CONTEXT(3)
GLOBAL_UNCERTAINTY_ASSIGNED_CONTEXT((#18048))
GLOBAL_UNIT_ASSIGNED_CONTEXT((#18069,#18071,#18072))
REPRESENTATION_CONTEXT('','3D')
);
#18060=(
GEOMETRIC_REPRESENTATION_CONTEXT(3)
GLOBAL_UNCERTAINTY_ASSIGNED_CONTEXT((#18049))
GLOBAL_UNIT_ASSIGNED_CONTEXT((#18069,#18071,#18072))
REPRESENTATION_CONTEXT('','3D')
);
#18061=(
GEOMETRIC_REPRESENTATION_CONTEXT(3)
GLOBAL_UNCERTAINTY_ASSIGNED_CONTEXT((#18050))
GLOBAL_UNIT_ASSIGNED_CONTEXT((#18069,#18071,#18072))
REPRESENTATION_CONTEXT('','3D')
);
#18062=(
GEOMETRIC_REPRESENTATION_CONTEXT(3)
GLOBAL_UNCERTAINTY_ASSIGNED_CONTEXT((#18051))
GLOBAL_UNIT_ASSIGNED_CONTEXT((#18069,#18071,#18072))
REPRESENTATION_CONTEXT('','3D')
);
#18063=(
GEOMETRIC_REPRESENTATION_CONTEXT(3)
GLOBAL_UNCERTAINTY_ASSIGNED_CONTEXT((#18052))
GLOBAL_UNIT_ASSIGNED_CONTEXT((#18069,#18071,#18072))
REPRESENTATION_CONTEXT('','3D')
);
#18064=(
GEOMETRIC_REPRESENTATION_CONTEXT(3)
GLOBAL_UNCERTAINTY_ASSIGNED_CONTEXT((#18053))
GLOBAL_UNIT_ASSIGNED_CONTEXT((#18069,#18071,#18072))
REPRESENTATION_CONTEXT('','3D')
);
#18065=(
GEOMETRIC_REPRESENTATION_CONTEXT(3)
GLOBAL_UNCERTAINTY_ASSIGNED_CONTEXT((#18054))
GLOBAL_UNIT_ASSIGNED_CONTEXT((#18069,#18071,#18072))
REPRESENTATION_CONTEXT('','3D')
);
#18066=(
GEOMETRIC_REPRESENTATION_CONTEXT(3)
GLOBAL_UNCERTAINTY_ASSIGNED_CONTEXT((#18055))
GLOBAL_UNIT_ASSIGNED_CONTEXT((#18069,#18071,#18072))
REPRESENTATION_CONTEXT('','3D')
);
#18067=(
GEOMETRIC_REPRESENTATION_CONTEXT(3)
GLOBAL_UNCERTAINTY_ASSIGNED_CONTEXT((#18056))
GLOBAL_UNIT_ASSIGNED_CONTEXT((#18069,#18071,#18072))
REPRESENTATION_CONTEXT('','3D')
);
#18068=(
GEOMETRIC_REPRESENTATION_CONTEXT(3)
GLOBAL_UNCERTAINTY_ASSIGNED_CONTEXT((#18057))
GLOBAL_UNIT_ASSIGNED_CONTEXT((#18069,#18071,#18072))
REPRESENTATION_CONTEXT('','3D')
);
#18069=(
LENGTH_UNIT()
NAMED_UNIT(*)
SI_UNIT(.MILLI.,.METRE.)
);
#18070=(
LENGTH_UNIT()
NAMED_UNIT(*)
SI_UNIT($,.METRE.)
);
#18071=(
NAMED_UNIT(*)
PLANE_ANGLE_UNIT()
SI_UNIT($,.RADIAN.)
);
#18072=(
NAMED_UNIT(*)
SI_UNIT($,.STERADIAN.)
SOLID_ANGLE_UNIT()
);
#18073=SHAPE_DEFINITION_REPRESENTATION(#18083,#18102);
#18074=SHAPE_DEFINITION_REPRESENTATION(#18084,#18103);
#18075=SHAPE_DEFINITION_REPRESENTATION(#18085,#18104);
#18076=SHAPE_DEFINITION_REPRESENTATION(#18087,#18105);
#18077=SHAPE_DEFINITION_REPRESENTATION(#18088,#18106);
#18078=SHAPE_DEFINITION_REPRESENTATION(#18090,#18107);
#18079=SHAPE_DEFINITION_REPRESENTATION(#18091,#18108);
#18080=SHAPE_DEFINITION_REPRESENTATION(#18093,#18109);
#18081=SHAPE_DEFINITION_REPRESENTATION(#18094,#18110);
#18082=SHAPE_DEFINITION_REPRESENTATION(#18096,#18111);
#18083=PRODUCT_DEFINITION_SHAPE('',$,#18113);
#18084=PRODUCT_DEFINITION_SHAPE('',$,#18114);
#18085=PRODUCT_DEFINITION_SHAPE('',$,#18115);
#18086=PRODUCT_DEFINITION_SHAPE($,$,#487);
#18087=PRODUCT_DEFINITION_SHAPE('',$,#18116);
#18088=PRODUCT_DEFINITION_SHAPE('',$,#18117);
#18089=PRODUCT_DEFINITION_SHAPE($,$,#488);
#18090=PRODUCT_DEFINITION_SHAPE('',$,#18118);
#18091=PRODUCT_DEFINITION_SHAPE('',$,#18119);
#18092=PRODUCT_DEFINITION_SHAPE($,$,#489);
#18093=PRODUCT_DEFINITION_SHAPE('',$,#18120);
#18094=PRODUCT_DEFINITION_SHAPE('',$,#18121);
#18095=PRODUCT_DEFINITION_SHAPE($,$,#490);
#18096=PRODUCT_DEFINITION_SHAPE('',$,#18122);
#18097=PRODUCT_DEFINITION_SHAPE($,$,#491);
#18098=PRODUCT_DEFINITION_SHAPE($,$,#492);
#18099=PRODUCT_DEFINITION_SHAPE($,$,#493);
#18100=PRODUCT_DEFINITION_SHAPE($,$,#494);
#18101=PRODUCT_DEFINITION_SHAPE($,$,#495);
#18102=SHAPE_REPRESENTATION('',(#11268,#12148,#12149,#12150,#12151,#12152),
#18058);
#18103=SHAPE_REPRESENTATION('',(#11269,#11323),#18059);
#18104=SHAPE_REPRESENTATION('',(#11270),#18060);
#18105=SHAPE_REPRESENTATION('',(#11324,#11426),#18061);
#18106=SHAPE_REPRESENTATION('',(#11325),#18062);
#18107=SHAPE_REPRESENTATION('',(#11427,#11673),#18063);
#18108=SHAPE_REPRESENTATION('',(#11428),#18064);
#18109=SHAPE_REPRESENTATION('',(#11674,#11731),#18065);
#18110=SHAPE_REPRESENTATION('',(#11675),#18066);
#18111=SHAPE_REPRESENTATION('',(#11732),#18067);
#18112=PRODUCT_DEFINITION_CONTEXT('part definition',#18144,'design');
#18113=PRODUCT_DEFINITION('2026-08-29-23-05-08-777','Main_PCB',#18123,#18112);
#18114=PRODUCT_DEFINITION('2026-08-29-23-05-08-777_1',
'PinHeader_1x02_P2.54mm_Vertical',#18124,#18112);
#18115=PRODUCT_DEFINITION('2026-08-29-23-05-08-777_2',
'PinHeader_1x02_P254mm_Vertical',#18125,#18112);
#18116=PRODUCT_DEFINITION('2026-08-29-23-05-08-777_3',
'PinHeader_1x04_P2.54mm_Vertical',#18126,#18112);
#18117=PRODUCT_DEFINITION('2026-08-29-23-05-08-777_4',
'PinHeader_1x04_P254mm_Vertical',#18127,#18112);
#18118=PRODUCT_DEFINITION('2026-08-29-23-05-08-778',
'PinHeader_1x10_P2.54mm_Vertical',#18128,#18112);
#18119=PRODUCT_DEFINITION('2026-08-29-23-05-08-777_5',
'PinHeader_1x10_P254mm_Vertical',#18129,#18112);
#18120=PRODUCT_DEFINITION('2026-08-29-23-05-08-778_1',
'Converter_DCDC_RECOM_R-78E-0.5_THT',#18130,#18112);
#18121=PRODUCT_DEFINITION('2026-08-29-23-05-08-778_2',
'Converter_DCDC_RECOM_R_78E_05_THT',#18131,#18112);
#18122=PRODUCT_DEFINITION('2026-08-29-23-05-08-778_3','KiwiDrive_PCB',#18132,
#18112);
#18123=PRODUCT_DEFINITION_FORMATION('',$,#18146);
#18124=PRODUCT_DEFINITION_FORMATION('',$,#18147);
#18125=PRODUCT_DEFINITION_FORMATION('',$,#18148);
#18126=PRODUCT_DEFINITION_FORMATION('',$,#18149);
#18127=PRODUCT_DEFINITION_FORMATION('',$,#18150);
#18128=PRODUCT_DEFINITION_FORMATION('',$,#18151);
#18129=PRODUCT_DEFINITION_FORMATION('',$,#18152);
#18130=PRODUCT_DEFINITION_FORMATION('',$,#18153);
#18131=PRODUCT_DEFINITION_FORMATION('',$,#18154);
#18132=PRODUCT_DEFINITION_FORMATION('',$,#18155);
#18133=PRODUCT_RELATED_PRODUCT_CATEGORY('Main_PCB','Main_PCB',(#18146));
#18134=PRODUCT_RELATED_PRODUCT_CATEGORY(
'PinHeader_1x02_P2.54mm_Vertical','PinHeader_1x02_P2.54mm_Vertical',(#18147));
#18135=PRODUCT_RELATED_PRODUCT_CATEGORY(
'PinHeader_1x02_P254mm_Vertical','PinHeader_1x02_P254mm_Vertical',(#18148));
#18136=PRODUCT_RELATED_PRODUCT_CATEGORY(
'PinHeader_1x04_P2.54mm_Vertical','PinHeader_1x04_P2.54mm_Vertical',(#18149));
#18137=PRODUCT_RELATED_PRODUCT_CATEGORY(
'PinHeader_1x04_P254mm_Vertical','PinHeader_1x04_P254mm_Vertical',(#18150));
#18138=PRODUCT_RELATED_PRODUCT_CATEGORY(
'PinHeader_1x10_P2.54mm_Vertical','PinHeader_1x10_P2.54mm_Vertical',(#18151));
#18139=PRODUCT_RELATED_PRODUCT_CATEGORY(
'PinHeader_1x10_P254mm_Vertical','PinHeader_1x10_P254mm_Vertical',(#18152));
#18140=PRODUCT_RELATED_PRODUCT_CATEGORY(
'Converter_DCDC_RECOM_R-78E-0.5_THT',
'Converter_DCDC_RECOM_R-78E-0.5_THT',(#18153));
#18141=PRODUCT_RELATED_PRODUCT_CATEGORY(
'Converter_DCDC_RECOM_R_78E_05_THT','Converter_DCDC_RECOM_R_78E_05_THT',
(#18154));
#18142=PRODUCT_RELATED_PRODUCT_CATEGORY('KiwiDrive_PCB','KiwiDrive_PCB',
(#18155));
#18143=APPLICATION_PROTOCOL_DEFINITION('international standard',
'automotive_design',2009,#18144);
#18144=APPLICATION_CONTEXT(
'Core Data for Automotive Mechanical Design Process');
#18145=PRODUCT_CONTEXT('part definition',#18144,'mechanical');
#18146=PRODUCT('2026-08-29-23-05-08-777','Main_PCB',
'KiCad electronic assembly',(#18145));
#18147=PRODUCT('2026-08-29-23-05-08-777_1',
'PinHeader_1x02_P2.54mm_Vertical',$,(#18145));
#18148=PRODUCT('2026-08-29-23-05-08-777_2',
'PinHeader_1x02_P254mm_Vertical',$,(#18145));
#18149=PRODUCT('2026-08-29-23-05-08-777_3',
'PinHeader_1x04_P2.54mm_Vertical',$,(#18145));
#18150=PRODUCT('2026-08-29-23-05-08-777_4',
'PinHeader_1x04_P254mm_Vertical',$,(#18145));
#18151=PRODUCT('2026-08-29-23-05-08-778',
'PinHeader_1x10_P2.54mm_Vertical',$,(#18145));
#18152=PRODUCT('2026-08-29-23-05-08-777_5',
'PinHeader_1x10_P254mm_Vertical',$,(#18145));
#18153=PRODUCT('2026-08-29-23-05-08-778_1',
'Converter_DCDC_RECOM_R-78E-0.5_THT',$,(#18145));
#18154=PRODUCT('2026-08-29-23-05-08-778_2',
'Converter_DCDC_RECOM_R_78E_05_THT',$,(#18145));
#18155=PRODUCT('2026-08-29-23-05-08-778_3','KiwiDrive_PCB',$,(#18145));
#18156=PRESENTATION_STYLE_ASSIGNMENT((#18161));
#18157=PRESENTATION_STYLE_ASSIGNMENT((#18162));
#18158=PRESENTATION_STYLE_ASSIGNMENT((#18163));
#18159=PRESENTATION_STYLE_ASSIGNMENT((#18164));
#18160=PRESENTATION_STYLE_ASSIGNMENT((#18165));
#18161=SURFACE_STYLE_USAGE(.BOTH.,#18166);
#18162=SURFACE_STYLE_USAGE(.BOTH.,#18167);
#18163=SURFACE_STYLE_USAGE(.BOTH.,#18168);
#18164=SURFACE_STYLE_USAGE(.BOTH.,#18169);
#18165=SURFACE_STYLE_USAGE(.BOTH.,#18170);
#18166=SURFACE_SIDE_STYLE('',(#18171));
#18167=SURFACE_SIDE_STYLE('',(#18172));
#18168=SURFACE_SIDE_STYLE('',(#18173));
#18169=SURFACE_SIDE_STYLE('',(#18174));
#18170=SURFACE_SIDE_STYLE('',(#18175));
#18171=SURFACE_STYLE_FILL_AREA(#18176);
#18172=SURFACE_STYLE_FILL_AREA(#18177);
#18173=SURFACE_STYLE_FILL_AREA(#18178);
#18174=SURFACE_STYLE_FILL_AREA(#18179);
#18175=SURFACE_STYLE_FILL_AREA(#18180);
#18176=FILL_AREA_STYLE('Steel - Satin',(#18181));
#18177=FILL_AREA_STYLE('Opaque(38,37,37)',(#18182));
#18178=FILL_AREA_STYLE('Opaque(219,188,126)',(#18183));
#18179=FILL_AREA_STYLE('Opaque(210,209,199)',(#18184));
#18180=FILL_AREA_STYLE('Paint - Enamel Glossy (White)',(#18185));
#18181=FILL_AREA_STYLE_COLOUR('Steel - Satin',#18186);
#18182=FILL_AREA_STYLE_COLOUR('Opaque(38,37,37)',#18187);
#18183=FILL_AREA_STYLE_COLOUR('Opaque(219,188,126)',#18188);
#18184=FILL_AREA_STYLE_COLOUR('Opaque(210,209,199)',#18189);
#18185=FILL_AREA_STYLE_COLOUR('Paint - Enamel Glossy (White)',#18190);
#18186=COLOUR_RGB('Steel - Satin',0.627450980392157,0.627450980392157,0.627450980392157);
#18187=COLOUR_RGB('Opaque(38,37,37)',0.149019607843137,0.145098039215686,
0.145098039215686);
#18188=COLOUR_RGB('Opaque(219,188,126)',0.858823529411765,0.737254901960784,
0.494117647058824);
#18189=COLOUR_RGB('Opaque(210,209,199)',0.823529411764706,0.819607843137255,
0.780392156862745);
#18190=COLOUR_RGB('Paint - Enamel Glossy (White)',0.964705882352941,0.964705882352941,
0.952941176470588);
ENDSEC;
END-ISO-10303-21;
