ISO-10303-21;
HEADER;
/* Generated by software containing ST-Developer
 * from STEP Tools, Inc. (www.steptools.com) 
 */

FILE_DESCRIPTION(
/* description */ (''),
/* implementation_level */ '2;1');

FILE_NAME(
/* name */ '2020_400mm_Aluminum_Extrusion.step',
/* time_stamp */ '2026-08-29T22:59:09-05:00',
/* author */ (''),
/* organization */ (''),
/* preprocessor_version */ 'ST-DEVELOPER v20.1',
/* originating_system */ 'Autodesk Translation Framework v15.8.0.0',
/* authorisation */ '');

FILE_SCHEMA (('AUTOMOTIVE_DESIGN { 1 0 10303 214 3 1 1 }'));
ENDSEC;

DATA;
#10=MECHANICAL_DESIGN_GEOMETRIC_PRESENTATION_REPRESENTATION('',(#13),#3595);
#11=SHAPE_REPRESENTATION_RELATIONSHIP('SRR','None',#3602,#12);
#12=ADVANCED_BREP_SHAPE_REPRESENTATION('',(#14),#3594);
#13=STYLED_ITEM('',(#3612),#14);
#14=MANIFOLD_SOLID_BREP('Body1',#1745);
#15=FACE_BOUND('',#579,.T.);
#16=FACE_BOUND('',#619,.T.);
#17=PLANE('',#1771);
#18=PLANE('',#1798);
#19=PLANE('',#1829);
#20=PLANE('',#1832);
#21=PLANE('',#1833);
#22=PLANE('',#1836);
#23=PLANE('',#1837);
#24=PLANE('',#1840);
#25=PLANE('',#1843);
#26=PLANE('',#1846);
#27=PLANE('',#1849);
#28=PLANE('',#1852);
#29=PLANE('',#1855);
#30=PLANE('',#1856);
#31=PLANE('',#1859);
#32=PLANE('',#1860);
#33=PLANE('',#1863);
#34=PLANE('',#1866);
#35=PLANE('',#1869);
#36=PLANE('',#1872);
#37=PLANE('',#1887);
#38=PLANE('',#1899);
#39=PLANE('',#1900);
#40=PLANE('',#1901);
#41=PLANE('',#1902);
#42=PLANE('',#1904);
#43=PLANE('',#1905);
#44=PLANE('',#1907);
#45=PLANE('',#1908);
#46=PLANE('',#1909);
#47=PLANE('',#1910);
#48=PLANE('',#1912);
#49=PLANE('',#1913);
#50=PLANE('',#1915);
#51=PLANE('',#1917);
#52=PLANE('',#1919);
#53=PLANE('',#1921);
#54=PLANE('',#1923);
#55=PLANE('',#1924);
#56=LINE('',#2476,#221);
#57=LINE('',#2478,#222);
#58=LINE('',#2481,#223);
#59=LINE('',#2574,#224);
#60=LINE('',#2576,#225);
#61=LINE('',#2620,#226);
#62=LINE('',#2664,#227);
#63=LINE('',#2667,#228);
#64=LINE('',#2673,#229);
#65=LINE('',#2677,#230);
#66=LINE('',#2720,#231);
#67=LINE('',#2721,#232);
#68=LINE('',#2725,#233);
#69=LINE('',#2727,#234);
#70=LINE('',#2729,#235);
#71=LINE('',#2730,#236);
#72=LINE('',#2819,#237);
#73=LINE('',#2823,#238);
#74=LINE('',#2866,#239);
#75=LINE('',#2868,#240);
#76=LINE('',#2911,#241);
#77=LINE('',#3005,#242);
#78=LINE('',#3008,#243);
#79=LINE('',#3010,#244);
#80=LINE('',#3053,#245);
#81=LINE('',#3059,#246);
#82=LINE('',#3102,#247);
#83=LINE('',#3104,#248);
#84=LINE('',#3107,#249);
#85=LINE('',#3155,#250);
#86=LINE('',#3157,#251);
#87=LINE('',#3161,#252);
#88=LINE('',#3165,#253);
#89=LINE('',#3208,#254);
#90=LINE('',#3220,#255);
#91=LINE('',#3224,#256);
#92=LINE('',#3228,#257);
#93=LINE('',#3231,#258);
#94=LINE('',#3233,#259);
#95=LINE('',#3236,#260);
#96=LINE('',#3238,#261);
#97=LINE('',#3242,#262);
#98=LINE('',#3246,#263);
#99=LINE('',#3250,#264);
#100=LINE('',#3254,#265);
#101=LINE('',#3258,#266);
#102=LINE('',#3261,#267);
#103=LINE('',#3263,#268);
#104=LINE('',#3266,#269);
#105=LINE('',#3268,#270);
#106=LINE('',#3272,#271);
#107=LINE('',#3276,#272);
#108=LINE('',#3280,#273);
#109=LINE('',#3284,#274);
#110=LINE('',#3288,#275);
#111=LINE('',#3291,#276);
#112=LINE('',#3293,#277);
#113=LINE('',#3297,#278);
#114=LINE('',#3301,#279);
#115=LINE('',#3305,#280);
#116=LINE('',#3309,#281);
#117=LINE('',#3313,#282);
#118=LINE('',#3317,#283);
#119=LINE('',#3321,#284);
#120=LINE('',#3324,#285);
#121=LINE('',#3326,#286);
#122=LINE('',#3329,#287);
#123=LINE('',#3331,#288);
#124=LINE('',#3335,#289);
#125=LINE('',#3338,#290);
#126=LINE('',#3343,#291);
#127=LINE('',#3345,#292);
#128=LINE('',#3346,#293);
#129=LINE('',#3349,#294);
#130=LINE('',#3352,#295);
#131=LINE('',#3355,#296);
#132=LINE('',#3356,#297);
#133=LINE('',#3359,#298);
#134=LINE('',#3362,#299);
#135=LINE('',#3365,#300);
#136=LINE('',#3366,#301);
#137=LINE('',#3369,#302);
#138=LINE('',#3373,#303);
#139=LINE('',#3374,#304);
#140=LINE('',#3377,#305);
#141=LINE('',#3381,#306);
#142=LINE('',#3382,#307);
#143=LINE('',#3385,#308);
#144=LINE('',#3389,#309);
#145=LINE('',#3390,#310);
#146=LINE('',#3393,#311);
#147=LINE('',#3397,#312);
#148=LINE('',#3398,#313);
#149=LINE('',#3401,#314);
#150=LINE('',#3405,#315);
#151=LINE('',#3406,#316);
#152=LINE('',#3409,#317);
#153=LINE('',#3412,#318);
#154=LINE('',#3415,#319);
#155=LINE('',#3416,#320);
#156=LINE('',#3419,#321);
#157=LINE('',#3422,#322);
#158=LINE('',#3425,#323);
#159=LINE('',#3426,#324);
#160=LINE('',#3429,#325);
#161=LINE('',#3433,#326);
#162=LINE('',#3434,#327);
#163=LINE('',#3437,#328);
#164=LINE('',#3441,#329);
#165=LINE('',#3442,#330);
#166=LINE('',#3445,#331);
#167=LINE('',#3449,#332);
#168=LINE('',#3450,#333);
#169=LINE('',#3453,#334);
#170=LINE('',#3457,#335);
#171=LINE('',#3458,#336);
#172=LINE('',#3461,#337);
#173=LINE('',#3466,#338);
#174=LINE('',#3469,#339);
#175=LINE('',#3472,#340);
#176=LINE('',#3475,#341);
#177=LINE('',#3478,#342);
#178=LINE('',#3481,#343);
#179=LINE('',#3484,#344);
#180=LINE('',#3487,#345);
#181=LINE('',#3490,#346);
#182=LINE('',#3493,#347);
#183=LINE('',#3497,#348);
#184=LINE('',#3500,#349);
#185=LINE('',#3501,#350);
#186=LINE('',#3502,#351);
#187=LINE('',#3504,#352);
#188=LINE('',#3507,#353);
#189=LINE('',#3509,#354);
#190=LINE('',#3513,#355);
#191=LINE('',#3517,#356);
#192=LINE('',#3521,#357);
#193=LINE('',#3524,#358);
#194=LINE('',#3526,#359);
#195=LINE('',#3529,#360);
#196=LINE('',#3530,#361);
#197=LINE('',#3532,#362);
#198=LINE('',#3536,#363);
#199=LINE('',#3540,#364);
#200=LINE('',#3543,#365);
#201=LINE('',#3545,#366);
#202=LINE('',#3546,#367);
#203=LINE('',#3551,#368);
#204=LINE('',#3553,#369);
#205=LINE('',#3556,#370);
#206=LINE('',#3557,#371);
#207=LINE('',#3559,#372);
#208=LINE('',#3564,#373);
#209=LINE('',#3566,#374);
#210=LINE('',#3569,#375);
#211=LINE('',#3571,#376);
#212=LINE('',#3573,#377);
#213=LINE('',#3575,#378);
#214=LINE('',#3577,#379);
#215=LINE('',#3580,#380);
#216=LINE('',#3581,#381);
#217=LINE('',#3583,#382);
#218=LINE('',#3585,#383);
#219=LINE('',#3587,#384);
#220=LINE('',#3590,#385);
#221=VECTOR('',#1934,1000.);
#222=VECTOR('',#1935,1000.);
#223=VECTOR('',#1938,1000.);
#224=VECTOR('',#1947,1000.);
#225=VECTOR('',#1948,1000.);
#226=VECTOR('',#1949,1000.);
#227=VECTOR('',#1950,1000.);
#228=VECTOR('',#1953,1000.);
#229=VECTOR('',#1958,1000.);
#230=VECTOR('',#1961,1000.);
#231=VECTOR('',#1962,1000.);
#232=VECTOR('',#1963,1000.);
#233=VECTOR('',#1966,1000.);
#234=VECTOR('',#1967,10.);
#235=VECTOR('',#1968,10.);
#236=VECTOR('',#1969,10.);
#237=VECTOR('',#1980,1000.);
#238=VECTOR('',#1983,1000.);
#239=VECTOR('',#1984,1000.);
#240=VECTOR('',#1985,1000.);
#241=VECTOR('',#1986,1000.);
#242=VECTOR('',#1995,1000.);
#243=VECTOR('',#1998,1000.);
#244=VECTOR('',#1999,1000.);
#245=VECTOR('',#2000,1000.);
#246=VECTOR('',#2005,1000.);
#247=VECTOR('',#2006,1000.);
#248=VECTOR('',#2007,1000.);
#249=VECTOR('',#2010,1000.);
#250=VECTOR('',#2019,1000.);
#251=VECTOR('',#2020,1000.);
#252=VECTOR('',#2023,1000.);
#253=VECTOR('',#2026,1000.);
#254=VECTOR('',#2027,1000.);
#255=VECTOR('',#2044,10.);
#256=VECTOR('',#2047,10.);
#257=VECTOR('',#2050,10.);
#258=VECTOR('',#2053,10.);
#259=VECTOR('',#2054,10.);
#260=VECTOR('',#2057,10.);
#261=VECTOR('',#2058,10.);
#262=VECTOR('',#2061,10.);
#263=VECTOR('',#2064,10.);
#264=VECTOR('',#2067,10.);
#265=VECTOR('',#2070,10.);
#266=VECTOR('',#2073,10.);
#267=VECTOR('',#2076,10.);
#268=VECTOR('',#2077,10.);
#269=VECTOR('',#2080,10.);
#270=VECTOR('',#2081,10.);
#271=VECTOR('',#2084,10.);
#272=VECTOR('',#2087,10.);
#273=VECTOR('',#2090,10.);
#274=VECTOR('',#2093,10.);
#275=VECTOR('',#2096,10.);
#276=VECTOR('',#2099,10.);
#277=VECTOR('',#2100,10.);
#278=VECTOR('',#2103,10.);
#279=VECTOR('',#2106,10.);
#280=VECTOR('',#2109,10.);
#281=VECTOR('',#2112,10.);
#282=VECTOR('',#2115,10.);
#283=VECTOR('',#2118,10.);
#284=VECTOR('',#2121,10.);
#285=VECTOR('',#2124,10.);
#286=VECTOR('',#2125,10.);
#287=VECTOR('',#2128,10.);
#288=VECTOR('',#2129,10.);
#289=VECTOR('',#2132,10.);
#290=VECTOR('',#2135,10.);
#291=VECTOR('',#2140,1000.);
#292=VECTOR('',#2141,1000.);
#293=VECTOR('',#2142,1000.);
#294=VECTOR('',#2145,1000.);
#295=VECTOR('',#2150,1000.);
#296=VECTOR('',#2153,1000.);
#297=VECTOR('',#2154,1000.);
#298=VECTOR('',#2157,1000.);
#299=VECTOR('',#2162,1000.);
#300=VECTOR('',#2165,1000.);
#301=VECTOR('',#2166,1000.);
#302=VECTOR('',#2169,1000.);
#303=VECTOR('',#2174,1000.);
#304=VECTOR('',#2175,1000.);
#305=VECTOR('',#2178,1000.);
#306=VECTOR('',#2183,1000.);
#307=VECTOR('',#2184,1000.);
#308=VECTOR('',#2187,1000.);
#309=VECTOR('',#2192,1000.);
#310=VECTOR('',#2193,1000.);
#311=VECTOR('',#2196,1000.);
#312=VECTOR('',#2201,1000.);
#313=VECTOR('',#2202,1000.);
#314=VECTOR('',#2205,1000.);
#315=VECTOR('',#2210,1000.);
#316=VECTOR('',#2211,1000.);
#317=VECTOR('',#2214,1000.);
#318=VECTOR('',#2219,1000.);
#319=VECTOR('',#2222,1000.);
#320=VECTOR('',#2223,1000.);
#321=VECTOR('',#2226,1000.);
#322=VECTOR('',#2231,1000.);
#323=VECTOR('',#2234,1000.);
#324=VECTOR('',#2235,1000.);
#325=VECTOR('',#2238,1000.);
#326=VECTOR('',#2243,1000.);
#327=VECTOR('',#2244,1000.);
#328=VECTOR('',#2247,1000.);
#329=VECTOR('',#2252,1000.);
#330=VECTOR('',#2253,1000.);
#331=VECTOR('',#2256,1000.);
#332=VECTOR('',#2261,1000.);
#333=VECTOR('',#2262,1000.);
#334=VECTOR('',#2265,1000.);
#335=VECTOR('',#2270,1000.);
#336=VECTOR('',#2271,1000.);
#337=VECTOR('',#2274,1000.);
#338=VECTOR('',#2281,1000.);
#339=VECTOR('',#2284,1000.);
#340=VECTOR('',#2287,1000.);
#341=VECTOR('',#2290,1000.);
#342=VECTOR('',#2293,1000.);
#343=VECTOR('',#2296,1000.);
#344=VECTOR('',#2299,1000.);
#345=VECTOR('',#2302,1000.);
#346=VECTOR('',#2305,1000.);
#347=VECTOR('',#2308,2.15);
#348=VECTOR('',#2313,1000.);
#349=VECTOR('',#2316,1000.);
#350=VECTOR('',#2317,1000.);
#351=VECTOR('',#2318,1000.);
#352=VECTOR('',#2319,1000.);
#353=VECTOR('',#2322,1000.);
#354=VECTOR('',#2323,1000.);
#355=VECTOR('',#2326,1000.);
#356=VECTOR('',#2329,1000.);
#357=VECTOR('',#2332,1000.);
#358=VECTOR('',#2335,1000.);
#359=VECTOR('',#2336,1000.);
#360=VECTOR('',#2339,1000.);
#361=VECTOR('',#2340,1000.);
#362=VECTOR('',#2341,1000.);
#363=VECTOR('',#2344,1000.);
#364=VECTOR('',#2347,1000.);
#365=VECTOR('',#2350,1000.);
#366=VECTOR('',#2353,1000.);
#367=VECTOR('',#2354,1000.);
#368=VECTOR('',#2363,1000.);
#369=VECTOR('',#2366,1000.);
#370=VECTOR('',#2371,1000.);
#371=VECTOR('',#2372,1000.);
#372=VECTOR('',#2375,1000.);
#373=VECTOR('',#2384,1000.);
#374=VECTOR('',#2387,1000.);
#375=VECTOR('',#2392,1000.);
#376=VECTOR('',#2395,1000.);
#377=VECTOR('',#2398,1000.);
#378=VECTOR('',#2401,1000.);
#379=VECTOR('',#2404,1000.);
#380=VECTOR('',#2409,1000.);
#381=VECTOR('',#2410,1000.);
#382=VECTOR('',#2413,1000.);
#383=VECTOR('',#2416,1000.);
#384=VECTOR('',#2419,1000.);
#385=VECTOR('',#2424,1000.);
#386=CIRCLE('',#1761,0.8);
#387=CIRCLE('',#1762,0.799999999999999);
#388=CIRCLE('',#1766,0.8);
#389=CIRCLE('',#1767,0.799999999999999);
#390=CIRCLE('',#1769,0.8);
#391=CIRCLE('',#1770,0.8);
#392=CIRCLE('',#1776,0.8);
#393=CIRCLE('',#1777,0.8);
#394=CIRCLE('',#1781,0.800000000000001);
#395=CIRCLE('',#1782,0.8);
#396=CIRCLE('',#1784,0.799999999999999);
#397=CIRCLE('',#1785,0.799999999999999);
#398=CIRCLE('',#1790,0.799999999999999);
#399=CIRCLE('',#1791,0.799999999999999);
#400=CIRCLE('',#1799,3.);
#401=CIRCLE('',#1800,3.);
#402=CIRCLE('',#1801,0.770091641188157);
#403=CIRCLE('',#1802,0.3);
#404=CIRCLE('',#1803,2.);
#405=CIRCLE('',#1804,0.3);
#406=CIRCLE('',#1805,0.770091641188157);
#407=CIRCLE('',#1806,3.);
#408=CIRCLE('',#1807,3.);
#409=CIRCLE('',#1808,0.770091641188157);
#410=CIRCLE('',#1809,0.3);
#411=CIRCLE('',#1810,2.);
#412=CIRCLE('',#1811,0.299999999999999);
#413=CIRCLE('',#1812,0.770091641188157);
#414=CIRCLE('',#1813,3.);
#415=CIRCLE('',#1814,3.);
#416=CIRCLE('',#1815,0.770091641188157);
#417=CIRCLE('',#1816,0.3);
#418=CIRCLE('',#1817,2.);
#419=CIRCLE('',#1818,0.800000000000001);
#420=CIRCLE('',#1819,0.299999999999999);
#421=CIRCLE('',#1820,0.770091641188157);
#422=CIRCLE('',#1821,3.);
#423=CIRCLE('',#1822,3.);
#424=CIRCLE('',#1823,0.770091641188157);
#425=CIRCLE('',#1824,0.3);
#426=CIRCLE('',#1825,2.);
#427=CIRCLE('',#1826,0.3);
#428=CIRCLE('',#1827,0.770091641188157);
#429=CIRCLE('',#1828,2.15);
#430=CIRCLE('',#1831,0.3);
#431=CIRCLE('',#1835,2.);
#432=CIRCLE('',#1839,0.3);
#433=CIRCLE('',#1842,0.770091641188157);
#434=CIRCLE('',#1845,3.);
#435=CIRCLE('',#1848,3.);
#436=CIRCLE('',#1851,0.770091641188157);
#437=CIRCLE('',#1854,0.3);
#438=CIRCLE('',#1858,2.);
#439=CIRCLE('',#1862,0.3);
#440=CIRCLE('',#1865,0.770091641188157);
#441=CIRCLE('',#1868,3.);
#442=CIRCLE('',#1871,3.);
#443=CIRCLE('',#1874,0.770091641188156);
#444=CIRCLE('',#1876,0.770091641188158);
#445=CIRCLE('',#1878,0.8);
#446=CIRCLE('',#1880,0.3);
#447=CIRCLE('',#1882,0.770091641188157);
#448=CIRCLE('',#1884,2.);
#449=CIRCLE('',#1886,2.15);
#450=CIRCLE('',#1888,0.3);
#451=CIRCLE('',#1889,0.3);
#452=CIRCLE('',#1890,3.);
#453=CIRCLE('',#1891,3.);
#454=CIRCLE('',#1892,0.770091641188157);
#455=CIRCLE('',#1893,0.3);
#456=CIRCLE('',#1894,2.);
#457=CIRCLE('',#1895,0.770091641188157);
#458=CIRCLE('',#1896,3.);
#459=CIRCLE('',#1897,3.);
#460=FACE_OUTER_BOUND('',#553,.T.);
#461=FACE_OUTER_BOUND('',#554,.T.);
#462=FACE_OUTER_BOUND('',#555,.T.);
#463=FACE_OUTER_BOUND('',#556,.T.);
#464=FACE_OUTER_BOUND('',#557,.T.);
#465=FACE_OUTER_BOUND('',#558,.T.);
#466=FACE_OUTER_BOUND('',#559,.T.);
#467=FACE_OUTER_BOUND('',#560,.T.);
#468=FACE_OUTER_BOUND('',#561,.T.);
#469=FACE_OUTER_BOUND('',#562,.T.);
#470=FACE_OUTER_BOUND('',#563,.T.);
#471=FACE_OUTER_BOUND('',#564,.T.);
#472=FACE_OUTER_BOUND('',#565,.T.);
#473=FACE_OUTER_BOUND('',#566,.T.);
#474=FACE_OUTER_BOUND('',#567,.T.);
#475=FACE_OUTER_BOUND('',#568,.T.);
#476=FACE_OUTER_BOUND('',#569,.T.);
#477=FACE_OUTER_BOUND('',#570,.T.);
#478=FACE_OUTER_BOUND('',#571,.T.);
#479=FACE_OUTER_BOUND('',#572,.T.);
#480=FACE_OUTER_BOUND('',#573,.T.);
#481=FACE_OUTER_BOUND('',#574,.T.);
#482=FACE_OUTER_BOUND('',#575,.T.);
#483=FACE_OUTER_BOUND('',#576,.T.);
#484=FACE_OUTER_BOUND('',#577,.T.);
#485=FACE_OUTER_BOUND('',#578,.T.);
#486=FACE_OUTER_BOUND('',#580,.T.);
#487=FACE_OUTER_BOUND('',#581,.T.);
#488=FACE_OUTER_BOUND('',#582,.T.);
#489=FACE_OUTER_BOUND('',#583,.T.);
#490=FACE_OUTER_BOUND('',#584,.T.);
#491=FACE_OUTER_BOUND('',#585,.T.);
#492=FACE_OUTER_BOUND('',#586,.T.);
#493=FACE_OUTER_BOUND('',#587,.T.);
#494=FACE_OUTER_BOUND('',#588,.T.);
#495=FACE_OUTER_BOUND('',#589,.T.);
#496=FACE_OUTER_BOUND('',#590,.T.);
#497=FACE_OUTER_BOUND('',#591,.T.);
#498=FACE_OUTER_BOUND('',#592,.T.);
#499=FACE_OUTER_BOUND('',#593,.T.);
#500=FACE_OUTER_BOUND('',#594,.T.);
#501=FACE_OUTER_BOUND('',#595,.T.);
#502=FACE_OUTER_BOUND('',#596,.T.);
#503=FACE_OUTER_BOUND('',#597,.T.);
#504=FACE_OUTER_BOUND('',#598,.T.);
#505=FACE_OUTER_BOUND('',#599,.T.);
#506=FACE_OUTER_BOUND('',#600,.T.);
#507=FACE_OUTER_BOUND('',#601,.T.);
#508=FACE_OUTER_BOUND('',#602,.T.);
#509=FACE_OUTER_BOUND('',#603,.T.);
#510=FACE_OUTER_BOUND('',#604,.T.);
#511=FACE_OUTER_BOUND('',#605,.T.);
#512=FACE_OUTER_BOUND('',#606,.T.);
#513=FACE_OUTER_BOUND('',#607,.T.);
#514=FACE_OUTER_BOUND('',#608,.T.);
#515=FACE_OUTER_BOUND('',#609,.T.);
#516=FACE_OUTER_BOUND('',#610,.T.);
#517=FACE_OUTER_BOUND('',#611,.T.);
#518=FACE_OUTER_BOUND('',#612,.T.);
#519=FACE_OUTER_BOUND('',#613,.T.);
#520=FACE_OUTER_BOUND('',#614,.T.);
#521=FACE_OUTER_BOUND('',#615,.T.);
#522=FACE_OUTER_BOUND('',#616,.T.);
#523=FACE_OUTER_BOUND('',#617,.T.);
#524=FACE_OUTER_BOUND('',#618,.T.);
#525=FACE_OUTER_BOUND('',#620,.T.);
#526=FACE_OUTER_BOUND('',#621,.T.);
#527=FACE_OUTER_BOUND('',#622,.T.);
#528=FACE_OUTER_BOUND('',#623,.T.);
#529=FACE_OUTER_BOUND('',#624,.T.);
#530=FACE_OUTER_BOUND('',#625,.T.);
#531=FACE_OUTER_BOUND('',#626,.T.);
#532=FACE_OUTER_BOUND('',#627,.T.);
#533=FACE_OUTER_BOUND('',#628,.T.);
#534=FACE_OUTER_BOUND('',#629,.T.);
#535=FACE_OUTER_BOUND('',#630,.T.);
#536=FACE_OUTER_BOUND('',#631,.T.);
#537=FACE_OUTER_BOUND('',#632,.T.);
#538=FACE_OUTER_BOUND('',#633,.T.);
#539=FACE_OUTER_BOUND('',#634,.T.);
#540=FACE_OUTER_BOUND('',#635,.T.);
#541=FACE_OUTER_BOUND('',#636,.T.);
#542=FACE_OUTER_BOUND('',#637,.T.);
#543=FACE_OUTER_BOUND('',#638,.T.);
#544=FACE_OUTER_BOUND('',#639,.T.);
#545=FACE_OUTER_BOUND('',#640,.T.);
#546=FACE_OUTER_BOUND('',#641,.T.);
#547=FACE_OUTER_BOUND('',#642,.T.);
#548=FACE_OUTER_BOUND('',#643,.T.);
#549=FACE_OUTER_BOUND('',#644,.T.);
#550=FACE_OUTER_BOUND('',#645,.T.);
#551=FACE_OUTER_BOUND('',#646,.T.);
#552=FACE_OUTER_BOUND('',#647,.T.);
#553=EDGE_LOOP('',(#1086));
#554=EDGE_LOOP('',(#1087,#1088,#1089,#1090,#1091,#1092));
#555=EDGE_LOOP('',(#1093));
#556=EDGE_LOOP('',(#1094));
#557=EDGE_LOOP('',(#1095,#1096,#1097,#1098,#1099,#1100,#1101,#1102,#1103,
#1104));
#558=EDGE_LOOP('',(#1105,#1106,#1107,#1108,#1109,#1110,#1111,#1112));
#559=EDGE_LOOP('',(#1113,#1114,#1115,#1116));
#560=EDGE_LOOP('',(#1117,#1118));
#561=EDGE_LOOP('',(#1119));
#562=EDGE_LOOP('',(#1120,#1121));
#563=EDGE_LOOP('',(#1122,#1123,#1124,#1125,#1126,#1127,#1128,#1129,#1130,
#1131));
#564=EDGE_LOOP('',(#1132));
#565=EDGE_LOOP('',(#1133));
#566=EDGE_LOOP('',(#1134,#1135,#1136,#1137,#1138,#1139,#1140,#1141));
#567=EDGE_LOOP('',(#1142,#1143,#1144,#1145,#1146,#1147,#1148,#1149));
#568=EDGE_LOOP('',(#1150));
#569=EDGE_LOOP('',(#1151));
#570=EDGE_LOOP('',(#1152));
#571=EDGE_LOOP('',(#1153,#1154,#1155,#1156,#1157,#1158,#1159,#1160,#1161,
#1162,#1163,#1164));
#572=EDGE_LOOP('',(#1165));
#573=EDGE_LOOP('',(#1166));
#574=EDGE_LOOP('',(#1167));
#575=EDGE_LOOP('',(#1168));
#576=EDGE_LOOP('',(#1169));
#577=EDGE_LOOP('',(#1170));
#578=EDGE_LOOP('',(#1171,#1172,#1173,#1174,#1175,#1176,#1177,#1178,#1179,
#1180,#1181,#1182,#1183,#1184,#1185,#1186,#1187,#1188,#1189,#1190,#1191,
#1192,#1193,#1194,#1195,#1196,#1197,#1198,#1199,#1200,#1201,#1202,#1203,
#1204,#1205,#1206,#1207,#1208,#1209,#1210,#1211,#1212,#1213,#1214,#1215,
#1216,#1217,#1218,#1219,#1220,#1221,#1222,#1223,#1224,#1225,#1226,#1227,
#1228,#1229,#1230,#1231,#1232,#1233,#1234,#1235,#1236,#1237,#1238,#1239,
#1240,#1241,#1242));
#579=EDGE_LOOP('',(#1243));
#580=EDGE_LOOP('',(#1244,#1245,#1246,#1247));
#581=EDGE_LOOP('',(#1248,#1249,#1250,#1251));
#582=EDGE_LOOP('',(#1252,#1253,#1254,#1255,#1256,#1257));
#583=EDGE_LOOP('',(#1258,#1259,#1260,#1261));
#584=EDGE_LOOP('',(#1262,#1263,#1264,#1265));
#585=EDGE_LOOP('',(#1266,#1267,#1268,#1269));
#586=EDGE_LOOP('',(#1270,#1271,#1272,#1273,#1274,#1275,#1276,#1277));
#587=EDGE_LOOP('',(#1278,#1279,#1280,#1281));
#588=EDGE_LOOP('',(#1282,#1283,#1284,#1285));
#589=EDGE_LOOP('',(#1286,#1287,#1288,#1289));
#590=EDGE_LOOP('',(#1290,#1291,#1292,#1293));
#591=EDGE_LOOP('',(#1294,#1295,#1296,#1297));
#592=EDGE_LOOP('',(#1298,#1299,#1300,#1301));
#593=EDGE_LOOP('',(#1302,#1303,#1304,#1305));
#594=EDGE_LOOP('',(#1306,#1307,#1308,#1309));
#595=EDGE_LOOP('',(#1310,#1311,#1312,#1313));
#596=EDGE_LOOP('',(#1314,#1315,#1316,#1317));
#597=EDGE_LOOP('',(#1318,#1319,#1320,#1321));
#598=EDGE_LOOP('',(#1322,#1323,#1324,#1325,#1326,#1327,#1328));
#599=EDGE_LOOP('',(#1329,#1330,#1331,#1332));
#600=EDGE_LOOP('',(#1333,#1334,#1335,#1336));
#601=EDGE_LOOP('',(#1337,#1338,#1339,#1340));
#602=EDGE_LOOP('',(#1341,#1342,#1343,#1344,#1345,#1346,#1347));
#603=EDGE_LOOP('',(#1348,#1349,#1350,#1351));
#604=EDGE_LOOP('',(#1352,#1353,#1354,#1355));
#605=EDGE_LOOP('',(#1356,#1357,#1358,#1359));
#606=EDGE_LOOP('',(#1360,#1361,#1362,#1363));
#607=EDGE_LOOP('',(#1364,#1365,#1366,#1367));
#608=EDGE_LOOP('',(#1368,#1369,#1370,#1371));
#609=EDGE_LOOP('',(#1372,#1373,#1374,#1375));
#610=EDGE_LOOP('',(#1376,#1377,#1378,#1379));
#611=EDGE_LOOP('',(#1380,#1381,#1382,#1383));
#612=EDGE_LOOP('',(#1384,#1385,#1386,#1387));
#613=EDGE_LOOP('',(#1388,#1389,#1390,#1391));
#614=EDGE_LOOP('',(#1392,#1393,#1394,#1395));
#615=EDGE_LOOP('',(#1396,#1397,#1398,#1399));
#616=EDGE_LOOP('',(#1400,#1401,#1402,#1403));
#617=EDGE_LOOP('',(#1404,#1405,#1406,#1407));
#618=EDGE_LOOP('',(#1408,#1409,#1410,#1411,#1412,#1413,#1414,#1415,#1416,
#1417,#1418,#1419,#1420,#1421,#1422,#1423,#1424,#1425,#1426,#1427,#1428,
#1429,#1430,#1431,#1432,#1433,#1434,#1435,#1436,#1437,#1438,#1439,#1440,
#1441,#1442,#1443,#1444,#1445,#1446,#1447,#1448,#1449,#1450,#1451,#1452,
#1453,#1454,#1455,#1456,#1457,#1458,#1459,#1460,#1461,#1462,#1463,#1464,
#1465,#1466,#1467,#1468,#1469,#1470,#1471,#1472,#1473,#1474,#1475,#1476,
#1477,#1478,#1479));
#619=EDGE_LOOP('',(#1480));
#620=EDGE_LOOP('',(#1481,#1482,#1483,#1484));
#621=EDGE_LOOP('',(#1485,#1486,#1487,#1488,#1489));
#622=EDGE_LOOP('',(#1490,#1491,#1492,#1493));
#623=EDGE_LOOP('',(#1494,#1495,#1496,#1497));
#624=EDGE_LOOP('',(#1498,#1499,#1500,#1501,#1502,#1503));
#625=EDGE_LOOP('',(#1504,#1505,#1506,#1507));
#626=EDGE_LOOP('',(#1508,#1509,#1510,#1511));
#627=EDGE_LOOP('',(#1512,#1513,#1514,#1515));
#628=EDGE_LOOP('',(#1516,#1517,#1518,#1519));
#629=EDGE_LOOP('',(#1520,#1521,#1522,#1523));
#630=EDGE_LOOP('',(#1524,#1525,#1526,#1527));
#631=EDGE_LOOP('',(#1528,#1529,#1530,#1531,#1532,#1533));
#632=EDGE_LOOP('',(#1534,#1535,#1536,#1537));
#633=EDGE_LOOP('',(#1538,#1539,#1540,#1541));
#634=EDGE_LOOP('',(#1542,#1543,#1544,#1545));
#635=EDGE_LOOP('',(#1546,#1547,#1548,#1549));
#636=EDGE_LOOP('',(#1550,#1551,#1552,#1553));
#637=EDGE_LOOP('',(#1554,#1555,#1556,#1557));
#638=EDGE_LOOP('',(#1558,#1559,#1560,#1561));
#639=EDGE_LOOP('',(#1562,#1563,#1564,#1565));
#640=EDGE_LOOP('',(#1566,#1567,#1568,#1569));
#641=EDGE_LOOP('',(#1570,#1571,#1572,#1573));
#642=EDGE_LOOP('',(#1574,#1575,#1576,#1577));
#643=EDGE_LOOP('',(#1578,#1579,#1580,#1581));
#644=EDGE_LOOP('',(#1582,#1583,#1584,#1585));
#645=EDGE_LOOP('',(#1586,#1587,#1588,#1589));
#646=EDGE_LOOP('',(#1590,#1591,#1592,#1593));
#647=EDGE_LOOP('',(#1594,#1595,#1596,#1597));
#648=B_SPLINE_CURVE_WITH_KNOTS('',3,(#2430,#2431,#2432,#2433,#2434,#2435,
#2436,#2437,#2438,#2439,#2440,#2441,#2442,#2443,#2444,#2445,#2446,#2447,
#2448,#2449,#2450,#2451,#2452,#2453,#2454,#2455,#2456,#2457,#2458,#2459,
#2460,#2461,#2462,#2463,#2464,#2465,#2466,#2467,#2468,#2469,#2470,#2471),
 .UNSPECIFIED.,.T.,.F.,(4,2,2,2,2,2,2,2,2,2,2,2,2,2,2,2,2,2,2,2,4),(0.,
0.000400997555504234,0.000801995111008468,0.00160399022201694,0.00267387136409811,
0.004950698730185,0.0072275260962653,0.00829740723834091,0.0090994023493487,
0.0095003999048526,0.00990139746035649,0.0103023950158604,0.0107033925713644,
0.0115053876823722,0.0125752688244478,0.0148520961905281,0.017128923556615,
0.0181988046986962,0.0190007998097047,0.019401797365209,0.0198027949207133),
 .UNSPECIFIED.);
#649=B_SPLINE_CURVE_WITH_KNOTS('',3,(#2484,#2485,#2486,#2487,#2488,#2489,
#2490,#2491,#2492,#2493,#2494,#2495,#2496,#2497,#2498,#2499,#2500,#2501,
#2502,#2503,#2504,#2505,#2506,#2507,#2508,#2509,#2510,#2511,#2512,#2513,
#2514,#2515,#2516,#2517,#2518,#2519,#2520,#2521,#2522,#2523,#2524,#2525),
 .UNSPECIFIED.,.T.,.F.,(4,2,2,2,2,2,2,2,2,2,2,2,2,2,2,2,2,2,2,2,4),(0.,
0.000551964332789603,0.00110392866557921,0.00220785733115841,0.00368056667116136,
0.00681491611712714,0.00994926556309292,0.0114219749031019,0.0125259035686789,
0.0130778679014674,0.0136298322342559,0.0141817965670444,0.0147337608998329,
0.0158376895654099,0.0173103989054189,0.0204447483513847,0.0235790977973505,
0.0250518071373534,0.0261557358029326,0.0267077001357222,0.0272596644685118),
 .UNSPECIFIED.);
#650=B_SPLINE_CURVE_WITH_KNOTS('',3,(#2528,#2529,#2530,#2531,#2532,#2533,
#2534,#2535,#2536,#2537,#2538,#2539,#2540,#2541,#2542,#2543,#2544,#2545,
#2546,#2547,#2548,#2549,#2550,#2551,#2552,#2553,#2554,#2555,#2556,#2557,
#2558,#2559,#2560,#2561,#2562,#2563,#2564,#2565,#2566,#2567,#2568,#2569),
 .UNSPECIFIED.,.T.,.F.,(4,2,2,2,2,2,2,2,2,2,2,2,2,2,2,2,2,2,2,2,4),(0.,
0.000400998306424926,0.000801996612849852,0.0016039932256997,0.00267392601322707,
0.00495092699619349,0.00722792797916012,0.00829786076668699,0.00909985737953684,
0.00950085568596176,0.00990185399238669,0.0103028522988117,0.0107038506052366,
0.0115058472180866,0.0125757800056135,0.0148527809885801,0.0171297819715465,
0.0181997147590739,0.0190017113719239,0.0194027096783488,0.0198037079847738),
 .UNSPECIFIED.);
#651=B_SPLINE_CURVE_WITH_KNOTS('',3,(#2577,#2578,#2579,#2580,#2581,#2582,
#2583,#2584,#2585,#2586,#2587,#2588,#2589,#2590,#2591,#2592,#2593,#2594,
#2595,#2596,#2597,#2598,#2599,#2600,#2601,#2602,#2603,#2604,#2605,#2606,
#2607,#2608,#2609,#2610,#2611,#2612,#2613,#2614,#2615,#2616,#2617,#2618),
 .UNSPECIFIED.,.T.,.F.,(4,2,2,2,2,2,2,2,2,2,2,2,2,2,2,2,2,2,2,2,4),(0.,
0.000551745867363268,0.00110349173472654,0.00220698346945307,0.00366383360072259,
0.00674495217708765,0.00982607075345271,0.0112829208847282,0.0123864126194526,
0.0129381584868148,0.013489904354177,0.0140416502215392,0.0145933960889014,
0.0156968878236259,0.0171537379549014,0.0202348565312664,0.0233159751076315,
0.024772825238901,0.0258763169736276,0.0264280628409909,0.0269798087083542),
 .UNSPECIFIED.);
#652=B_SPLINE_CURVE_WITH_KNOTS('',3,(#2621,#2622,#2623,#2624,#2625,#2626,
#2627,#2628,#2629,#2630,#2631,#2632,#2633,#2634,#2635,#2636,#2637,#2638,
#2639,#2640,#2641,#2642,#2643,#2644,#2645,#2646,#2647,#2648,#2649,#2650,
#2651,#2652,#2653,#2654,#2655,#2656,#2657,#2658,#2659,#2660,#2661,#2662),
 .UNSPECIFIED.,.T.,.F.,(4,2,2,2,2,2,2,2,2,2,2,2,2,2,2,2,2,2,2,2,4),(0.,
0.000545519987534219,0.00109103997506844,0.00218207995013688,0.0036375975754072,
0.00673535146586722,0.00983310535631435,0.0112886229815793,0.0123796629566458,
0.012925182944179,0.0134707029317122,0.0140162229192454,0.0145617429067786,
0.0156527828818451,0.01710830050711,0.0202060543975572,0.0233038082880172,
0.0247593259132875,0.0258503658883559,0.0263958858758901,0.0269414058634243),
 .UNSPECIFIED.);
#653=B_SPLINE_CURVE_WITH_KNOTS('',3,(#2678,#2679,#2680,#2681,#2682,#2683,
#2684,#2685,#2686,#2687,#2688,#2689,#2690,#2691,#2692,#2693,#2694,#2695,
#2696,#2697,#2698,#2699,#2700,#2701,#2702,#2703,#2704,#2705,#2706,#2707,
#2708,#2709,#2710,#2711,#2712,#2713,#2714,#2715,#2716,#2717,#2718,#2719),
 .UNSPECIFIED.,.T.,.F.,(4,2,2,2,2,2,2,2,2,2,2,2,2,2,2,2,2,2,2,2,4),(0.,
0.0004074437134462,0.000814887426892399,0.0016297748537848,0.00271690534650295,
0.00503051180452637,0.00734411826256271,0.00843124875528597,0.00924613618218055,
0.00965357989562785,0.0100610236090751,0.0104684673225225,0.0108759110359698,
0.0116907984628645,0.0127779289555878,0.0150915354136241,0.0174051418716475,
0.0184922723643657,0.0193071597912582,0.0197146035047044,0.0201220472181507),
 .UNSPECIFIED.);
#654=B_SPLINE_CURVE_WITH_KNOTS('',3,(#2732,#2733,#2734,#2735,#2736,#2737,
#2738,#2739,#2740,#2741,#2742,#2743,#2744,#2745,#2746,#2747,#2748,#2749,
#2750),.UNSPECIFIED.,.F.,.F.,(4,2,2,2,3,2,2,2,4),(-0.00349587537600859,
-0.00269530820380761,-0.0013476541019038,-0.000673827050951897,0.,0.000673827050951904,
0.00134765410190381,0.00269530820380761,0.0034958753760086),
 .UNSPECIFIED.);
#655=B_SPLINE_CURVE_WITH_KNOTS('',3,(#2753,#2754,#2755,#2756,#2757,#2758,
#2759,#2760,#2761,#2762,#2763,#2764,#2765,#2766,#2767,#2768,#2769,#2770,
#2771,#2772,#2773,#2774,#2775,#2776,#2777,#2778,#2779,#2780,#2781,#2782,
#2783,#2784,#2785,#2786,#2787,#2788,#2789,#2790,#2791,#2792,#2793,#2794),
 .UNSPECIFIED.,.T.,.F.,(4,2,2,2,2,2,2,2,2,2,2,2,2,2,2,2,2,2,2,2,4),(0.,
0.000476485232904142,0.000952970465808283,0.00190594093161657,0.00317732604597662,
0.00588318532773525,0.00858904460948709,0.00986042972385794,0.0108134001896644,
0.0112898854225676,0.0117663706554708,0.012242855888374,0.0127193411212772,
0.0136723115870836,0.0149436967014545,0.0176495559832063,0.020355415264965,
0.021626800379325,0.0225797708451333,0.0230562560780374,0.0235327413109416),
 .UNSPECIFIED.);
#656=B_SPLINE_CURVE_WITH_KNOTS('',3,(#2796,#2797,#2798,#2799,#2800,#2801,
#2802,#2803,#2804,#2805,#2806,#2807,#2808,#2809,#2810,#2811,#2812,#2813),
 .UNSPECIFIED.,.F.,.F.,(4,2,2,2,2,2,2,2,4),(0.0131440059568899,0.0139445731426902,
0.0152922272445964,0.0159660542955496,0.0166398813465027,0.0173137083974558,
0.017987535448409,0.0193351895503152,0.0201357567361154),.UNSPECIFIED.);
#657=B_SPLINE_CURVE_WITH_KNOTS('',3,(#2824,#2825,#2826,#2827,#2828,#2829,
#2830,#2831,#2832,#2833,#2834,#2835,#2836,#2837,#2838,#2839,#2840,#2841,
#2842,#2843,#2844,#2845,#2846,#2847,#2848,#2849,#2850,#2851,#2852,#2853,
#2854,#2855,#2856,#2857,#2858,#2859,#2860,#2861,#2862,#2863,#2864,#2865),
 .UNSPECIFIED.,.T.,.F.,(4,2,2,2,2,2,2,2,2,2,2,2,2,2,2,2,2,2,2,2,4),(0.,
0.000407443713449186,0.000814887426898372,0.00162977485379674,0.00271690534653376,
0.00503051180457788,0.00734411826263493,0.00843124875536584,0.00924613618226907,
0.00965357989572069,0.0100610236091723,0.0104684673226239,0.0108759110360755,
0.0116907984629788,0.0127779289557096,0.0150915354137667,0.0174051418718108,
0.0184922723645478,0.0193071597914461,0.0197146035048953,0.0201220472183445),
 .UNSPECIFIED.);
#658=B_SPLINE_CURVE_WITH_KNOTS('',3,(#2869,#2870,#2871,#2872,#2873,#2874,
#2875,#2876,#2877,#2878,#2879,#2880,#2881,#2882,#2883,#2884,#2885,#2886,
#2887,#2888,#2889,#2890,#2891,#2892,#2893,#2894,#2895,#2896,#2897,#2898,
#2899,#2900,#2901,#2902,#2903,#2904,#2905,#2906,#2907,#2908,#2909,#2910),
 .UNSPECIFIED.,.T.,.F.,(4,2,2,2,2,2,2,2,2,2,2,2,2,2,2,2,2,2,2,2,4),(0.,
0.000476484567656105,0.000952969135312209,0.00190593827062442,0.0031772776581887,
0.00588298321551598,0.00858868877284326,0.00986002816040754,0.0108129972957197,
0.0112894818633759,0.011765966431032,0.0122424509986881,0.0127189355663442,
0.0136719047016564,0.0149432440892207,0.0176489496465479,0.0203546552038752,
0.0216259945914395,0.0225789637267517,0.0230554482944078,0.0235319328620639),
 .UNSPECIFIED.);
#659=B_SPLINE_CURVE_WITH_KNOTS('',3,(#2914,#2915,#2916,#2917,#2918,#2919,
#2920,#2921,#2922,#2923,#2924,#2925,#2926,#2927,#2928,#2929,#2930,#2931,
#2932,#2933,#2934,#2935,#2936,#2937,#2938,#2939,#2940,#2941,#2942,#2943,
#2944,#2945,#2946,#2947,#2948,#2949,#2950,#2951,#2952,#2953,#2954,#2955),
 .UNSPECIFIED.,.T.,.F.,(4,2,2,2,2,2,2,2,2,2,2,2,2,2,2,2,2,2,2,2,4),(0.,
0.000476484567737469,0.000952969135474938,0.00190593827094988,0.00317727765873767,
0.00588298321653004,0.00858868877432245,0.00986002816211027,0.0108129972975836,
0.0112894818653202,0.0117659664330569,0.0122424510007935,0.0127189355685301,
0.0136719047040033,0.0149432440917911,0.0176489496495835,0.0203546552073759,
0.0216259945951637,0.0225789637306385,0.023055448298376,0.0235319328661134),
 .UNSPECIFIED.);
#660=B_SPLINE_CURVE_WITH_KNOTS('',3,(#2958,#2959,#2960,#2961,#2962,#2963,
#2964,#2965,#2966,#2967,#2968,#2969,#2970,#2971,#2972,#2973,#2974,#2975,
#2976,#2977,#2978,#2979,#2980,#2981,#2982,#2983,#2984,#2985,#2986,#2987,
#2988,#2989,#2990,#2991,#2992,#2993,#2994,#2995,#2996,#2997,#2998,#2999),
 .UNSPECIFIED.,.T.,.F.,(4,2,2,2,2,2,2,2,2,2,2,2,2,2,2,2,2,2,2,2,4),(0.,
0.000476484567554694,0.000952969135109388,0.00190593827021878,0.00317727765751525,
0.00588298321427469,0.00858868877102737,0.00986002815832508,0.0108129972934328,
0.0112894818609866,0.0117659664285404,0.0122424509960943,0.0127189355636482,
0.013671904698756,0.0149432440860537,0.0176489496428064,0.0203546551995658,
0.0216259945868623,0.0225789637219718,0.0230554482895265,0.0235319328570813),
 .UNSPECIFIED.);
#661=B_SPLINE_CURVE_WITH_KNOTS('',3,(#3011,#3012,#3013,#3014,#3015,#3016,
#3017,#3018,#3019,#3020,#3021,#3022,#3023,#3024,#3025,#3026,#3027,#3028,
#3029,#3030,#3031,#3032,#3033,#3034,#3035,#3036,#3037,#3038,#3039,#3040,
#3041,#3042,#3043,#3044,#3045,#3046,#3047,#3048,#3049,#3050,#3051,#3052),
 .UNSPECIFIED.,.T.,.F.,(4,2,2,2,2,2,2,2,2,2,2,2,2,2,2,2,2,2,2,2,4),(0.,
0.000476484567668949,0.000952969135337898,0.0019059382706758,0.00317727765828078,
0.00588298321568996,0.00858868877309914,0.0098600281607029,0.010812997296042,
0.0112894818637115,0.011765966431381,0.0122424509990505,0.01271893556672,
0.0136719047020589,0.0149432440896627,0.0176489496470719,0.0203546552044811,
0.021625994592086,0.0225789637274238,0.0230554482950927,0.0235319328627616),
 .UNSPECIFIED.);
#662=B_SPLINE_CURVE_WITH_KNOTS('',3,(#3060,#3061,#3062,#3063,#3064,#3065,
#3066,#3067,#3068,#3069,#3070,#3071,#3072,#3073,#3074,#3075,#3076,#3077,
#3078,#3079,#3080,#3081,#3082,#3083,#3084,#3085,#3086,#3087,#3088,#3089,
#3090,#3091,#3092,#3093,#3094,#3095,#3096,#3097,#3098,#3099,#3100,#3101),
 .UNSPECIFIED.,.T.,.F.,(4,2,2,2,2,2,2,2,2,2,2,2,2,2,2,2,2,2,2,2,4),(0.,
0.000476484567669701,0.000952969135339401,0.0019059382706788,0.0031772776582834,
0.00588298321569249,0.00858868877310157,0.00986002816071216,0.0108129972960494,
0.011289481863718,0.0117659664313866,0.0122424509990552,0.0127189355667239,
0.0136719047020611,0.0149432440896717,0.0176489496470808,0.0203546552044898,
0.0216259945920944,0.0225789637274338,0.0230554482951035,0.0235319328627732),
 .UNSPECIFIED.);
#663=B_SPLINE_CURVE_WITH_KNOTS('',3,(#3112,#3113,#3114,#3115,#3116,#3117,
#3118,#3119,#3120,#3121,#3122,#3123,#3124,#3125,#3126,#3127,#3128,#3129,
#3130,#3131,#3132,#3133,#3134,#3135,#3136,#3137,#3138,#3139,#3140,#3141,
#3142,#3143,#3144,#3145,#3146,#3147,#3148,#3149,#3150,#3151,#3152,#3153),
 .UNSPECIFIED.,.T.,.F.,(4,2,2,2,2,2,2,2,2,2,2,2,2,2,2,2,2,2,2,2,4),(0.,
0.000545519987585087,0.00109103997517017,0.00218207995034035,0.00363759757574669,
0.0067353514664874,0.00983310535722199,0.0112886229826183,0.0123796629577863,
0.0129251829453703,0.0134707029329543,0.0140162229205383,0.0145617429081222,
0.0156527828832902,0.0171083005086865,0.020206054399421,0.0233038082901617,
0.0247593259155681,0.0258503658907382,0.0263958858783233,0.0269414058659083),
 .UNSPECIFIED.);
#664=B_SPLINE_CURVE_WITH_KNOTS('',3,(#3166,#3167,#3168,#3169,#3170,#3171,
#3172,#3173,#3174,#3175,#3176,#3177,#3178,#3179,#3180,#3181,#3182,#3183,
#3184,#3185,#3186,#3187,#3188,#3189,#3190,#3191,#3192,#3193,#3194,#3195,
#3196,#3197,#3198,#3199,#3200,#3201,#3202,#3203,#3204,#3205,#3206,#3207),
 .UNSPECIFIED.,.T.,.F.,(4,2,2,2,2,2,2,2,2,2,2,2,2,2,2,2,2,2,2,2,4),(0.,
0.000476484567672713,0.000952969135345426,0.00190593827069085,0.00317727765829663,
0.00588298321573319,0.00858868877316293,0.00986002816077468,0.0108129972961201,
0.0112894818637928,0.0117659664314655,0.0122424509991382,0.012718935566811,
0.0136719047021564,0.0149432440897681,0.0176489496471979,0.0203546552046344,
0.0216259945922402,0.0225789637275856,0.0230554482952584,0.0235319328629311),
 .UNSPECIFIED.);
#665=VERTEX_POINT('',#2429);
#666=VERTEX_POINT('',#2473);
#667=VERTEX_POINT('',#2474);
#668=VERTEX_POINT('',#2477);
#669=VERTEX_POINT('',#2479);
#670=VERTEX_POINT('',#2483);
#671=VERTEX_POINT('',#2527);
#672=VERTEX_POINT('',#2571);
#673=VERTEX_POINT('',#2572);
#674=VERTEX_POINT('',#2575);
#675=VERTEX_POINT('',#2619);
#676=VERTEX_POINT('',#2663);
#677=VERTEX_POINT('',#2665);
#678=VERTEX_POINT('',#2669);
#679=VERTEX_POINT('',#2670);
#680=VERTEX_POINT('',#2672);
#681=VERTEX_POINT('',#2674);
#682=VERTEX_POINT('',#2676);
#683=VERTEX_POINT('',#2723);
#684=VERTEX_POINT('',#2724);
#685=VERTEX_POINT('',#2726);
#686=VERTEX_POINT('',#2728);
#687=VERTEX_POINT('',#2752);
#688=VERTEX_POINT('',#2815);
#689=VERTEX_POINT('',#2816);
#690=VERTEX_POINT('',#2818);
#691=VERTEX_POINT('',#2820);
#692=VERTEX_POINT('',#2822);
#693=VERTEX_POINT('',#2867);
#694=VERTEX_POINT('',#2913);
#695=VERTEX_POINT('',#2957);
#696=VERTEX_POINT('',#3001);
#697=VERTEX_POINT('',#3002);
#698=VERTEX_POINT('',#3004);
#699=VERTEX_POINT('',#3006);
#700=VERTEX_POINT('',#3009);
#701=VERTEX_POINT('',#3055);
#702=VERTEX_POINT('',#3056);
#703=VERTEX_POINT('',#3058);
#704=VERTEX_POINT('',#3103);
#705=VERTEX_POINT('',#3105);
#706=VERTEX_POINT('',#3111);
#707=VERTEX_POINT('',#3156);
#708=VERTEX_POINT('',#3158);
#709=VERTEX_POINT('',#3160);
#710=VERTEX_POINT('',#3162);
#711=VERTEX_POINT('',#3164);
#712=VERTEX_POINT('',#3216);
#713=VERTEX_POINT('',#3217);
#714=VERTEX_POINT('',#3219);
#715=VERTEX_POINT('',#3221);
#716=VERTEX_POINT('',#3223);
#717=VERTEX_POINT('',#3225);
#718=VERTEX_POINT('',#3227);
#719=VERTEX_POINT('',#3229);
#720=VERTEX_POINT('',#3232);
#721=VERTEX_POINT('',#3234);
#722=VERTEX_POINT('',#3237);
#723=VERTEX_POINT('',#3239);
#724=VERTEX_POINT('',#3241);
#725=VERTEX_POINT('',#3243);
#726=VERTEX_POINT('',#3245);
#727=VERTEX_POINT('',#3247);
#728=VERTEX_POINT('',#3249);
#729=VERTEX_POINT('',#3251);
#730=VERTEX_POINT('',#3253);
#731=VERTEX_POINT('',#3255);
#732=VERTEX_POINT('',#3257);
#733=VERTEX_POINT('',#3259);
#734=VERTEX_POINT('',#3262);
#735=VERTEX_POINT('',#3264);
#736=VERTEX_POINT('',#3267);
#737=VERTEX_POINT('',#3269);
#738=VERTEX_POINT('',#3271);
#739=VERTEX_POINT('',#3273);
#740=VERTEX_POINT('',#3275);
#741=VERTEX_POINT('',#3277);
#742=VERTEX_POINT('',#3279);
#743=VERTEX_POINT('',#3281);
#744=VERTEX_POINT('',#3283);
#745=VERTEX_POINT('',#3285);
#746=VERTEX_POINT('',#3287);
#747=VERTEX_POINT('',#3289);
#748=VERTEX_POINT('',#3292);
#749=VERTEX_POINT('',#3294);
#750=VERTEX_POINT('',#3296);
#751=VERTEX_POINT('',#3298);
#752=VERTEX_POINT('',#3300);
#753=VERTEX_POINT('',#3302);
#754=VERTEX_POINT('',#3304);
#755=VERTEX_POINT('',#3306);
#756=VERTEX_POINT('',#3308);
#757=VERTEX_POINT('',#3310);
#758=VERTEX_POINT('',#3312);
#759=VERTEX_POINT('',#3314);
#760=VERTEX_POINT('',#3316);
#761=VERTEX_POINT('',#3318);
#762=VERTEX_POINT('',#3320);
#763=VERTEX_POINT('',#3322);
#764=VERTEX_POINT('',#3325);
#765=VERTEX_POINT('',#3327);
#766=VERTEX_POINT('',#3330);
#767=VERTEX_POINT('',#3332);
#768=VERTEX_POINT('',#3334);
#769=VERTEX_POINT('',#3336);
#770=VERTEX_POINT('',#3339);
#771=VERTEX_POINT('',#3342);
#772=VERTEX_POINT('',#3344);
#773=VERTEX_POINT('',#3348);
#774=VERTEX_POINT('',#3354);
#775=VERTEX_POINT('',#3358);
#776=VERTEX_POINT('',#3364);
#777=VERTEX_POINT('',#3368);
#778=VERTEX_POINT('',#3372);
#779=VERTEX_POINT('',#3376);
#780=VERTEX_POINT('',#3380);
#781=VERTEX_POINT('',#3384);
#782=VERTEX_POINT('',#3388);
#783=VERTEX_POINT('',#3392);
#784=VERTEX_POINT('',#3396);
#785=VERTEX_POINT('',#3400);
#786=VERTEX_POINT('',#3404);
#787=VERTEX_POINT('',#3408);
#788=VERTEX_POINT('',#3414);
#789=VERTEX_POINT('',#3418);
#790=VERTEX_POINT('',#3424);
#791=VERTEX_POINT('',#3428);
#792=VERTEX_POINT('',#3432);
#793=VERTEX_POINT('',#3436);
#794=VERTEX_POINT('',#3440);
#795=VERTEX_POINT('',#3444);
#796=VERTEX_POINT('',#3448);
#797=VERTEX_POINT('',#3452);
#798=VERTEX_POINT('',#3456);
#799=VERTEX_POINT('',#3460);
#800=VERTEX_POINT('',#3464);
#801=VERTEX_POINT('',#3468);
#802=VERTEX_POINT('',#3470);
#803=VERTEX_POINT('',#3474);
#804=VERTEX_POINT('',#3476);
#805=VERTEX_POINT('',#3480);
#806=VERTEX_POINT('',#3482);
#807=VERTEX_POINT('',#3486);
#808=VERTEX_POINT('',#3488);
#809=VERTEX_POINT('',#3492);
#810=VERTEX_POINT('',#3496);
#811=VERTEX_POINT('',#3498);
#812=VERTEX_POINT('',#3503);
#813=VERTEX_POINT('',#3505);
#814=VERTEX_POINT('',#3508);
#815=VERTEX_POINT('',#3510);
#816=VERTEX_POINT('',#3512);
#817=VERTEX_POINT('',#3514);
#818=VERTEX_POINT('',#3516);
#819=VERTEX_POINT('',#3518);
#820=VERTEX_POINT('',#3520);
#821=VERTEX_POINT('',#3522);
#822=VERTEX_POINT('',#3525);
#823=VERTEX_POINT('',#3527);
#824=VERTEX_POINT('',#3531);
#825=VERTEX_POINT('',#3533);
#826=VERTEX_POINT('',#3535);
#827=VERTEX_POINT('',#3537);
#828=VERTEX_POINT('',#3539);
#829=VERTEX_POINT('',#3541);
#830=EDGE_CURVE('',#665,#665,#648,.T.);
#831=EDGE_CURVE('',#666,#667,#386,.T.);
#832=EDGE_CURVE('',#667,#665,#56,.T.);
#833=EDGE_CURVE('',#665,#668,#57,.T.);
#834=EDGE_CURVE('',#668,#669,#387,.T.);
#835=EDGE_CURVE('',#666,#669,#58,.T.);
#836=EDGE_CURVE('',#670,#670,#649,.T.);
#837=EDGE_CURVE('',#671,#671,#650,.T.);
#838=EDGE_CURVE('',#672,#673,#388,.T.);
#839=EDGE_CURVE('',#673,#671,#59,.T.);
#840=EDGE_CURVE('',#671,#674,#60,.T.);
#841=EDGE_CURVE('',#674,#674,#651,.T.);
#842=EDGE_CURVE('',#674,#675,#61,.T.);
#843=EDGE_CURVE('',#675,#675,#652,.T.);
#844=EDGE_CURVE('',#675,#676,#62,.T.);
#845=EDGE_CURVE('',#676,#677,#389,.T.);
#846=EDGE_CURVE('',#672,#677,#63,.T.);
#847=EDGE_CURVE('',#678,#679,#390,.T.);
#848=EDGE_CURVE('',#679,#680,#64,.T.);
#849=EDGE_CURVE('',#680,#681,#391,.T.);
#850=EDGE_CURVE('',#682,#681,#65,.T.);
#851=EDGE_CURVE('',#682,#682,#653,.T.);
#852=EDGE_CURVE('',#670,#682,#66,.T.);
#853=EDGE_CURVE('',#678,#670,#67,.T.);
#854=EDGE_CURVE('',#683,#684,#68,.T.);
#855=EDGE_CURVE('',#685,#684,#69,.T.);
#856=EDGE_CURVE('',#686,#685,#70,.T.);
#857=EDGE_CURVE('',#686,#683,#71,.T.);
#858=EDGE_CURVE('',#683,#686,#654,.T.);
#859=EDGE_CURVE('',#687,#687,#655,.T.);
#860=EDGE_CURVE('',#685,#684,#656,.T.);
#861=EDGE_CURVE('',#688,#689,#392,.T.);
#862=EDGE_CURVE('',#689,#690,#72,.T.);
#863=EDGE_CURVE('',#690,#691,#393,.T.);
#864=EDGE_CURVE('',#692,#691,#73,.T.);
#865=EDGE_CURVE('',#692,#692,#657,.T.);
#866=EDGE_CURVE('',#687,#692,#74,.T.);
#867=EDGE_CURVE('',#693,#687,#75,.T.);
#868=EDGE_CURVE('',#693,#693,#658,.T.);
#869=EDGE_CURVE('',#688,#693,#76,.T.);
#870=EDGE_CURVE('',#694,#694,#659,.T.);
#871=EDGE_CURVE('',#695,#695,#660,.T.);
#872=EDGE_CURVE('',#696,#697,#394,.T.);
#873=EDGE_CURVE('',#697,#698,#77,.T.);
#874=EDGE_CURVE('',#698,#699,#395,.T.);
#875=EDGE_CURVE('',#695,#699,#78,.T.);
#876=EDGE_CURVE('',#700,#695,#79,.T.);
#877=EDGE_CURVE('',#700,#700,#661,.T.);
#878=EDGE_CURVE('',#696,#700,#80,.T.);
#879=EDGE_CURVE('',#701,#702,#396,.T.);
#880=EDGE_CURVE('',#702,#703,#81,.T.);
#881=EDGE_CURVE('',#703,#703,#662,.T.);
#882=EDGE_CURVE('',#703,#694,#82,.T.);
#883=EDGE_CURVE('',#694,#704,#83,.T.);
#884=EDGE_CURVE('',#704,#705,#397,.T.);
#885=EDGE_CURVE('',#701,#705,#84,.T.);
#886=EDGE_CURVE('',#706,#706,#663,.T.);
#887=EDGE_CURVE('',#684,#706,#85,.T.);
#888=EDGE_CURVE('',#706,#707,#86,.T.);
#889=EDGE_CURVE('',#707,#708,#398,.T.);
#890=EDGE_CURVE('',#709,#708,#87,.T.);
#891=EDGE_CURVE('',#709,#710,#399,.T.);
#892=EDGE_CURVE('',#710,#711,#88,.T.);
#893=EDGE_CURVE('',#711,#711,#664,.T.);
#894=EDGE_CURVE('',#711,#683,#89,.T.);
#895=EDGE_CURVE('',#712,#713,#400,.T.);
#896=EDGE_CURVE('',#714,#712,#90,.T.);
#897=EDGE_CURVE('',#715,#714,#401,.T.);
#898=EDGE_CURVE('',#716,#715,#91,.T.);
#899=EDGE_CURVE('',#717,#716,#402,.T.);
#900=EDGE_CURVE('',#718,#717,#92,.T.);
#901=EDGE_CURVE('',#719,#718,#403,.T.);
#902=EDGE_CURVE('',#673,#719,#93,.T.);
#903=EDGE_CURVE('',#720,#672,#94,.T.);
#904=EDGE_CURVE('',#721,#720,#404,.T.);
#905=EDGE_CURVE('',#689,#721,#95,.T.);
#906=EDGE_CURVE('',#722,#688,#96,.T.);
#907=EDGE_CURVE('',#723,#722,#405,.T.);
#908=EDGE_CURVE('',#724,#723,#97,.T.);
#909=EDGE_CURVE('',#725,#724,#406,.T.);
#910=EDGE_CURVE('',#726,#725,#98,.T.);
#911=EDGE_CURVE('',#727,#726,#407,.T.);
#912=EDGE_CURVE('',#728,#727,#99,.T.);
#913=EDGE_CURVE('',#729,#728,#408,.T.);
#914=EDGE_CURVE('',#730,#729,#100,.T.);
#915=EDGE_CURVE('',#731,#730,#409,.T.);
#916=EDGE_CURVE('',#732,#731,#101,.T.);
#917=EDGE_CURVE('',#733,#732,#410,.T.);
#918=EDGE_CURVE('',#710,#733,#102,.T.);
#919=EDGE_CURVE('',#734,#709,#103,.T.);
#920=EDGE_CURVE('',#735,#734,#411,.T.);
#921=EDGE_CURVE('',#697,#735,#104,.T.);
#922=EDGE_CURVE('',#736,#696,#105,.T.);
#923=EDGE_CURVE('',#737,#736,#412,.T.);
#924=EDGE_CURVE('',#738,#737,#106,.T.);
#925=EDGE_CURVE('',#739,#738,#413,.T.);
#926=EDGE_CURVE('',#740,#739,#107,.T.);
#927=EDGE_CURVE('',#741,#740,#414,.T.);
#928=EDGE_CURVE('',#742,#741,#108,.T.);
#929=EDGE_CURVE('',#743,#742,#415,.T.);
#930=EDGE_CURVE('',#744,#743,#109,.T.);
#931=EDGE_CURVE('',#745,#744,#416,.T.);
#932=EDGE_CURVE('',#746,#745,#110,.T.);
#933=EDGE_CURVE('',#747,#746,#417,.T.);
#934=EDGE_CURVE('',#702,#747,#111,.T.);
#935=EDGE_CURVE('',#748,#701,#112,.T.);
#936=EDGE_CURVE('',#749,#748,#418,.T.);
#937=EDGE_CURVE('',#750,#749,#113,.T.);
#938=EDGE_CURVE('',#751,#750,#419,.T.);
#939=EDGE_CURVE('',#752,#751,#114,.T.);
#940=EDGE_CURVE('',#753,#752,#420,.T.);
#941=EDGE_CURVE('',#754,#753,#115,.T.);
#942=EDGE_CURVE('',#755,#754,#421,.T.);
#943=EDGE_CURVE('',#756,#755,#116,.T.);
#944=EDGE_CURVE('',#757,#756,#422,.T.);
#945=EDGE_CURVE('',#758,#757,#117,.T.);
#946=EDGE_CURVE('',#759,#758,#423,.T.);
#947=EDGE_CURVE('',#760,#759,#118,.T.);
#948=EDGE_CURVE('',#761,#760,#424,.T.);
#949=EDGE_CURVE('',#762,#761,#119,.T.);
#950=EDGE_CURVE('',#763,#762,#425,.T.);
#951=EDGE_CURVE('',#667,#763,#120,.T.);
#952=EDGE_CURVE('',#764,#666,#121,.T.);
#953=EDGE_CURVE('',#765,#764,#426,.T.);
#954=EDGE_CURVE('',#679,#765,#122,.T.);
#955=EDGE_CURVE('',#766,#678,#123,.T.);
#956=EDGE_CURVE('',#767,#766,#427,.T.);
#957=EDGE_CURVE('',#768,#767,#124,.T.);
#958=EDGE_CURVE('',#769,#768,#428,.T.);
#959=EDGE_CURVE('',#713,#769,#125,.T.);
#960=EDGE_CURVE('',#770,#770,#429,.T.);
#961=EDGE_CURVE('',#737,#771,#126,.T.);
#962=EDGE_CURVE('',#771,#772,#127,.T.);
#963=EDGE_CURVE('',#738,#772,#128,.T.);
#964=EDGE_CURVE('',#736,#773,#129,.T.);
#965=EDGE_CURVE('',#773,#771,#430,.T.);
#966=EDGE_CURVE('',#699,#773,#130,.T.);
#967=EDGE_CURVE('',#735,#774,#131,.T.);
#968=EDGE_CURVE('',#774,#698,#132,.T.);
#969=EDGE_CURVE('',#734,#775,#133,.T.);
#970=EDGE_CURVE('',#775,#774,#431,.T.);
#971=EDGE_CURVE('',#708,#775,#134,.T.);
#972=EDGE_CURVE('',#733,#776,#135,.T.);
#973=EDGE_CURVE('',#776,#707,#136,.T.);
#974=EDGE_CURVE('',#732,#777,#137,.T.);
#975=EDGE_CURVE('',#777,#776,#432,.T.);
#976=EDGE_CURVE('',#731,#778,#138,.T.);
#977=EDGE_CURVE('',#778,#777,#139,.T.);
#978=EDGE_CURVE('',#730,#779,#140,.T.);
#979=EDGE_CURVE('',#779,#778,#433,.T.);
#980=EDGE_CURVE('',#729,#780,#141,.T.);
#981=EDGE_CURVE('',#780,#779,#142,.T.);
#982=EDGE_CURVE('',#728,#781,#143,.T.);
#983=EDGE_CURVE('',#781,#780,#434,.T.);
#984=EDGE_CURVE('',#727,#782,#144,.T.);
#985=EDGE_CURVE('',#782,#781,#145,.T.);
#986=EDGE_CURVE('',#726,#783,#146,.T.);
#987=EDGE_CURVE('',#783,#782,#435,.T.);
#988=EDGE_CURVE('',#725,#784,#147,.T.);
#989=EDGE_CURVE('',#784,#783,#148,.T.);
#990=EDGE_CURVE('',#724,#785,#149,.T.);
#991=EDGE_CURVE('',#785,#784,#436,.T.);
#992=EDGE_CURVE('',#723,#786,#150,.T.);
#993=EDGE_CURVE('',#786,#785,#151,.T.);
#994=EDGE_CURVE('',#722,#787,#152,.T.);
#995=EDGE_CURVE('',#787,#786,#437,.T.);
#996=EDGE_CURVE('',#691,#787,#153,.T.);
#997=EDGE_CURVE('',#721,#788,#154,.T.);
#998=EDGE_CURVE('',#788,#690,#155,.T.);
#999=EDGE_CURVE('',#720,#789,#156,.T.);
#1000=EDGE_CURVE('',#789,#788,#438,.T.);
#1001=EDGE_CURVE('',#677,#789,#157,.T.);
#1002=EDGE_CURVE('',#719,#790,#158,.T.);
#1003=EDGE_CURVE('',#790,#676,#159,.T.);
#1004=EDGE_CURVE('',#718,#791,#160,.T.);
#1005=EDGE_CURVE('',#791,#790,#439,.T.);
#1006=EDGE_CURVE('',#717,#792,#161,.T.);
#1007=EDGE_CURVE('',#792,#791,#162,.T.);
#1008=EDGE_CURVE('',#716,#793,#163,.T.);
#1009=EDGE_CURVE('',#793,#792,#440,.T.);
#1010=EDGE_CURVE('',#715,#794,#164,.T.);
#1011=EDGE_CURVE('',#794,#793,#165,.T.);
#1012=EDGE_CURVE('',#714,#795,#166,.T.);
#1013=EDGE_CURVE('',#795,#794,#441,.T.);
#1014=EDGE_CURVE('',#712,#796,#167,.T.);
#1015=EDGE_CURVE('',#796,#795,#168,.T.);
#1016=EDGE_CURVE('',#713,#797,#169,.T.);
#1017=EDGE_CURVE('',#797,#796,#442,.T.);
#1018=EDGE_CURVE('',#769,#798,#170,.T.);
#1019=EDGE_CURVE('',#798,#797,#171,.T.);
#1020=EDGE_CURVE('',#768,#799,#172,.T.);
#1021=EDGE_CURVE('',#799,#798,#443,.T.);
#1022=EDGE_CURVE('',#772,#800,#444,.T.);
#1023=EDGE_CURVE('',#739,#800,#173,.T.);
#1024=EDGE_CURVE('',#750,#801,#174,.T.);
#1025=EDGE_CURVE('',#801,#802,#445,.T.);
#1026=EDGE_CURVE('',#751,#802,#175,.T.);
#1027=EDGE_CURVE('',#746,#803,#176,.T.);
#1028=EDGE_CURVE('',#803,#804,#446,.T.);
#1029=EDGE_CURVE('',#747,#804,#177,.T.);
#1030=EDGE_CURVE('',#760,#805,#178,.T.);
#1031=EDGE_CURVE('',#805,#806,#447,.T.);
#1032=EDGE_CURVE('',#761,#806,#179,.T.);
#1033=EDGE_CURVE('',#764,#807,#180,.T.);
#1034=EDGE_CURVE('',#807,#808,#448,.T.);
#1035=EDGE_CURVE('',#765,#808,#181,.T.);
#1036=EDGE_CURVE('',#770,#809,#182,.T.);
#1037=EDGE_CURVE('',#809,#809,#449,.T.);
#1038=EDGE_CURVE('',#810,#799,#183,.T.);
#1039=EDGE_CURVE('',#811,#810,#450,.T.);
#1040=EDGE_CURVE('',#681,#811,#184,.T.);
#1041=EDGE_CURVE('',#808,#680,#185,.T.);
#1042=EDGE_CURVE('',#669,#807,#186,.T.);
#1043=EDGE_CURVE('',#812,#668,#187,.T.);
#1044=EDGE_CURVE('',#813,#812,#451,.T.);
#1045=EDGE_CURVE('',#806,#813,#188,.T.);
#1046=EDGE_CURVE('',#814,#805,#189,.T.);
#1047=EDGE_CURVE('',#815,#814,#452,.T.);
#1048=EDGE_CURVE('',#816,#815,#190,.T.);
#1049=EDGE_CURVE('',#817,#816,#453,.T.);
#1050=EDGE_CURVE('',#818,#817,#191,.T.);
#1051=EDGE_CURVE('',#819,#818,#454,.T.);
#1052=EDGE_CURVE('',#820,#819,#192,.T.);
#1053=EDGE_CURVE('',#821,#820,#455,.T.);
#1054=EDGE_CURVE('',#802,#821,#193,.T.);
#1055=EDGE_CURVE('',#822,#801,#194,.T.);
#1056=EDGE_CURVE('',#823,#822,#456,.T.);
#1057=EDGE_CURVE('',#705,#823,#195,.T.);
#1058=EDGE_CURVE('',#804,#704,#196,.T.);
#1059=EDGE_CURVE('',#824,#803,#197,.T.);
#1060=EDGE_CURVE('',#825,#824,#457,.T.);
#1061=EDGE_CURVE('',#826,#825,#198,.T.);
#1062=EDGE_CURVE('',#827,#826,#458,.T.);
#1063=EDGE_CURVE('',#828,#827,#199,.T.);
#1064=EDGE_CURVE('',#829,#828,#459,.T.);
#1065=EDGE_CURVE('',#800,#829,#200,.T.);
#1066=EDGE_CURVE('',#762,#813,#201,.T.);
#1067=EDGE_CURVE('',#763,#812,#202,.T.);
#1068=EDGE_CURVE('',#766,#811,#203,.T.);
#1069=EDGE_CURVE('',#767,#810,#204,.T.);
#1070=EDGE_CURVE('',#757,#816,#205,.T.);
#1071=EDGE_CURVE('',#758,#815,#206,.T.);
#1072=EDGE_CURVE('',#759,#814,#207,.T.);
#1073=EDGE_CURVE('',#748,#823,#208,.T.);
#1074=EDGE_CURVE('',#749,#822,#209,.T.);
#1075=EDGE_CURVE('',#752,#821,#210,.T.);
#1076=EDGE_CURVE('',#753,#820,#211,.T.);
#1077=EDGE_CURVE('',#754,#819,#212,.T.);
#1078=EDGE_CURVE('',#755,#818,#213,.T.);
#1079=EDGE_CURVE('',#756,#817,#214,.T.);
#1080=EDGE_CURVE('',#741,#828,#215,.T.);
#1081=EDGE_CURVE('',#742,#827,#216,.T.);
#1082=EDGE_CURVE('',#743,#826,#217,.T.);
#1083=EDGE_CURVE('',#744,#825,#218,.T.);
#1084=EDGE_CURVE('',#745,#824,#219,.T.);
#1085=EDGE_CURVE('',#740,#829,#220,.T.);
#1086=ORIENTED_EDGE('',*,*,#830,.F.);
#1087=ORIENTED_EDGE('',*,*,#831,.T.);
#1088=ORIENTED_EDGE('',*,*,#832,.T.);
#1089=ORIENTED_EDGE('',*,*,#830,.T.);
#1090=ORIENTED_EDGE('',*,*,#833,.T.);
#1091=ORIENTED_EDGE('',*,*,#834,.T.);
#1092=ORIENTED_EDGE('',*,*,#835,.F.);
#1093=ORIENTED_EDGE('',*,*,#836,.F.);
#1094=ORIENTED_EDGE('',*,*,#837,.F.);
#1095=ORIENTED_EDGE('',*,*,#838,.T.);
#1096=ORIENTED_EDGE('',*,*,#839,.T.);
#1097=ORIENTED_EDGE('',*,*,#837,.T.);
#1098=ORIENTED_EDGE('',*,*,#840,.T.);
#1099=ORIENTED_EDGE('',*,*,#841,.T.);
#1100=ORIENTED_EDGE('',*,*,#842,.T.);
#1101=ORIENTED_EDGE('',*,*,#843,.T.);
#1102=ORIENTED_EDGE('',*,*,#844,.T.);
#1103=ORIENTED_EDGE('',*,*,#845,.T.);
#1104=ORIENTED_EDGE('',*,*,#846,.F.);
#1105=ORIENTED_EDGE('',*,*,#847,.T.);
#1106=ORIENTED_EDGE('',*,*,#848,.T.);
#1107=ORIENTED_EDGE('',*,*,#849,.T.);
#1108=ORIENTED_EDGE('',*,*,#850,.F.);
#1109=ORIENTED_EDGE('',*,*,#851,.T.);
#1110=ORIENTED_EDGE('',*,*,#852,.F.);
#1111=ORIENTED_EDGE('',*,*,#836,.T.);
#1112=ORIENTED_EDGE('',*,*,#853,.F.);
#1113=ORIENTED_EDGE('',*,*,#854,.T.);
#1114=ORIENTED_EDGE('',*,*,#855,.F.);
#1115=ORIENTED_EDGE('',*,*,#856,.F.);
#1116=ORIENTED_EDGE('',*,*,#857,.T.);
#1117=ORIENTED_EDGE('',*,*,#858,.F.);
#1118=ORIENTED_EDGE('',*,*,#857,.F.);
#1119=ORIENTED_EDGE('',*,*,#859,.F.);
#1120=ORIENTED_EDGE('',*,*,#860,.F.);
#1121=ORIENTED_EDGE('',*,*,#855,.T.);
#1122=ORIENTED_EDGE('',*,*,#861,.T.);
#1123=ORIENTED_EDGE('',*,*,#862,.T.);
#1124=ORIENTED_EDGE('',*,*,#863,.T.);
#1125=ORIENTED_EDGE('',*,*,#864,.F.);
#1126=ORIENTED_EDGE('',*,*,#865,.T.);
#1127=ORIENTED_EDGE('',*,*,#866,.F.);
#1128=ORIENTED_EDGE('',*,*,#859,.T.);
#1129=ORIENTED_EDGE('',*,*,#867,.F.);
#1130=ORIENTED_EDGE('',*,*,#868,.T.);
#1131=ORIENTED_EDGE('',*,*,#869,.F.);
#1132=ORIENTED_EDGE('',*,*,#870,.F.);
#1133=ORIENTED_EDGE('',*,*,#871,.F.);
#1134=ORIENTED_EDGE('',*,*,#872,.T.);
#1135=ORIENTED_EDGE('',*,*,#873,.T.);
#1136=ORIENTED_EDGE('',*,*,#874,.T.);
#1137=ORIENTED_EDGE('',*,*,#875,.F.);
#1138=ORIENTED_EDGE('',*,*,#871,.T.);
#1139=ORIENTED_EDGE('',*,*,#876,.F.);
#1140=ORIENTED_EDGE('',*,*,#877,.T.);
#1141=ORIENTED_EDGE('',*,*,#878,.F.);
#1142=ORIENTED_EDGE('',*,*,#879,.T.);
#1143=ORIENTED_EDGE('',*,*,#880,.T.);
#1144=ORIENTED_EDGE('',*,*,#881,.T.);
#1145=ORIENTED_EDGE('',*,*,#882,.T.);
#1146=ORIENTED_EDGE('',*,*,#870,.T.);
#1147=ORIENTED_EDGE('',*,*,#883,.T.);
#1148=ORIENTED_EDGE('',*,*,#884,.T.);
#1149=ORIENTED_EDGE('',*,*,#885,.F.);
#1150=ORIENTED_EDGE('',*,*,#841,.F.);
#1151=ORIENTED_EDGE('',*,*,#865,.F.);
#1152=ORIENTED_EDGE('',*,*,#886,.F.);
#1153=ORIENTED_EDGE('',*,*,#860,.T.);
#1154=ORIENTED_EDGE('',*,*,#887,.T.);
#1155=ORIENTED_EDGE('',*,*,#886,.T.);
#1156=ORIENTED_EDGE('',*,*,#888,.T.);
#1157=ORIENTED_EDGE('',*,*,#889,.T.);
#1158=ORIENTED_EDGE('',*,*,#890,.F.);
#1159=ORIENTED_EDGE('',*,*,#891,.T.);
#1160=ORIENTED_EDGE('',*,*,#892,.T.);
#1161=ORIENTED_EDGE('',*,*,#893,.T.);
#1162=ORIENTED_EDGE('',*,*,#894,.T.);
#1163=ORIENTED_EDGE('',*,*,#858,.T.);
#1164=ORIENTED_EDGE('',*,*,#856,.T.);
#1165=ORIENTED_EDGE('',*,*,#851,.F.);
#1166=ORIENTED_EDGE('',*,*,#843,.F.);
#1167=ORIENTED_EDGE('',*,*,#881,.F.);
#1168=ORIENTED_EDGE('',*,*,#877,.F.);
#1169=ORIENTED_EDGE('',*,*,#868,.F.);
#1170=ORIENTED_EDGE('',*,*,#893,.F.);
#1171=ORIENTED_EDGE('',*,*,#895,.F.);
#1172=ORIENTED_EDGE('',*,*,#896,.F.);
#1173=ORIENTED_EDGE('',*,*,#897,.F.);
#1174=ORIENTED_EDGE('',*,*,#898,.F.);
#1175=ORIENTED_EDGE('',*,*,#899,.F.);
#1176=ORIENTED_EDGE('',*,*,#900,.F.);
#1177=ORIENTED_EDGE('',*,*,#901,.F.);
#1178=ORIENTED_EDGE('',*,*,#902,.F.);
#1179=ORIENTED_EDGE('',*,*,#838,.F.);
#1180=ORIENTED_EDGE('',*,*,#903,.F.);
#1181=ORIENTED_EDGE('',*,*,#904,.F.);
#1182=ORIENTED_EDGE('',*,*,#905,.F.);
#1183=ORIENTED_EDGE('',*,*,#861,.F.);
#1184=ORIENTED_EDGE('',*,*,#906,.F.);
#1185=ORIENTED_EDGE('',*,*,#907,.F.);
#1186=ORIENTED_EDGE('',*,*,#908,.F.);
#1187=ORIENTED_EDGE('',*,*,#909,.F.);
#1188=ORIENTED_EDGE('',*,*,#910,.F.);
#1189=ORIENTED_EDGE('',*,*,#911,.F.);
#1190=ORIENTED_EDGE('',*,*,#912,.F.);
#1191=ORIENTED_EDGE('',*,*,#913,.F.);
#1192=ORIENTED_EDGE('',*,*,#914,.F.);
#1193=ORIENTED_EDGE('',*,*,#915,.F.);
#1194=ORIENTED_EDGE('',*,*,#916,.F.);
#1195=ORIENTED_EDGE('',*,*,#917,.F.);
#1196=ORIENTED_EDGE('',*,*,#918,.F.);
#1197=ORIENTED_EDGE('',*,*,#891,.F.);
#1198=ORIENTED_EDGE('',*,*,#919,.F.);
#1199=ORIENTED_EDGE('',*,*,#920,.F.);
#1200=ORIENTED_EDGE('',*,*,#921,.F.);
#1201=ORIENTED_EDGE('',*,*,#872,.F.);
#1202=ORIENTED_EDGE('',*,*,#922,.F.);
#1203=ORIENTED_EDGE('',*,*,#923,.F.);
#1204=ORIENTED_EDGE('',*,*,#924,.F.);
#1205=ORIENTED_EDGE('',*,*,#925,.F.);
#1206=ORIENTED_EDGE('',*,*,#926,.F.);
#1207=ORIENTED_EDGE('',*,*,#927,.F.);
#1208=ORIENTED_EDGE('',*,*,#928,.F.);
#1209=ORIENTED_EDGE('',*,*,#929,.F.);
#1210=ORIENTED_EDGE('',*,*,#930,.F.);
#1211=ORIENTED_EDGE('',*,*,#931,.F.);
#1212=ORIENTED_EDGE('',*,*,#932,.F.);
#1213=ORIENTED_EDGE('',*,*,#933,.F.);
#1214=ORIENTED_EDGE('',*,*,#934,.F.);
#1215=ORIENTED_EDGE('',*,*,#879,.F.);
#1216=ORIENTED_EDGE('',*,*,#935,.F.);
#1217=ORIENTED_EDGE('',*,*,#936,.F.);
#1218=ORIENTED_EDGE('',*,*,#937,.F.);
#1219=ORIENTED_EDGE('',*,*,#938,.F.);
#1220=ORIENTED_EDGE('',*,*,#939,.F.);
#1221=ORIENTED_EDGE('',*,*,#940,.F.);
#1222=ORIENTED_EDGE('',*,*,#941,.F.);
#1223=ORIENTED_EDGE('',*,*,#942,.F.);
#1224=ORIENTED_EDGE('',*,*,#943,.F.);
#1225=ORIENTED_EDGE('',*,*,#944,.F.);
#1226=ORIENTED_EDGE('',*,*,#945,.F.);
#1227=ORIENTED_EDGE('',*,*,#946,.F.);
#1228=ORIENTED_EDGE('',*,*,#947,.F.);
#1229=ORIENTED_EDGE('',*,*,#948,.F.);
#1230=ORIENTED_EDGE('',*,*,#949,.F.);
#1231=ORIENTED_EDGE('',*,*,#950,.F.);
#1232=ORIENTED_EDGE('',*,*,#951,.F.);
#1233=ORIENTED_EDGE('',*,*,#831,.F.);
#1234=ORIENTED_EDGE('',*,*,#952,.F.);
#1235=ORIENTED_EDGE('',*,*,#953,.F.);
#1236=ORIENTED_EDGE('',*,*,#954,.F.);
#1237=ORIENTED_EDGE('',*,*,#847,.F.);
#1238=ORIENTED_EDGE('',*,*,#955,.F.);
#1239=ORIENTED_EDGE('',*,*,#956,.F.);
#1240=ORIENTED_EDGE('',*,*,#957,.F.);
#1241=ORIENTED_EDGE('',*,*,#958,.F.);
#1242=ORIENTED_EDGE('',*,*,#959,.F.);
#1243=ORIENTED_EDGE('',*,*,#960,.F.);
#1244=ORIENTED_EDGE('',*,*,#924,.T.);
#1245=ORIENTED_EDGE('',*,*,#961,.T.);
#1246=ORIENTED_EDGE('',*,*,#962,.T.);
#1247=ORIENTED_EDGE('',*,*,#963,.F.);
#1248=ORIENTED_EDGE('',*,*,#923,.T.);
#1249=ORIENTED_EDGE('',*,*,#964,.T.);
#1250=ORIENTED_EDGE('',*,*,#965,.T.);
#1251=ORIENTED_EDGE('',*,*,#961,.F.);
#1252=ORIENTED_EDGE('',*,*,#922,.T.);
#1253=ORIENTED_EDGE('',*,*,#878,.T.);
#1254=ORIENTED_EDGE('',*,*,#876,.T.);
#1255=ORIENTED_EDGE('',*,*,#875,.T.);
#1256=ORIENTED_EDGE('',*,*,#966,.T.);
#1257=ORIENTED_EDGE('',*,*,#964,.F.);
#1258=ORIENTED_EDGE('',*,*,#921,.T.);
#1259=ORIENTED_EDGE('',*,*,#967,.T.);
#1260=ORIENTED_EDGE('',*,*,#968,.T.);
#1261=ORIENTED_EDGE('',*,*,#873,.F.);
#1262=ORIENTED_EDGE('',*,*,#920,.T.);
#1263=ORIENTED_EDGE('',*,*,#969,.T.);
#1264=ORIENTED_EDGE('',*,*,#970,.T.);
#1265=ORIENTED_EDGE('',*,*,#967,.F.);
#1266=ORIENTED_EDGE('',*,*,#919,.T.);
#1267=ORIENTED_EDGE('',*,*,#890,.T.);
#1268=ORIENTED_EDGE('',*,*,#971,.T.);
#1269=ORIENTED_EDGE('',*,*,#969,.F.);
#1270=ORIENTED_EDGE('',*,*,#918,.T.);
#1271=ORIENTED_EDGE('',*,*,#972,.T.);
#1272=ORIENTED_EDGE('',*,*,#973,.T.);
#1273=ORIENTED_EDGE('',*,*,#888,.F.);
#1274=ORIENTED_EDGE('',*,*,#887,.F.);
#1275=ORIENTED_EDGE('',*,*,#854,.F.);
#1276=ORIENTED_EDGE('',*,*,#894,.F.);
#1277=ORIENTED_EDGE('',*,*,#892,.F.);
#1278=ORIENTED_EDGE('',*,*,#917,.T.);
#1279=ORIENTED_EDGE('',*,*,#974,.T.);
#1280=ORIENTED_EDGE('',*,*,#975,.T.);
#1281=ORIENTED_EDGE('',*,*,#972,.F.);
#1282=ORIENTED_EDGE('',*,*,#916,.T.);
#1283=ORIENTED_EDGE('',*,*,#976,.T.);
#1284=ORIENTED_EDGE('',*,*,#977,.T.);
#1285=ORIENTED_EDGE('',*,*,#974,.F.);
#1286=ORIENTED_EDGE('',*,*,#915,.T.);
#1287=ORIENTED_EDGE('',*,*,#978,.T.);
#1288=ORIENTED_EDGE('',*,*,#979,.T.);
#1289=ORIENTED_EDGE('',*,*,#976,.F.);
#1290=ORIENTED_EDGE('',*,*,#914,.T.);
#1291=ORIENTED_EDGE('',*,*,#980,.T.);
#1292=ORIENTED_EDGE('',*,*,#981,.T.);
#1293=ORIENTED_EDGE('',*,*,#978,.F.);
#1294=ORIENTED_EDGE('',*,*,#913,.T.);
#1295=ORIENTED_EDGE('',*,*,#982,.T.);
#1296=ORIENTED_EDGE('',*,*,#983,.T.);
#1297=ORIENTED_EDGE('',*,*,#980,.F.);
#1298=ORIENTED_EDGE('',*,*,#912,.T.);
#1299=ORIENTED_EDGE('',*,*,#984,.T.);
#1300=ORIENTED_EDGE('',*,*,#985,.T.);
#1301=ORIENTED_EDGE('',*,*,#982,.F.);
#1302=ORIENTED_EDGE('',*,*,#911,.T.);
#1303=ORIENTED_EDGE('',*,*,#986,.T.);
#1304=ORIENTED_EDGE('',*,*,#987,.T.);
#1305=ORIENTED_EDGE('',*,*,#984,.F.);
#1306=ORIENTED_EDGE('',*,*,#910,.T.);
#1307=ORIENTED_EDGE('',*,*,#988,.T.);
#1308=ORIENTED_EDGE('',*,*,#989,.T.);
#1309=ORIENTED_EDGE('',*,*,#986,.F.);
#1310=ORIENTED_EDGE('',*,*,#909,.T.);
#1311=ORIENTED_EDGE('',*,*,#990,.T.);
#1312=ORIENTED_EDGE('',*,*,#991,.T.);
#1313=ORIENTED_EDGE('',*,*,#988,.F.);
#1314=ORIENTED_EDGE('',*,*,#908,.T.);
#1315=ORIENTED_EDGE('',*,*,#992,.T.);
#1316=ORIENTED_EDGE('',*,*,#993,.T.);
#1317=ORIENTED_EDGE('',*,*,#990,.F.);
#1318=ORIENTED_EDGE('',*,*,#907,.T.);
#1319=ORIENTED_EDGE('',*,*,#994,.T.);
#1320=ORIENTED_EDGE('',*,*,#995,.T.);
#1321=ORIENTED_EDGE('',*,*,#992,.F.);
#1322=ORIENTED_EDGE('',*,*,#906,.T.);
#1323=ORIENTED_EDGE('',*,*,#869,.T.);
#1324=ORIENTED_EDGE('',*,*,#867,.T.);
#1325=ORIENTED_EDGE('',*,*,#866,.T.);
#1326=ORIENTED_EDGE('',*,*,#864,.T.);
#1327=ORIENTED_EDGE('',*,*,#996,.T.);
#1328=ORIENTED_EDGE('',*,*,#994,.F.);
#1329=ORIENTED_EDGE('',*,*,#905,.T.);
#1330=ORIENTED_EDGE('',*,*,#997,.T.);
#1331=ORIENTED_EDGE('',*,*,#998,.T.);
#1332=ORIENTED_EDGE('',*,*,#862,.F.);
#1333=ORIENTED_EDGE('',*,*,#904,.T.);
#1334=ORIENTED_EDGE('',*,*,#999,.T.);
#1335=ORIENTED_EDGE('',*,*,#1000,.T.);
#1336=ORIENTED_EDGE('',*,*,#997,.F.);
#1337=ORIENTED_EDGE('',*,*,#903,.T.);
#1338=ORIENTED_EDGE('',*,*,#846,.T.);
#1339=ORIENTED_EDGE('',*,*,#1001,.T.);
#1340=ORIENTED_EDGE('',*,*,#999,.F.);
#1341=ORIENTED_EDGE('',*,*,#902,.T.);
#1342=ORIENTED_EDGE('',*,*,#1002,.T.);
#1343=ORIENTED_EDGE('',*,*,#1003,.T.);
#1344=ORIENTED_EDGE('',*,*,#844,.F.);
#1345=ORIENTED_EDGE('',*,*,#842,.F.);
#1346=ORIENTED_EDGE('',*,*,#840,.F.);
#1347=ORIENTED_EDGE('',*,*,#839,.F.);
#1348=ORIENTED_EDGE('',*,*,#901,.T.);
#1349=ORIENTED_EDGE('',*,*,#1004,.T.);
#1350=ORIENTED_EDGE('',*,*,#1005,.T.);
#1351=ORIENTED_EDGE('',*,*,#1002,.F.);
#1352=ORIENTED_EDGE('',*,*,#900,.T.);
#1353=ORIENTED_EDGE('',*,*,#1006,.T.);
#1354=ORIENTED_EDGE('',*,*,#1007,.T.);
#1355=ORIENTED_EDGE('',*,*,#1004,.F.);
#1356=ORIENTED_EDGE('',*,*,#899,.T.);
#1357=ORIENTED_EDGE('',*,*,#1008,.T.);
#1358=ORIENTED_EDGE('',*,*,#1009,.T.);
#1359=ORIENTED_EDGE('',*,*,#1006,.F.);
#1360=ORIENTED_EDGE('',*,*,#898,.T.);
#1361=ORIENTED_EDGE('',*,*,#1010,.T.);
#1362=ORIENTED_EDGE('',*,*,#1011,.T.);
#1363=ORIENTED_EDGE('',*,*,#1008,.F.);
#1364=ORIENTED_EDGE('',*,*,#897,.T.);
#1365=ORIENTED_EDGE('',*,*,#1012,.T.);
#1366=ORIENTED_EDGE('',*,*,#1013,.T.);
#1367=ORIENTED_EDGE('',*,*,#1010,.F.);
#1368=ORIENTED_EDGE('',*,*,#896,.T.);
#1369=ORIENTED_EDGE('',*,*,#1014,.T.);
#1370=ORIENTED_EDGE('',*,*,#1015,.T.);
#1371=ORIENTED_EDGE('',*,*,#1012,.F.);
#1372=ORIENTED_EDGE('',*,*,#895,.T.);
#1373=ORIENTED_EDGE('',*,*,#1016,.T.);
#1374=ORIENTED_EDGE('',*,*,#1017,.T.);
#1375=ORIENTED_EDGE('',*,*,#1014,.F.);
#1376=ORIENTED_EDGE('',*,*,#959,.T.);
#1377=ORIENTED_EDGE('',*,*,#1018,.T.);
#1378=ORIENTED_EDGE('',*,*,#1019,.T.);
#1379=ORIENTED_EDGE('',*,*,#1016,.F.);
#1380=ORIENTED_EDGE('',*,*,#958,.T.);
#1381=ORIENTED_EDGE('',*,*,#1020,.T.);
#1382=ORIENTED_EDGE('',*,*,#1021,.T.);
#1383=ORIENTED_EDGE('',*,*,#1018,.F.);
#1384=ORIENTED_EDGE('',*,*,#925,.T.);
#1385=ORIENTED_EDGE('',*,*,#963,.T.);
#1386=ORIENTED_EDGE('',*,*,#1022,.T.);
#1387=ORIENTED_EDGE('',*,*,#1023,.F.);
#1388=ORIENTED_EDGE('',*,*,#938,.T.);
#1389=ORIENTED_EDGE('',*,*,#1024,.T.);
#1390=ORIENTED_EDGE('',*,*,#1025,.T.);
#1391=ORIENTED_EDGE('',*,*,#1026,.F.);
#1392=ORIENTED_EDGE('',*,*,#933,.T.);
#1393=ORIENTED_EDGE('',*,*,#1027,.T.);
#1394=ORIENTED_EDGE('',*,*,#1028,.T.);
#1395=ORIENTED_EDGE('',*,*,#1029,.F.);
#1396=ORIENTED_EDGE('',*,*,#948,.T.);
#1397=ORIENTED_EDGE('',*,*,#1030,.T.);
#1398=ORIENTED_EDGE('',*,*,#1031,.T.);
#1399=ORIENTED_EDGE('',*,*,#1032,.F.);
#1400=ORIENTED_EDGE('',*,*,#953,.T.);
#1401=ORIENTED_EDGE('',*,*,#1033,.T.);
#1402=ORIENTED_EDGE('',*,*,#1034,.T.);
#1403=ORIENTED_EDGE('',*,*,#1035,.F.);
#1404=ORIENTED_EDGE('',*,*,#960,.T.);
#1405=ORIENTED_EDGE('',*,*,#1036,.T.);
#1406=ORIENTED_EDGE('',*,*,#1037,.T.);
#1407=ORIENTED_EDGE('',*,*,#1036,.F.);
#1408=ORIENTED_EDGE('',*,*,#1015,.F.);
#1409=ORIENTED_EDGE('',*,*,#1017,.F.);
#1410=ORIENTED_EDGE('',*,*,#1019,.F.);
#1411=ORIENTED_EDGE('',*,*,#1021,.F.);
#1412=ORIENTED_EDGE('',*,*,#1038,.F.);
#1413=ORIENTED_EDGE('',*,*,#1039,.F.);
#1414=ORIENTED_EDGE('',*,*,#1040,.F.);
#1415=ORIENTED_EDGE('',*,*,#849,.F.);
#1416=ORIENTED_EDGE('',*,*,#1041,.F.);
#1417=ORIENTED_EDGE('',*,*,#1034,.F.);
#1418=ORIENTED_EDGE('',*,*,#1042,.F.);
#1419=ORIENTED_EDGE('',*,*,#834,.F.);
#1420=ORIENTED_EDGE('',*,*,#1043,.F.);
#1421=ORIENTED_EDGE('',*,*,#1044,.F.);
#1422=ORIENTED_EDGE('',*,*,#1045,.F.);
#1423=ORIENTED_EDGE('',*,*,#1031,.F.);
#1424=ORIENTED_EDGE('',*,*,#1046,.F.);
#1425=ORIENTED_EDGE('',*,*,#1047,.F.);
#1426=ORIENTED_EDGE('',*,*,#1048,.F.);
#1427=ORIENTED_EDGE('',*,*,#1049,.F.);
#1428=ORIENTED_EDGE('',*,*,#1050,.F.);
#1429=ORIENTED_EDGE('',*,*,#1051,.F.);
#1430=ORIENTED_EDGE('',*,*,#1052,.F.);
#1431=ORIENTED_EDGE('',*,*,#1053,.F.);
#1432=ORIENTED_EDGE('',*,*,#1054,.F.);
#1433=ORIENTED_EDGE('',*,*,#1025,.F.);
#1434=ORIENTED_EDGE('',*,*,#1055,.F.);
#1435=ORIENTED_EDGE('',*,*,#1056,.F.);
#1436=ORIENTED_EDGE('',*,*,#1057,.F.);
#1437=ORIENTED_EDGE('',*,*,#884,.F.);
#1438=ORIENTED_EDGE('',*,*,#1058,.F.);
#1439=ORIENTED_EDGE('',*,*,#1028,.F.);
#1440=ORIENTED_EDGE('',*,*,#1059,.F.);
#1441=ORIENTED_EDGE('',*,*,#1060,.F.);
#1442=ORIENTED_EDGE('',*,*,#1061,.F.);
#1443=ORIENTED_EDGE('',*,*,#1062,.F.);
#1444=ORIENTED_EDGE('',*,*,#1063,.F.);
#1445=ORIENTED_EDGE('',*,*,#1064,.F.);
#1446=ORIENTED_EDGE('',*,*,#1065,.F.);
#1447=ORIENTED_EDGE('',*,*,#1022,.F.);
#1448=ORIENTED_EDGE('',*,*,#962,.F.);
#1449=ORIENTED_EDGE('',*,*,#965,.F.);
#1450=ORIENTED_EDGE('',*,*,#966,.F.);
#1451=ORIENTED_EDGE('',*,*,#874,.F.);
#1452=ORIENTED_EDGE('',*,*,#968,.F.);
#1453=ORIENTED_EDGE('',*,*,#970,.F.);
#1454=ORIENTED_EDGE('',*,*,#971,.F.);
#1455=ORIENTED_EDGE('',*,*,#889,.F.);
#1456=ORIENTED_EDGE('',*,*,#973,.F.);
#1457=ORIENTED_EDGE('',*,*,#975,.F.);
#1458=ORIENTED_EDGE('',*,*,#977,.F.);
#1459=ORIENTED_EDGE('',*,*,#979,.F.);
#1460=ORIENTED_EDGE('',*,*,#981,.F.);
#1461=ORIENTED_EDGE('',*,*,#983,.F.);
#1462=ORIENTED_EDGE('',*,*,#985,.F.);
#1463=ORIENTED_EDGE('',*,*,#987,.F.);
#1464=ORIENTED_EDGE('',*,*,#989,.F.);
#1465=ORIENTED_EDGE('',*,*,#991,.F.);
#1466=ORIENTED_EDGE('',*,*,#993,.F.);
#1467=ORIENTED_EDGE('',*,*,#995,.F.);
#1468=ORIENTED_EDGE('',*,*,#996,.F.);
#1469=ORIENTED_EDGE('',*,*,#863,.F.);
#1470=ORIENTED_EDGE('',*,*,#998,.F.);
#1471=ORIENTED_EDGE('',*,*,#1000,.F.);
#1472=ORIENTED_EDGE('',*,*,#1001,.F.);
#1473=ORIENTED_EDGE('',*,*,#845,.F.);
#1474=ORIENTED_EDGE('',*,*,#1003,.F.);
#1475=ORIENTED_EDGE('',*,*,#1005,.F.);
#1476=ORIENTED_EDGE('',*,*,#1007,.F.);
#1477=ORIENTED_EDGE('',*,*,#1009,.F.);
#1478=ORIENTED_EDGE('',*,*,#1011,.F.);
#1479=ORIENTED_EDGE('',*,*,#1013,.F.);
#1480=ORIENTED_EDGE('',*,*,#1037,.F.);
#1481=ORIENTED_EDGE('',*,*,#950,.T.);
#1482=ORIENTED_EDGE('',*,*,#1066,.T.);
#1483=ORIENTED_EDGE('',*,*,#1044,.T.);
#1484=ORIENTED_EDGE('',*,*,#1067,.F.);
#1485=ORIENTED_EDGE('',*,*,#951,.T.);
#1486=ORIENTED_EDGE('',*,*,#1067,.T.);
#1487=ORIENTED_EDGE('',*,*,#1043,.T.);
#1488=ORIENTED_EDGE('',*,*,#833,.F.);
#1489=ORIENTED_EDGE('',*,*,#832,.F.);
#1490=ORIENTED_EDGE('',*,*,#952,.T.);
#1491=ORIENTED_EDGE('',*,*,#835,.T.);
#1492=ORIENTED_EDGE('',*,*,#1042,.T.);
#1493=ORIENTED_EDGE('',*,*,#1033,.F.);
#1494=ORIENTED_EDGE('',*,*,#954,.T.);
#1495=ORIENTED_EDGE('',*,*,#1035,.T.);
#1496=ORIENTED_EDGE('',*,*,#1041,.T.);
#1497=ORIENTED_EDGE('',*,*,#848,.F.);
#1498=ORIENTED_EDGE('',*,*,#955,.T.);
#1499=ORIENTED_EDGE('',*,*,#853,.T.);
#1500=ORIENTED_EDGE('',*,*,#852,.T.);
#1501=ORIENTED_EDGE('',*,*,#850,.T.);
#1502=ORIENTED_EDGE('',*,*,#1040,.T.);
#1503=ORIENTED_EDGE('',*,*,#1068,.F.);
#1504=ORIENTED_EDGE('',*,*,#956,.T.);
#1505=ORIENTED_EDGE('',*,*,#1068,.T.);
#1506=ORIENTED_EDGE('',*,*,#1039,.T.);
#1507=ORIENTED_EDGE('',*,*,#1069,.F.);
#1508=ORIENTED_EDGE('',*,*,#957,.T.);
#1509=ORIENTED_EDGE('',*,*,#1069,.T.);
#1510=ORIENTED_EDGE('',*,*,#1038,.T.);
#1511=ORIENTED_EDGE('',*,*,#1020,.F.);
#1512=ORIENTED_EDGE('',*,*,#945,.T.);
#1513=ORIENTED_EDGE('',*,*,#1070,.T.);
#1514=ORIENTED_EDGE('',*,*,#1048,.T.);
#1515=ORIENTED_EDGE('',*,*,#1071,.F.);
#1516=ORIENTED_EDGE('',*,*,#946,.T.);
#1517=ORIENTED_EDGE('',*,*,#1071,.T.);
#1518=ORIENTED_EDGE('',*,*,#1047,.T.);
#1519=ORIENTED_EDGE('',*,*,#1072,.F.);
#1520=ORIENTED_EDGE('',*,*,#947,.T.);
#1521=ORIENTED_EDGE('',*,*,#1072,.T.);
#1522=ORIENTED_EDGE('',*,*,#1046,.T.);
#1523=ORIENTED_EDGE('',*,*,#1030,.F.);
#1524=ORIENTED_EDGE('',*,*,#949,.T.);
#1525=ORIENTED_EDGE('',*,*,#1032,.T.);
#1526=ORIENTED_EDGE('',*,*,#1045,.T.);
#1527=ORIENTED_EDGE('',*,*,#1066,.F.);
#1528=ORIENTED_EDGE('',*,*,#934,.T.);
#1529=ORIENTED_EDGE('',*,*,#1029,.T.);
#1530=ORIENTED_EDGE('',*,*,#1058,.T.);
#1531=ORIENTED_EDGE('',*,*,#883,.F.);
#1532=ORIENTED_EDGE('',*,*,#882,.F.);
#1533=ORIENTED_EDGE('',*,*,#880,.F.);
#1534=ORIENTED_EDGE('',*,*,#935,.T.);
#1535=ORIENTED_EDGE('',*,*,#885,.T.);
#1536=ORIENTED_EDGE('',*,*,#1057,.T.);
#1537=ORIENTED_EDGE('',*,*,#1073,.F.);
#1538=ORIENTED_EDGE('',*,*,#936,.T.);
#1539=ORIENTED_EDGE('',*,*,#1073,.T.);
#1540=ORIENTED_EDGE('',*,*,#1056,.T.);
#1541=ORIENTED_EDGE('',*,*,#1074,.F.);
#1542=ORIENTED_EDGE('',*,*,#937,.T.);
#1543=ORIENTED_EDGE('',*,*,#1074,.T.);
#1544=ORIENTED_EDGE('',*,*,#1055,.T.);
#1545=ORIENTED_EDGE('',*,*,#1024,.F.);
#1546=ORIENTED_EDGE('',*,*,#939,.T.);
#1547=ORIENTED_EDGE('',*,*,#1026,.T.);
#1548=ORIENTED_EDGE('',*,*,#1054,.T.);
#1549=ORIENTED_EDGE('',*,*,#1075,.F.);
#1550=ORIENTED_EDGE('',*,*,#940,.T.);
#1551=ORIENTED_EDGE('',*,*,#1075,.T.);
#1552=ORIENTED_EDGE('',*,*,#1053,.T.);
#1553=ORIENTED_EDGE('',*,*,#1076,.F.);
#1554=ORIENTED_EDGE('',*,*,#941,.T.);
#1555=ORIENTED_EDGE('',*,*,#1076,.T.);
#1556=ORIENTED_EDGE('',*,*,#1052,.T.);
#1557=ORIENTED_EDGE('',*,*,#1077,.F.);
#1558=ORIENTED_EDGE('',*,*,#942,.T.);
#1559=ORIENTED_EDGE('',*,*,#1077,.T.);
#1560=ORIENTED_EDGE('',*,*,#1051,.T.);
#1561=ORIENTED_EDGE('',*,*,#1078,.F.);
#1562=ORIENTED_EDGE('',*,*,#943,.T.);
#1563=ORIENTED_EDGE('',*,*,#1078,.T.);
#1564=ORIENTED_EDGE('',*,*,#1050,.T.);
#1565=ORIENTED_EDGE('',*,*,#1079,.F.);
#1566=ORIENTED_EDGE('',*,*,#944,.T.);
#1567=ORIENTED_EDGE('',*,*,#1079,.T.);
#1568=ORIENTED_EDGE('',*,*,#1049,.T.);
#1569=ORIENTED_EDGE('',*,*,#1070,.F.);
#1570=ORIENTED_EDGE('',*,*,#928,.T.);
#1571=ORIENTED_EDGE('',*,*,#1080,.T.);
#1572=ORIENTED_EDGE('',*,*,#1063,.T.);
#1573=ORIENTED_EDGE('',*,*,#1081,.F.);
#1574=ORIENTED_EDGE('',*,*,#929,.T.);
#1575=ORIENTED_EDGE('',*,*,#1081,.T.);
#1576=ORIENTED_EDGE('',*,*,#1062,.T.);
#1577=ORIENTED_EDGE('',*,*,#1082,.F.);
#1578=ORIENTED_EDGE('',*,*,#930,.T.);
#1579=ORIENTED_EDGE('',*,*,#1082,.T.);
#1580=ORIENTED_EDGE('',*,*,#1061,.T.);
#1581=ORIENTED_EDGE('',*,*,#1083,.F.);
#1582=ORIENTED_EDGE('',*,*,#931,.T.);
#1583=ORIENTED_EDGE('',*,*,#1083,.T.);
#1584=ORIENTED_EDGE('',*,*,#1060,.T.);
#1585=ORIENTED_EDGE('',*,*,#1084,.F.);
#1586=ORIENTED_EDGE('',*,*,#932,.T.);
#1587=ORIENTED_EDGE('',*,*,#1084,.T.);
#1588=ORIENTED_EDGE('',*,*,#1059,.T.);
#1589=ORIENTED_EDGE('',*,*,#1027,.F.);
#1590=ORIENTED_EDGE('',*,*,#926,.T.);
#1591=ORIENTED_EDGE('',*,*,#1023,.T.);
#1592=ORIENTED_EDGE('',*,*,#1065,.T.);
#1593=ORIENTED_EDGE('',*,*,#1085,.F.);
#1594=ORIENTED_EDGE('',*,*,#927,.T.);
#1595=ORIENTED_EDGE('',*,*,#1085,.T.);
#1596=ORIENTED_EDGE('',*,*,#1064,.T.);
#1597=ORIENTED_EDGE('',*,*,#1080,.F.);
#1598=CYLINDRICAL_SURFACE('',#1759,2.50012210314511);
#1599=CYLINDRICAL_SURFACE('',#1760,0.8);
#1600=CYLINDRICAL_SURFACE('',#1763,2.50044909437882);
#1601=CYLINDRICAL_SURFACE('',#1764,2.50044909437882);
#1602=CYLINDRICAL_SURFACE('',#1765,0.8);
#1603=CYLINDRICAL_SURFACE('',#1768,0.8);
#1604=CYLINDRICAL_SURFACE('',#1772,2.500731007577);
#1605=CYLINDRICAL_SURFACE('',#1773,2.500731007577);
#1606=CYLINDRICAL_SURFACE('',#1774,2.500731007577);
#1607=CYLINDRICAL_SURFACE('',#1775,0.8);
#1608=CYLINDRICAL_SURFACE('',#1778,2.50048733838467);
#1609=CYLINDRICAL_SURFACE('',#1779,2.50048733838467);
#1610=CYLINDRICAL_SURFACE('',#1780,0.800000000000001);
#1611=CYLINDRICAL_SURFACE('',#1783,0.799999999999999);
#1612=CYLINDRICAL_SURFACE('',#1786,2.42808051271276);
#1613=CYLINDRICAL_SURFACE('',#1787,2.50045534627464);
#1614=CYLINDRICAL_SURFACE('',#1788,2.50045534627464);
#1615=CYLINDRICAL_SURFACE('',#1789,0.799999999999999);
#1616=CYLINDRICAL_SURFACE('',#1792,2.50045534627464);
#1617=CYLINDRICAL_SURFACE('',#1793,2.50045534627464);
#1618=CYLINDRICAL_SURFACE('',#1794,2.50048733838472);
#1619=CYLINDRICAL_SURFACE('',#1795,2.50048733838472);
#1620=CYLINDRICAL_SURFACE('',#1796,2.50048733838465);
#1621=CYLINDRICAL_SURFACE('',#1797,2.50048733838465);
#1622=CYLINDRICAL_SURFACE('',#1830,0.299999999999999);
#1623=CYLINDRICAL_SURFACE('',#1834,2.);
#1624=CYLINDRICAL_SURFACE('',#1838,0.3);
#1625=CYLINDRICAL_SURFACE('',#1841,0.770091641188157);
#1626=CYLINDRICAL_SURFACE('',#1844,3.);
#1627=CYLINDRICAL_SURFACE('',#1847,3.);
#1628=CYLINDRICAL_SURFACE('',#1850,0.770091641188157);
#1629=CYLINDRICAL_SURFACE('',#1853,0.3);
#1630=CYLINDRICAL_SURFACE('',#1857,2.);
#1631=CYLINDRICAL_SURFACE('',#1861,0.3);
#1632=CYLINDRICAL_SURFACE('',#1864,0.770091641188157);
#1633=CYLINDRICAL_SURFACE('',#1867,3.);
#1634=CYLINDRICAL_SURFACE('',#1870,3.);
#1635=CYLINDRICAL_SURFACE('',#1873,0.770091641188157);
#1636=CYLINDRICAL_SURFACE('',#1875,0.770091641188157);
#1637=CYLINDRICAL_SURFACE('',#1877,0.800000000000001);
#1638=CYLINDRICAL_SURFACE('',#1879,0.3);
#1639=CYLINDRICAL_SURFACE('',#1881,0.770091641188157);
#1640=CYLINDRICAL_SURFACE('',#1883,2.);
#1641=CYLINDRICAL_SURFACE('',#1885,2.15);
#1642=CYLINDRICAL_SURFACE('',#1898,0.3);
#1643=CYLINDRICAL_SURFACE('',#1903,0.3);
#1644=CYLINDRICAL_SURFACE('',#1906,3.);
#1645=CYLINDRICAL_SURFACE('',#1911,2.);
#1646=CYLINDRICAL_SURFACE('',#1914,0.299999999999999);
#1647=CYLINDRICAL_SURFACE('',#1916,0.770091641188157);
#1648=CYLINDRICAL_SURFACE('',#1918,3.);
#1649=CYLINDRICAL_SURFACE('',#1920,3.);
#1650=CYLINDRICAL_SURFACE('',#1922,0.770091641188157);
#1651=CYLINDRICAL_SURFACE('',#1925,3.);
#1652=ADVANCED_FACE('',(#460),#1598,.F.);
#1653=ADVANCED_FACE('',(#461),#1599,.T.);
#1654=ADVANCED_FACE('',(#462),#1600,.F.);
#1655=ADVANCED_FACE('',(#463),#1601,.F.);
#1656=ADVANCED_FACE('',(#464),#1602,.T.);
#1657=ADVANCED_FACE('',(#465),#1603,.T.);
#1658=ADVANCED_FACE('',(#466),#17,.F.);
#1659=ADVANCED_FACE('',(#467),#1604,.F.);
#1660=ADVANCED_FACE('',(#468),#1605,.F.);
#1661=ADVANCED_FACE('',(#469),#1606,.F.);
#1662=ADVANCED_FACE('',(#470),#1607,.T.);
#1663=ADVANCED_FACE('',(#471),#1608,.F.);
#1664=ADVANCED_FACE('',(#472),#1609,.F.);
#1665=ADVANCED_FACE('',(#473),#1610,.T.);
#1666=ADVANCED_FACE('',(#474),#1611,.T.);
#1667=ADVANCED_FACE('',(#475),#1612,.F.);
#1668=ADVANCED_FACE('',(#476),#1613,.F.);
#1669=ADVANCED_FACE('',(#477),#1614,.F.);
#1670=ADVANCED_FACE('',(#478),#1615,.T.);
#1671=ADVANCED_FACE('',(#479),#1616,.F.);
#1672=ADVANCED_FACE('',(#480),#1617,.F.);
#1673=ADVANCED_FACE('',(#481),#1618,.F.);
#1674=ADVANCED_FACE('',(#482),#1619,.F.);
#1675=ADVANCED_FACE('',(#483),#1620,.F.);
#1676=ADVANCED_FACE('',(#484),#1621,.F.);
#1677=ADVANCED_FACE('',(#485,#15),#18,.T.);
#1678=ADVANCED_FACE('',(#486),#19,.F.);
#1679=ADVANCED_FACE('',(#487),#1622,.T.);
#1680=ADVANCED_FACE('',(#488),#20,.F.);
#1681=ADVANCED_FACE('',(#489),#21,.F.);
#1682=ADVANCED_FACE('',(#490),#1623,.T.);
#1683=ADVANCED_FACE('',(#491),#22,.F.);
#1684=ADVANCED_FACE('',(#492),#23,.F.);
#1685=ADVANCED_FACE('',(#493),#1624,.T.);
#1686=ADVANCED_FACE('',(#494),#24,.F.);
#1687=ADVANCED_FACE('',(#495),#1625,.F.);
#1688=ADVANCED_FACE('',(#496),#25,.F.);
#1689=ADVANCED_FACE('',(#497),#1626,.F.);
#1690=ADVANCED_FACE('',(#498),#26,.F.);
#1691=ADVANCED_FACE('',(#499),#1627,.F.);
#1692=ADVANCED_FACE('',(#500),#27,.F.);
#1693=ADVANCED_FACE('',(#501),#1628,.F.);
#1694=ADVANCED_FACE('',(#502),#28,.F.);
#1695=ADVANCED_FACE('',(#503),#1629,.T.);
#1696=ADVANCED_FACE('',(#504),#29,.F.);
#1697=ADVANCED_FACE('',(#505),#30,.F.);
#1698=ADVANCED_FACE('',(#506),#1630,.T.);
#1699=ADVANCED_FACE('',(#507),#31,.F.);
#1700=ADVANCED_FACE('',(#508),#32,.F.);
#1701=ADVANCED_FACE('',(#509),#1631,.T.);
#1702=ADVANCED_FACE('',(#510),#33,.F.);
#1703=ADVANCED_FACE('',(#511),#1632,.F.);
#1704=ADVANCED_FACE('',(#512),#34,.F.);
#1705=ADVANCED_FACE('',(#513),#1633,.F.);
#1706=ADVANCED_FACE('',(#514),#35,.F.);
#1707=ADVANCED_FACE('',(#515),#1634,.F.);
#1708=ADVANCED_FACE('',(#516),#36,.F.);
#1709=ADVANCED_FACE('',(#517),#1635,.F.);
#1710=ADVANCED_FACE('',(#518),#1636,.F.);
#1711=ADVANCED_FACE('',(#519),#1637,.T.);
#1712=ADVANCED_FACE('',(#520),#1638,.T.);
#1713=ADVANCED_FACE('',(#521),#1639,.F.);
#1714=ADVANCED_FACE('',(#522),#1640,.T.);
#1715=ADVANCED_FACE('',(#523),#1641,.F.);
#1716=ADVANCED_FACE('',(#524,#16),#37,.F.);
#1717=ADVANCED_FACE('',(#525),#1642,.T.);
#1718=ADVANCED_FACE('',(#526),#38,.F.);
#1719=ADVANCED_FACE('',(#527),#39,.F.);
#1720=ADVANCED_FACE('',(#528),#40,.F.);
#1721=ADVANCED_FACE('',(#529),#41,.F.);
#1722=ADVANCED_FACE('',(#530),#1643,.T.);
#1723=ADVANCED_FACE('',(#531),#42,.F.);
#1724=ADVANCED_FACE('',(#532),#43,.F.);
#1725=ADVANCED_FACE('',(#533),#1644,.F.);
#1726=ADVANCED_FACE('',(#534),#44,.F.);
#1727=ADVANCED_FACE('',(#535),#45,.F.);
#1728=ADVANCED_FACE('',(#536),#46,.F.);
#1729=ADVANCED_FACE('',(#537),#47,.F.);
#1730=ADVANCED_FACE('',(#538),#1645,.T.);
#1731=ADVANCED_FACE('',(#539),#48,.F.);
#1732=ADVANCED_FACE('',(#540),#49,.F.);
#1733=ADVANCED_FACE('',(#541),#1646,.T.);
#1734=ADVANCED_FACE('',(#542),#50,.F.);
#1735=ADVANCED_FACE('',(#543),#1647,.F.);
#1736=ADVANCED_FACE('',(#544),#51,.F.);
#1737=ADVANCED_FACE('',(#545),#1648,.F.);
#1738=ADVANCED_FACE('',(#546),#52,.F.);
#1739=ADVANCED_FACE('',(#547),#1649,.F.);
#1740=ADVANCED_FACE('',(#548),#53,.F.);
#1741=ADVANCED_FACE('',(#549),#1650,.F.);
#1742=ADVANCED_FACE('',(#550),#54,.F.);
#1743=ADVANCED_FACE('',(#551),#55,.F.);
#1744=ADVANCED_FACE('',(#552),#1651,.F.);
#1745=CLOSED_SHELL('',(#1652,#1653,#1654,#1655,#1656,#1657,#1658,#1659,
#1660,#1661,#1662,#1663,#1664,#1665,#1666,#1667,#1668,#1669,#1670,#1671,
#1672,#1673,#1674,#1675,#1676,#1677,#1678,#1679,#1680,#1681,#1682,#1683,
#1684,#1685,#1686,#1687,#1688,#1689,#1690,#1691,#1692,#1693,#1694,#1695,
#1696,#1697,#1698,#1699,#1700,#1701,#1702,#1703,#1704,#1705,#1706,#1707,
#1708,#1709,#1710,#1711,#1712,#1713,#1714,#1715,#1716,#1717,#1718,#1719,
#1720,#1721,#1722,#1723,#1724,#1725,#1726,#1727,#1728,#1729,#1730,#1731,
#1732,#1733,#1734,#1735,#1736,#1737,#1738,#1739,#1740,#1741,#1742,#1743,
#1744));
#1746=DERIVED_UNIT_ELEMENT(#1748,1.);
#1747=DERIVED_UNIT_ELEMENT(#3597,-3.);
#1748=(
MASS_UNIT()
NAMED_UNIT(*)
SI_UNIT(.KILO.,.GRAM.)
);
#1749=DERIVED_UNIT((#1746,#1747));
#1750=MEASURE_REPRESENTATION_ITEM('density measure',
POSITIVE_RATIO_MEASURE(7850.),#1749);
#1751=PROPERTY_DEFINITION_REPRESENTATION(#1756,#1753);
#1752=PROPERTY_DEFINITION_REPRESENTATION(#1757,#1754);
#1753=REPRESENTATION('material name',(#1755),#3594);
#1754=REPRESENTATION('density',(#1750),#3594);
#1755=DESCRIPTIVE_REPRESENTATION_ITEM('Steel','Steel');
#1756=PROPERTY_DEFINITION('material property','material name',#3604);
#1757=PROPERTY_DEFINITION('material property','density of part',#3604);
#1758=AXIS2_PLACEMENT_3D('',#2427,#1926,#1927);
#1759=AXIS2_PLACEMENT_3D('',#2428,#1928,#1929);
#1760=AXIS2_PLACEMENT_3D('',#2472,#1930,#1931);
#1761=AXIS2_PLACEMENT_3D('',#2475,#1932,#1933);
#1762=AXIS2_PLACEMENT_3D('',#2480,#1936,#1937);
#1763=AXIS2_PLACEMENT_3D('',#2482,#1939,#1940);
#1764=AXIS2_PLACEMENT_3D('',#2526,#1941,#1942);
#1765=AXIS2_PLACEMENT_3D('',#2570,#1943,#1944);
#1766=AXIS2_PLACEMENT_3D('',#2573,#1945,#1946);
#1767=AXIS2_PLACEMENT_3D('',#2666,#1951,#1952);
#1768=AXIS2_PLACEMENT_3D('',#2668,#1954,#1955);
#1769=AXIS2_PLACEMENT_3D('',#2671,#1956,#1957);
#1770=AXIS2_PLACEMENT_3D('',#2675,#1959,#1960);
#1771=AXIS2_PLACEMENT_3D('',#2722,#1964,#1965);
#1772=AXIS2_PLACEMENT_3D('',#2731,#1970,#1971);
#1773=AXIS2_PLACEMENT_3D('',#2751,#1972,#1973);
#1774=AXIS2_PLACEMENT_3D('',#2795,#1974,#1975);
#1775=AXIS2_PLACEMENT_3D('',#2814,#1976,#1977);
#1776=AXIS2_PLACEMENT_3D('',#2817,#1978,#1979);
#1777=AXIS2_PLACEMENT_3D('',#2821,#1981,#1982);
#1778=AXIS2_PLACEMENT_3D('',#2912,#1987,#1988);
#1779=AXIS2_PLACEMENT_3D('',#2956,#1989,#1990);
#1780=AXIS2_PLACEMENT_3D('',#3000,#1991,#1992);
#1781=AXIS2_PLACEMENT_3D('',#3003,#1993,#1994);
#1782=AXIS2_PLACEMENT_3D('',#3007,#1996,#1997);
#1783=AXIS2_PLACEMENT_3D('',#3054,#2001,#2002);
#1784=AXIS2_PLACEMENT_3D('',#3057,#2003,#2004);
#1785=AXIS2_PLACEMENT_3D('',#3106,#2008,#2009);
#1786=AXIS2_PLACEMENT_3D('',#3108,#2011,#2012);
#1787=AXIS2_PLACEMENT_3D('',#3109,#2013,#2014);
#1788=AXIS2_PLACEMENT_3D('',#3110,#2015,#2016);
#1789=AXIS2_PLACEMENT_3D('',#3154,#2017,#2018);
#1790=AXIS2_PLACEMENT_3D('',#3159,#2021,#2022);
#1791=AXIS2_PLACEMENT_3D('',#3163,#2024,#2025);
#1792=AXIS2_PLACEMENT_3D('',#3209,#2028,#2029);
#1793=AXIS2_PLACEMENT_3D('',#3210,#2030,#2031);
#1794=AXIS2_PLACEMENT_3D('',#3211,#2032,#2033);
#1795=AXIS2_PLACEMENT_3D('',#3212,#2034,#2035);
#1796=AXIS2_PLACEMENT_3D('',#3213,#2036,#2037);
#1797=AXIS2_PLACEMENT_3D('',#3214,#2038,#2039);
#1798=AXIS2_PLACEMENT_3D('',#3215,#2040,#2041);
#1799=AXIS2_PLACEMENT_3D('',#3218,#2042,#2043);
#1800=AXIS2_PLACEMENT_3D('',#3222,#2045,#2046);
#1801=AXIS2_PLACEMENT_3D('',#3226,#2048,#2049);
#1802=AXIS2_PLACEMENT_3D('',#3230,#2051,#2052);
#1803=AXIS2_PLACEMENT_3D('',#3235,#2055,#2056);
#1804=AXIS2_PLACEMENT_3D('',#3240,#2059,#2060);
#1805=AXIS2_PLACEMENT_3D('',#3244,#2062,#2063);
#1806=AXIS2_PLACEMENT_3D('',#3248,#2065,#2066);
#1807=AXIS2_PLACEMENT_3D('',#3252,#2068,#2069);
#1808=AXIS2_PLACEMENT_3D('',#3256,#2071,#2072);
#1809=AXIS2_PLACEMENT_3D('',#3260,#2074,#2075);
#1810=AXIS2_PLACEMENT_3D('',#3265,#2078,#2079);
#1811=AXIS2_PLACEMENT_3D('',#3270,#2082,#2083);
#1812=AXIS2_PLACEMENT_3D('',#3274,#2085,#2086);
#1813=AXIS2_PLACEMENT_3D('',#3278,#2088,#2089);
#1814=AXIS2_PLACEMENT_3D('',#3282,#2091,#2092);
#1815=AXIS2_PLACEMENT_3D('',#3286,#2094,#2095);
#1816=AXIS2_PLACEMENT_3D('',#3290,#2097,#2098);
#1817=AXIS2_PLACEMENT_3D('',#3295,#2101,#2102);
#1818=AXIS2_PLACEMENT_3D('',#3299,#2104,#2105);
#1819=AXIS2_PLACEMENT_3D('',#3303,#2107,#2108);
#1820=AXIS2_PLACEMENT_3D('',#3307,#2110,#2111);
#1821=AXIS2_PLACEMENT_3D('',#3311,#2113,#2114);
#1822=AXIS2_PLACEMENT_3D('',#3315,#2116,#2117);
#1823=AXIS2_PLACEMENT_3D('',#3319,#2119,#2120);
#1824=AXIS2_PLACEMENT_3D('',#3323,#2122,#2123);
#1825=AXIS2_PLACEMENT_3D('',#3328,#2126,#2127);
#1826=AXIS2_PLACEMENT_3D('',#3333,#2130,#2131);
#1827=AXIS2_PLACEMENT_3D('',#3337,#2133,#2134);
#1828=AXIS2_PLACEMENT_3D('',#3340,#2136,#2137);
#1829=AXIS2_PLACEMENT_3D('',#3341,#2138,#2139);
#1830=AXIS2_PLACEMENT_3D('',#3347,#2143,#2144);
#1831=AXIS2_PLACEMENT_3D('',#3350,#2146,#2147);
#1832=AXIS2_PLACEMENT_3D('',#3351,#2148,#2149);
#1833=AXIS2_PLACEMENT_3D('',#3353,#2151,#2152);
#1834=AXIS2_PLACEMENT_3D('',#3357,#2155,#2156);
#1835=AXIS2_PLACEMENT_3D('',#3360,#2158,#2159);
#1836=AXIS2_PLACEMENT_3D('',#3361,#2160,#2161);
#1837=AXIS2_PLACEMENT_3D('',#3363,#2163,#2164);
#1838=AXIS2_PLACEMENT_3D('',#3367,#2167,#2168);
#1839=AXIS2_PLACEMENT_3D('',#3370,#2170,#2171);
#1840=AXIS2_PLACEMENT_3D('',#3371,#2172,#2173);
#1841=AXIS2_PLACEMENT_3D('',#3375,#2176,#2177);
#1842=AXIS2_PLACEMENT_3D('',#3378,#2179,#2180);
#1843=AXIS2_PLACEMENT_3D('',#3379,#2181,#2182);
#1844=AXIS2_PLACEMENT_3D('',#3383,#2185,#2186);
#1845=AXIS2_PLACEMENT_3D('',#3386,#2188,#2189);
#1846=AXIS2_PLACEMENT_3D('',#3387,#2190,#2191);
#1847=AXIS2_PLACEMENT_3D('',#3391,#2194,#2195);
#1848=AXIS2_PLACEMENT_3D('',#3394,#2197,#2198);
#1849=AXIS2_PLACEMENT_3D('',#3395,#2199,#2200);
#1850=AXIS2_PLACEMENT_3D('',#3399,#2203,#2204);
#1851=AXIS2_PLACEMENT_3D('',#3402,#2206,#2207);
#1852=AXIS2_PLACEMENT_3D('',#3403,#2208,#2209);
#1853=AXIS2_PLACEMENT_3D('',#3407,#2212,#2213);
#1854=AXIS2_PLACEMENT_3D('',#3410,#2215,#2216);
#1855=AXIS2_PLACEMENT_3D('',#3411,#2217,#2218);
#1856=AXIS2_PLACEMENT_3D('',#3413,#2220,#2221);
#1857=AXIS2_PLACEMENT_3D('',#3417,#2224,#2225);
#1858=AXIS2_PLACEMENT_3D('',#3420,#2227,#2228);
#1859=AXIS2_PLACEMENT_3D('',#3421,#2229,#2230);
#1860=AXIS2_PLACEMENT_3D('',#3423,#2232,#2233);
#1861=AXIS2_PLACEMENT_3D('',#3427,#2236,#2237);
#1862=AXIS2_PLACEMENT_3D('',#3430,#2239,#2240);
#1863=AXIS2_PLACEMENT_3D('',#3431,#2241,#2242);
#1864=AXIS2_PLACEMENT_3D('',#3435,#2245,#2246);
#1865=AXIS2_PLACEMENT_3D('',#3438,#2248,#2249);
#1866=AXIS2_PLACEMENT_3D('',#3439,#2250,#2251);
#1867=AXIS2_PLACEMENT_3D('',#3443,#2254,#2255);
#1868=AXIS2_PLACEMENT_3D('',#3446,#2257,#2258);
#1869=AXIS2_PLACEMENT_3D('',#3447,#2259,#2260);
#1870=AXIS2_PLACEMENT_3D('',#3451,#2263,#2264);
#1871=AXIS2_PLACEMENT_3D('',#3454,#2266,#2267);
#1872=AXIS2_PLACEMENT_3D('',#3455,#2268,#2269);
#1873=AXIS2_PLACEMENT_3D('',#3459,#2272,#2273);
#1874=AXIS2_PLACEMENT_3D('',#3462,#2275,#2276);
#1875=AXIS2_PLACEMENT_3D('',#3463,#2277,#2278);
#1876=AXIS2_PLACEMENT_3D('',#3465,#2279,#2280);
#1877=AXIS2_PLACEMENT_3D('',#3467,#2282,#2283);
#1878=AXIS2_PLACEMENT_3D('',#3471,#2285,#2286);
#1879=AXIS2_PLACEMENT_3D('',#3473,#2288,#2289);
#1880=AXIS2_PLACEMENT_3D('',#3477,#2291,#2292);
#1881=AXIS2_PLACEMENT_3D('',#3479,#2294,#2295);
#1882=AXIS2_PLACEMENT_3D('',#3483,#2297,#2298);
#1883=AXIS2_PLACEMENT_3D('',#3485,#2300,#2301);
#1884=AXIS2_PLACEMENT_3D('',#3489,#2303,#2304);
#1885=AXIS2_PLACEMENT_3D('',#3491,#2306,#2307);
#1886=AXIS2_PLACEMENT_3D('',#3494,#2309,#2310);
#1887=AXIS2_PLACEMENT_3D('',#3495,#2311,#2312);
#1888=AXIS2_PLACEMENT_3D('',#3499,#2314,#2315);
#1889=AXIS2_PLACEMENT_3D('',#3506,#2320,#2321);
#1890=AXIS2_PLACEMENT_3D('',#3511,#2324,#2325);
#1891=AXIS2_PLACEMENT_3D('',#3515,#2327,#2328);
#1892=AXIS2_PLACEMENT_3D('',#3519,#2330,#2331);
#1893=AXIS2_PLACEMENT_3D('',#3523,#2333,#2334);
#1894=AXIS2_PLACEMENT_3D('',#3528,#2337,#2338);
#1895=AXIS2_PLACEMENT_3D('',#3534,#2342,#2343);
#1896=AXIS2_PLACEMENT_3D('',#3538,#2345,#2346);
#1897=AXIS2_PLACEMENT_3D('',#3542,#2348,#2349);
#1898=AXIS2_PLACEMENT_3D('',#3544,#2351,#2352);
#1899=AXIS2_PLACEMENT_3D('',#3547,#2355,#2356);
#1900=AXIS2_PLACEMENT_3D('',#3548,#2357,#2358);
#1901=AXIS2_PLACEMENT_3D('',#3549,#2359,#2360);
#1902=AXIS2_PLACEMENT_3D('',#3550,#2361,#2362);
#1903=AXIS2_PLACEMENT_3D('',#3552,#2364,#2365);
#1904=AXIS2_PLACEMENT_3D('',#3554,#2367,#2368);
#1905=AXIS2_PLACEMENT_3D('',#3555,#2369,#2370);
#1906=AXIS2_PLACEMENT_3D('',#3558,#2373,#2374);
#1907=AXIS2_PLACEMENT_3D('',#3560,#2376,#2377);
#1908=AXIS2_PLACEMENT_3D('',#3561,#2378,#2379);
#1909=AXIS2_PLACEMENT_3D('',#3562,#2380,#2381);
#1910=AXIS2_PLACEMENT_3D('',#3563,#2382,#2383);
#1911=AXIS2_PLACEMENT_3D('',#3565,#2385,#2386);
#1912=AXIS2_PLACEMENT_3D('',#3567,#2388,#2389);
#1913=AXIS2_PLACEMENT_3D('',#3568,#2390,#2391);
#1914=AXIS2_PLACEMENT_3D('',#3570,#2393,#2394);
#1915=AXIS2_PLACEMENT_3D('',#3572,#2396,#2397);
#1916=AXIS2_PLACEMENT_3D('',#3574,#2399,#2400);
#1917=AXIS2_PLACEMENT_3D('',#3576,#2402,#2403);
#1918=AXIS2_PLACEMENT_3D('',#3578,#2405,#2406);
#1919=AXIS2_PLACEMENT_3D('',#3579,#2407,#2408);
#1920=AXIS2_PLACEMENT_3D('',#3582,#2411,#2412);
#1921=AXIS2_PLACEMENT_3D('',#3584,#2414,#2415);
#1922=AXIS2_PLACEMENT_3D('',#3586,#2417,#2418);
#1923=AXIS2_PLACEMENT_3D('',#3588,#2420,#2421);
#1924=AXIS2_PLACEMENT_3D('',#3589,#2422,#2423);
#1925=AXIS2_PLACEMENT_3D('',#3591,#2425,#2426);
#1926=DIRECTION('axis',(0.,0.,1.));
#1927=DIRECTION('refdir',(1.,0.,0.));
#1928=DIRECTION('center_axis',(-0.999984705379086,0.,-0.0055307330347899));
#1929=DIRECTION('ref_axis',(0.00508509115240056,-0.393266689990113,-0.919410383013044));
#1930=DIRECTION('center_axis',(-2.94719322334619E-16,-1.,1.49369887515443E-16));
#1931=DIRECTION('ref_axis',(0.681998360062538,-9.17558743660994E-17,0.731353701619134));
#1932=DIRECTION('center_axis',(-1.11022302462516E-16,-1.,3.33066907387547E-16));
#1933=DIRECTION('ref_axis',(8.32667268468868E-17,-1.49369887515443E-16,
-1.));
#1934=DIRECTION('',(-2.94719322334619E-16,-1.,1.49369887515443E-16));
#1935=DIRECTION('',(-2.94719322334619E-16,-1.,1.49369887515443E-16));
#1936=DIRECTION('center_axis',(2.94719322334619E-16,1.,-1.49369887515443E-16));
#1937=DIRECTION('ref_axis',(-4.42007541678891E-15,1.49369887515445E-16,
1.));
#1938=DIRECTION('',(-2.94719322334619E-16,-1.,1.49369887515443E-16));
#1939=DIRECTION('center_axis',(-0.00553073303479057,0.,0.999984705379086));
#1940=DIRECTION('ref_axis',(-0.916396401440178,0.400239861248612,-0.00506842136999188));
#1941=DIRECTION('center_axis',(-0.00553073303479057,0.,0.999984705379086));
#1942=DIRECTION('ref_axis',(-0.916396401440178,0.400239861248612,-0.00506842136999188));
#1943=DIRECTION('center_axis',(-1.11022302462516E-16,-1.,3.33066907387547E-16));
#1944=DIRECTION('ref_axis',(0.731353701624226,-3.08347656496395E-16,-0.681998360057077));
#1945=DIRECTION('center_axis',(-1.11022302462516E-16,-1.,3.33066907387547E-16));
#1946=DIRECTION('ref_axis',(-1.,1.11022302462516E-16,-8.32667268468867E-17));
#1947=DIRECTION('',(-1.11022302462516E-16,-1.,3.33066907387547E-16));
#1948=DIRECTION('',(-1.11022302462516E-16,-1.,3.33066907387547E-16));
#1949=DIRECTION('',(-1.11022302462516E-16,-1.,3.33066907387547E-16));
#1950=DIRECTION('',(-1.11022302462516E-16,-1.,3.33066907387547E-16));
#1951=DIRECTION('center_axis',(1.11022302462516E-16,1.,-3.33066907387547E-16));
#1952=DIRECTION('ref_axis',(1.,-1.11022302462516E-16,8.32667268468867E-17));
#1953=DIRECTION('',(-1.11022302462516E-16,-1.,3.33066907387547E-16));
#1954=DIRECTION('center_axis',(-2.94719322334619E-16,-1.,1.49369887515443E-16));
#1955=DIRECTION('ref_axis',(8.32667268468868E-17,-1.49369887515443E-16,
-1.));
#1956=DIRECTION('center_axis',(-1.11022302462516E-16,-1.,3.33066907387547E-16));
#1957=DIRECTION('ref_axis',(8.32667268468868E-17,-1.49369887515443E-16,
-1.));
#1958=DIRECTION('',(-2.94719322334619E-16,-1.,1.49369887515443E-16));
#1959=DIRECTION('center_axis',(2.94719322334619E-16,1.,-1.49369887515443E-16));
#1960=DIRECTION('ref_axis',(3.3358732443034E-15,-1.49369887515444E-16,-1.));
#1961=DIRECTION('',(-2.94719322334619E-16,-1.,1.49369887515443E-16));
#1962=DIRECTION('',(-2.94719322334619E-16,-1.,1.49369887515443E-16));
#1963=DIRECTION('',(-2.94719322334619E-16,-1.,1.49369887515443E-16));
#1964=DIRECTION('center_axis',(1.66533453693774E-15,8.3266726846886E-16,
1.));
#1965=DIRECTION('ref_axis',(-4.21884749357559E-15,-1.,8.32667268468867E-16));
#1966=DIRECTION('',(7.26747174095875E-17,-1.,1.49369887515446E-16));
#1967=DIRECTION('',(1.,-4.21884749357559E-15,-1.66533453693773E-15));
#1968=DIRECTION('',(7.26747174095874E-17,-1.,1.49369887515446E-16));
#1969=DIRECTION('',(1.,-4.21884749357559E-15,-1.66533453693773E-15));
#1970=DIRECTION('center_axis',(1.,-4.21884749357559E-15,-1.66533453693773E-15));
#1971=DIRECTION('ref_axis',(-3.20258790901763E-15,-0.396780042759661,-0.917913720165268));
#1972=DIRECTION('center_axis',(1.,-4.21884749357559E-15,-1.66533453693773E-15));
#1973=DIRECTION('ref_axis',(-3.20258790901763E-15,-0.396780042759661,-0.917913720165268));
#1974=DIRECTION('center_axis',(1.,-4.21884749357559E-15,-1.66533453693773E-15));
#1975=DIRECTION('ref_axis',(-3.20258790901763E-15,-0.396780042759661,-0.917913720165268));
#1976=DIRECTION('center_axis',(-1.11022302462516E-16,-1.,3.33066907387547E-16));
#1977=DIRECTION('ref_axis',(-1.,1.11022302462516E-16,-8.32667268468867E-17));
#1978=DIRECTION('center_axis',(-1.11022302462516E-16,-1.,3.33066907387547E-16));
#1979=DIRECTION('ref_axis',(-1.,1.11022302462516E-16,-8.32667268468867E-17));
#1980=DIRECTION('',(-1.11022302462516E-16,-1.,3.33066907387547E-16));
#1981=DIRECTION('center_axis',(1.11022302462516E-16,1.,-3.33066907387547E-16));
#1982=DIRECTION('ref_axis',(-1.,1.11022302462516E-16,-8.32667268468867E-17));
#1983=DIRECTION('',(-1.11022302462516E-16,-1.,3.33066907387547E-16));
#1984=DIRECTION('',(-1.11022302462516E-16,-1.,3.33066907387547E-16));
#1985=DIRECTION('',(-1.11022302462516E-16,-1.,3.33066907387547E-16));
#1986=DIRECTION('',(-1.11022302462516E-16,-1.,3.33066907387547E-16));
#1987=DIRECTION('center_axis',(-2.33146835171283E-15,-2.66453525910038E-15,
-1.));
#1988=DIRECTION('ref_axis',(-0.917913720165265,0.396780042759668,1.08285237412781E-15));
#1989=DIRECTION('center_axis',(-2.33146835171283E-15,-2.66453525910038E-15,
-1.));
#1990=DIRECTION('ref_axis',(-0.917913720165265,0.396780042759668,1.08285237412781E-15));
#1991=DIRECTION('center_axis',(7.26747174095874E-17,-1.,1.49369887515446E-16));
#1992=DIRECTION('ref_axis',(0.731353701619322,1.5502094191987E-16,0.681998360062336));
#1993=DIRECTION('center_axis',(-1.11022302462516E-16,-1.,3.33066907387547E-16));
#1994=DIRECTION('ref_axis',(-1.,-7.26747174095874E-17,-8.32667268468867E-17));
#1995=DIRECTION('',(7.26747174095875E-17,-1.,1.49369887515446E-16));
#1996=DIRECTION('center_axis',(-7.26747174095874E-17,1.,-1.49369887515446E-16));
#1997=DIRECTION('ref_axis',(-1.03831873654592E-14,1.49369887515445E-16,
1.));
#1998=DIRECTION('',(7.26747174095875E-17,-1.,1.49369887515446E-16));
#1999=DIRECTION('',(7.26747174095875E-17,-1.,1.49369887515446E-16));
#2000=DIRECTION('',(7.26747174095875E-17,-1.,1.49369887515446E-16));
#2001=DIRECTION('center_axis',(-1.11022302462516E-16,-1.,-3.43271323566593E-17));
#2002=DIRECTION('ref_axis',(8.32667268468867E-17,3.43271323566593E-17,-1.));
#2003=DIRECTION('center_axis',(-1.11022302462516E-16,-1.,3.33066907387547E-16));
#2004=DIRECTION('ref_axis',(8.32667268468867E-17,3.43271323566593E-17,-1.));
#2005=DIRECTION('',(-1.11022302462516E-16,-1.,-3.43271323566593E-17));
#2006=DIRECTION('',(-1.11022302462516E-16,-1.,-3.43271323566593E-17));
#2007=DIRECTION('',(-1.11022302462516E-16,-1.,-3.43271323566593E-17));
#2008=DIRECTION('center_axis',(1.11022302462516E-16,1.,3.43271323566592E-17));
#2009=DIRECTION('ref_axis',(-1.,1.11022302462516E-16,-8.32667268468867E-17));
#2010=DIRECTION('',(-1.11022302462516E-16,-1.,-3.43271323566593E-17));
#2011=DIRECTION('center_axis',(0.00553073303478579,0.,0.999984705379086));
#2012=DIRECTION('ref_axis',(-0.916396401440178,-0.400239861248613,0.0050684213699875));
#2013=DIRECTION('center_axis',(0.999987205650096,4.44089209850063E-16,-0.00505851125452239));
#2014=DIRECTION('ref_axis',(0.00465126577555801,0.393106336080788,0.919481252804984));
#2015=DIRECTION('center_axis',(0.999987205650096,4.44089209850063E-16,-0.00505851125452239));
#2016=DIRECTION('ref_axis',(0.00465126577555801,0.393106336080788,0.919481252804984));
#2017=DIRECTION('center_axis',(7.26747174095874E-17,-1.,1.49369887515446E-16));
#2018=DIRECTION('ref_axis',(-1.,-7.26747174095874E-17,-8.32667268468867E-17));
#2019=DIRECTION('',(7.26747174095875E-17,-1.,1.49369887515446E-16));
#2020=DIRECTION('',(7.26747174095875E-17,-1.,1.49369887515446E-16));
#2021=DIRECTION('center_axis',(-7.26747174095874E-17,1.,-1.49369887515446E-16));
#2022=DIRECTION('ref_axis',(1.09252884517019E-14,-1.49369887515445E-16,
-1.));
#2023=DIRECTION('',(7.26747174095875E-17,-1.,1.49369887515446E-16));
#2024=DIRECTION('center_axis',(-1.11022302462516E-16,-1.,3.33066907387547E-16));
#2025=DIRECTION('ref_axis',(-1.,-7.26747174095874E-17,-8.32667268468867E-17));
#2026=DIRECTION('',(7.26747174095875E-17,-1.,1.49369887515446E-16));
#2027=DIRECTION('',(7.26747174095875E-17,-1.,1.49369887515446E-16));
#2028=DIRECTION('center_axis',(0.00505851125452295,2.22044604925031E-16,
0.999987205650096));
#2029=DIRECTION('ref_axis',(-0.916330809025086,-0.400395257409901,0.00463532901634096));
#2030=DIRECTION('center_axis',(0.00505851125452295,2.22044604925031E-16,
0.999987205650096));
#2031=DIRECTION('ref_axis',(-0.916330809025086,-0.400395257409901,0.00463532901634096));
#2032=DIRECTION('center_axis',(8.32667268468867E-17,-1.11022302462516E-16,
-1.));
#2033=DIRECTION('ref_axis',(-0.866025403784439,-0.5,-1.65999495081259E-17));
#2034=DIRECTION('center_axis',(8.32667268468867E-17,-1.11022302462516E-16,
-1.));
#2035=DIRECTION('ref_axis',(-0.866025403784439,-0.5,-1.65999495081259E-17));
#2036=DIRECTION('center_axis',(1.,-1.11022302462516E-16,8.32667268468867E-17));
#2037=DIRECTION('ref_axis',(1.11022302462516E-16,1.,1.25825276124184E-16));
#2038=DIRECTION('center_axis',(1.,-1.11022302462516E-16,8.32667268468867E-17));
#2039=DIRECTION('ref_axis',(1.11022302462516E-16,1.,1.25825276124184E-16));
#2040=DIRECTION('center_axis',(1.11022302462516E-16,1.,-3.33066907387547E-16));
#2041=DIRECTION('ref_axis',(1.,-1.11022302462516E-16,8.32667268468868E-17));
#2042=DIRECTION('center_axis',(1.11022302462516E-16,1.,-3.33066907387547E-16));
#2043=DIRECTION('ref_axis',(8.32667268468868E-17,-1.49369887515443E-16,
-1.));
#2044=DIRECTION('',(1.,-1.11022302462516E-16,-7.03638102877039E-16));
#2045=DIRECTION('center_axis',(1.11022302462516E-16,1.,-3.33066907387547E-16));
#2046=DIRECTION('ref_axis',(-1.,1.11022302462516E-16,-8.32667268468868E-17));
#2047=DIRECTION('',(0.707106781186551,1.57009245868376E-16,0.707106781186544));
#2048=DIRECTION('center_axis',(1.11022302462516E-16,1.,-3.33066907387547E-16));
#2049=DIRECTION('ref_axis',(-1.,1.11022302462516E-16,-8.32667268468867E-17));
#2050=DIRECTION('',(-0.999390827019098,9.93308032395126E-17,-0.0348994967024454));
#2051=DIRECTION('center_axis',(-1.11022302462516E-16,-1.,3.33066907387547E-16));
#2052=DIRECTION('ref_axis',(-1.,1.11022302462516E-16,-8.32667268468867E-17));
#2053=DIRECTION('',(-0.0348994967024436,3.36738634505422E-16,0.999390827019098));
#2054=DIRECTION('',(0.999390827019098,-9.93308032395131E-17,0.0348994967024437));
#2055=DIRECTION('center_axis',(-1.11022302462516E-16,-1.,3.33066907387547E-16));
#2056=DIRECTION('ref_axis',(-1.,1.11022302462516E-16,-8.32667268468868E-17));
#2057=DIRECTION('',(-0.0348994967024517,-3.28989389548044E-16,-0.999390827019097));
#2058=DIRECTION('',(-0.999390827019097,1.22578538111647E-16,0.0348994967024556));
#2059=DIRECTION('center_axis',(-1.11022302462516E-16,-1.,3.33066907387547E-16));
#2060=DIRECTION('ref_axis',(-1.,1.11022302462516E-16,-8.32667268468867E-17));
#2061=DIRECTION('',(0.0348994967024518,3.28989389548044E-16,0.999390827019097));
#2062=DIRECTION('center_axis',(1.11022302462516E-16,1.,-3.33066907387547E-16));
#2063=DIRECTION('ref_axis',(-1.,1.11022302462516E-16,-8.32667268468867E-17));
#2064=DIRECTION('',(-0.707106781186549,-1.57009245868377E-16,-0.707106781186545));
#2065=DIRECTION('center_axis',(1.11022302462516E-16,1.,-3.33066907387547E-16));
#2066=DIRECTION('ref_axis',(-1.,1.11022302462516E-16,-8.32667268468867E-17));
#2067=DIRECTION('',(-6.99887674066844E-15,-3.33066907387546E-16,-1.));
#2068=DIRECTION('center_axis',(1.11022302462516E-16,1.,-3.33066907387547E-16));
#2069=DIRECTION('ref_axis',(-1.,-7.26747174095874E-17,-8.32667268468867E-17));
#2070=DIRECTION('',(0.707106781186552,-3.14018491736754E-16,-0.707106781186543));
#2071=DIRECTION('center_axis',(1.11022302462516E-16,1.,-3.33066907387547E-16));
#2072=DIRECTION('ref_axis',(-1.,-7.26747174095874E-17,-8.32667268468867E-17));
#2073=DIRECTION('',(-0.0348994967024558,3.36738634505423E-16,0.999390827019097));
#2074=DIRECTION('center_axis',(-1.11022302462516E-16,-1.,3.33066907387547E-16));
#2075=DIRECTION('ref_axis',(-1.,-7.26747174095874E-17,-8.32667268468867E-17));
#2076=DIRECTION('',(0.999390827019097,-9.93308032395096E-17,0.034899496702454));
#2077=DIRECTION('',(0.0348994967024542,-3.36738634505423E-16,-0.999390827019097));
#2078=DIRECTION('center_axis',(-1.11022302462516E-16,-1.,3.33066907387547E-16));
#2079=DIRECTION('ref_axis',(-1.,-7.26747174095874E-17,-8.32667268468867E-17));
#2080=DIRECTION('',(-0.999390827019098,1.22578538111642E-16,0.0348994967024412));
#2081=DIRECTION('',(0.0348994967024451,3.28989389548045E-16,0.999390827019098));
#2082=DIRECTION('center_axis',(-1.11022302462516E-16,-1.,3.33066907387547E-16));
#2083=DIRECTION('ref_axis',(-1.,-7.26747174095874E-17,-8.32667268468867E-17));
#2084=DIRECTION('',(0.999390827019098,-1.22578538111642E-16,-0.0348994967024413));
#2085=DIRECTION('center_axis',(1.11022302462516E-16,1.,-3.33066907387547E-16));
#2086=DIRECTION('ref_axis',(-1.,-7.26747174095874E-17,-8.32667268468867E-17));
#2087=DIRECTION('',(-0.707106781186553,3.14018491736754E-16,0.707106781186542));
#2088=DIRECTION('center_axis',(1.11022302462516E-16,1.,-3.33066907387547E-16));
#2089=DIRECTION('ref_axis',(-1.,-7.26747174095874E-17,-8.32667268468867E-17));
#2090=DIRECTION('',(-1.,1.11022302462516E-16,7.03638102877039E-16));
#2091=DIRECTION('center_axis',(1.11022302462516E-16,1.,-3.33066907387547E-16));
#2092=DIRECTION('ref_axis',(8.32667268468868E-17,3.43271323566592E-17,-1.));
#2093=DIRECTION('',(-0.707106781186551,-1.57009245868376E-16,-0.707106781186544));
#2094=DIRECTION('center_axis',(1.11022302462516E-16,1.,-3.33066907387547E-16));
#2095=DIRECTION('ref_axis',(8.32667268468868E-17,3.43271323566592E-17,-1.));
#2096=DIRECTION('',(0.999390827019098,-9.93308032395126E-17,0.0348994967024454));
#2097=DIRECTION('center_axis',(-1.11022302462516E-16,-1.,3.33066907387547E-16));
#2098=DIRECTION('ref_axis',(8.32667268468867E-17,3.43271323566592E-17,-1.));
#2099=DIRECTION('',(0.0348994967024436,-3.36738634505422E-16,-0.999390827019098));
#2100=DIRECTION('',(-0.999390827019098,9.93308032395131E-17,-0.0348994967024437));
#2101=DIRECTION('center_axis',(-1.11022302462516E-16,-1.,3.33066907387547E-16));
#2102=DIRECTION('ref_axis',(8.32667268468868E-17,3.43271323566592E-17,-1.));
#2103=DIRECTION('',(0.0348994967024517,3.28989389548044E-16,0.999390827019097));
#2104=DIRECTION('center_axis',(-1.11022302462516E-16,-1.,3.33066907387547E-16));
#2105=DIRECTION('ref_axis',(8.32667268468867E-17,3.43271323566592E-17,-1.));
#2106=DIRECTION('',(0.999390827019097,-1.22578538111647E-16,-0.0348994967024556));
#2107=DIRECTION('center_axis',(-1.11022302462516E-16,-1.,3.33066907387547E-16));
#2108=DIRECTION('ref_axis',(8.32667268468868E-17,3.43271323566593E-17,-1.));
#2109=DIRECTION('',(-0.0348994967024518,-3.28989389548044E-16,-0.999390827019097));
#2110=DIRECTION('center_axis',(1.11022302462516E-16,1.,-3.33066907387547E-16));
#2111=DIRECTION('ref_axis',(8.32667268468868E-17,3.43271323566592E-17,-1.));
#2112=DIRECTION('',(0.707106781186549,1.57009245868377E-16,0.707106781186545));
#2113=DIRECTION('center_axis',(1.11022302462516E-16,1.,-3.33066907387547E-16));
#2114=DIRECTION('ref_axis',(8.32667268468867E-17,3.43271323566592E-17,-1.));
#2115=DIRECTION('',(-2.7878432359661E-15,3.33066907387547E-16,1.));
#2116=DIRECTION('center_axis',(1.11022302462516E-16,1.,-3.33066907387547E-16));
#2117=DIRECTION('ref_axis',(8.32667268468868E-17,-1.49369887515443E-16,
-1.));
#2118=DIRECTION('',(-0.707106781186547,3.14018491736755E-16,0.707106781186548));
#2119=DIRECTION('center_axis',(1.11022302462516E-16,1.,-3.33066907387547E-16));
#2120=DIRECTION('ref_axis',(8.32667268468868E-17,-1.49369887515443E-16,
-1.));
#2121=DIRECTION('',(0.0348994967024489,-3.36738634505423E-16,-0.999390827019098));
#2122=DIRECTION('center_axis',(-1.11022302462516E-16,-1.,3.33066907387547E-16));
#2123=DIRECTION('ref_axis',(8.32667268468868E-17,-1.49369887515443E-16,
-1.));
#2124=DIRECTION('',(-0.999390827019098,9.9330803239512E-17,-0.0348994967024471));
#2125=DIRECTION('',(-0.0348994967024472,3.36738634505422E-16,0.999390827019098));
#2126=DIRECTION('center_axis',(-1.11022302462516E-16,-1.,3.33066907387547E-16));
#2127=DIRECTION('ref_axis',(8.32667268468868E-17,-1.49369887515443E-16,
-1.));
#2128=DIRECTION('',(0.999390827019098,-1.22578538111644E-16,-0.0348994967024482));
#2129=DIRECTION('',(-0.0348994967024521,-3.28989389548044E-16,-0.999390827019097));
#2130=DIRECTION('center_axis',(-1.11022302462516E-16,-1.,3.33066907387547E-16));
#2131=DIRECTION('ref_axis',(8.32667268468868E-17,-1.49369887515443E-16,
-1.));
#2132=DIRECTION('',(-0.999390827019098,1.22578538111644E-16,0.0348994967024483));
#2133=DIRECTION('center_axis',(1.11022302462516E-16,1.,-3.33066907387547E-16));
#2134=DIRECTION('ref_axis',(8.32667268468868E-17,-1.49369887515443E-16,
-1.));
#2135=DIRECTION('',(0.707106781186548,-3.14018491736755E-16,-0.707106781186547));
#2136=DIRECTION('center_axis',(1.11022302462516E-16,1.,-3.33066907387547E-16));
#2137=DIRECTION('ref_axis',(-1.,1.11022302462516E-16,-8.32667268468867E-17));
#2138=DIRECTION('center_axis',(0.0348994967024413,1.51815206476398E-16,
0.999390827019098));
#2139=DIRECTION('ref_axis',(0.999390827019098,-1.22578538111642E-16,-0.0348994967024413));
#2140=DIRECTION('',(7.26747174095875E-17,-1.,1.49369887515446E-16));
#2141=DIRECTION('',(-0.999390827019098,-6.74175120385574E-17,0.0348994967024413));
#2142=DIRECTION('',(7.26747174095875E-17,-1.,1.49369887515446E-16));
#2143=DIRECTION('center_axis',(7.26747174095874E-17,-1.,1.49369887515446E-16));
#2144=DIRECTION('ref_axis',(-1.,-7.26747174095874E-17,-8.32667268468867E-17));
#2145=DIRECTION('',(7.26747174095875E-17,-1.,1.49369887515446E-16));
#2146=DIRECTION('center_axis',(-7.26747174095874E-17,1.,-1.49369887515446E-16));
#2147=DIRECTION('ref_axis',(-1.02024870033783E-14,1.49369887515445E-16,
1.));
#2148=DIRECTION('center_axis',(-0.999390827019098,-6.74175120385568E-17,
0.0348994967024451));
#2149=DIRECTION('ref_axis',(0.0348994967024451,3.28989389548045E-16,0.999390827019098));
#2150=DIRECTION('',(-0.0348994967024451,-1.51815206476398E-16,-0.999390827019098));
#2151=DIRECTION('center_axis',(-0.0348994967024412,-1.51815206476398E-16,
-0.999390827019098));
#2152=DIRECTION('ref_axis',(-0.999390827019098,1.22578538111642E-16,0.0348994967024412));
#2153=DIRECTION('',(7.26747174095875E-17,-1.,1.49369887515446E-16));
#2154=DIRECTION('',(0.999390827019098,6.74175120385574E-17,-0.0348994967024412));
#2155=DIRECTION('center_axis',(7.26747174095874E-17,-1.,1.49369887515446E-16));
#2156=DIRECTION('ref_axis',(-1.,-7.26747174095874E-17,-8.32667268468867E-17));
#2157=DIRECTION('',(7.26747174095875E-17,-1.,1.49369887515446E-16));
#2158=DIRECTION('center_axis',(-7.26747174095874E-17,1.,-1.49369887515446E-16));
#2159=DIRECTION('ref_axis',(1.04916075827077E-14,-1.49369887515445E-16,
-1.));
#2160=DIRECTION('center_axis',(0.999390827019097,7.78433798321379E-17,0.0348994967024542));
#2161=DIRECTION('ref_axis',(0.0348994967024542,-3.36738634505423E-16,-0.999390827019097));
#2162=DIRECTION('',(-0.0348994967024542,1.46742584355223E-16,0.999390827019097));
#2163=DIRECTION('center_axis',(-0.034899496702454,1.46742584355223E-16,
0.999390827019097));
#2164=DIRECTION('ref_axis',(0.999390827019097,-9.93308032395097E-17,0.034899496702454));
#2165=DIRECTION('',(7.26747174095875E-17,-1.,1.49369887515446E-16));
#2166=DIRECTION('',(-0.999390827019097,-7.7843379832138E-17,-0.034899496702454));
#2167=DIRECTION('center_axis',(7.26747174095874E-17,-1.,1.49369887515446E-16));
#2168=DIRECTION('ref_axis',(0.731353701619139,-4.87190947366323E-17,-0.681998360062533));
#2169=DIRECTION('',(7.26747174095875E-17,-1.,1.49369887515446E-16));
#2170=DIRECTION('center_axis',(-7.26747174095874E-17,1.,-1.49369887515446E-16));
#2171=DIRECTION('ref_axis',(1.16480899000256E-14,-1.49369887515445E-16,
-1.));
#2172=DIRECTION('center_axis',(-0.999390827019097,-7.78433798321382E-17,
-0.0348994967024558));
#2173=DIRECTION('ref_axis',(-0.0348994967024558,3.36738634505423E-16,0.999390827019097));
#2174=DIRECTION('',(7.26747174095875E-17,-1.,1.49369887515446E-16));
#2175=DIRECTION('',(0.0348994967024558,-1.46742584355223E-16,-0.999390827019097));
#2176=DIRECTION('center_axis',(7.26747174095874E-17,-1.,1.49369887515446E-16));
#2177=DIRECTION('ref_axis',(-1.,-7.26747174095874E-17,-8.32667268468867E-17));
#2178=DIRECTION('',(7.26747174095875E-17,-1.,1.49369887515446E-16));
#2179=DIRECTION('center_axis',(7.26747174095874E-17,-1.,1.49369887515446E-16));
#2180=DIRECTION('ref_axis',(1.02200546419209E-14,-1.49369887515445E-16,
-1.));
#2181=DIRECTION('center_axis',(0.707106781186543,1.57009245868379E-16,0.707106781186552));
#2182=DIRECTION('ref_axis',(0.707106781186552,-3.14018491736754E-16,-0.707106781186543));
#2183=DIRECTION('',(7.26747174095875E-17,-1.,1.49369887515446E-16));
#2184=DIRECTION('',(-0.707106781186552,5.42316748661074E-17,0.707106781186543));
#2185=DIRECTION('center_axis',(7.26747174095874E-17,-1.,1.49369887515446E-16));
#2186=DIRECTION('ref_axis',(-1.,-7.26747174095874E-17,-8.32667268468867E-17));
#2187=DIRECTION('',(7.26747174095875E-17,-1.,1.49369887515446E-16));
#2188=DIRECTION('center_axis',(7.26747174095874E-17,-1.,1.49369887515446E-16));
#2189=DIRECTION('ref_axis',(1.04916075827077E-14,-1.49369887515445E-16,
-1.));
#2190=DIRECTION('center_axis',(1.,-1.11022302462518E-16,-6.99887674066844E-15));
#2191=DIRECTION('ref_axis',(-6.99887674066844E-15,-3.33066907387546E-16,
-1.));
#2192=DIRECTION('',(-1.11022302462516E-16,-1.,3.33066907387547E-16));
#2193=DIRECTION('',(6.99887674066843E-15,3.33066907387546E-16,1.));
#2194=DIRECTION('center_axis',(-1.11022302462516E-16,-1.,3.33066907387547E-16));
#2195=DIRECTION('ref_axis',(-1.,1.11022302462516E-16,-8.32667268468867E-17));
#2196=DIRECTION('',(-1.11022302462516E-16,-1.,3.33066907387547E-16));
#2197=DIRECTION('center_axis',(-1.11022302462516E-16,-1.,3.33066907387547E-16));
#2198=DIRECTION('ref_axis',(-1.,1.11022302462516E-16,-8.32667268468867E-17));
#2199=DIRECTION('center_axis',(0.707106781186546,-3.14018491736755E-16,
-0.70710678118655));
#2200=DIRECTION('ref_axis',(-0.70710678118655,-1.57009245868377E-16,-0.707106781186545));
#2201=DIRECTION('',(-1.11022302462516E-16,-1.,3.33066907387547E-16));
#2202=DIRECTION('',(0.70710678118655,1.57009245868377E-16,0.707106781186545));
#2203=DIRECTION('center_axis',(-1.11022302462516E-16,-1.,3.33066907387547E-16));
#2204=DIRECTION('ref_axis',(-1.,1.11022302462516E-16,-8.32667268468867E-17));
#2205=DIRECTION('',(-1.11022302462516E-16,-1.,3.33066907387547E-16));
#2206=DIRECTION('center_axis',(-1.11022302462516E-16,-1.,3.33066907387547E-16));
#2207=DIRECTION('ref_axis',(-1.,1.11022302462516E-16,-8.32667268468867E-17));
#2208=DIRECTION('center_axis',(-0.999390827019097,1.22578538111645E-16,
0.0348994967024518));
#2209=DIRECTION('ref_axis',(0.0348994967024518,3.28989389548044E-16,0.999390827019098));
#2210=DIRECTION('',(-1.11022302462516E-16,-1.,3.33066907387547E-16));
#2211=DIRECTION('',(-0.0348994967024518,-3.28989389548044E-16,-0.999390827019097));
#2212=DIRECTION('center_axis',(-1.11022302462516E-16,-1.,3.33066907387547E-16));
#2213=DIRECTION('ref_axis',(0.731353701619144,1.45954512761164E-16,0.681998360062527));
#2214=DIRECTION('',(-1.11022302462516E-16,-1.,3.33066907387547E-16));
#2215=DIRECTION('center_axis',(1.11022302462516E-16,1.,-3.33066907387547E-16));
#2216=DIRECTION('ref_axis',(-1.,1.11022302462516E-16,-8.32667268468867E-17));
#2217=DIRECTION('center_axis',(-0.0348994967024556,-3.28989389548044E-16,
-0.999390827019097));
#2218=DIRECTION('ref_axis',(-0.999390827019097,1.22578538111647E-16,0.0348994967024556));
#2219=DIRECTION('',(0.999390827019097,-1.22578538111647E-16,-0.0348994967024556));
#2220=DIRECTION('center_axis',(0.999390827019098,-1.22578538111645E-16,
-0.0348994967024517));
#2221=DIRECTION('ref_axis',(-0.0348994967024517,-3.28989389548044E-16,-0.999390827019097));
#2222=DIRECTION('',(-1.11022302462516E-16,-1.,3.33066907387547E-16));
#2223=DIRECTION('',(0.0348994967024517,3.28989389548044E-16,0.999390827019097));
#2224=DIRECTION('center_axis',(-1.11022302462516E-16,-1.,3.33066907387547E-16));
#2225=DIRECTION('ref_axis',(-1.,1.11022302462516E-16,-8.32667268468868E-17));
#2226=DIRECTION('',(-1.11022302462516E-16,-1.,3.33066907387547E-16));
#2227=DIRECTION('center_axis',(1.11022302462516E-16,1.,-3.33066907387547E-16));
#2228=DIRECTION('ref_axis',(1.,-1.11022302462516E-16,8.32667268468868E-17));
#2229=DIRECTION('center_axis',(-0.0348994967024437,3.36738634505422E-16,
0.999390827019098));
#2230=DIRECTION('ref_axis',(0.999390827019098,-9.93308032395132E-17,0.0348994967024437));
#2231=DIRECTION('',(-0.999390827019098,9.93308032395132E-17,-0.0348994967024437));
#2232=DIRECTION('center_axis',(-0.999390827019098,9.93308032395132E-17,
-0.0348994967024436));
#2233=DIRECTION('ref_axis',(-0.0348994967024436,3.36738634505422E-16,0.999390827019098));
#2234=DIRECTION('',(-1.11022302462516E-16,-1.,3.33066907387547E-16));
#2235=DIRECTION('',(0.0348994967024436,-3.36738634505422E-16,-0.999390827019098));
#2236=DIRECTION('center_axis',(-1.11022302462516E-16,-1.,3.33066907387547E-16));
#2237=DIRECTION('ref_axis',(-1.,1.11022302462516E-16,-8.32667268468867E-17));
#2238=DIRECTION('',(-1.11022302462516E-16,-1.,3.33066907387547E-16));
#2239=DIRECTION('center_axis',(1.11022302462516E-16,1.,-3.33066907387547E-16));
#2240=DIRECTION('ref_axis',(1.,-1.11022302462516E-16,8.32667268468867E-17));
#2241=DIRECTION('center_axis',(0.0348994967024454,-3.36738634505422E-16,
-0.999390827019098));
#2242=DIRECTION('ref_axis',(-0.999390827019098,9.93308032395126E-17,-0.0348994967024454));
#2243=DIRECTION('',(-1.11022302462516E-16,-1.,3.33066907387547E-16));
#2244=DIRECTION('',(0.999390827019098,-9.93308032395126E-17,0.0348994967024454));
#2245=DIRECTION('center_axis',(-1.11022302462516E-16,-1.,3.33066907387547E-16));
#2246=DIRECTION('ref_axis',(-1.,1.11022302462516E-16,-8.32667268468867E-17));
#2247=DIRECTION('',(-1.11022302462516E-16,-1.,3.33066907387547E-16));
#2248=DIRECTION('center_axis',(-1.11022302462516E-16,-1.,3.33066907387547E-16));
#2249=DIRECTION('ref_axis',(1.,-1.11022302462516E-16,8.32667268468867E-17));
#2250=DIRECTION('center_axis',(-0.707106781186544,3.14018491736756E-16,
0.707106781186551));
#2251=DIRECTION('ref_axis',(0.707106781186551,1.57009245868376E-16,0.707106781186544));
#2252=DIRECTION('',(-1.11022302462516E-16,-1.,3.33066907387547E-16));
#2253=DIRECTION('',(-0.707106781186551,-1.57009245868376E-16,-0.707106781186544));
#2254=DIRECTION('center_axis',(-1.11022302462516E-16,-1.,3.33066907387547E-16));
#2255=DIRECTION('ref_axis',(-1.,1.11022302462516E-16,-8.32667268468868E-17));
#2256=DIRECTION('',(-1.11022302462516E-16,-1.,3.33066907387547E-16));
#2257=DIRECTION('center_axis',(-1.11022302462516E-16,-1.,3.33066907387547E-16));
#2258=DIRECTION('ref_axis',(1.,-1.11022302462516E-16,8.32667268468868E-17));
#2259=DIRECTION('center_axis',(7.03638102877039E-16,3.33066907387547E-16,
1.));
#2260=DIRECTION('ref_axis',(1.,-1.11022302462516E-16,-7.03638102877039E-16));
#2261=DIRECTION('',(-2.94719322334619E-16,-1.,1.49369887515443E-16));
#2262=DIRECTION('',(-1.,1.11022302462516E-16,7.03638102877038E-16));
#2263=DIRECTION('center_axis',(-2.94719322334619E-16,-1.,1.49369887515443E-16));
#2264=DIRECTION('ref_axis',(8.32667268468868E-17,-1.49369887515443E-16,
-1.));
#2265=DIRECTION('',(-2.94719322334619E-16,-1.,1.49369887515443E-16));
#2266=DIRECTION('center_axis',(-2.94719322334619E-16,-1.,1.49369887515443E-16));
#2267=DIRECTION('ref_axis',(3.5527136788005E-15,-1.49369887515444E-16,-1.));
#2268=DIRECTION('center_axis',(0.707106781186547,-1.02777571002271E-16,
0.707106781186548));
#2269=DIRECTION('ref_axis',(0.707106781186548,-3.14018491736755E-16,-0.707106781186547));
#2270=DIRECTION('',(-2.94719322334619E-16,-1.,1.49369887515443E-16));
#2271=DIRECTION('',(-0.707106781186548,3.14018491736754E-16,0.707106781186547));
#2272=DIRECTION('center_axis',(-2.94719322334619E-16,-1.,1.49369887515443E-16));
#2273=DIRECTION('ref_axis',(8.32667268468868E-17,-1.49369887515443E-16,
-1.));
#2274=DIRECTION('',(-2.94719322334619E-16,-1.,1.49369887515443E-16));
#2275=DIRECTION('center_axis',(-2.94719322334619E-16,-1.,1.49369887515443E-16));
#2276=DIRECTION('ref_axis',(3.46219603187157E-15,-1.49369887515444E-16,
-1.));
#2277=DIRECTION('center_axis',(7.26747174095874E-17,-1.,1.49369887515446E-16));
#2278=DIRECTION('ref_axis',(-1.,-7.26747174095874E-17,-8.32667268468867E-17));
#2279=DIRECTION('center_axis',(7.26747174095874E-17,-1.,1.49369887515446E-16));
#2280=DIRECTION('ref_axis',(-1.02200546419209E-14,1.49369887515445E-16,
1.));
#2281=DIRECTION('',(7.26747174095875E-17,-1.,1.49369887515446E-16));
#2282=DIRECTION('center_axis',(-1.11022302462516E-16,-1.,-3.43271323566593E-17));
#2283=DIRECTION('ref_axis',(8.32667268468867E-17,3.43271323566592E-17,-1.));
#2284=DIRECTION('',(-1.11022302462516E-16,-1.,-3.43271323566593E-17));
#2285=DIRECTION('center_axis',(1.11022302462516E-16,1.,3.43271323566592E-17));
#2286=DIRECTION('ref_axis',(1.,-1.11022302462516E-16,8.32667268468867E-17));
#2287=DIRECTION('',(-1.11022302462516E-16,-1.,-3.43271323566593E-17));
#2288=DIRECTION('center_axis',(-1.11022302462516E-16,-1.,-3.43271323566593E-17));
#2289=DIRECTION('ref_axis',(8.32667268468867E-17,3.43271323566592E-17,-1.));
#2290=DIRECTION('',(-1.11022302462516E-16,-1.,-3.43271323566593E-17));
#2291=DIRECTION('center_axis',(1.11022302462516E-16,1.,3.43271323566592E-17));
#2292=DIRECTION('ref_axis',(-1.,1.11022302462516E-16,-8.32667268468867E-17));
#2293=DIRECTION('',(-1.11022302462516E-16,-1.,-3.43271323566593E-17));
#2294=DIRECTION('center_axis',(-2.94719322334619E-16,-1.,1.49369887515443E-16));
#2295=DIRECTION('ref_axis',(8.32667268468868E-17,-1.49369887515443E-16,
-1.));
#2296=DIRECTION('',(-2.94719322334619E-16,-1.,1.49369887515443E-16));
#2297=DIRECTION('center_axis',(-2.94719322334619E-16,-1.,1.49369887515443E-16));
#2298=DIRECTION('ref_axis',(-3.46219603187156E-15,1.49369887515444E-16,
1.));
#2299=DIRECTION('',(-2.94719322334619E-16,-1.,1.49369887515443E-16));
#2300=DIRECTION('center_axis',(-2.94719322334619E-16,-1.,1.49369887515443E-16));
#2301=DIRECTION('ref_axis',(8.32667268468868E-17,-1.49369887515443E-16,
-1.));
#2302=DIRECTION('',(-2.94719322334619E-16,-1.,1.49369887515443E-16));
#2303=DIRECTION('center_axis',(2.94719322334619E-16,1.,-1.49369887515443E-16));
#2304=DIRECTION('ref_axis',(-3.5527136788005E-15,1.49369887515444E-16,1.));
#2305=DIRECTION('',(-2.94719322334619E-16,-1.,1.49369887515443E-16));
#2306=DIRECTION('center_axis',(-1.11022302462516E-16,-1.,3.33066907387547E-16));
#2307=DIRECTION('ref_axis',(-1.,1.11022302462516E-16,-8.32667268468867E-17));
#2308=DIRECTION('',(-1.11022302462516E-16,-1.,3.33066907387547E-16));
#2309=DIRECTION('center_axis',(-1.11022302462516E-16,-1.,3.33066907387547E-16));
#2310=DIRECTION('ref_axis',(1.,-1.11022302462516E-16,8.32667268468867E-17));
#2311=DIRECTION('center_axis',(1.11022302462516E-16,1.,-3.33066907387547E-16));
#2312=DIRECTION('ref_axis',(1.,-1.11022302462516E-16,8.32667268468868E-17));
#2313=DIRECTION('',(0.999390827019098,-2.99752721183293E-16,-0.0348994967024483));
#2314=DIRECTION('center_axis',(2.94719322334619E-16,1.,-1.49369887515443E-16));
#2315=DIRECTION('ref_axis',(2.97447252014157E-15,-1.49369887515444E-16,
-1.));
#2316=DIRECTION('',(0.0348994967024521,1.38993339397842E-16,0.999390827019097));
#2317=DIRECTION('',(-0.999390827019098,2.99752721183293E-16,0.0348994967024482));
#2318=DIRECTION('',(0.0348994967024472,-1.59564451433773E-16,-0.999390827019098));
#2319=DIRECTION('',(0.999390827019098,-2.89326853389713E-16,0.034899496702447));
#2320=DIRECTION('center_axis',(2.94719322334619E-16,1.,-1.49369887515443E-16));
#2321=DIRECTION('ref_axis',(-5.86567831343624E-15,1.49369887515445E-16,
1.));
#2322=DIRECTION('',(-0.0348994967024489,1.59564451433773E-16,0.999390827019098));
#2323=DIRECTION('',(0.707106781186547,-3.14018491736754E-16,-0.707106781186548));
#2324=DIRECTION('center_axis',(-2.94719322334619E-16,-1.,1.49369887515443E-16));
#2325=DIRECTION('ref_axis',(-3.5527136788005E-15,1.49369887515444E-16,1.));
#2326=DIRECTION('',(2.7878432359661E-15,-1.49369887515444E-16,-1.));
#2327=DIRECTION('center_axis',(-1.11022302462516E-16,-1.,-3.43271323566592E-17));
#2328=DIRECTION('ref_axis',(1.,-1.11022302462516E-16,8.32667268468867E-17));
#2329=DIRECTION('',(-0.70710678118655,1.02777571002271E-16,-0.707106781186545));
#2330=DIRECTION('center_axis',(-1.11022302462516E-16,-1.,-3.43271323566592E-17));
#2331=DIRECTION('ref_axis',(1.,-1.11022302462516E-16,8.32667268468867E-17));
#2332=DIRECTION('',(0.0348994967024518,-3.81808436738048E-17,0.999390827019097));
#2333=DIRECTION('center_axis',(1.11022302462516E-16,1.,3.43271323566592E-17));
#2334=DIRECTION('ref_axis',(1.,-1.11022302462516E-16,8.32667268468867E-17));
#2335=DIRECTION('',(-0.999390827019097,1.09756671033092E-16,0.0348994967024556));
#2336=DIRECTION('',(-0.0348994967024517,3.81808436738048E-17,-0.999390827019097));
#2337=DIRECTION('center_axis',(1.11022302462516E-16,1.,3.43271323566592E-17));
#2338=DIRECTION('ref_axis',(-1.,1.11022302462516E-16,-8.32667268468868E-17));
#2339=DIRECTION('',(0.999390827019098,-1.12152670318063E-16,0.0348994967024437));
#2340=DIRECTION('',(-0.0348994967024436,-3.04315987164274E-17,0.999390827019098));
#2341=DIRECTION('',(-0.999390827019098,1.12152670318064E-16,-0.0348994967024454));
#2342=DIRECTION('center_axis',(-1.11022302462516E-16,-1.,-3.43271323566592E-17));
#2343=DIRECTION('ref_axis',(-1.,1.11022302462516E-16,-8.32667268468867E-17));
#2344=DIRECTION('',(0.707106781186551,-1.02777571002271E-16,0.707106781186544));
#2345=DIRECTION('center_axis',(-1.11022302462516E-16,-1.,-3.43271323566592E-17));
#2346=DIRECTION('ref_axis',(-1.,1.11022302462516E-16,-8.32667268468868E-17));
#2347=DIRECTION('',(1.,-1.11022302462516E-16,-7.03638102877038E-16));
#2348=DIRECTION('center_axis',(7.26747174095874E-17,-1.,1.49369887515446E-16));
#2349=DIRECTION('ref_axis',(-1.05638877275401E-14,1.49369887515445E-16,
1.));
#2350=DIRECTION('',(0.707106781186553,-5.42316748661071E-17,-0.707106781186542));
#2351=DIRECTION('center_axis',(-2.94719322334619E-16,-1.,1.49369887515443E-16));
#2352=DIRECTION('ref_axis',(8.32667268468868E-17,-1.49369887515443E-16,
-1.));
#2353=DIRECTION('',(-2.94719322334619E-16,-1.,1.49369887515443E-16));
#2354=DIRECTION('',(-2.94719322334619E-16,-1.,1.49369887515443E-16));
#2355=DIRECTION('center_axis',(0.0348994967024471,-1.59564451433773E-16,
-0.999390827019098));
#2356=DIRECTION('ref_axis',(-0.999390827019098,9.9330803239512E-17,-0.0348994967024471));
#2357=DIRECTION('center_axis',(-0.999390827019098,2.89326853389712E-16,
-0.0348994967024472));
#2358=DIRECTION('ref_axis',(-0.0348994967024472,3.36738634505422E-16,0.999390827019098));
#2359=DIRECTION('center_axis',(0.0348994967024482,1.38993339397844E-16,
0.999390827019098));
#2360=DIRECTION('ref_axis',(0.999390827019098,-1.22578538111644E-16,-0.0348994967024482));
#2361=DIRECTION('center_axis',(0.999390827019098,-2.99752721183293E-16,
-0.0348994967024521));
#2362=DIRECTION('ref_axis',(-0.0348994967024521,-3.28989389548044E-16,-0.999390827019097));
#2363=DIRECTION('',(-2.94719322334619E-16,-1.,1.49369887515443E-16));
#2364=DIRECTION('center_axis',(-2.94719322334619E-16,-1.,1.49369887515443E-16));
#2365=DIRECTION('ref_axis',(-0.681998360062488,3.10240314655798E-16,0.731353701619181));
#2366=DIRECTION('',(-2.94719322334619E-16,-1.,1.49369887515443E-16));
#2367=DIRECTION('center_axis',(-0.0348994967024483,-1.38993339397844E-16,
-0.999390827019098));
#2368=DIRECTION('ref_axis',(-0.999390827019098,1.22578538111644E-16,0.0348994967024483));
#2369=DIRECTION('center_axis',(-1.,2.94719322334618E-16,-2.7878432359661E-15));
#2370=DIRECTION('ref_axis',(-2.7878432359661E-15,3.33066907387547E-16,1.));
#2371=DIRECTION('',(-1.11022302462516E-16,-1.,-3.43271323566593E-17));
#2372=DIRECTION('',(-2.94719322334619E-16,-1.,1.49369887515443E-16));
#2373=DIRECTION('center_axis',(-2.94719322334619E-16,-1.,1.49369887515443E-16));
#2374=DIRECTION('ref_axis',(8.32667268468868E-17,-1.49369887515443E-16,
-1.));
#2375=DIRECTION('',(-2.94719322334619E-16,-1.,1.49369887515443E-16));
#2376=DIRECTION('center_axis',(-0.707106781186548,1.02777571002271E-16,
-0.707106781186547));
#2377=DIRECTION('ref_axis',(-0.707106781186547,3.14018491736755E-16,0.707106781186548));
#2378=DIRECTION('center_axis',(0.999390827019098,-2.89326853389712E-16,
0.0348994967024489));
#2379=DIRECTION('ref_axis',(0.0348994967024489,-3.36738634505422E-16,-0.999390827019098));
#2380=DIRECTION('center_axis',(0.999390827019098,-1.12152670318064E-16,
0.0348994967024436));
#2381=DIRECTION('ref_axis',(0.0348994967024436,-3.36738634505422E-16,-0.999390827019098));
#2382=DIRECTION('center_axis',(0.0348994967024437,3.04315987164274E-17,
-0.999390827019098));
#2383=DIRECTION('ref_axis',(-0.999390827019098,9.93308032395132E-17,-0.0348994967024437));
#2384=DIRECTION('',(-1.11022302462516E-16,-1.,-3.43271323566593E-17));
#2385=DIRECTION('center_axis',(-1.11022302462516E-16,-1.,-3.43271323566593E-17));
#2386=DIRECTION('ref_axis',(0.70710678118655,-1.02777571002271E-16,0.707106781186545));
#2387=DIRECTION('',(-1.11022302462516E-16,-1.,-3.43271323566593E-17));
#2388=DIRECTION('center_axis',(-0.999390827019098,1.09756671033092E-16,
0.0348994967024517));
#2389=DIRECTION('ref_axis',(0.0348994967024517,3.28989389548044E-16,0.999390827019097));
#2390=DIRECTION('center_axis',(0.0348994967024556,-3.81808436738052E-17,
0.999390827019097));
#2391=DIRECTION('ref_axis',(0.999390827019097,-1.22578538111647E-16,-0.0348994967024556));
#2392=DIRECTION('',(-1.11022302462516E-16,-1.,-3.43271323566593E-17));
#2393=DIRECTION('center_axis',(-1.11022302462516E-16,-1.,-3.43271323566593E-17));
#2394=DIRECTION('ref_axis',(8.32667268468868E-17,3.43271323566593E-17,-1.));
#2395=DIRECTION('',(-1.11022302462516E-16,-1.,-3.43271323566593E-17));
#2396=DIRECTION('center_axis',(0.999390827019097,-1.09756671033092E-16,
-0.0348994967024518));
#2397=DIRECTION('ref_axis',(-0.0348994967024518,-3.28989389548044E-16,-0.999390827019098));
#2398=DIRECTION('',(-1.11022302462516E-16,-1.,-3.43271323566593E-17));
#2399=DIRECTION('center_axis',(-1.11022302462516E-16,-1.,-3.43271323566593E-17));
#2400=DIRECTION('ref_axis',(0.398749068925224,-7.57500822892891E-17,0.917060074385133));
#2401=DIRECTION('',(-1.11022302462516E-16,-1.,-3.43271323566593E-17));
#2402=DIRECTION('center_axis',(-0.707106781186546,5.42316748661066E-17,
0.70710678118655));
#2403=DIRECTION('ref_axis',(0.70710678118655,1.57009245868376E-16,0.707106781186545));
#2404=DIRECTION('',(-1.11022302462516E-16,-1.,-3.43271323566593E-17));
#2405=DIRECTION('center_axis',(-1.11022302462516E-16,-1.,-3.43271323566593E-17));
#2406=DIRECTION('ref_axis',(8.32667268468867E-17,3.43271323566592E-17,-1.));
#2407=DIRECTION('center_axis',(-7.03638102877039E-16,3.43271323566593E-17,
-1.));
#2408=DIRECTION('ref_axis',(-1.,1.11022302462516E-16,7.03638102877039E-16));
#2409=DIRECTION('',(7.26747174095875E-17,-1.,1.49369887515446E-16));
#2410=DIRECTION('',(-1.11022302462516E-16,-1.,-3.43271323566593E-17));
#2411=DIRECTION('center_axis',(-1.11022302462516E-16,-1.,-3.43271323566593E-17));
#2412=DIRECTION('ref_axis',(8.32667268468868E-17,3.43271323566592E-17,-1.));
#2413=DIRECTION('',(-1.11022302462516E-16,-1.,-3.43271323566593E-17));
#2414=DIRECTION('center_axis',(0.707106781186544,-5.42316748661064E-17,
-0.707106781186551));
#2415=DIRECTION('ref_axis',(-0.707106781186551,-1.57009245868376E-16,-0.707106781186544));
#2416=DIRECTION('',(-1.11022302462516E-16,-1.,-3.43271323566593E-17));
#2417=DIRECTION('center_axis',(-1.11022302462516E-16,-1.,-3.43271323566593E-17));
#2418=DIRECTION('ref_axis',(0.917060074385137,-1.15502033020774E-16,0.398749068925217));
#2419=DIRECTION('',(-1.11022302462516E-16,-1.,-3.43271323566593E-17));
#2420=DIRECTION('center_axis',(-0.0348994967024454,-3.04315987164272E-17,
0.999390827019098));
#2421=DIRECTION('ref_axis',(0.999390827019098,-9.93308032395126E-17,0.0348994967024454));
#2422=DIRECTION('center_axis',(-0.707106781186542,-1.57009245868379E-16,
-0.707106781186553));
#2423=DIRECTION('ref_axis',(-0.707106781186553,3.14018491736754E-16,0.707106781186542));
#2424=DIRECTION('',(7.26747174095875E-17,-1.,1.49369887515446E-16));
#2425=DIRECTION('center_axis',(7.26747174095874E-17,-1.,1.49369887515446E-16));
#2426=DIRECTION('ref_axis',(-1.,-7.26747174095874E-17,-8.32667268468867E-17));
#2427=CARTESIAN_POINT('',(0.,0.,0.));
#2428=CARTESIAN_POINT('Origin',(12.2423777411989,367.5,0.0175579727848962));
#2429=CARTESIAN_POINT('',(9.00868423918569,367.5,-2.50048733838468));
#2430=CARTESIAN_POINT('Ctrl Pts',(9.03217925011982,367.541541775366,-2.50001223569669));
#2431=CARTESIAN_POINT('Ctrl Pts',(9.03351588819448,367.541541775366,-2.50000484299526));
#2432=CARTESIAN_POINT('Ctrl Pts',(9.03485900910026,367.541336837013,-2.50000084480376));
#2433=CARTESIAN_POINT('Ctrl Pts',(9.03746712253512,367.540544220224,-2.49999939803344));
#2434=CARTESIAN_POINT('Ctrl Pts',(9.03873128983141,367.539953828773,-2.50000201382002));
#2435=CARTESIAN_POINT('Ctrl Pts',(9.04230353450499,367.537759745307,-2.50001661258869));
#2436=CARTESIAN_POINT('Ctrl Pts',(9.04437696429665,367.535688364946,-2.50003608397597));
#2437=CARTESIAN_POINT('Ctrl Pts',(9.04820368505426,367.530760217926,-2.50008111164471));
#2438=CARTESIAN_POINT('Ctrl Pts',(9.05019692366827,367.526973369624,-2.50011443278808));
#2439=CARTESIAN_POINT('Ctrl Pts',(9.05426595310347,367.516586513013,-2.50019020047009));
#2440=CARTESIAN_POINT('Ctrl Pts',(9.05567807892695,367.507589424554,-2.50022742402748));
#2441=CARTESIAN_POINT('Ctrl Pts',(9.05567807892693,367.492410575447,-2.50022742402748));
#2442=CARTESIAN_POINT('Ctrl Pts',(9.05426595310347,367.483413486987,-2.50019020047009));
#2443=CARTESIAN_POINT('Ctrl Pts',(9.05019692366827,367.473026630376,-2.50011443278808));
#2444=CARTESIAN_POINT('Ctrl Pts',(9.04820368505424,367.469239782075,-2.50008111164471));
#2445=CARTESIAN_POINT('Ctrl Pts',(9.04437696429663,367.464311635055,-2.50003608397597));
#2446=CARTESIAN_POINT('Ctrl Pts',(9.04230353450498,367.462240254693,-2.50001661258869));
#2447=CARTESIAN_POINT('Ctrl Pts',(9.0387312898314,367.460046171228,-2.50000201382002));
#2448=CARTESIAN_POINT('Ctrl Pts',(9.03746712253512,367.459455779776,-2.49999939803344));
#2449=CARTESIAN_POINT('Ctrl Pts',(9.03485900910025,367.458663162988,-2.50000084480376));
#2450=CARTESIAN_POINT('Ctrl Pts',(9.03351588819448,367.458458224634,-2.50000484299526));
#2451=CARTESIAN_POINT('Ctrl Pts',(9.03084261204516,367.458458224634,-2.50001962839811));
#2452=CARTESIAN_POINT('Ctrl Pts',(9.02949952908367,367.458663162988,-2.5000304871103));
#2453=CARTESIAN_POINT('Ctrl Pts',(9.02689155920485,367.459455779776,-2.50005788954552));
#2454=CARTESIAN_POINT('Ctrl Pts',(9.02562749818181,367.460046171228,-2.50007448850185));
#2455=CARTESIAN_POINT('Ctrl Pts',(9.02205563353238,367.462240254693,-2.50012860003629));
#2456=CARTESIAN_POINT('Ctrl Pts',(9.01998254596785,367.464311635055,-2.50017100505485));
#2457=CARTESIAN_POINT('Ctrl Pts',(9.01615655738584,367.469239782075,-2.5002583584633));
#2458=CARTESIAN_POINT('Ctrl Pts',(9.01416380928926,367.473026630376,-2.50031372537223));
#2459=CARTESIAN_POINT('Ctrl Pts',(9.01009586687803,367.483413486987,-2.50043449716155));
#2460=CARTESIAN_POINT('Ctrl Pts',(9.00868423918644,367.492410575447,-2.50048733838465));
#2461=CARTESIAN_POINT('Ctrl Pts',(9.00868423918642,367.507589424554,-2.50048733838465));
#2462=CARTESIAN_POINT('Ctrl Pts',(9.01009586687802,367.516586513013,-2.50043449716155));
#2463=CARTESIAN_POINT('Ctrl Pts',(9.01416380928925,367.526973369624,-2.50031372537223));
#2464=CARTESIAN_POINT('Ctrl Pts',(9.01615655738581,367.530760217926,-2.5002583584633));
#2465=CARTESIAN_POINT('Ctrl Pts',(9.01998254596784,367.535688364946,-2.50017100505485));
#2466=CARTESIAN_POINT('Ctrl Pts',(9.02205563353239,367.537759745307,-2.50012860003629));
#2467=CARTESIAN_POINT('Ctrl Pts',(9.02562749818181,367.539953828773,-2.50007448850185));
#2468=CARTESIAN_POINT('Ctrl Pts',(9.02689155920486,367.540544220224,-2.50005788954552));
#2469=CARTESIAN_POINT('Ctrl Pts',(9.02949952908367,367.541336837013,-2.5000304871103));
#2470=CARTESIAN_POINT('Ctrl Pts',(9.03084261204516,367.541541775366,-2.50001962839811));
#2471=CARTESIAN_POINT('Ctrl Pts',(9.03217925011982,367.541541775366,-2.50001223569669));
#2472=CARTESIAN_POINT('Origin',(9.03660383654772,589.6,-3.29999999999999));
#2473=CARTESIAN_POINT('',(9.83611649816297,380.,-3.27208040263797));
#2474=CARTESIAN_POINT('',(9.00868423918573,380.,-2.50048733838464));
#2475=CARTESIAN_POINT('Origin',(9.03660383654765,380.,-3.29999999999996));
#2476=CARTESIAN_POINT('',(9.00868423918576,589.6,-2.50048733838471));
#2477=CARTESIAN_POINT('',(9.00868423918558,-20.,-2.50048733838462));
#2478=CARTESIAN_POINT('',(9.00868423918576,589.6,-2.50048733838471));
#2479=CARTESIAN_POINT('',(9.83611649816281,-20.,-3.27208040263794));
#2480=CARTESIAN_POINT('Origin',(9.03660383654753,-20.,-3.2999999999999));
#2481=CARTESIAN_POINT('',(9.83611649816299,589.6,-3.27208040263803));
#2482=CARTESIAN_POINT('Origin',(0.0178849590170493,367.5,-12.2423759326977));
#2483=CARTESIAN_POINT('',(2.50048733838476,367.5,-9.00868423918561));
#2484=CARTESIAN_POINT('Ctrl Pts',(2.50001223569677,367.44281545627,-9.04102842297539));
#2485=CARTESIAN_POINT('Ctrl Pts',(2.500022411588,367.44281545627,-9.04286827594441));
#2486=CARTESIAN_POINT('Ctrl Pts',(2.50003913587387,367.443097534023,-9.04471697794377));
#2487=CARTESIAN_POINT('Ctrl Pts',(2.50008357946486,367.444188491084,-9.04830670113174));
#2488=CARTESIAN_POINT('Ctrl Pts',(2.50011140579457,367.445001104858,-9.05004658498744));
#2489=CARTESIAN_POINT('Ctrl Pts',(2.50020369100276,367.44802106344,-9.05496291093363));
#2490=CARTESIAN_POINT('Ctrl Pts',(2.50027809215692,367.450872167718,-9.05781619892201));
#2491=CARTESIAN_POINT('Ctrl Pts',(2.50043263340728,367.457655599477,-9.06308198868438));
#2492=CARTESIAN_POINT('Ctrl Pts',(2.50053182487136,367.462868180278,-9.06582445604868));
#2493=CARTESIAN_POINT('Ctrl Pts',(2.50074900271491,367.477166522712,-9.07142297969086));
#2494=CARTESIAN_POINT('Ctrl Pts',(2.50084507793815,367.489552168513,-9.07336537275409));
#2495=CARTESIAN_POINT('Ctrl Pts',(2.50084507793815,367.510447831487,-9.07336537275409));
#2496=CARTESIAN_POINT('Ctrl Pts',(2.50074900271491,367.522833477288,-9.07142297969086));
#2497=CARTESIAN_POINT('Ctrl Pts',(2.50053182487136,367.537131819722,-9.06582445604868));
#2498=CARTESIAN_POINT('Ctrl Pts',(2.50043263340729,367.542344400523,-9.0630819886844));
#2499=CARTESIAN_POINT('Ctrl Pts',(2.50027809215692,367.549127832282,-9.05781619892201));
#2500=CARTESIAN_POINT('Ctrl Pts',(2.50020369100276,367.55197893656,-9.05496291093356));
#2501=CARTESIAN_POINT('Ctrl Pts',(2.50011140579456,367.554998895143,-9.05004658498736));
#2502=CARTESIAN_POINT('Ctrl Pts',(2.50008357946485,367.555811508916,-9.04830670113168));
#2503=CARTESIAN_POINT('Ctrl Pts',(2.50003913587387,367.556902465977,-9.04471697794376));
#2504=CARTESIAN_POINT('Ctrl Pts',(2.500022411588,367.55718454373,-9.04286827594441));
#2505=CARTESIAN_POINT('Ctrl Pts',(2.50000205980553,367.55718454373,-9.03918857000638));
#2506=CARTESIAN_POINT('Ctrl Pts',(2.49999833402657,367.556902465977,-9.03733979611465));
#2507=CARTESIAN_POINT('Ctrl Pts',(2.50000306790466,367.555811508916,-9.03374980093506));
#2508=CARTESIAN_POINT('Ctrl Pts',(2.50001164716013,367.554998895142,-9.03200971572672));
#2509=CARTESIAN_POINT('Ctrl Pts',(2.50004954578161,367.55197893656,-9.02709266975751));
#2510=CARTESIAN_POINT('Ctrl Pts',(2.5000923813185,367.549127832282,-9.02423873335437));
#2511=CARTESIAN_POINT('Ctrl Pts',(2.50018866665043,367.542344400523,-9.0189715563159));
#2512=CARTESIAN_POINT('Ctrl Pts',(2.50025751680044,367.537131819722,-9.0162281595441));
#2513=CARTESIAN_POINT('Ctrl Pts',(2.50041275442534,367.522833477288,-9.01062757613987));
#2514=CARTESIAN_POINT('Ctrl Pts',(2.50048733838454,367.510447831487,-9.00868423919183));
#2515=CARTESIAN_POINT('Ctrl Pts',(2.50048733838454,367.489552168513,-9.00868423919183));
#2516=CARTESIAN_POINT('Ctrl Pts',(2.50041275442534,367.477166522712,-9.01062757613987));
#2517=CARTESIAN_POINT('Ctrl Pts',(2.50025751680044,367.462868180278,-9.01622815954409));
#2518=CARTESIAN_POINT('Ctrl Pts',(2.50018866665043,367.457655599477,-9.01897155631591));
#2519=CARTESIAN_POINT('Ctrl Pts',(2.5000923813185,367.450872167718,-9.02423873335437));
#2520=CARTESIAN_POINT('Ctrl Pts',(2.50004954578161,367.44802106344,-9.02709266975751));
#2521=CARTESIAN_POINT('Ctrl Pts',(2.50001164716013,367.445001104858,-9.03200971572672));
#2522=CARTESIAN_POINT('Ctrl Pts',(2.50000306790466,367.444188491084,-9.03374980093506));
#2523=CARTESIAN_POINT('Ctrl Pts',(2.49999833402657,367.443097534023,-9.03733979611464));
#2524=CARTESIAN_POINT('Ctrl Pts',(2.50000205980553,367.44281545627,-9.03918857000638));
#2525=CARTESIAN_POINT('Ctrl Pts',(2.50001223569677,367.44281545627,-9.04102842297539));
#2526=CARTESIAN_POINT('Origin',(0.0178849590170493,367.5,-12.2423759326977));
#2527=CARTESIAN_POINT('',(-2.50048733838466,367.5,-9.00868423918561));
#2528=CARTESIAN_POINT('Ctrl Pts',(-2.50001223569667,367.541544492114,-9.03217925011973));
#2529=CARTESIAN_POINT('Ctrl Pts',(-2.5000048429814,367.541544492114,-9.03351589069743));
#2530=CARTESIAN_POINT('Ctrl Pts',(-2.50000084483075,367.541339539853,-9.03485900554596));
#2531=CARTESIAN_POINT('Ctrl Pts',(-2.49999939802323,367.540546881514,-9.03746709555459));
#2532=CARTESIAN_POINT('Ctrl Pts',(-2.50000201372808,367.539956462172,-9.03873124535573));
#2533=CARTESIAN_POINT('Ctrl Pts',(-2.50001661197228,367.537762292633,-9.04230343046307));
#2534=CARTESIAN_POINT('Ctrl Pts',(-2.50003608256294,367.535690851701,-9.04437681008909));
#2535=CARTESIAN_POINT('Ctrl Pts',(-2.50008110934478,367.530762483684,-9.04820353511047));
#2536=CARTESIAN_POINT('Ctrl Pts',(-2.50011443049398,367.526975410355,-9.05019678973996));
#2537=CARTESIAN_POINT('Ctrl Pts',(-2.50019019964351,367.516587791321,-9.05426593154034));
#2538=CARTESIAN_POINT('Ctrl Pts',(-2.50022742402776,367.507590003277,-9.05567807893956));
#2539=CARTESIAN_POINT('Ctrl Pts',(-2.50022742402776,367.492409996723,-9.05567807893956));
#2540=CARTESIAN_POINT('Ctrl Pts',(-2.50019019964351,367.483412208679,-9.05426593154032));
#2541=CARTESIAN_POINT('Ctrl Pts',(-2.50011443049398,367.473024589645,-9.05019678973995));
#2542=CARTESIAN_POINT('Ctrl Pts',(-2.50008110934478,367.469237516316,-9.04820353511047));
#2543=CARTESIAN_POINT('Ctrl Pts',(-2.50003608256294,367.464309148299,-9.04437681008909));
#2544=CARTESIAN_POINT('Ctrl Pts',(-2.50001661197228,367.462237707367,-9.04230343046307));
#2545=CARTESIAN_POINT('Ctrl Pts',(-2.50000201372808,367.460043537828,-9.03873124535573));
#2546=CARTESIAN_POINT('Ctrl Pts',(-2.49999939802323,367.459453118486,-9.03746709555459));
#2547=CARTESIAN_POINT('Ctrl Pts',(-2.50000084483075,367.458660460147,-9.03485900554597));
#2548=CARTESIAN_POINT('Ctrl Pts',(-2.5000048429814,367.458455507886,-9.03351589069743));
#2549=CARTESIAN_POINT('Ctrl Pts',(-2.50001962841194,367.458455507886,-9.03084260954204));
#2550=CARTESIAN_POINT('Ctrl Pts',(-2.50003048709798,367.458660460147,-9.02949953263786));
#2551=CARTESIAN_POINT('Ctrl Pts',(-2.50005788923687,367.459453118486,-9.02689158618344));
#2552=CARTESIAN_POINT('Ctrl Pts',(-2.50007448791796,367.460043537828,-9.02562754265357));
#2553=CARTESIAN_POINT('Ctrl Pts',(-2.50012859826908,367.462237707367,-9.02205573756094));
#2554=CARTESIAN_POINT('Ctrl Pts',(-2.50017100193618,367.464309148299,-9.01998270015016));
#2555=CARTESIAN_POINT('Ctrl Pts',(-2.50025835450494,367.469237516316,-9.01615670729483));
#2556=CARTESIAN_POINT('Ctrl Pts',(-2.50031372159684,367.473024589645,-9.01416394318383));
#2557=CARTESIAN_POINT('Ctrl Pts',(-2.50043449609651,367.483412208679,-9.01009588843054));
#2558=CARTESIAN_POINT('Ctrl Pts',(-2.50048733838508,367.492409996723,-9.00868423917365));
#2559=CARTESIAN_POINT('Ctrl Pts',(-2.50048733838508,367.507590003277,-9.00868423917365));
#2560=CARTESIAN_POINT('Ctrl Pts',(-2.50043449609651,367.516587791321,-9.01009588843053));
#2561=CARTESIAN_POINT('Ctrl Pts',(-2.50031372159684,367.526975410355,-9.01416394318382));
#2562=CARTESIAN_POINT('Ctrl Pts',(-2.50025835450494,367.530762483684,-9.01615670729483));
#2563=CARTESIAN_POINT('Ctrl Pts',(-2.50017100193618,367.535690851701,-9.01998270015016));
#2564=CARTESIAN_POINT('Ctrl Pts',(-2.50012859826908,367.537762292633,-9.02205573756094));
#2565=CARTESIAN_POINT('Ctrl Pts',(-2.50007448791796,367.539956462172,-9.02562754265357));
#2566=CARTESIAN_POINT('Ctrl Pts',(-2.50005788923687,367.540546881514,-9.02689158618344));
#2567=CARTESIAN_POINT('Ctrl Pts',(-2.50003048709798,367.541339539853,-9.02949953263786));
#2568=CARTESIAN_POINT('Ctrl Pts',(-2.50001962841194,367.541544492114,-9.03084260954204));
#2569=CARTESIAN_POINT('Ctrl Pts',(-2.50001223569667,367.541544492114,-9.03217925011973));
#2570=CARTESIAN_POINT('Origin',(-3.29999999999991,589.6,-9.03660383654764));
#2571=CARTESIAN_POINT('',(-3.27208040263798,380.,-9.83611649816285));
#2572=CARTESIAN_POINT('',(-2.50048733838466,380.,-9.00868423918562));
#2573=CARTESIAN_POINT('Origin',(-3.29999999999994,380.,-9.03660383654757));
#2574=CARTESIAN_POINT('',(-2.50048733838464,589.6,-9.00868423918568));
#2575=CARTESIAN_POINT('',(-2.50048733838466,367.138222080642,-9.00868423918561));
#2576=CARTESIAN_POINT('',(-2.50048733838464,589.6,-9.00868423918568));
#2577=CARTESIAN_POINT('Ctrl Pts',(-2.50001223569667,367.194572914495,-9.04102842297539));
#2578=CARTESIAN_POINT('Ctrl Pts',(-2.50002240756032,367.194572914495,-9.04286754773746));
#2579=CARTESIAN_POINT('Ctrl Pts',(-2.50003913932034,367.194295093819,-9.04471812580369));
#2580=CARTESIAN_POINT('Ctrl Pts',(-2.50008369398809,367.193216904858,-9.04831507543786));
#2581=CARTESIAN_POINT('Ctrl Pts',(-2.50011162591231,367.192412882081,-9.05006034920511));
#2582=CARTESIAN_POINT('Ctrl Pts',(-2.50020437649427,367.189419447551,-9.05499505183914));
#2583=CARTESIAN_POINT('Ctrl Pts',(-2.50027932112423,367.186587070213,-9.05786385660241));
#2584=CARTESIAN_POINT('Ctrl Pts',(-2.50043422364326,367.17987154705,-9.06312835860243));
#2585=CARTESIAN_POINT('Ctrl Pts',(-2.50053334630222,367.174728108303,-9.06586584091838));
#2586=CARTESIAN_POINT('Ctrl Pts',(-2.50074944244293,367.160663612068,-9.07142966486555));
#2587=CARTESIAN_POINT('Ctrl Pts',(-2.50084507793839,367.148492475897,-9.07336537276135));
#2588=CARTESIAN_POINT('Ctrl Pts',(-2.50084507793839,367.127951685387,-9.07336537276135));
#2589=CARTESIAN_POINT('Ctrl Pts',(-2.50074944244293,367.115780549216,-9.07142966486555));
#2590=CARTESIAN_POINT('Ctrl Pts',(-2.50053334630222,367.101716052981,-9.06586584091838));
#2591=CARTESIAN_POINT('Ctrl Pts',(-2.50043422364326,367.096572614234,-9.06312835860244));
#2592=CARTESIAN_POINT('Ctrl Pts',(-2.50027932112423,367.089857091071,-9.05786385660241));
#2593=CARTESIAN_POINT('Ctrl Pts',(-2.50020437649427,367.087024713733,-9.05499505183912));
#2594=CARTESIAN_POINT('Ctrl Pts',(-2.50011162591231,367.084031279203,-9.0500603492051));
#2595=CARTESIAN_POINT('Ctrl Pts',(-2.50008369398809,367.083227256426,-9.04831507543784));
#2596=CARTESIAN_POINT('Ctrl Pts',(-2.50003913932034,367.082149067465,-9.04471812580368));
#2597=CARTESIAN_POINT('Ctrl Pts',(-2.50002240756032,367.081871246789,-9.04286754773745));
#2598=CARTESIAN_POINT('Ctrl Pts',(-2.50000206383302,367.081871246789,-9.03918929821333));
#2599=CARTESIAN_POINT('Ctrl Pts',(-2.49999832477602,367.082149067465,-9.03733864828685));
#2600=CARTESIAN_POINT('Ctrl Pts',(-2.5000030897902,367.083227256426,-9.03374142587453));
#2601=CARTESIAN_POINT('Ctrl Pts',(-2.50001171501431,367.084031279203,-9.03199594991636));
#2602=CARTESIAN_POINT('Ctrl Pts',(-2.50004987571108,367.087024713733,-9.02706052323593));
#2603=CARTESIAN_POINT('Ctrl Pts',(-2.50009308305487,367.089857091071,-9.0241910649956));
#2604=CARTESIAN_POINT('Ctrl Pts',(-2.50018974387769,367.096572614234,-9.01892517164459));
#2605=CARTESIAN_POINT('Ctrl Pts',(-2.5002585803679,367.101716052981,-9.01618676037724));
#2606=CARTESIAN_POINT('Ctrl Pts',(-2.50041312017975,367.115780549216,-9.01062088651021));
#2607=CARTESIAN_POINT('Ctrl Pts',(-2.5004873383847,367.127951685387,-9.00868423918457));
#2608=CARTESIAN_POINT('Ctrl Pts',(-2.5004873383847,367.148492475897,-9.00868423918457));
#2609=CARTESIAN_POINT('Ctrl Pts',(-2.50041312017975,367.160663612068,-9.01062088651021));
#2610=CARTESIAN_POINT('Ctrl Pts',(-2.5002585803679,367.174728108303,-9.01618676037723));
#2611=CARTESIAN_POINT('Ctrl Pts',(-2.50018974387769,367.17987154705,-9.01892517164461));
#2612=CARTESIAN_POINT('Ctrl Pts',(-2.50009308305487,367.186587070213,-9.0241910649956));
#2613=CARTESIAN_POINT('Ctrl Pts',(-2.50004987571108,367.189419447551,-9.02706052323588));
#2614=CARTESIAN_POINT('Ctrl Pts',(-2.50001171501431,367.192412882081,-9.03199594991631));
#2615=CARTESIAN_POINT('Ctrl Pts',(-2.5000030897902,367.193216904858,-9.0337414258745));
#2616=CARTESIAN_POINT('Ctrl Pts',(-2.49999832477602,367.194295093819,-9.03733864828683));
#2617=CARTESIAN_POINT('Ctrl Pts',(-2.50000206383302,367.194572914495,-9.03918929821333));
#2618=CARTESIAN_POINT('Ctrl Pts',(-2.50001223569667,367.194572914495,-9.04102842297539));
#2619=CARTESIAN_POINT('',(-2.5004873383847,-9.99999999999996,-9.00868423918548));
#2620=CARTESIAN_POINT('',(-2.50048733838464,589.6,-9.00868423918568));
#2621=CARTESIAN_POINT('Ctrl Pts',(-2.5000102354799,-9.94348301300077,-9.04065064555106));
#2622=CARTESIAN_POINT('Ctrl Pts',(-2.50001943387656,-9.94348301300077,-9.04246902224426));
#2623=CARTESIAN_POINT('Ctrl Pts',(-2.50003502508768,-9.94376179941696,-9.04429614789282));
#2624=CARTESIAN_POINT('Ctrl Pts',(-2.5000769906595,-9.94484002599617,-9.04784398173447));
#2625=CARTESIAN_POINT('Ctrl Pts',(-2.5001034700175,-9.94564315704294,-9.04956356593481));
#2626=CARTESIAN_POINT('Ctrl Pts',(-2.50019163205019,-9.94862787158582,-9.05442254071625));
#2627=CARTESIAN_POINT('Ctrl Pts',(-2.50026315634089,-9.95144569877129,-9.05724255742922));
#2628=CARTESIAN_POINT('Ctrl Pts',(-2.50041198832493,-9.95814995429523,-9.06244696606653));
#2629=CARTESIAN_POINT('Ctrl Pts',(-2.50050777218906,-9.96330169366735,-9.06515748480151));
#2630=CARTESIAN_POINT('Ctrl Pts',(-2.50071765243701,-9.97743311616498,-9.07069079590458));
#2631=CARTESIAN_POINT('Ctrl Pts',(-2.50081071468284,-9.98967415369854,-9.07261058916798));
#2632=CARTESIAN_POINT('Ctrl Pts',(-2.50081071468284,-10.0103258463016,-9.07261058916796));
#2633=CARTESIAN_POINT('Ctrl Pts',(-2.50071765243701,-10.0225668838351,-9.07069079590455));
#2634=CARTESIAN_POINT('Ctrl Pts',(-2.50050777218906,-10.0366983063326,-9.06515748480148));
#2635=CARTESIAN_POINT('Ctrl Pts',(-2.50041198832492,-10.0418500457047,-9.06244696606648));
#2636=CARTESIAN_POINT('Ctrl Pts',(-2.50026315634088,-10.0485543012286,-9.05724255742918));
#2637=CARTESIAN_POINT('Ctrl Pts',(-2.50019163205019,-10.0513721284141,-9.05442254071623));
#2638=CARTESIAN_POINT('Ctrl Pts',(-2.5001034700175,-10.054356842957,-9.0495635659348));
#2639=CARTESIAN_POINT('Ctrl Pts',(-2.5000769906595,-10.0551599740038,-9.04784398173444));
#2640=CARTESIAN_POINT('Ctrl Pts',(-2.50003502508768,-10.056238200583,-9.0442961478928));
#2641=CARTESIAN_POINT('Ctrl Pts',(-2.50001943387656,-10.0565169869992,-9.04246902224426));
#2642=CARTESIAN_POINT('Ctrl Pts',(-2.50000103708325,-10.0565169869992,-9.03883226885786));
#2643=CARTESIAN_POINT('Ctrl Pts',(-2.49999814266165,-10.056238200583,-9.03700507898163));
#2644=CARTESIAN_POINT('Ctrl Pts',(-2.50000421303019,-10.0551599740038,-9.03345700214654));
#2645=CARTESIAN_POINT('Ctrl Pts',(-2.50001329418358,-10.054356842957,-9.03173723806065));
#2646=CARTESIAN_POINT('Ctrl Pts',(-2.50005229397611,-10.0513721284141,-9.02687762002146));
#2647=CARTESIAN_POINT('Ctrl Pts',(-2.50009528479886,-10.0485543012286,-9.02405702402511));
#2648=CARTESIAN_POINT('Ctrl Pts',(-2.50019145672045,-10.0418500457047,-9.01885137601693));
#2649=CARTESIAN_POINT('Ctrl Pts',(-2.50025981365444,-10.0366983063326,-9.01614002696323));
#2650=CARTESIAN_POINT('Ctrl Pts',(-2.50041370324459,-10.0225668838351,-9.01060487570281));
#2651=CARTESIAN_POINT('Ctrl Pts',(-2.50048733838462,-10.0103258463016,-9.008684239188));
#2652=CARTESIAN_POINT('Ctrl Pts',(-2.50048733838462,-9.98967415369854,-9.00868423918798));
#2653=CARTESIAN_POINT('Ctrl Pts',(-2.50041370324459,-9.97743311616498,-9.01060487570277));
#2654=CARTESIAN_POINT('Ctrl Pts',(-2.50025981365445,-9.96330169366735,-9.0161400269632));
#2655=CARTESIAN_POINT('Ctrl Pts',(-2.50019145672045,-9.95814995429523,-9.01885137601688));
#2656=CARTESIAN_POINT('Ctrl Pts',(-2.50009528479887,-9.95144569877129,-9.02405702402506));
#2657=CARTESIAN_POINT('Ctrl Pts',(-2.50005229397611,-9.94862787158583,-9.02687762002144));
#2658=CARTESIAN_POINT('Ctrl Pts',(-2.50001329418358,-9.94564315704294,-9.03173723806063));
#2659=CARTESIAN_POINT('Ctrl Pts',(-2.50000421303019,-9.94484002599616,-9.03345700214652));
#2660=CARTESIAN_POINT('Ctrl Pts',(-2.49999814266165,-9.94376179941695,-9.03700507898162));
#2661=CARTESIAN_POINT('Ctrl Pts',(-2.50000103708325,-9.94348301300077,-9.03883226885786));
#2662=CARTESIAN_POINT('Ctrl Pts',(-2.5000102354799,-9.94348301300077,-9.04065064555106));
#2663=CARTESIAN_POINT('',(-2.5004873383847,-19.9999999999999,-9.00868423918548));
#2664=CARTESIAN_POINT('',(-2.50048733838464,589.6,-9.00868423918568));
#2665=CARTESIAN_POINT('',(-3.27208040263803,-19.9999999999999,-9.83611649816271));
#2666=CARTESIAN_POINT('Origin',(-3.29999999999998,-19.9999999999999,-9.03660383654744));
#2667=CARTESIAN_POINT('',(-3.27208040263796,589.6,-9.83611649816292));
#2668=CARTESIAN_POINT('Origin',(3.3000000000001,589.6,-9.0366038365476));
#2669=CARTESIAN_POINT('',(2.5004873383848,380.,-9.00868423918557));
#2670=CARTESIAN_POINT('',(3.27208040263812,380.,-9.83611649816281));
#2671=CARTESIAN_POINT('Origin',(3.30000000000004,380.,-9.03660383654756));
#2672=CARTESIAN_POINT('',(3.27208040263796,-20.,-9.83611649816278));
#2673=CARTESIAN_POINT('',(3.27208040263814,589.6,-9.83611649816287));
#2674=CARTESIAN_POINT('',(2.50048733838464,-20.,-9.00868423918555));
#2675=CARTESIAN_POINT('Origin',(3.29999999999992,-20.,-9.03660383654751));
#2676=CARTESIAN_POINT('',(2.50048733838464,-9.99999999999996,-9.00868423918555));
#2677=CARTESIAN_POINT('',(2.50048733838482,589.6,-9.00868423918564));
#2678=CARTESIAN_POINT('Ctrl Pts',(2.50001023547985,-10.042212293194,-9.03255702754389));
#2679=CARTESIAN_POINT('Ctrl Pts',(2.50000336528448,-10.042212293194,-9.03391515587878));
#2680=CARTESIAN_POINT('Ctrl Pts',(2.50000000334483,-10.0420040472991,-9.03527986101982));
#2681=CARTESIAN_POINT('Ctrl Pts',(2.49999999664469,-10.0411986506127,-9.03792987245611));
#2682=CARTESIAN_POINT('Ctrl Pts',(2.50000341786128,-10.0405987429478,-9.03921434009342));
#2683=CARTESIAN_POINT('Ctrl Pts',(2.50002052584023,-10.0383693110503,-9.04284393443369));
#2684=CARTESIAN_POINT('Ctrl Pts',(2.50004180953326,-10.0362645788163,-9.04495062935309));
#2685=CARTESIAN_POINT('Ctrl Pts',(2.50009047730062,-10.0312570002925,-9.04883883538952));
#2686=CARTESIAN_POINT('Ctrl Pts',(2.50012601475418,-10.0274090577992,-9.05086410549222));
#2687=CARTESIAN_POINT('Ctrl Pts',(2.50020655956566,-10.0168544588941,-9.05499860494059));
#2688=CARTESIAN_POINT('Ctrl Pts',(2.50024579552078,-10.0077120215268,-9.05643342095882));
#2689=CARTESIAN_POINT('Ctrl Pts',(2.50024579552078,-9.99228797847328,-9.05643342095884));
#2690=CARTESIAN_POINT('Ctrl Pts',(2.50020655956566,-9.98314554110591,-9.05499860494063));
#2691=CARTESIAN_POINT('Ctrl Pts',(2.50012601475418,-9.9725909422008,-9.05086410549225));
#2692=CARTESIAN_POINT('Ctrl Pts',(2.50009047730063,-9.96874299970747,-9.04883883538958));
#2693=CARTESIAN_POINT('Ctrl Pts',(2.50004180953326,-9.96373542118361,-9.04495062935314));
#2694=CARTESIAN_POINT('Ctrl Pts',(2.50002052584022,-9.96163068894963,-9.04284393443371));
#2695=CARTESIAN_POINT('Ctrl Pts',(2.50000341786128,-9.95940125705213,-9.03921434009343));
#2696=CARTESIAN_POINT('Ctrl Pts',(2.49999999664469,-9.95880134938726,-9.03792987245613));
#2697=CARTESIAN_POINT('Ctrl Pts',(2.50000000334483,-9.95799595270083,-9.03527986101982));
#2698=CARTESIAN_POINT('Ctrl Pts',(2.50000336528448,-9.95778770680594,-9.03391515587879));
#2699=CARTESIAN_POINT('Ctrl Pts',(2.50001710567521,-9.95778770680594,-9.03119889920899));
#2700=CARTESIAN_POINT('Ctrl Pts',(2.5000275504836,-9.95799595270083,-9.02983422989718));
#2701=CARTESIAN_POINT('Ctrl Pts',(2.50005435366614,-9.95880134938726,-9.02718435401292));
#2702=CARTESIAN_POINT('Ctrl Pts',(2.50007076952937,-9.95940125705212,-9.02589998672299));
#2703=CARTESIAN_POINT('Ctrl Pts',(2.5001245968506,-9.96163068894962,-9.02227075121431));
#2704=CARTESIAN_POINT('Ctrl Pts',(2.50016719266162,-9.96373542118361,-9.02016437943421));
#2705=CARTESIAN_POINT('Ctrl Pts',(2.50025519450302,-9.96874299970747,-9.01627686475137));
#2706=CARTESIAN_POINT('Ctrl Pts',(2.50031121957893,-9.9725909422008,-9.01425205782471));
#2707=CARTESIAN_POINT('Ctrl Pts',(2.50043358855717,-9.98314554110591,-9.01011858483116));
#2708=CARTESIAN_POINT('Ctrl Pts',(2.50048733838454,-9.99228797847328,-9.00868423918859));
#2709=CARTESIAN_POINT('Ctrl Pts',(2.50048733838454,-10.0077120215268,-9.00868423918861));
#2710=CARTESIAN_POINT('Ctrl Pts',(2.50043358855717,-10.0168544588941,-9.0101185848312));
#2711=CARTESIAN_POINT('Ctrl Pts',(2.50031121957893,-10.0274090577992,-9.01425205782474));
#2712=CARTESIAN_POINT('Ctrl Pts',(2.50025519450302,-10.0312570002925,-9.01627686475143));
#2713=CARTESIAN_POINT('Ctrl Pts',(2.50016719266162,-10.0362645788163,-9.02016437943426));
#2714=CARTESIAN_POINT('Ctrl Pts',(2.5001245968506,-10.0383693110503,-9.02227075121433));
#2715=CARTESIAN_POINT('Ctrl Pts',(2.50007076952937,-10.0405987429478,-9.025899986723));
#2716=CARTESIAN_POINT('Ctrl Pts',(2.50005435366614,-10.0411986506127,-9.02718435401293));
#2717=CARTESIAN_POINT('Ctrl Pts',(2.5000275504836,-10.0420040472991,-9.02983422989719));
#2718=CARTESIAN_POINT('Ctrl Pts',(2.50001710567521,-10.042212293194,-9.03119889920899));
#2719=CARTESIAN_POINT('Ctrl Pts',(2.50001023547985,-10.042212293194,-9.03255702754389));
#2720=CARTESIAN_POINT('',(2.50048733838482,589.6,-9.00868423918564));
#2721=CARTESIAN_POINT('',(2.50048733838482,589.6,-9.00868423918564));
#2722=CARTESIAN_POINT('Origin',(-12.2426406871188,-7.45063232916756,2.50048733838454));
#2723=CARTESIAN_POINT('',(-9.00868423920271,-7.45063232916763,2.5004873383841));
#2724=CARTESIAN_POINT('',(-9.00868423912946,-7.54936767070305,2.50048733838665));
#2725=CARTESIAN_POINT('',(-9.0086842391856,589.6,2.5004873383846));
#2726=CARTESIAN_POINT('',(-9.06452343396559,-7.54936767070305,2.50048733838665));
#2727=CARTESIAN_POINT('',(-12.2426406871188,-7.54936767070308,2.50048733838666));
#2728=CARTESIAN_POINT('',(-9.06452343389234,-7.45063232916763,2.5004873383841));
#2729=CARTESIAN_POINT('',(-9.06452343389318,589.6,2.50048733838403));
#2730=CARTESIAN_POINT('',(-12.2426406871188,-7.45063232916767,2.5004873383841));
#2731=CARTESIAN_POINT('Origin',(-12.2426406871188,-7.50000000000007,0.000243669192290241));
#2732=CARTESIAN_POINT('Ctrl Pts',(-9.00868423920292,-7.45063232916776,2.50048733838409));
#2733=CARTESIAN_POINT('Ctrl Pts',(-9.01012002478077,-7.44809303456295,2.50043719964692));
#2734=CARTESIAN_POINT('Ctrl Pts',(-9.011718213768,-7.44567729386832,2.50038547716309));
#2735=CARTESIAN_POINT('Ctrl Pts',(-9.01610870088573,-7.44002189899273,2.50025782778045));
#2736=CARTESIAN_POINT('Ctrl Pts',(-9.01959217122638,-7.43654147804579,2.50017046672275));
#2737=CARTESIAN_POINT('Ctrl Pts',(-9.02559426075188,-7.43285498615977,2.50007345880113));
#2738=CARTESIAN_POINT('Ctrl Pts',(-9.02771838574672,-7.43186303110303,2.50004633091927));
#2739=CARTESIAN_POINT('Ctrl Pts',(-9.0321008225989,-7.43053130362708,2.5000096859633));
#2740=CARTESIAN_POINT('Ctrl Pts',(-9.03435774637768,-7.43018697224747,2.49999999999997));
#2741=CARTESIAN_POINT('Ctrl Pts',(-9.03660383654752,-7.43018697224747,2.49999999999997));
#2742=CARTESIAN_POINT('Ctrl Pts',(-9.03884992671736,-7.43018697224747,2.49999999999997));
#2743=CARTESIAN_POINT('Ctrl Pts',(-9.04110685049615,-7.43053130362708,2.5000096859633));
#2744=CARTESIAN_POINT('Ctrl Pts',(-9.04548928734833,-7.43186303110303,2.50004633091927));
#2745=CARTESIAN_POINT('Ctrl Pts',(-9.04761341234317,-7.43285498615977,2.50007345880113));
#2746=CARTESIAN_POINT('Ctrl Pts',(-9.05361550186867,-7.43654147804579,2.50017046672275));
#2747=CARTESIAN_POINT('Ctrl Pts',(-9.05709897220932,-7.44002189899273,2.50025782778045));
#2748=CARTESIAN_POINT('Ctrl Pts',(-9.06148945932705,-7.44567729386832,2.50038547716309));
#2749=CARTESIAN_POINT('Ctrl Pts',(-9.06308764831427,-7.44809303456295,2.50043719964692));
#2750=CARTESIAN_POINT('Ctrl Pts',(-9.06452343389212,-7.45063232916776,2.50048733838409));
#2751=CARTESIAN_POINT('Origin',(-12.2426406871188,-7.50000000000007,0.000243669192290241));
#2752=CARTESIAN_POINT('',(-9.00868423918561,-7.50000000000008,-2.50048733838453));
#2753=CARTESIAN_POINT('Ctrl Pts',(-9.03660383654756,-7.54936767081776,-2.49999999999981));
#2754=CARTESIAN_POINT('Ctrl Pts',(-9.03819212065725,-7.54936767081776,-2.49999999999981));
#2755=CARTESIAN_POINT('Ctrl Pts',(-9.03978806636267,-7.54912413646904,-2.50000484336463));
#2756=CARTESIAN_POINT('Ctrl Pts',(-9.04288705034925,-7.54818226791899,-2.50002316701694));
#2757=CARTESIAN_POINT('Ctrl Pts',(-9.04438910729865,-7.547480709549,-2.50003673173305));
#2758=CARTESIAN_POINT('Ctrl Pts',(-9.04863348770499,-7.54487351324119,-2.5000852376787));
#2759=CARTESIAN_POINT('Ctrl Pts',(-9.05109691174038,-7.54241214353958,-2.50012891879258));
#2760=CARTESIAN_POINT('Ctrl Pts',(-9.05564347844323,-7.53655594314351,-2.50022237581802));
#2761=CARTESIAN_POINT('Ctrl Pts',(-9.05801155807034,-7.53205583200304,-2.50028498849512));
#2762=CARTESIAN_POINT('Ctrl Pts',(-9.06284593409787,-7.51971199287236,-2.50042375052534));
#2763=CARTESIAN_POINT('Ctrl Pts',(-9.06452343391497,-7.50901953093927,-2.50048733838472));
#2764=CARTESIAN_POINT('Ctrl Pts',(-9.06452343391497,-7.4909804690609,-2.50048733838472));
#2765=CARTESIAN_POINT('Ctrl Pts',(-9.06284593409786,-7.48028800712783,-2.50042375052534));
#2766=CARTESIAN_POINT('Ctrl Pts',(-9.05801155807033,-7.46794416799714,-2.50028498849512));
#2767=CARTESIAN_POINT('Ctrl Pts',(-9.05564347844328,-7.46344405685659,-2.50022237581803));
#2768=CARTESIAN_POINT('Ctrl Pts',(-9.05109691174041,-7.45758785646049,-2.50012891879258));
#2769=CARTESIAN_POINT('Ctrl Pts',(-9.04863348770499,-7.45512648675896,-2.5000852376787));
#2770=CARTESIAN_POINT('Ctrl Pts',(-9.04438910729866,-7.45251929045114,-2.50003673173305));
#2771=CARTESIAN_POINT('Ctrl Pts',(-9.04288705034926,-7.45181773208117,-2.50002316701694));
#2772=CARTESIAN_POINT('Ctrl Pts',(-9.03978806636267,-7.45087586353113,-2.50000484336463));
#2773=CARTESIAN_POINT('Ctrl Pts',(-9.03819212065724,-7.45063232918244,-2.49999999999981));
#2774=CARTESIAN_POINT('Ctrl Pts',(-9.03501555243789,-7.45063232918244,-2.49999999999981));
#2775=CARTESIAN_POINT('Ctrl Pts',(-9.03341960673246,-7.45087586353113,-2.50000484336463));
#2776=CARTESIAN_POINT('Ctrl Pts',(-9.03032062274587,-7.45181773208117,-2.50002316701694));
#2777=CARTESIAN_POINT('Ctrl Pts',(-9.02881856579647,-7.45251929045114,-2.50003673173305));
#2778=CARTESIAN_POINT('Ctrl Pts',(-9.02457418539014,-7.45512648675896,-2.5000852376787));
#2779=CARTESIAN_POINT('Ctrl Pts',(-9.02211076135473,-7.45758785646049,-2.50012891879258));
#2780=CARTESIAN_POINT('Ctrl Pts',(-9.01756419465185,-7.46344405685659,-2.50022237581803));
#2781=CARTESIAN_POINT('Ctrl Pts',(-9.01519611502481,-7.46794416799714,-2.50028498849512));
#2782=CARTESIAN_POINT('Ctrl Pts',(-9.01036173899727,-7.48028800712783,-2.50042375052534));
#2783=CARTESIAN_POINT('Ctrl Pts',(-9.00868423918016,-7.4909804690609,-2.50048733838472));
#2784=CARTESIAN_POINT('Ctrl Pts',(-9.00868423918016,-7.50901953093927,-2.50048733838472));
#2785=CARTESIAN_POINT('Ctrl Pts',(-9.01036173899726,-7.51971199287236,-2.50042375052534));
#2786=CARTESIAN_POINT('Ctrl Pts',(-9.01519611502479,-7.53205583200304,-2.50028498849512));
#2787=CARTESIAN_POINT('Ctrl Pts',(-9.0175641946519,-7.53655594314351,-2.50022237581802));
#2788=CARTESIAN_POINT('Ctrl Pts',(-9.02211076135475,-7.54241214353958,-2.50012891879258));
#2789=CARTESIAN_POINT('Ctrl Pts',(-9.02457418539014,-7.54487351324119,-2.5000852376787));
#2790=CARTESIAN_POINT('Ctrl Pts',(-9.02881856579648,-7.547480709549,-2.50003673173305));
#2791=CARTESIAN_POINT('Ctrl Pts',(-9.03032062274588,-7.54818226791899,-2.50002316701694));
#2792=CARTESIAN_POINT('Ctrl Pts',(-9.03341960673247,-7.54912413646904,-2.50000484336463));
#2793=CARTESIAN_POINT('Ctrl Pts',(-9.03501555243789,-7.54936767081776,-2.49999999999981));
#2794=CARTESIAN_POINT('Ctrl Pts',(-9.03660383654756,-7.54936767081776,-2.49999999999981));
#2795=CARTESIAN_POINT('Origin',(-12.2426406871188,-7.50000000000007,0.000243669192290241));
#2796=CARTESIAN_POINT('Ctrl Pts',(-9.06452343396535,-7.54936767070291,2.50048733838665));
#2797=CARTESIAN_POINT('Ctrl Pts',(-9.06308764836836,-7.55190696535491,2.50043719964867));
#2798=CARTESIAN_POINT('Ctrl Pts',(-9.06148945935487,-7.55432270609602,2.5003854771639));
#2799=CARTESIAN_POINT('Ctrl Pts',(-9.05709897220935,-7.55997810100742,2.50025782778045));
#2800=CARTESIAN_POINT('Ctrl Pts',(-9.0536155018687,-7.56345852195436,2.50017046672275));
#2801=CARTESIAN_POINT('Ctrl Pts',(-9.04761341234319,-7.56714501384039,2.50007345880113));
#2802=CARTESIAN_POINT('Ctrl Pts',(-9.04548928734835,-7.56813696889713,2.50004633091927));
#2803=CARTESIAN_POINT('Ctrl Pts',(-9.04110685049616,-7.56946869637309,2.5000096859633));
#2804=CARTESIAN_POINT('Ctrl Pts',(-9.03884992671737,-7.5698130277527,2.49999999999997));
#2805=CARTESIAN_POINT('Ctrl Pts',(-9.03435774637768,-7.5698130277527,2.49999999999997));
#2806=CARTESIAN_POINT('Ctrl Pts',(-9.03210082259889,-7.56946869637309,2.5000096859633));
#2807=CARTESIAN_POINT('Ctrl Pts',(-9.0277183857467,-7.56813696889713,2.50004633091927));
#2808=CARTESIAN_POINT('Ctrl Pts',(-9.02559426075185,-7.56714501384039,2.50007345880113));
#2809=CARTESIAN_POINT('Ctrl Pts',(-9.01959217122635,-7.56345852195436,2.50017046672275));
#2810=CARTESIAN_POINT('Ctrl Pts',(-9.01610870088569,-7.55997810100742,2.50025782778045));
#2811=CARTESIAN_POINT('Ctrl Pts',(-9.01171821374017,-7.55432270609602,2.5003854771639));
#2812=CARTESIAN_POINT('Ctrl Pts',(-9.01012002472669,-7.55190696535491,2.50043719964867));
#2813=CARTESIAN_POINT('Ctrl Pts',(-9.0086842391297,-7.54936767070291,2.50048733838665));
#2814=CARTESIAN_POINT('Origin',(-9.0366038365475,589.6,-3.30000000000001));
#2815=CARTESIAN_POINT('',(-9.00868423918556,380.,-2.50048733838466));
#2816=CARTESIAN_POINT('',(-9.8361164981628,380.,-3.27208040263797));
#2817=CARTESIAN_POINT('Origin',(-9.03660383654752,380.,-3.29999999999994));
#2818=CARTESIAN_POINT('',(-9.83611649816285,-19.9999999999999,-3.27208040263784));
#2819=CARTESIAN_POINT('',(-9.83611649816278,589.6,-3.27208040263804));
#2820=CARTESIAN_POINT('',(-9.00868423918561,-19.9999999999999,-2.50048733838452));
#2821=CARTESIAN_POINT('Origin',(-9.03660383654757,-19.9999999999999,-3.2999999999998));
#2822=CARTESIAN_POINT('',(-9.00868423918561,-9.99999999999998,-2.50048733838453));
#2823=CARTESIAN_POINT('',(-9.00868423918554,589.6,-2.50048733838473));
#2824=CARTESIAN_POINT('Ctrl Pts',(-9.03255702754395,-10.0422122931944,-2.50001023547973));
#2825=CARTESIAN_POINT('Ctrl Pts',(-9.03391515587886,-10.0422122931944,-2.50000336528436));
#2826=CARTESIAN_POINT('Ctrl Pts',(-9.0352798610199,-10.0420040472995,-2.50000000334471));
#2827=CARTESIAN_POINT('Ctrl Pts',(-9.03792987245622,-10.0411986506131,-2.49999999664458));
#2828=CARTESIAN_POINT('Ctrl Pts',(-9.03921434009354,-10.0405987429482,-2.50000341786116));
#2829=CARTESIAN_POINT('Ctrl Pts',(-9.04284393443384,-10.0383693110507,-2.50002052584011));
#2830=CARTESIAN_POINT('Ctrl Pts',(-9.0449506293533,-10.0362645788168,-2.50004180953314));
#2831=CARTESIAN_POINT('Ctrl Pts',(-9.04883883538978,-10.0312570002929,-2.50009047730051));
#2832=CARTESIAN_POINT('Ctrl Pts',(-9.05086410549244,-10.0274090577995,-2.50012601475407));
#2833=CARTESIAN_POINT('Ctrl Pts',(-9.05499860494085,-10.0168544588943,-2.50020655956554));
#2834=CARTESIAN_POINT('Ctrl Pts',(-9.05643342095911,-10.0077120215269,-2.50024579552066));
#2835=CARTESIAN_POINT('Ctrl Pts',(-9.05643342095913,-9.99228797847321,-2.50024579552066));
#2836=CARTESIAN_POINT('Ctrl Pts',(-9.05499860494089,-9.98314554110576,-2.50020655956554));
#2837=CARTESIAN_POINT('Ctrl Pts',(-9.05086410549249,-9.97259094220056,-2.50012601475407));
#2838=CARTESIAN_POINT('Ctrl Pts',(-9.0488388353898,-9.96874299970721,-2.50009047730051));
#2839=CARTESIAN_POINT('Ctrl Pts',(-9.04495062935333,-9.9637354211833,-2.50004180953314));
#2840=CARTESIAN_POINT('Ctrl Pts',(-9.04284393443389,-9.96163068894927,-2.50002052584011));
#2841=CARTESIAN_POINT('Ctrl Pts',(-9.03921434009357,-9.95940125705174,-2.50000341786116));
#2842=CARTESIAN_POINT('Ctrl Pts',(-9.03792987245625,-9.95880134938689,-2.49999999664458));
#2843=CARTESIAN_POINT('Ctrl Pts',(-9.03527986101992,-9.95799595270045,-2.50000000334471));
#2844=CARTESIAN_POINT('Ctrl Pts',(-9.03391515587886,-9.95778770680557,-2.50000336528436));
#2845=CARTESIAN_POINT('Ctrl Pts',(-9.03119889920903,-9.95778770680557,-2.5000171056751));
#2846=CARTESIAN_POINT('Ctrl Pts',(-9.02983422989722,-9.95799595270047,-2.50002755048348));
#2847=CARTESIAN_POINT('Ctrl Pts',(-9.02718435401292,-9.95880134938691,-2.50005435366602));
#2848=CARTESIAN_POINT('Ctrl Pts',(-9.02589998672297,-9.95940125705174,-2.50007076952926));
#2849=CARTESIAN_POINT('Ctrl Pts',(-9.02227075121426,-9.96163068894927,-2.50012459685049));
#2850=CARTESIAN_POINT('Ctrl Pts',(-9.02016437943415,-9.9637354211833,-2.50016719266151));
#2851=CARTESIAN_POINT('Ctrl Pts',(-9.01627686475127,-9.96874299970721,-2.50025519450291));
#2852=CARTESIAN_POINT('Ctrl Pts',(-9.0142520578246,-9.97259094220056,-2.50031121957882));
#2853=CARTESIAN_POINT('Ctrl Pts',(-9.01011858483101,-9.98314554110576,-2.50043358855706));
#2854=CARTESIAN_POINT('Ctrl Pts',(-9.00868423918842,-9.99228797847321,-2.50048733838443));
#2855=CARTESIAN_POINT('Ctrl Pts',(-9.00868423918844,-10.0077120215269,-2.50048733838443));
#2856=CARTESIAN_POINT('Ctrl Pts',(-9.01011858483105,-10.0168544588943,-2.50043358855706));
#2857=CARTESIAN_POINT('Ctrl Pts',(-9.01425205782464,-10.0274090577995,-2.50031121957882));
#2858=CARTESIAN_POINT('Ctrl Pts',(-9.01627686475129,-10.0312570002929,-2.50025519450291));
#2859=CARTESIAN_POINT('Ctrl Pts',(-9.02016437943418,-10.0362645788168,-2.50016719266151));
#2860=CARTESIAN_POINT('Ctrl Pts',(-9.02227075121431,-10.0383693110507,-2.50012459685049));
#2861=CARTESIAN_POINT('Ctrl Pts',(-9.025899986723,-10.0405987429482,-2.50007076952926));
#2862=CARTESIAN_POINT('Ctrl Pts',(-9.02718435401295,-10.0411986506131,-2.50005435366602));
#2863=CARTESIAN_POINT('Ctrl Pts',(-9.02983422989723,-10.0420040472995,-2.50002755048348));
#2864=CARTESIAN_POINT('Ctrl Pts',(-9.03119889920904,-10.0422122931944,-2.5000171056751));
#2865=CARTESIAN_POINT('Ctrl Pts',(-9.03255702754395,-10.0422122931944,-2.50001023547973));
#2866=CARTESIAN_POINT('',(-9.00868423918554,589.6,-2.50048733838473));
#2867=CARTESIAN_POINT('',(-9.00868423918557,365.8971416165,-2.50048733838465));
#2868=CARTESIAN_POINT('',(-9.00868423918554,589.6,-2.50048733838473));
#2869=CARTESIAN_POINT('Ctrl Pts',(-9.03660383654752,365.847776351158,-2.49999999999993));
#2870=CARTESIAN_POINT('Ctrl Pts',(-9.03819211843971,365.847776351158,-2.49999999999993));
#2871=CARTESIAN_POINT('Ctrl Pts',(-9.03978806950765,365.848019873192,-2.50000484335701));
#2872=CARTESIAN_POINT('Ctrl Pts',(-9.04288707423375,365.848961704951,-2.50002316718475));
#2873=CARTESIAN_POINT('Ctrl Pts',(-9.04438914667185,365.849663238626,-2.50003673208863));
#2874=CARTESIAN_POINT('Ctrl Pts',(-9.04863357981114,365.852270358718,-2.50008523893259));
#2875=CARTESIAN_POINT('Ctrl Pts',(-9.05109704825465,365.854731674787,-2.50012892117641));
#2876=CARTESIAN_POINT('Ctrl Pts',(-9.05564361117621,365.860587679506,-2.50022237911013));
#2877=CARTESIAN_POINT('Ctrl Pts',(-9.05801167662555,365.865087591406,-2.50028499168798));
#2878=CARTESIAN_POINT('Ctrl Pts',(-9.06284595318441,365.877430755471,-2.50042375152066));
#2879=CARTESIAN_POINT('Ctrl Pts',(-9.06452343390914,365.888122597975,-2.50048733838464));
#2880=CARTESIAN_POINT('Ctrl Pts',(-9.06452343390914,365.906160635024,-2.50048733838464));
#2881=CARTESIAN_POINT('Ctrl Pts',(-9.06284595318441,365.916852477528,-2.50042375152066));
#2882=CARTESIAN_POINT('Ctrl Pts',(-9.05801167662555,365.929195641593,-2.50028499168798));
#2883=CARTESIAN_POINT('Ctrl Pts',(-9.05564361117621,365.933695553493,-2.50022237911013));
#2884=CARTESIAN_POINT('Ctrl Pts',(-9.05109704825465,365.939551558212,-2.50012892117641));
#2885=CARTESIAN_POINT('Ctrl Pts',(-9.04863357981114,365.942012874281,-2.50008523893259));
#2886=CARTESIAN_POINT('Ctrl Pts',(-9.04438914667185,365.944619994373,-2.50003673208863));
#2887=CARTESIAN_POINT('Ctrl Pts',(-9.04288707423374,365.945321528048,-2.50002316718475));
#2888=CARTESIAN_POINT('Ctrl Pts',(-9.03978806950764,365.946263359807,-2.50000484335701));
#2889=CARTESIAN_POINT('Ctrl Pts',(-9.03819211843971,365.946506881841,-2.49999999999993));
#2890=CARTESIAN_POINT('Ctrl Pts',(-9.03501555465534,365.946506881841,-2.49999999999993));
#2891=CARTESIAN_POINT('Ctrl Pts',(-9.03341960358741,365.946263359807,-2.50000484335701));
#2892=CARTESIAN_POINT('Ctrl Pts',(-9.03032059886131,365.945321528048,-2.50002316718475));
#2893=CARTESIAN_POINT('Ctrl Pts',(-9.0288185264232,365.944619994373,-2.50003673208863));
#2894=CARTESIAN_POINT('Ctrl Pts',(-9.02457409328391,365.942012874281,-2.50008523893259));
#2895=CARTESIAN_POINT('Ctrl Pts',(-9.0221106248404,365.939551558212,-2.50012892117641));
#2896=CARTESIAN_POINT('Ctrl Pts',(-9.01756406191884,365.933695553493,-2.50022237911013));
#2897=CARTESIAN_POINT('Ctrl Pts',(-9.0151959964695,365.929195641593,-2.50028499168798));
#2898=CARTESIAN_POINT('Ctrl Pts',(-9.01036171991063,365.916852477528,-2.50042375152066));
#2899=CARTESIAN_POINT('Ctrl Pts',(-9.0086842391859,365.906160635024,-2.50048733838464));
#2900=CARTESIAN_POINT('Ctrl Pts',(-9.0086842391859,365.888122597975,-2.50048733838464));
#2901=CARTESIAN_POINT('Ctrl Pts',(-9.01036171991063,365.877430755471,-2.50042375152066));
#2902=CARTESIAN_POINT('Ctrl Pts',(-9.0151959964695,365.865087591406,-2.50028499168798));
#2903=CARTESIAN_POINT('Ctrl Pts',(-9.01756406191884,365.860587679506,-2.50022237911013));
#2904=CARTESIAN_POINT('Ctrl Pts',(-9.0221106248404,365.854731674787,-2.50012892117641));
#2905=CARTESIAN_POINT('Ctrl Pts',(-9.02457409328391,365.852270358718,-2.50008523893259));
#2906=CARTESIAN_POINT('Ctrl Pts',(-9.0288185264232,365.849663238626,-2.50003673208863));
#2907=CARTESIAN_POINT('Ctrl Pts',(-9.0303205988613,365.848961704951,-2.50002316718475));
#2908=CARTESIAN_POINT('Ctrl Pts',(-9.0334196035874,365.848019873192,-2.50000484335701));
#2909=CARTESIAN_POINT('Ctrl Pts',(-9.03501555465534,365.847776351158,-2.49999999999993));
#2910=CARTESIAN_POINT('Ctrl Pts',(-9.03660383654752,365.847776351158,-2.49999999999993));
#2911=CARTESIAN_POINT('',(-9.00868423918554,589.6,-2.50048733838473));
#2912=CARTESIAN_POINT('Origin',(2.30926389122033E-13,-7.50000000000011,
12.2426406871188));
#2913=CARTESIAN_POINT('',(2.50048733838474,-7.50000000000012,9.00868423918562));
#2914=CARTESIAN_POINT('Ctrl Pts',(2.50000000000002,-7.45063473465,9.03660383654757));
#2915=CARTESIAN_POINT('Ctrl Pts',(2.50000000000002,-7.45063473465,9.03819211844003));
#2916=CARTESIAN_POINT('Ctrl Pts',(2.5000048433571,-7.45087825668406,9.03978806950822));
#2917=CARTESIAN_POINT('Ctrl Pts',(2.50002316718484,-7.45182008844353,9.04288707423486));
#2918=CARTESIAN_POINT('Ctrl Pts',(2.50003673208873,-7.45252162211798,9.04438914667324));
#2919=CARTESIAN_POINT('Ctrl Pts',(2.50008523893271,-7.45512874221117,9.04863357981324));
#2920=CARTESIAN_POINT('Ctrl Pts',(2.50012892117654,-7.45759005828062,9.05109704825714));
#2921=CARTESIAN_POINT('Ctrl Pts',(2.50022237911029,-7.46344606300071,9.0556436111795));
#2922=CARTESIAN_POINT('Ctrl Pts',(2.50028499168816,-7.46794597490137,9.05801167662927));
#2923=CARTESIAN_POINT('Ctrl Pts',(2.50042375152089,-7.48028913896806,9.06284595318897));
#2924=CARTESIAN_POINT('Ctrl Pts',(2.5004873383849,-7.49098098147417,9.064523433914));
#2925=CARTESIAN_POINT('Ctrl Pts',(2.5004873383849,-7.50901901852612,9.06452343391399));
#2926=CARTESIAN_POINT('Ctrl Pts',(2.50042375152089,-7.51971086103223,9.06284595318898));
#2927=CARTESIAN_POINT('Ctrl Pts',(2.50028499168816,-7.53205402509891,9.05801167662927));
#2928=CARTESIAN_POINT('Ctrl Pts',(2.50022237911029,-7.53655393699958,9.0556436111795));
#2929=CARTESIAN_POINT('Ctrl Pts',(2.50012892117654,-7.54240994171966,9.05109704825715));
#2930=CARTESIAN_POINT('Ctrl Pts',(2.50008523893271,-7.54487125778907,9.04863357981321));
#2931=CARTESIAN_POINT('Ctrl Pts',(2.50003673208873,-7.54747837788225,9.04438914667322));
#2932=CARTESIAN_POINT('Ctrl Pts',(2.50002316718484,-7.5481799115567,9.04288707423485));
#2933=CARTESIAN_POINT('Ctrl Pts',(2.5000048433571,-7.54912174331617,9.03978806950821));
#2934=CARTESIAN_POINT('Ctrl Pts',(2.50000000000002,-7.54936526535023,9.03819211844003));
#2935=CARTESIAN_POINT('Ctrl Pts',(2.50000000000002,-7.54936526535023,9.03501555465512));
#2936=CARTESIAN_POINT('Ctrl Pts',(2.5000048433571,-7.54912174331619,9.03341960358693));
#2937=CARTESIAN_POINT('Ctrl Pts',(2.50002316718484,-7.54817991155672,9.0303205988603));
#2938=CARTESIAN_POINT('Ctrl Pts',(2.50003673208873,-7.54747837788223,9.02881852642194));
#2939=CARTESIAN_POINT('Ctrl Pts',(2.50008523893271,-7.54487125778905,9.02457409328195));
#2940=CARTESIAN_POINT('Ctrl Pts',(2.50012892117654,-7.54240994171966,9.022110624838));
#2941=CARTESIAN_POINT('Ctrl Pts',(2.50022237911029,-7.53655393699958,9.01756406191564));
#2942=CARTESIAN_POINT('Ctrl Pts',(2.50028499168816,-7.53205402509891,9.01519599646587));
#2943=CARTESIAN_POINT('Ctrl Pts',(2.50042375152089,-7.51971086103223,9.01036171990617));
#2944=CARTESIAN_POINT('Ctrl Pts',(2.5004873383849,-7.50901901852612,9.00868423918116));
#2945=CARTESIAN_POINT('Ctrl Pts',(2.5004873383849,-7.49098098147417,9.00868423918115));
#2946=CARTESIAN_POINT('Ctrl Pts',(2.50042375152089,-7.48028913896806,9.01036171990617));
#2947=CARTESIAN_POINT('Ctrl Pts',(2.50028499168816,-7.46794597490137,9.01519599646587));
#2948=CARTESIAN_POINT('Ctrl Pts',(2.50022237911029,-7.46344606300071,9.01756406191564));
#2949=CARTESIAN_POINT('Ctrl Pts',(2.50012892117654,-7.45759005828062,9.022110624838));
#2950=CARTESIAN_POINT('Ctrl Pts',(2.50008523893271,-7.45512874221119,9.02457409328193));
#2951=CARTESIAN_POINT('Ctrl Pts',(2.50003673208873,-7.452521622118,9.02881852642192));
#2952=CARTESIAN_POINT('Ctrl Pts',(2.50002316718484,-7.45182008844354,9.03032059886029));
#2953=CARTESIAN_POINT('Ctrl Pts',(2.5000048433571,-7.45087825668406,9.03341960358693));
#2954=CARTESIAN_POINT('Ctrl Pts',(2.50000000000002,-7.45063473465,9.03501555465511));
#2955=CARTESIAN_POINT('Ctrl Pts',(2.50000000000002,-7.45063473465,9.03660383654757));
#2956=CARTESIAN_POINT('Origin',(2.30926389122033E-13,-7.50000000000011,
12.2426406871188));
#2957=CARTESIAN_POINT('',(-2.50048733838467,-7.50000000000012,9.00868423918567));
#2958=CARTESIAN_POINT('Ctrl Pts',(-2.49999999999995,-7.54936526533125,9.03660383654762));
#2959=CARTESIAN_POINT('Ctrl Pts',(-2.49999999999995,-7.54936526533125,9.03819211843946));
#2960=CARTESIAN_POINT('Ctrl Pts',(-2.50000484335702,-7.54912174329728,9.03978806950703));
#2961=CARTESIAN_POINT('Ctrl Pts',(-2.50002316718475,-7.54817991153816,9.04288707423249));
#2962=CARTESIAN_POINT('Ctrl Pts',(-2.50003673208863,-7.54747837786399,9.04438914667029));
#2963=CARTESIAN_POINT('Ctrl Pts',(-2.50008523893257,-7.5448712577718,9.04863357980866));
#2964=CARTESIAN_POINT('Ctrl Pts',(-2.50012892117637,-7.54240994170335,9.05109704825166));
#2965=CARTESIAN_POINT('Ctrl Pts',(-2.50022237911005,-7.53655393698552,9.05564361117226));
#2966=CARTESIAN_POINT('Ctrl Pts',(-2.50028499168787,-7.53205402508659,9.0580116766211));
#2967=CARTESIAN_POINT('Ctrl Pts',(-2.50042375152049,-7.51971086102463,9.06284595317895));
#2968=CARTESIAN_POINT('Ctrl Pts',(-2.50048733838445,-7.5090190185226,9.06452343390332));
#2969=CARTESIAN_POINT('Ctrl Pts',(-2.50048733838445,-7.49098098147756,9.06452343390331));
#2970=CARTESIAN_POINT('Ctrl Pts',(-2.50042375152049,-7.48028913897556,9.06284595317895));
#2971=CARTESIAN_POINT('Ctrl Pts',(-2.50028499168787,-7.46794597491362,9.0580116766211));
#2972=CARTESIAN_POINT('Ctrl Pts',(-2.50022237911005,-7.46344606301469,9.05564361117224));
#2973=CARTESIAN_POINT('Ctrl Pts',(-2.50012892117637,-7.45759005829687,9.05109704825163));
#2974=CARTESIAN_POINT('Ctrl Pts',(-2.50008523893257,-7.45512874222842,9.04863357980863));
#2975=CARTESIAN_POINT('Ctrl Pts',(-2.50003673208863,-7.45252162213623,9.04438914667027));
#2976=CARTESIAN_POINT('Ctrl Pts',(-2.50002316718475,-7.45182008846206,9.04288707423247));
#2977=CARTESIAN_POINT('Ctrl Pts',(-2.50000484335702,-7.45087825670295,9.03978806950703));
#2978=CARTESIAN_POINT('Ctrl Pts',(-2.49999999999995,-7.45063473466896,9.03819211843946));
#2979=CARTESIAN_POINT('Ctrl Pts',(-2.49999999999995,-7.45063473466896,9.03501555465577));
#2980=CARTESIAN_POINT('Ctrl Pts',(-2.50000484335702,-7.45087825670294,9.0334196035882));
#2981=CARTESIAN_POINT('Ctrl Pts',(-2.50002316718475,-7.45182008846205,9.03032059886275));
#2982=CARTESIAN_POINT('Ctrl Pts',(-2.50003673208863,-7.45252162213621,9.02881852642495));
#2983=CARTESIAN_POINT('Ctrl Pts',(-2.50008523893257,-7.4551287422284,9.02457409328658));
#2984=CARTESIAN_POINT('Ctrl Pts',(-2.50012892117637,-7.45759005829687,9.0221106248436));
#2985=CARTESIAN_POINT('Ctrl Pts',(-2.50022237911005,-7.46344606301469,9.01756406192299));
#2986=CARTESIAN_POINT('Ctrl Pts',(-2.50028499168787,-7.46794597491362,9.01519599647413));
#2987=CARTESIAN_POINT('Ctrl Pts',(-2.50042375152049,-7.48028913897556,9.01036171991628));
#2988=CARTESIAN_POINT('Ctrl Pts',(-2.50048733838445,-7.49098098147756,9.00868423919192));
#2989=CARTESIAN_POINT('Ctrl Pts',(-2.50048733838445,-7.5090190185226,9.00868423919191));
#2990=CARTESIAN_POINT('Ctrl Pts',(-2.50042375152049,-7.51971086102463,9.01036171991628));
#2991=CARTESIAN_POINT('Ctrl Pts',(-2.50028499168787,-7.53205402508659,9.01519599647413));
#2992=CARTESIAN_POINT('Ctrl Pts',(-2.50022237911005,-7.53655393698552,9.01756406192297));
#2993=CARTESIAN_POINT('Ctrl Pts',(-2.50012892117637,-7.54240994170335,9.02211062484357));
#2994=CARTESIAN_POINT('Ctrl Pts',(-2.50008523893257,-7.54487125777182,9.02457409328656));
#2995=CARTESIAN_POINT('Ctrl Pts',(-2.50003673208863,-7.54747837786402,9.02881852642493));
#2996=CARTESIAN_POINT('Ctrl Pts',(-2.50002316718475,-7.54817991153817,9.03032059886273));
#2997=CARTESIAN_POINT('Ctrl Pts',(-2.50000484335702,-7.54912174329729,9.03341960358819));
#2998=CARTESIAN_POINT('Ctrl Pts',(-2.49999999999995,-7.54936526533125,9.03501555465577));
#2999=CARTESIAN_POINT('Ctrl Pts',(-2.49999999999995,-7.54936526533125,9.03660383654762));
#3000=CARTESIAN_POINT('Origin',(-3.29999999999999,589.6,9.03660383654753));
#3001=CARTESIAN_POINT('',(-2.50048733838474,380.,9.00868423918565));
#3002=CARTESIAN_POINT('',(-3.27208040263806,380.,9.83611649816288));
#3003=CARTESIAN_POINT('Origin',(-3.29999999999998,380.,9.03660383654756));
#3004=CARTESIAN_POINT('',(-3.27208040263799,-19.9999999999999,9.8361164981629));
#3005=CARTESIAN_POINT('',(-3.27208040263804,589.6,9.83611649816281));
#3006=CARTESIAN_POINT('',(-2.50048733838467,-19.9999999999999,9.00868423918567));
#3007=CARTESIAN_POINT('Origin',(-3.29999999999995,-19.9999999999999,9.03660383654762));
#3008=CARTESIAN_POINT('',(-2.50048733838471,589.6,9.00868423918558));
#3009=CARTESIAN_POINT('',(-2.50048733838467,-5.89714161649967,9.00868423918567));
#3010=CARTESIAN_POINT('',(-2.50048733838471,589.6,9.00868423918558));
#3011=CARTESIAN_POINT('Ctrl Pts',(-2.49999999999995,-5.94650688184276,9.03660383654762));
#3012=CARTESIAN_POINT('Ctrl Pts',(-2.49999999999995,-5.94650688184276,9.03819211843985));
#3013=CARTESIAN_POINT('Ctrl Pts',(-2.50000484335703,-5.94626335980871,9.03978806950779));
#3014=CARTESIAN_POINT('Ctrl Pts',(-2.50002316718476,-5.94532152804937,9.04288707423399));
#3015=CARTESIAN_POINT('Ctrl Pts',(-2.50003673208865,-5.94461999437504,9.04438914667215));
#3016=CARTESIAN_POINT('Ctrl Pts',(-2.50008523893261,-5.94201287428223,9.04863357981154));
#3017=CARTESIAN_POINT('Ctrl Pts',(-2.50012892117643,-5.93955155821314,9.05109704825511));
#3018=CARTESIAN_POINT('Ctrl Pts',(-2.50022237911015,-5.93369555349391,9.05564361117682));
#3019=CARTESIAN_POINT('Ctrl Pts',(-2.50028499168801,-5.92919564159389,9.05801167662626));
#3020=CARTESIAN_POINT('Ctrl Pts',(-2.5004237515207,-5.91685247752896,9.06284595318528));
#3021=CARTESIAN_POINT('Ctrl Pts',(-2.50048733838469,-5.90616063502437,9.06452343391004));
#3022=CARTESIAN_POINT('Ctrl Pts',(-2.50048733838469,-5.88812259797497,9.06452343391004));
#3023=CARTESIAN_POINT('Ctrl Pts',(-2.5004237515207,-5.87743075547038,9.06284595318528));
#3024=CARTESIAN_POINT('Ctrl Pts',(-2.50028499168801,-5.86508759140545,9.05801167662626));
#3025=CARTESIAN_POINT('Ctrl Pts',(-2.50022237911015,-5.86058767950544,9.05564361117684));
#3026=CARTESIAN_POINT('Ctrl Pts',(-2.50012892117643,-5.85473167478619,9.05109704825514));
#3027=CARTESIAN_POINT('Ctrl Pts',(-2.50008523893261,-5.85227035871714,9.04863357981154));
#3028=CARTESIAN_POINT('Ctrl Pts',(-2.50003673208865,-5.84966323862432,9.04438914667215));
#3029=CARTESIAN_POINT('Ctrl Pts',(-2.50002316718477,-5.84896170494995,9.042887074234));
#3030=CARTESIAN_POINT('Ctrl Pts',(-2.50000484335703,-5.84801987319061,9.0397880695078));
#3031=CARTESIAN_POINT('Ctrl Pts',(-2.49999999999995,-5.84777635115658,9.03819211843985));
#3032=CARTESIAN_POINT('Ctrl Pts',(-2.49999999999995,-5.84777635115658,9.03501555465538));
#3033=CARTESIAN_POINT('Ctrl Pts',(-2.50000484335703,-5.84801987319061,9.03341960358743));
#3034=CARTESIAN_POINT('Ctrl Pts',(-2.50002316718477,-5.84896170494995,9.03032059886124));
#3035=CARTESIAN_POINT('Ctrl Pts',(-2.50003673208865,-5.84966323862432,9.02881852642308));
#3036=CARTESIAN_POINT('Ctrl Pts',(-2.50008523893261,-5.85227035871714,9.02457409328369));
#3037=CARTESIAN_POINT('Ctrl Pts',(-2.50012892117643,-5.85473167478619,9.0221106248401));
#3038=CARTESIAN_POINT('Ctrl Pts',(-2.50022237911015,-5.86058767950544,9.0175640619184));
#3039=CARTESIAN_POINT('Ctrl Pts',(-2.50028499168801,-5.86508759140545,9.01519599646897));
#3040=CARTESIAN_POINT('Ctrl Pts',(-2.5004237515207,-5.87743075547038,9.01036171990995));
#3041=CARTESIAN_POINT('Ctrl Pts',(-2.50048733838469,-5.88812259797497,9.00868423918519));
#3042=CARTESIAN_POINT('Ctrl Pts',(-2.50048733838469,-5.90616063502437,9.00868423918519));
#3043=CARTESIAN_POINT('Ctrl Pts',(-2.5004237515207,-5.91685247752896,9.01036171990995));
#3044=CARTESIAN_POINT('Ctrl Pts',(-2.50028499168801,-5.92919564159389,9.01519599646897));
#3045=CARTESIAN_POINT('Ctrl Pts',(-2.50022237911015,-5.93369555349391,9.01756406191842));
#3046=CARTESIAN_POINT('Ctrl Pts',(-2.50012892117643,-5.93955155821314,9.02211062484012));
#3047=CARTESIAN_POINT('Ctrl Pts',(-2.50008523893261,-5.94201287428222,9.0245740932837));
#3048=CARTESIAN_POINT('Ctrl Pts',(-2.50003673208865,-5.94461999437504,9.02881852642309));
#3049=CARTESIAN_POINT('Ctrl Pts',(-2.50002316718476,-5.94532152804937,9.03032059886124));
#3050=CARTESIAN_POINT('Ctrl Pts',(-2.50000484335703,-5.94626335980871,9.03341960358744));
#3051=CARTESIAN_POINT('Ctrl Pts',(-2.49999999999995,-5.94650688184276,9.03501555465539));
#3052=CARTESIAN_POINT('Ctrl Pts',(-2.49999999999995,-5.94650688184276,9.03660383654762));
#3053=CARTESIAN_POINT('',(-2.50048733838471,589.6,9.00868423918558));
#3054=CARTESIAN_POINT('Origin',(3.30000000000009,589.6,9.03660383654759));
#3055=CARTESIAN_POINT('',(3.27208040263811,380.,9.83611649816294));
#3056=CARTESIAN_POINT('',(2.50048733838478,380.,9.0086842391857));
#3057=CARTESIAN_POINT('Origin',(3.30000000000006,380.,9.03660383654758));
#3058=CARTESIAN_POINT('',(2.50048733838474,-5.89714161649967,9.00868423918562));
#3059=CARTESIAN_POINT('',(2.50048733838481,589.6,9.00868423918564));
#3060=CARTESIAN_POINT('Ctrl Pts',(2.50000000000002,-5.84777635115657,9.03660383654757));
#3061=CARTESIAN_POINT('Ctrl Pts',(2.50000000000002,-5.84777635115657,9.0381921184398));
#3062=CARTESIAN_POINT('Ctrl Pts',(2.5000048433571,-5.84801987319058,9.03978806950777));
#3063=CARTESIAN_POINT('Ctrl Pts',(2.50002316718484,-5.84896170494992,9.04288707423397));
#3064=CARTESIAN_POINT('Ctrl Pts',(2.50003673208872,-5.84966323862427,9.04438914667213));
#3065=CARTESIAN_POINT('Ctrl Pts',(2.50008523893268,-5.85227035871709,9.04863357981153));
#3066=CARTESIAN_POINT('Ctrl Pts',(2.5001289211765,-5.85473167478619,9.05109704825509));
#3067=CARTESIAN_POINT('Ctrl Pts',(2.50022237911023,-5.86058767950544,9.05564361117679));
#3068=CARTESIAN_POINT('Ctrl Pts',(2.50028499168808,-5.86508759140545,9.05801167662624));
#3069=CARTESIAN_POINT('Ctrl Pts',(2.50042375152077,-5.87743075547038,9.06284595318525));
#3070=CARTESIAN_POINT('Ctrl Pts',(2.50048733838476,-5.88812259797497,9.06452343391001));
#3071=CARTESIAN_POINT('Ctrl Pts',(2.50048733838476,-5.90616063502437,9.06452343391001));
#3072=CARTESIAN_POINT('Ctrl Pts',(2.50042375152077,-5.91685247752896,9.06284595318525));
#3073=CARTESIAN_POINT('Ctrl Pts',(2.50028499168808,-5.92919564159391,9.05801167662623));
#3074=CARTESIAN_POINT('Ctrl Pts',(2.50022237911023,-5.93369555349396,9.05564361117681));
#3075=CARTESIAN_POINT('Ctrl Pts',(2.5001289211765,-5.93955155821321,9.05109704825509));
#3076=CARTESIAN_POINT('Ctrl Pts',(2.50008523893268,-5.94201287428224,9.0486335798115));
#3077=CARTESIAN_POINT('Ctrl Pts',(2.50003673208872,-5.94461999437505,9.04438914667211));
#3078=CARTESIAN_POINT('Ctrl Pts',(2.50002316718484,-5.94532152804944,9.04288707423396));
#3079=CARTESIAN_POINT('Ctrl Pts',(2.5000048433571,-5.94626335980878,9.03978806950777));
#3080=CARTESIAN_POINT('Ctrl Pts',(2.50000000000002,-5.94650688184277,9.0381921184398));
#3081=CARTESIAN_POINT('Ctrl Pts',(2.50000000000002,-5.94650688184277,9.03501555465534));
#3082=CARTESIAN_POINT('Ctrl Pts',(2.5000048433571,-5.94626335980878,9.03341960358737));
#3083=CARTESIAN_POINT('Ctrl Pts',(2.50002316718484,-5.94532152804944,9.03032059886118));
#3084=CARTESIAN_POINT('Ctrl Pts',(2.50003673208872,-5.94461999437505,9.02881852642303));
#3085=CARTESIAN_POINT('Ctrl Pts',(2.50008523893268,-5.94201287428224,9.02457409328365));
#3086=CARTESIAN_POINT('Ctrl Pts',(2.5001289211765,-5.93955155821321,9.02211062484005));
#3087=CARTESIAN_POINT('Ctrl Pts',(2.50022237911023,-5.93369555349396,9.01756406191833));
#3088=CARTESIAN_POINT('Ctrl Pts',(2.50028499168808,-5.92919564159391,9.01519599646891));
#3089=CARTESIAN_POINT('Ctrl Pts',(2.50042375152077,-5.91685247752896,9.01036171990989));
#3090=CARTESIAN_POINT('Ctrl Pts',(2.50048733838476,-5.90616063502437,9.00868423918513));
#3091=CARTESIAN_POINT('Ctrl Pts',(2.50048733838476,-5.88812259797497,9.00868423918513));
#3092=CARTESIAN_POINT('Ctrl Pts',(2.50042375152077,-5.87743075547038,9.01036171990989));
#3093=CARTESIAN_POINT('Ctrl Pts',(2.50028499168808,-5.86508759140545,9.0151959964689));
#3094=CARTESIAN_POINT('Ctrl Pts',(2.50022237911023,-5.86058767950544,9.01756406191835));
#3095=CARTESIAN_POINT('Ctrl Pts',(2.5001289211765,-5.85473167478619,9.02211062484005));
#3096=CARTESIAN_POINT('Ctrl Pts',(2.50008523893268,-5.85227035871709,9.02457409328362));
#3097=CARTESIAN_POINT('Ctrl Pts',(2.50003673208872,-5.84966323862427,9.02881852642301));
#3098=CARTESIAN_POINT('Ctrl Pts',(2.50002316718484,-5.84896170494992,9.03032059886117));
#3099=CARTESIAN_POINT('Ctrl Pts',(2.5000048433571,-5.84801987319058,9.03341960358737));
#3100=CARTESIAN_POINT('Ctrl Pts',(2.50000000000002,-5.84777635115657,9.03501555465534));
#3101=CARTESIAN_POINT('Ctrl Pts',(2.50000000000002,-5.84777635115657,9.03660383654757));
#3102=CARTESIAN_POINT('',(2.50048733838481,589.6,9.00868423918564));
#3103=CARTESIAN_POINT('',(2.50048733838474,-19.9999999999999,9.00868423918562));
#3104=CARTESIAN_POINT('',(2.50048733838481,589.6,9.00868423918564));
#3105=CARTESIAN_POINT('',(3.27208040263806,-19.9999999999999,9.83611649816285));
#3106=CARTESIAN_POINT('Origin',(3.30000000000002,-19.9999999999999,9.03660383654757));
#3107=CARTESIAN_POINT('',(3.27208040263813,589.6,9.83611649816287));
#3108=CARTESIAN_POINT('Origin',(-0.0902524338332711,367.138222080642,-12.2419756813925));
#3109=CARTESIAN_POINT('Origin',(-11.7120683392782,-9.99999999999998,0.0136752738619883));
#3110=CARTESIAN_POINT('Origin',(-11.7120683392782,-9.99999999999998,0.0136752738619883));
#3111=CARTESIAN_POINT('',(-9.00868423918556,-9.99999999999998,2.50048733838469));
#3112=CARTESIAN_POINT('Ctrl Pts',(-9.04065064555114,-9.94348301299555,2.5000102354799));
#3113=CARTESIAN_POINT('Ctrl Pts',(-9.04246902224451,-9.94348301299555,2.50001943387655));
#3114=CARTESIAN_POINT('Ctrl Pts',(-9.04429614789325,-9.94376179941176,2.50003502508768));
#3115=CARTESIAN_POINT('Ctrl Pts',(-9.04784398173524,-9.94484002599108,2.5000769906595));
#3116=CARTESIAN_POINT('Ctrl Pts',(-9.04956356593573,-9.94564315703797,2.5001034700175));
#3117=CARTESIAN_POINT('Ctrl Pts',(-9.05442254071762,-9.94862787158114,2.50019163205021));
#3118=CARTESIAN_POINT('Ctrl Pts',(-9.05724255743086,-9.95144569876683,2.50026315634091));
#3119=CARTESIAN_POINT('Ctrl Pts',(-9.06244696606865,-9.9581499542914,2.50041198832498));
#3120=CARTESIAN_POINT('Ctrl Pts',(-9.06515748480386,-9.96330169366401,2.50050777218913));
#3121=CARTESIAN_POINT('Ctrl Pts',(-9.07069079590743,-9.97743311616294,2.50071765243711));
#3122=CARTESIAN_POINT('Ctrl Pts',(-9.07261058917103,-9.9896741536976,2.50081071468296));
#3123=CARTESIAN_POINT('Ctrl Pts',(-9.07261058917101,-10.0103258463025,2.50081071468296));
#3124=CARTESIAN_POINT('Ctrl Pts',(-9.07069079590741,-10.0225668838372,2.50071765243711));
#3125=CARTESIAN_POINT('Ctrl Pts',(-9.06515748480383,-10.036698306336,2.50050777218913));
#3126=CARTESIAN_POINT('Ctrl Pts',(-9.06244696606856,-10.0418500457086,2.50041198832498));
#3127=CARTESIAN_POINT('Ctrl Pts',(-9.05724255743079,-10.0485543012331,2.50026315634091));
#3128=CARTESIAN_POINT('Ctrl Pts',(-9.05442254071759,-10.0513721284189,2.50019163205021));
#3129=CARTESIAN_POINT('Ctrl Pts',(-9.0495635659357,-10.054356842962,2.5001034700175));
#3130=CARTESIAN_POINT('Ctrl Pts',(-9.0478439817352,-10.0551599740089,2.5000769906595));
#3131=CARTESIAN_POINT('Ctrl Pts',(-9.04429614789323,-10.0562382005882,2.50003502508768));
#3132=CARTESIAN_POINT('Ctrl Pts',(-9.04246902224451,-10.0565169870044,2.50001943387655));
#3133=CARTESIAN_POINT('Ctrl Pts',(-9.03883226885777,-10.0565169870044,2.50000103708324));
#3134=CARTESIAN_POINT('Ctrl Pts',(-9.03700507898138,-10.0562382005882,2.49999814266164));
#3135=CARTESIAN_POINT('Ctrl Pts',(-9.03345700214596,-10.0551599740089,2.50000421303018));
#3136=CARTESIAN_POINT('Ctrl Pts',(-9.03173723805991,-10.054356842962,2.50001329418357));
#3137=CARTESIAN_POINT('Ctrl Pts',(-9.02687762002027,-10.0513721284189,2.50005229397612));
#3138=CARTESIAN_POINT('Ctrl Pts',(-9.02405702402366,-10.0485543012331,2.50009528479888));
#3139=CARTESIAN_POINT('Ctrl Pts',(-9.01885137601501,-10.0418500457086,2.50019145672049));
#3140=CARTESIAN_POINT('Ctrl Pts',(-9.01614002696105,-10.036698306336,2.50025981365449));
#3141=CARTESIAN_POINT('Ctrl Pts',(-9.01060487570011,-10.0225668838372,2.50041370324467));
#3142=CARTESIAN_POINT('Ctrl Pts',(-9.00868423918511,-10.0103258463025,2.50048733838471));
#3143=CARTESIAN_POINT('Ctrl Pts',(-9.00868423918509,-9.9896741536976,2.50048733838471));
#3144=CARTESIAN_POINT('Ctrl Pts',(-9.01060487570009,-9.97743311616294,2.50041370324467));
#3145=CARTESIAN_POINT('Ctrl Pts',(-9.01614002696102,-9.96330169366401,2.50025981365449));
#3146=CARTESIAN_POINT('Ctrl Pts',(-9.01885137601493,-9.9581499542914,2.50019145672049));
#3147=CARTESIAN_POINT('Ctrl Pts',(-9.02405702402359,-9.95144569876683,2.50009528479888));
#3148=CARTESIAN_POINT('Ctrl Pts',(-9.02687762002022,-9.94862787158112,2.50005229397612));
#3149=CARTESIAN_POINT('Ctrl Pts',(-9.03173723805987,-9.94564315703796,2.50001329418357));
#3150=CARTESIAN_POINT('Ctrl Pts',(-9.03345700214592,-9.94484002599111,2.50000421303018));
#3151=CARTESIAN_POINT('Ctrl Pts',(-9.03700507898136,-9.94376179941179,2.49999814266164));
#3152=CARTESIAN_POINT('Ctrl Pts',(-9.03883226885777,-9.94348301299555,2.50000103708324));
#3153=CARTESIAN_POINT('Ctrl Pts',(-9.04065064555114,-9.94348301299555,2.5000102354799));
#3154=CARTESIAN_POINT('Origin',(-9.03660383654757,589.6,3.29999999999988));
#3155=CARTESIAN_POINT('',(-9.0086842391856,589.6,2.5004873383846));
#3156=CARTESIAN_POINT('',(-9.00868423918556,-19.9999999999999,2.5004873383847));
#3157=CARTESIAN_POINT('',(-9.0086842391856,589.6,2.5004873383846));
#3158=CARTESIAN_POINT('',(-9.8361164981628,-19.9999999999999,3.27208040263801));
#3159=CARTESIAN_POINT('Origin',(-9.03660383654752,-19.9999999999999,3.29999999999997));
#3160=CARTESIAN_POINT('',(-9.83611649816287,380.,3.27208040263799));
#3161=CARTESIAN_POINT('',(-9.83611649816284,589.6,3.27208040263792));
#3162=CARTESIAN_POINT('',(-9.00868423918563,380.,2.50048733838467));
#3163=CARTESIAN_POINT('Origin',(-9.03660383654755,380.,3.29999999999991));
#3164=CARTESIAN_POINT('',(-9.00868423918559,365.8971416165,2.50048733838464));
#3165=CARTESIAN_POINT('',(-9.0086842391856,589.6,2.5004873383846));
#3166=CARTESIAN_POINT('Ctrl Pts',(-9.03660383654755,365.946506881843,2.49999999999992));
#3167=CARTESIAN_POINT('Ctrl Pts',(-9.03819211843979,365.946506881843,2.49999999999992));
#3168=CARTESIAN_POINT('Ctrl Pts',(-9.03978806950778,365.946263359809,2.50000484335699));
#3169=CARTESIAN_POINT('Ctrl Pts',(-9.042887074234,365.94532152805,2.50002316718473));
#3170=CARTESIAN_POINT('Ctrl Pts',(-9.04438914667216,365.944619994375,2.50003673208861));
#3171=CARTESIAN_POINT('Ctrl Pts',(-9.04863357981155,365.942012874282,2.50008523893258));
#3172=CARTESIAN_POINT('Ctrl Pts',(-9.05109704825516,365.939551558213,2.5001289211764));
#3173=CARTESIAN_POINT('Ctrl Pts',(-9.05564361117688,365.933695553494,2.50022237911013));
#3174=CARTESIAN_POINT('Ctrl Pts',(-9.05801167662634,365.929195641594,2.50028499168798));
#3175=CARTESIAN_POINT('Ctrl Pts',(-9.06284595318541,365.916852477529,2.50042375152067));
#3176=CARTESIAN_POINT('Ctrl Pts',(-9.06452343391017,365.906160635024,2.50048733838466));
#3177=CARTESIAN_POINT('Ctrl Pts',(-9.06452343391017,365.888122597975,2.50048733838466));
#3178=CARTESIAN_POINT('Ctrl Pts',(-9.0628459531854,365.87743075547,2.50042375152067));
#3179=CARTESIAN_POINT('Ctrl Pts',(-9.05801167662634,365.865087591405,2.50028499168798));
#3180=CARTESIAN_POINT('Ctrl Pts',(-9.0556436111769,365.860587679505,2.50022237911013));
#3181=CARTESIAN_POINT('Ctrl Pts',(-9.05109704825516,365.854731674786,2.5001289211764));
#3182=CARTESIAN_POINT('Ctrl Pts',(-9.04863357981155,365.852270358717,2.50008523893258));
#3183=CARTESIAN_POINT('Ctrl Pts',(-9.04438914667216,365.849663238624,2.50003673208861));
#3184=CARTESIAN_POINT('Ctrl Pts',(-9.042887074234,365.848961704949,2.50002316718473));
#3185=CARTESIAN_POINT('Ctrl Pts',(-9.03978806950778,365.84801987319,2.50000484335699));
#3186=CARTESIAN_POINT('Ctrl Pts',(-9.03819211843979,365.847776351156,2.49999999999992));
#3187=CARTESIAN_POINT('Ctrl Pts',(-9.03501555465531,365.847776351156,2.49999999999992));
#3188=CARTESIAN_POINT('Ctrl Pts',(-9.03341960358732,365.84801987319,2.50000484335699));
#3189=CARTESIAN_POINT('Ctrl Pts',(-9.0303205988611,365.848961704949,2.50002316718473));
#3190=CARTESIAN_POINT('Ctrl Pts',(-9.02881852642294,365.849663238624,2.50003673208861));
#3191=CARTESIAN_POINT('Ctrl Pts',(-9.02457409328355,365.852270358717,2.50008523893258));
#3192=CARTESIAN_POINT('Ctrl Pts',(-9.02211062483994,365.854731674786,2.5001289211764));
#3193=CARTESIAN_POINT('Ctrl Pts',(-9.0175640619182,365.860587679505,2.50022237911013));
#3194=CARTESIAN_POINT('Ctrl Pts',(-9.01519599646876,365.865087591405,2.50028499168798));
#3195=CARTESIAN_POINT('Ctrl Pts',(-9.0103617199097,365.87743075547,2.50042375152067));
#3196=CARTESIAN_POINT('Ctrl Pts',(-9.00868423918493,365.888122597975,2.50048733838466));
#3197=CARTESIAN_POINT('Ctrl Pts',(-9.00868423918493,365.906160635024,2.50048733838466));
#3198=CARTESIAN_POINT('Ctrl Pts',(-9.01036171990969,365.916852477529,2.50042375152067));
#3199=CARTESIAN_POINT('Ctrl Pts',(-9.01519599646875,365.929195641594,2.50028499168798));
#3200=CARTESIAN_POINT('Ctrl Pts',(-9.01756406191821,365.933695553494,2.50022237911013));
#3201=CARTESIAN_POINT('Ctrl Pts',(-9.02211062483994,365.939551558213,2.5001289211764));
#3202=CARTESIAN_POINT('Ctrl Pts',(-9.02457409328355,365.942012874282,2.50008523893258));
#3203=CARTESIAN_POINT('Ctrl Pts',(-9.02881852642294,365.944619994375,2.50003673208861));
#3204=CARTESIAN_POINT('Ctrl Pts',(-9.03032059886108,365.94532152805,2.50002316718473));
#3205=CARTESIAN_POINT('Ctrl Pts',(-9.0334196035873,365.946263359809,2.50000484335699));
#3206=CARTESIAN_POINT('Ctrl Pts',(-9.03501555465531,365.946506881843,2.49999999999992));
#3207=CARTESIAN_POINT('Ctrl Pts',(-9.03660383654755,365.946506881843,2.49999999999992));
#3208=CARTESIAN_POINT('',(-9.0086842391856,589.6,2.5004873383846));
#3209=CARTESIAN_POINT('Origin',(-0.0136752738618817,-9.99999999999996,-11.7120683392784));
#3210=CARTESIAN_POINT('Origin',(-0.0136752738618817,-9.99999999999996,-11.7120683392784));
#3211=CARTESIAN_POINT('Origin',(3.61176228294656E-14,-5.89714161649967,
11.7123106012293));
#3212=CARTESIAN_POINT('Origin',(3.61176228294656E-14,-5.89714161649967,
11.7123106012293));
#3213=CARTESIAN_POINT('Origin',(-11.7123106012293,365.8971416165,9.47227023846182E-15));
#3214=CARTESIAN_POINT('Origin',(-11.7123106012293,365.8971416165,9.47227023846182E-15));
#3215=CARTESIAN_POINT('Origin',(-2.8247342341821,380.,-8.31958050928298));
#3216=CARTESIAN_POINT('',(1.10224477627464,380.,-3.59999999999988));
#3217=CARTESIAN_POINT('',(3.22356511983427,380.,-4.47867965644024));
#3218=CARTESIAN_POINT('Origin',(1.10224477627459,380.,-6.59999999999992));
#3219=CARTESIAN_POINT('',(-1.10224477627448,380.,-3.59999999999993));
#3220=CARTESIAN_POINT('',(-1.41236711709102,380.,-3.59999999999993));
#3221=CARTESIAN_POINT('',(-3.22356511983411,380.,-4.47867965644028));
#3222=CARTESIAN_POINT('Origin',(-1.10224477627448,380.,-6.59999999999993));
#3223=CARTESIAN_POINT('',(-5.524445380431,380.,-6.77955991703715));
#3224=CARTESIAN_POINT('',(-4.08408261163179,380.,-5.33919714823794));
#3225=CARTESIAN_POINT('',(-4.95303254811956,380.,-8.0937194608239));
#3226=CARTESIAN_POINT('Origin',(-4.97990835881178,380.,-7.32409693865637));
#3227=CARTESIAN_POINT('',(-2.83520408319283,380.,-8.01976326117725));
#3228=CARTESIAN_POINT('',(-2.83520408319283,380.,-8.01976326117725));
#3229=CARTESIAN_POINT('',(-2.52491698607637,380.,-8.30911066027225));
#3230=CARTESIAN_POINT('Origin',(-2.8247342341821,380.,-8.31958050928298));
#3231=CARTESIAN_POINT('',(-2.52491698607637,380.,-8.30911066027225));
#3232=CARTESIAN_POINT('',(-7.93020100659503,380.,-9.99878165403813));
#3233=CARTESIAN_POINT('',(-5.35129299786173,380.,-9.90872420192487));
#3234=CARTESIAN_POINT('',(-9.99878165403812,380.,-7.93020100659503));
#3235=CARTESIAN_POINT('Origin',(-7.99999999999992,380.,-7.99999999999993));
#3236=CARTESIAN_POINT('',(-10.001203184565,380.,-7.99954456809401));
#3237=CARTESIAN_POINT('',(-8.30911066027219,380.,-2.52491698607638));
#3238=CARTESIAN_POINT('',(-5.46920854008166,380.,-2.62408855339455));
#3239=CARTESIAN_POINT('',(-8.0197632611772,380.,-2.83520408319284));
#3240=CARTESIAN_POINT('Origin',(-8.31958050928293,380.,-2.8247342341821));
#3241=CARTESIAN_POINT('',(-8.09371946082386,380.,-4.95303254811957));
#3242=CARTESIAN_POINT('',(-8.11224224381731,380.,-5.48345565342512));
#3243=CARTESIAN_POINT('',(-6.77955991703712,380.,-5.52444538043102));
#3244=CARTESIAN_POINT('Origin',(-7.32409693865634,380.,-4.97990835881179));
#3245=CARTESIAN_POINT('',(-4.47867965644023,380.,-3.22356511983415));
#3246=CARTESIAN_POINT('',(-5.3391971482379,380.,-4.08408261163181));
#3247=CARTESIAN_POINT('',(-3.59999999999987,380.,-1.10224477627452));
#3248=CARTESIAN_POINT('Origin',(-6.59999999999987,380.,-1.1022447762745));
#3249=CARTESIAN_POINT('',(-3.59999999999992,380.,1.10224477627455));
#3250=CARTESIAN_POINT('',(-3.59999999999989,380.,-4.15979025464148));
#3251=CARTESIAN_POINT('',(-4.4786796564403,380.,3.22356511983417));
#3252=CARTESIAN_POINT('Origin',(-6.59999999999989,380.,1.10224477627448));
#3253=CARTESIAN_POINT('',(-6.77955991703719,380.,5.52444538043104));
#3254=CARTESIAN_POINT('',(-1.17940689359645,380.,-0.0757076430096261));
#3255=CARTESIAN_POINT('',(-8.09371946082394,380.,4.95303254811958));
#3256=CARTESIAN_POINT('Origin',(-7.32409693865637,380.,4.97990835881178));
#3257=CARTESIAN_POINT('',(-8.01976326117727,380.,2.83520408319286));
#3258=CARTESIAN_POINT('',(-7.82206994413875,380.,-2.82599181586791));
#3259=CARTESIAN_POINT('',(-8.30911066027226,380.,2.52491698607639));
#3260=CARTESIAN_POINT('Origin',(-8.31958050928295,380.,2.82473423418208));
#3261=CARTESIAN_POINT('',(-5.75938083976027,380.,2.61395551340457));
#3262=CARTESIAN_POINT('',(-9.99878165403819,380.,7.93020100659504));
#3263=CARTESIAN_POINT('',(-9.71103088488642,380.,-0.309902901199024));
#3264=CARTESIAN_POINT('',(-7.93020100659512,380.,9.99878165403814));
#3265=CARTESIAN_POINT('Origin',(-7.99999999999996,380.,7.99999999999991));
#3266=CARTESIAN_POINT('',(-5.06112069818331,380.,9.89859116193492));
#3267=CARTESIAN_POINT('',(-2.52491698607645,380.,8.30911066027228));
#3268=CARTESIAN_POINT('',(-2.81508928575491,380.,-0.000336809020770587));
#3269=CARTESIAN_POINT('',(-2.83520408319291,380.,8.01976326117728));
#3270=CARTESIAN_POINT('Origin',(-2.82473423418214,380.,8.31958050928297));
#3271=CARTESIAN_POINT('',(-4.95303254811963,380.,8.09371946082392));
#3272=CARTESIAN_POINT('',(-2.5450317835144,380.,8.0096302211873));
#3273=CARTESIAN_POINT('',(-5.52444538043107,380.,6.77955991703717));
#3274=CARTESIAN_POINT('Origin',(-4.97990835881182,380.,7.32409693865636));
#3275=CARTESIAN_POINT('',(-3.22356511983418,380.,4.4786796564403));
#3276=CARTESIAN_POINT('',(0.0757076430096647,380.,1.17940689359651));
#3277=CARTESIAN_POINT('',(-1.10224477627454,380.,3.59999999999996));
#3278=CARTESIAN_POINT('Origin',(-1.10224477627451,380.,6.59999999999993));
#3279=CARTESIAN_POINT('',(1.1022447762746,380.,3.60000000000002));
#3280=CARTESIAN_POINT('',(-1.41236711709101,380.,3.59999999999995));
#3281=CARTESIAN_POINT('',(3.22356511983424,380.,4.47867965644037));
#3282=CARTESIAN_POINT('Origin',(1.1022447762746,380.,6.59999999999995));
#3283=CARTESIAN_POINT('',(5.52444538043113,380.,6.77955991703724));
#3284=CARTESIAN_POINT('',(-1.48807476010066,380.,-0.232960223494561));
#3285=CARTESIAN_POINT('',(4.95303254811968,380.,8.09371946082399));
#3286=CARTESIAN_POINT('Origin',(4.97990835881191,380.,7.32409693865639));
#3287=CARTESIAN_POINT('',(2.83520408319296,380.,8.01976326117734));
#3288=CARTESIAN_POINT('',(-0.276261995355809,380.,7.91110847146704));
#3289=CARTESIAN_POINT('',(2.52491698607649,380.,8.30911066027234));
#3290=CARTESIAN_POINT('Origin',(2.82473423418222,380.,8.31958050928299));
#3291=CARTESIAN_POINT('',(2.81164883044308,380.,0.0981849406995269));
#3292=CARTESIAN_POINT('',(7.93020100659516,380.,9.99878165403821));
#3293=CARTESIAN_POINT('',(2.23982691931311,380.,9.80006941221468));
#3294=CARTESIAN_POINT('',(9.99878165403824,380.,7.93020100659512));
#3295=CARTESIAN_POINT('Origin',(8.00000000000005,380.,7.99999999999995));
#3296=CARTESIAN_POINT('',(9.83611649816293,380.,3.27208040263806));
#3297=CARTESIAN_POINT('',(9.70759042957462,380.,-0.408424650919267));
#3298=CARTESIAN_POINT('',(9.00868423918569,380.,2.50048733838475));
#3299=CARTESIAN_POINT('Origin',(9.03660383654765,380.,3.29999999999995));
#3300=CARTESIAN_POINT('',(8.30911066027232,380.,2.52491698607647));
#3301=CARTESIAN_POINT('',(2.93808706089011,380.,2.71247726312491));
#3302=CARTESIAN_POINT('',(8.01976326117732,380.,2.83520408319293));
#3303=CARTESIAN_POINT('Origin',(8.31958050928306,380.,2.82473423418212));
#3304=CARTESIAN_POINT('',(8.09371946082399,380.,4.95303254811965));
#3305=CARTESIAN_POINT('',(7.81862948882698,380.,-2.92451356558816));
#3306=CARTESIAN_POINT('',(6.77955991703724,380.,5.52444538043111));
#3307=CARTESIAN_POINT('Origin',(7.32409693865647,380.,4.97990835881181));
#3308=CARTESIAN_POINT('',(4.47867965644036,380.,3.22356511983424));
#3309=CARTESIAN_POINT('',(-0.232960223494536,380.,-1.4880747601007));
#3310=CARTESIAN_POINT('',(3.59999999999999,380.,1.10224477627461));
#3311=CARTESIAN_POINT('Origin',(6.59999999999999,380.,1.10224477627451));
#3312=CARTESIAN_POINT('',(3.60000000000004,380.,-1.10224477627448));
#3313=CARTESIAN_POINT('',(3.60000000000001,380.,-4.15979025464145));
#3314=CARTESIAN_POINT('',(4.4786796564404,380.,-3.22356511983412));
#3315=CARTESIAN_POINT('Origin',(6.6,380.,-1.10224477627451));
#3316=CARTESIAN_POINT('',(6.77955991703727,380.,-5.52444538043099));
#3317=CARTESIAN_POINT('',(3.92683003114695,380.,-2.67171549454075));
#3318=CARTESIAN_POINT('',(8.09371946082403,380.,-4.95303254811955));
#3319=CARTESIAN_POINT('Origin',(7.32409693865646,380.,-4.97990835881181));
#3320=CARTESIAN_POINT('',(8.01976326117737,380.,-2.83520408319282));
#3321=CARTESIAN_POINT('',(8.10880178850553,380.,-5.38493390370483));
#3322=CARTESIAN_POINT('',(8.30911066027236,380.,-2.52491698607636));
#3323=CARTESIAN_POINT('Origin',(8.31958050928306,380.,-2.82473423418213));
#3324=CARTESIAN_POINT('',(2.64791476121157,380.,-2.72261030311482));
#3325=CARTESIAN_POINT('',(9.99878165403826,380.,-7.93020100659502));
#3326=CARTESIAN_POINT('',(9.99776272925316,380.,-7.90102281837374));
#3327=CARTESIAN_POINT('',(7.93020100659518,380.,-9.99878165403811));
#3328=CARTESIAN_POINT('Origin',(8.00000000000003,380.,-7.99999999999995));
#3329=CARTESIAN_POINT('',(2.5299992189916,380.,-9.8102024522046));
#3330=CARTESIAN_POINT('',(2.52491698607651,380.,-8.3091106602722));
#3331=CARTESIAN_POINT('',(2.52147653076458,380.,-8.40763240999251));
#3332=CARTESIAN_POINT('',(2.83520408319298,380.,-8.01976326117721));
#3333=CARTESIAN_POINT('Origin',(2.8247342341822,380.,-8.31958050928298));
#3334=CARTESIAN_POINT('',(4.9530325481197,380.,-8.09371946082386));
#3335=CARTESIAN_POINT('',(0.0139103043227059,380.,-7.92124151145696));
#3336=CARTESIAN_POINT('',(5.52444538043115,380.,-6.77955991703712));
#3337=CARTESIAN_POINT('Origin',(4.97990835881189,380.,-7.32409693865638));
#3338=CARTESIAN_POINT('',(2.67171549454083,380.,-3.92683003114687));
#3339=CARTESIAN_POINT('',(2.15000000000006,380.,-8.52827951443375E-15));
#3340=CARTESIAN_POINT('Origin',(6.21724893790088E-14,380.,-8.97060203897123E-15));
#3341=CARTESIAN_POINT('Origin',(-2.83520408319288,589.6,8.01976326117721));
#3342=CARTESIAN_POINT('',(-2.83520408319284,-19.9999999999999,8.0197632611773));
#3343=CARTESIAN_POINT('',(-2.83520408319288,589.6,8.01976326117721));
#3344=CARTESIAN_POINT('',(-4.95303254811956,-19.9999999999999,8.09371946082394));
#3345=CARTESIAN_POINT('',(-2.83520408319284,-19.9999999999999,8.0197632611773));
#3346=CARTESIAN_POINT('',(-4.95303254811961,589.6,8.09371946082385));
#3347=CARTESIAN_POINT('Origin',(-2.82473423418215,589.6,8.31958050928294));
#3348=CARTESIAN_POINT('',(-2.52491698607638,-19.9999999999999,8.3091106602723));
#3349=CARTESIAN_POINT('',(-2.52491698607642,589.6,8.30911066027221));
#3350=CARTESIAN_POINT('Origin',(-2.82473423418211,-19.9999999999999,8.31958050928303));
#3351=CARTESIAN_POINT('Origin',(-2.52491698607642,589.6,8.30911066027221));
#3352=CARTESIAN_POINT('',(-2.52491698607638,-19.9999999999999,8.3091106602723));
#3353=CARTESIAN_POINT('Origin',(-7.9302010065951,589.6,9.99878165403807));
#3354=CARTESIAN_POINT('',(-7.93020100659505,-19.9999999999999,9.99878165403817));
#3355=CARTESIAN_POINT('',(-7.9302010065951,589.6,9.99878165403807));
#3356=CARTESIAN_POINT('',(-7.93020100659505,-19.9999999999999,9.99878165403817));
#3357=CARTESIAN_POINT('Origin',(-7.99999999999998,589.6,7.99999999999988));
#3358=CARTESIAN_POINT('',(-9.99878165403813,-19.9999999999999,7.93020100659506));
#3359=CARTESIAN_POINT('',(-9.99878165403817,589.6,7.93020100659497));
#3360=CARTESIAN_POINT('Origin',(-7.99999999999993,-19.9999999999999,7.99999999999997));
#3361=CARTESIAN_POINT('Origin',(-9.99878165403817,589.6,7.93020100659497));
#3362=CARTESIAN_POINT('',(-9.99878165403813,-19.9999999999999,7.93020100659506));
#3363=CARTESIAN_POINT('Origin',(-8.30911066027223,589.6,2.52491698607632));
#3364=CARTESIAN_POINT('',(-8.30911066027219,-19.9999999999999,2.52491698607641));
#3365=CARTESIAN_POINT('',(-8.30911066027223,589.6,2.52491698607632));
#3366=CARTESIAN_POINT('',(-8.30911066027219,-19.9999999999999,2.52491698607641));
#3367=CARTESIAN_POINT('Origin',(-8.31958050928297,589.6,2.82473423418205));
#3368=CARTESIAN_POINT('',(-8.01976326117719,-19.9999999999999,2.83520408319288));
#3369=CARTESIAN_POINT('',(-8.01976326117724,589.6,2.83520408319279));
#3370=CARTESIAN_POINT('Origin',(-8.31958050928293,-19.9999999999999,2.82473423418214));
#3371=CARTESIAN_POINT('Origin',(-8.01976326117724,589.6,2.83520408319279));
#3372=CARTESIAN_POINT('',(-8.09371946082387,-19.9999999999999,4.9530325481196));
#3373=CARTESIAN_POINT('',(-8.09371946082391,589.6,4.95303254811951));
#3374=CARTESIAN_POINT('',(-8.01976326117719,-19.9999999999999,2.83520408319288));
#3375=CARTESIAN_POINT('Origin',(-7.32409693865638,589.6,4.97990835881174));
#3376=CARTESIAN_POINT('',(-6.77955991703712,-19.9999999999999,5.52444538043106));
#3377=CARTESIAN_POINT('',(-6.77955991703716,589.6,5.52444538043097));
#3378=CARTESIAN_POINT('Origin',(-7.32409693865634,-19.9999999999999,4.97990835881184));
#3379=CARTESIAN_POINT('Origin',(-4.47867965644027,589.6,3.22356511983411));
#3380=CARTESIAN_POINT('',(-4.47867965644023,-19.9999999999999,3.2235651198342));
#3381=CARTESIAN_POINT('',(-4.47867965644027,589.6,3.22356511983411));
#3382=CARTESIAN_POINT('',(-4.47867965644023,-19.9999999999999,3.2235651198342));
#3383=CARTESIAN_POINT('Origin',(-6.5999999999999,589.6,1.10224477627445));
#3384=CARTESIAN_POINT('',(-3.59999999999986,-19.9999999999999,1.10224477627457));
#3385=CARTESIAN_POINT('',(-3.5999999999999,589.6,1.10224477627448));
#3386=CARTESIAN_POINT('Origin',(-6.59999999999986,-19.9999999999999,1.10224477627454));
#3387=CARTESIAN_POINT('Origin',(-3.59999999999983,589.6,-4.79949413545455E-14));
#3388=CARTESIAN_POINT('',(-3.59999999999991,-19.9999999999999,-1.10224477627439));
#3389=CARTESIAN_POINT('',(-3.59999999999984,589.6,-1.10224477627459));
#3390=CARTESIAN_POINT('',(-3.5999999999999,-19.9999999999999,1.55131463230873E-13));
#3391=CARTESIAN_POINT('Origin',(-6.59999999999984,589.6,-1.10224477627457));
#3392=CARTESIAN_POINT('',(-4.47867965644028,-19.9999999999999,-3.22356511983401));
#3393=CARTESIAN_POINT('',(-4.47867965644021,589.6,-3.22356511983422));
#3394=CARTESIAN_POINT('Origin',(-6.59999999999991,-19.9999999999999,-1.10224477627436));
#3395=CARTESIAN_POINT('Origin',(-4.47867965644021,589.6,-3.22356511983422));
#3396=CARTESIAN_POINT('',(-6.77955991703716,-19.9999999999999,-5.52444538043089));
#3397=CARTESIAN_POINT('',(-6.7795599170371,589.6,-5.52444538043109));
#3398=CARTESIAN_POINT('',(-4.47867965644028,-19.9999999999999,-3.22356511983401));
#3399=CARTESIAN_POINT('Origin',(-7.32409693865632,589.6,-4.97990835881186));
#3400=CARTESIAN_POINT('',(-8.09371946082391,-19.9999999999999,-4.95303254811943));
#3401=CARTESIAN_POINT('',(-8.09371946082384,589.6,-4.95303254811963));
#3402=CARTESIAN_POINT('Origin',(-7.32409693865639,-19.9999999999999,-4.97990835881166));
#3403=CARTESIAN_POINT('Origin',(-8.01976326117718,589.6,-2.83520408319291));
#3404=CARTESIAN_POINT('',(-8.01976326117724,-19.9999999999999,-2.83520408319271));
#3405=CARTESIAN_POINT('',(-8.01976326117718,589.6,-2.83520408319291));
#3406=CARTESIAN_POINT('',(-8.01976326117724,-19.9999999999999,-2.83520408319271));
#3407=CARTESIAN_POINT('Origin',(-8.31958050928291,589.6,-2.82473423418217));
#3408=CARTESIAN_POINT('',(-8.30911066027224,-19.9999999999999,-2.52491698607624));
#3409=CARTESIAN_POINT('',(-8.30911066027217,589.6,-2.52491698607645));
#3410=CARTESIAN_POINT('Origin',(-8.31958050928298,-19.9999999999999,-2.82473423418197));
#3411=CARTESIAN_POINT('Origin',(-8.30911066027217,589.6,-2.52491698607645));
#3412=CARTESIAN_POINT('',(-8.30911066027224,-19.9999999999999,-2.52491698607624));
#3413=CARTESIAN_POINT('Origin',(-9.99878165403809,589.6,-7.9302010065951));
#3414=CARTESIAN_POINT('',(-9.99878165403816,-19.9999999999999,-7.9302010065949));
#3415=CARTESIAN_POINT('',(-9.99878165403809,589.6,-7.9302010065951));
#3416=CARTESIAN_POINT('',(-9.99878165403816,-19.9999999999999,-7.9302010065949));
#3417=CARTESIAN_POINT('Origin',(-7.9999999999999,589.6,-8.));
#3418=CARTESIAN_POINT('',(-7.93020100659508,-19.9999999999999,-9.99878165403799));
#3419=CARTESIAN_POINT('',(-7.93020100659501,589.6,-9.99878165403819));
#3420=CARTESIAN_POINT('Origin',(-7.99999999999997,-19.9999999999999,-7.99999999999979));
#3421=CARTESIAN_POINT('Origin',(-7.93020100659501,589.6,-9.99878165403819));
#3422=CARTESIAN_POINT('',(-7.93020100659508,-19.9999999999999,-9.99878165403799));
#3423=CARTESIAN_POINT('Origin',(-2.52491698607635,589.6,-8.30911066027232));
#3424=CARTESIAN_POINT('',(-2.52491698607641,-19.9999999999999,-8.30911066027211));
#3425=CARTESIAN_POINT('',(-2.52491698607635,589.6,-8.30911066027232));
#3426=CARTESIAN_POINT('',(-2.52491698607641,-19.9999999999999,-8.30911066027211));
#3427=CARTESIAN_POINT('Origin',(-2.82473423418208,589.6,-8.31958050928305));
#3428=CARTESIAN_POINT('',(-2.83520408319288,-19.9999999999999,-8.01976326117711));
#3429=CARTESIAN_POINT('',(-2.83520408319281,589.6,-8.01976326117732));
#3430=CARTESIAN_POINT('Origin',(-2.82473423418214,-19.9999999999999,-8.31958050928284));
#3431=CARTESIAN_POINT('Origin',(-2.83520408319281,589.6,-8.01976326117732));
#3432=CARTESIAN_POINT('',(-4.9530325481196,-19.9999999999999,-8.09371946082377));
#3433=CARTESIAN_POINT('',(-4.95303254811953,589.6,-8.09371946082397));
#3434=CARTESIAN_POINT('',(-2.83520408319288,-19.9999999999999,-8.01976326117711));
#3435=CARTESIAN_POINT('Origin',(-4.97990835881176,589.6,-7.32409693865644));
#3436=CARTESIAN_POINT('',(-5.52444538043105,-19.9999999999999,-6.77955991703701));
#3437=CARTESIAN_POINT('',(-5.52444538043098,589.6,-6.77955991703721));
#3438=CARTESIAN_POINT('Origin',(-4.97990835881183,-19.9999999999999,-7.32409693865624));
#3439=CARTESIAN_POINT('Origin',(-3.22356511983409,589.6,-4.47867965644035));
#3440=CARTESIAN_POINT('',(-3.22356511983416,-19.9999999999999,-4.47867965644014));
#3441=CARTESIAN_POINT('',(-3.22356511983409,589.6,-4.47867965644035));
#3442=CARTESIAN_POINT('',(-3.22356511983416,-19.9999999999999,-4.47867965644014));
#3443=CARTESIAN_POINT('Origin',(-1.10224477627446,589.6,-6.6));
#3444=CARTESIAN_POINT('',(-1.10224477627452,-19.9999999999999,-3.59999999999979));
#3445=CARTESIAN_POINT('',(-1.10224477627446,589.6,-3.6));
#3446=CARTESIAN_POINT('Origin',(-1.10224477627452,-19.9999999999999,-6.5999999999998));
#3447=CARTESIAN_POINT('Origin',(8.57425241918008E-14,589.6,-3.6));
#3448=CARTESIAN_POINT('',(1.10224477627449,-19.9999999999999,-3.59999999999986));
#3449=CARTESIAN_POINT('',(1.10224477627467,589.6,-3.59999999999995));
#3450=CARTESIAN_POINT('',(1.80633286106513E-14,-19.9999999999999,-3.59999999999979));
#3451=CARTESIAN_POINT('Origin',(1.10224477627465,589.6,-6.59999999999995));
#3452=CARTESIAN_POINT('',(3.22356511983412,-19.9999999999999,-4.47867965644021));
#3453=CARTESIAN_POINT('',(3.2235651198343,589.6,-4.47867965644031));
#3454=CARTESIAN_POINT('Origin',(1.10224477627447,-19.9999999999999,-6.59999999999986));
#3455=CARTESIAN_POINT('Origin',(3.2235651198343,589.6,-4.47867965644031));
#3456=CARTESIAN_POINT('',(5.52444538043099,-20.,-6.77955991703709));
#3457=CARTESIAN_POINT('',(5.52444538043117,589.6,-6.77955991703719));
#3458=CARTESIAN_POINT('',(3.22356511983412,-19.9999999999999,-4.47867965644021));
#3459=CARTESIAN_POINT('Origin',(4.97990835881195,589.6,-7.32409693865641));
#3460=CARTESIAN_POINT('',(4.95303254811954,-20.,-8.09371946082384));
#3461=CARTESIAN_POINT('',(4.95303254811972,589.6,-8.09371946082393));
#3462=CARTESIAN_POINT('Origin',(4.97990835881177,-20.,-7.32409693865632));
#3463=CARTESIAN_POINT('Origin',(-4.97990835881183,589.6,7.32409693865633));
#3464=CARTESIAN_POINT('',(-5.52444538043101,-19.9999999999999,6.77955991703719));
#3465=CARTESIAN_POINT('Origin',(-4.97990835881179,-19.9999999999999,7.32409693865642));
#3466=CARTESIAN_POINT('',(-5.52444538043105,589.6,6.7795599170371));
#3467=CARTESIAN_POINT('Origin',(9.03660383654767,589.6,3.29999999999996));
#3468=CARTESIAN_POINT('',(9.83611649816288,-19.9999999999999,3.27208040263798));
#3469=CARTESIAN_POINT('',(9.83611649816295,589.6,3.272080402638));
#3470=CARTESIAN_POINT('',(9.00868423918564,-19.9999999999999,2.50048733838466));
#3471=CARTESIAN_POINT('Origin',(9.0366038365476,-19.9999999999999,3.29999999999994));
#3472=CARTESIAN_POINT('',(9.00868423918571,589.6,2.50048733838468));
#3473=CARTESIAN_POINT('Origin',(2.82473423418225,589.6,8.319580509283));
#3474=CARTESIAN_POINT('',(2.83520408319291,-19.9999999999999,8.01976326117725));
#3475=CARTESIAN_POINT('',(2.83520408319298,589.6,8.01976326117727));
#3476=CARTESIAN_POINT('',(2.52491698607645,-19.9999999999999,8.30911066027225));
#3477=CARTESIAN_POINT('Origin',(2.82473423418218,-19.9999999999999,8.31958050928298));
#3478=CARTESIAN_POINT('',(2.52491698607652,589.6,8.30911066027227));
#3479=CARTESIAN_POINT('Origin',(7.32409693865652,589.6,-4.97990835881184));
#3480=CARTESIAN_POINT('',(6.77955991703712,-20.,-5.52444538043097));
#3481=CARTESIAN_POINT('',(6.7795599170373,589.6,-5.52444538043106));
#3482=CARTESIAN_POINT('',(8.09371946082387,-20.,-4.95303254811952));
#3483=CARTESIAN_POINT('Origin',(7.32409693865634,-20.,-4.97990835881175));
#3484=CARTESIAN_POINT('',(8.09371946082405,589.6,-4.95303254811961));
#3485=CARTESIAN_POINT('Origin',(8.00000000000009,589.6,-7.99999999999998));
#3486=CARTESIAN_POINT('',(9.9987816540381,-20.,-7.93020100659499));
#3487=CARTESIAN_POINT('',(9.99878165403829,589.6,-7.93020100659508));
#3488=CARTESIAN_POINT('',(7.93020100659502,-20.,-9.99878165403808));
#3489=CARTESIAN_POINT('Origin',(7.99999999999991,-20.,-7.99999999999989));
#3490=CARTESIAN_POINT('',(7.9302010065952,589.6,-9.99878165403817));
#3491=CARTESIAN_POINT('Origin',(8.54427639751521E-14,589.6,-7.87814258274011E-14));
#3492=CARTESIAN_POINT('',(2.15000000000002,-19.9999999999999,1.24698483440585E-13));
#3493=CARTESIAN_POINT('',(2.15000000000009,589.6,-7.83391033028636E-14));
#3494=CARTESIAN_POINT('Origin',(1.77635683940025E-14,-19.9999999999999,
1.24344978758018E-13));
#3495=CARTESIAN_POINT('Origin',(-2.82473423418214,-19.9999999999999,-8.31958050928284));
#3496=CARTESIAN_POINT('',(2.83520408319282,-20.,-8.01976326117718));
#3497=CARTESIAN_POINT('',(2.83520408319282,-20.,-8.01976326117718));
#3498=CARTESIAN_POINT('',(2.52491698607636,-20.,-8.30911066027218));
#3499=CARTESIAN_POINT('Origin',(2.82473423418209,-20.,-8.31958050928291));
#3500=CARTESIAN_POINT('',(2.52491698607636,-20.,-8.30911066027218));
#3501=CARTESIAN_POINT('',(7.93020100659502,-20.,-9.99878165403808));
#3502=CARTESIAN_POINT('',(9.9987816540381,-20.,-7.93020100659499));
#3503=CARTESIAN_POINT('',(8.30911066027221,-20.,-2.52491698607633));
#3504=CARTESIAN_POINT('',(8.30911066027221,-20.,-2.52491698607633));
#3505=CARTESIAN_POINT('',(8.01976326117721,-20.,-2.8352040831928));
#3506=CARTESIAN_POINT('Origin',(8.31958050928294,-20.,-2.82473423418206));
#3507=CARTESIAN_POINT('',(8.01976326117721,-20.,-2.8352040831928));
#3508=CARTESIAN_POINT('',(4.47867965644024,-19.9999999999999,-3.22356511983409));
#3509=CARTESIAN_POINT('',(4.47867965644024,-19.9999999999999,-3.22356511983409));
#3510=CARTESIAN_POINT('',(3.59999999999988,-19.9999999999999,-1.10224477627446));
#3511=CARTESIAN_POINT('Origin',(6.59999999999988,-19.9999999999999,-1.10224477627445));
#3512=CARTESIAN_POINT('',(3.59999999999995,-19.9999999999999,1.10224477627452));
#3513=CARTESIAN_POINT('',(3.59999999999988,-19.9999999999999,8.023581798966E-14));
#3514=CARTESIAN_POINT('',(4.47867965644031,-19.9999999999999,3.22356511983415));
#3515=CARTESIAN_POINT('Origin',(6.59999999999995,-19.9999999999999,1.1022447762745));
#3516=CARTESIAN_POINT('',(6.7795599170372,-19.9999999999999,5.52444538043102));
#3517=CARTESIAN_POINT('',(4.47867965644031,-19.9999999999999,3.22356511983415));
#3518=CARTESIAN_POINT('',(8.09371946082394,-19.9999999999999,4.95303254811957));
#3519=CARTESIAN_POINT('Origin',(7.32409693865642,-19.9999999999999,4.9799083588118));
#3520=CARTESIAN_POINT('',(8.01976326117728,-19.9999999999999,2.83520408319284));
#3521=CARTESIAN_POINT('',(8.01976326117728,-19.9999999999999,2.83520408319284));
#3522=CARTESIAN_POINT('',(8.30911066027227,-19.9999999999999,2.52491698607638));
#3523=CARTESIAN_POINT('Origin',(8.31958050928301,-19.9999999999999,2.82473423418211));
#3524=CARTESIAN_POINT('',(8.30911066027227,-19.9999999999999,2.52491698607638));
#3525=CARTESIAN_POINT('',(9.9987816540382,-19.9999999999999,7.93020100659503));
#3526=CARTESIAN_POINT('',(9.9987816540382,-19.9999999999999,7.93020100659503));
#3527=CARTESIAN_POINT('',(7.93020100659511,-19.9999999999999,9.99878165403813));
#3528=CARTESIAN_POINT('Origin',(8.,-19.9999999999999,7.99999999999993));
#3529=CARTESIAN_POINT('',(7.93020100659511,-19.9999999999999,9.99878165403813));
#3530=CARTESIAN_POINT('',(2.52491698607645,-19.9999999999999,8.30911066027225));
#3531=CARTESIAN_POINT('',(4.95303254811964,-19.9999999999999,8.0937194608239));
#3532=CARTESIAN_POINT('',(2.83520408319291,-19.9999999999999,8.01976326117725));
#3533=CARTESIAN_POINT('',(5.52444538043108,-19.9999999999999,6.77955991703715));
#3534=CARTESIAN_POINT('Origin',(4.97990835881186,-19.9999999999999,7.32409693865637));
#3535=CARTESIAN_POINT('',(3.22356511983419,-19.9999999999999,4.47867965644028));
#3536=CARTESIAN_POINT('',(3.22356511983419,-19.9999999999999,4.47867965644028));
#3537=CARTESIAN_POINT('',(1.10224477627456,-19.9999999999999,3.59999999999993));
#3538=CARTESIAN_POINT('Origin',(1.10224477627456,-19.9999999999999,6.59999999999993));
#3539=CARTESIAN_POINT('',(-1.10224477627448,-19.9999999999999,3.59999999999999));
#3540=CARTESIAN_POINT('',(1.74638081773537E-14,-19.9999999999999,3.59999999999993));
#3541=CARTESIAN_POINT('',(-3.22356511983411,-19.9999999999999,4.47867965644033));
#3542=CARTESIAN_POINT('Origin',(-1.10224477627448,-19.9999999999999,6.59999999999998));
#3543=CARTESIAN_POINT('',(-3.22356511983411,-19.9999999999999,4.47867965644033));
#3544=CARTESIAN_POINT('Origin',(8.31958050928312,589.6,-2.82473423418216));
#3545=CARTESIAN_POINT('',(8.01976326117739,589.6,-2.83520408319289));
#3546=CARTESIAN_POINT('',(8.30911066027239,589.6,-2.52491698607643));
#3547=CARTESIAN_POINT('Origin',(8.30911066027239,589.6,-2.52491698607643));
#3548=CARTESIAN_POINT('Origin',(9.99878165403829,589.6,-7.93020100659508));
#3549=CARTESIAN_POINT('Origin',(7.9302010065952,589.6,-9.99878165403817));
#3550=CARTESIAN_POINT('Origin',(2.52491698607654,589.6,-8.30911066027227));
#3551=CARTESIAN_POINT('',(2.52491698607654,589.6,-8.30911066027227));
#3552=CARTESIAN_POINT('Origin',(2.82473423418226,589.6,-8.31958050928301));
#3553=CARTESIAN_POINT('',(2.835204083193,589.6,-8.01976326117727));
#3554=CARTESIAN_POINT('Origin',(2.835204083193,589.6,-8.01976326117727));
#3555=CARTESIAN_POINT('Origin',(3.60000000000006,589.6,-9.64783808399259E-15));
#3556=CARTESIAN_POINT('',(3.60000000000001,589.6,1.10224477627454));
#3557=CARTESIAN_POINT('',(3.60000000000006,589.6,-1.10224477627455));
#3558=CARTESIAN_POINT('Origin',(6.60000000000006,589.6,-1.10224477627454));
#3559=CARTESIAN_POINT('',(4.47867965644042,589.6,-3.22356511983418));
#3560=CARTESIAN_POINT('Origin',(4.47867965644042,589.6,-3.22356511983418));
#3561=CARTESIAN_POINT('Origin',(8.01976326117739,589.6,-2.83520408319289));
#3562=CARTESIAN_POINT('Origin',(2.52491698607652,589.6,8.30911066027227));
#3563=CARTESIAN_POINT('Origin',(7.93020100659518,589.6,9.99878165403815));
#3564=CARTESIAN_POINT('',(7.93020100659518,589.6,9.99878165403815));
#3565=CARTESIAN_POINT('Origin',(8.00000000000007,589.6,7.99999999999995));
#3566=CARTESIAN_POINT('',(9.99878165403826,589.6,7.93020100659505));
#3567=CARTESIAN_POINT('Origin',(9.99878165403826,589.6,7.93020100659505));
#3568=CARTESIAN_POINT('Origin',(8.30911066027234,589.6,2.5249169860764));
#3569=CARTESIAN_POINT('',(8.30911066027234,589.6,2.5249169860764));
#3570=CARTESIAN_POINT('Origin',(8.31958050928308,589.6,2.82473423418213));
#3571=CARTESIAN_POINT('',(8.01976326117735,589.6,2.83520408319286));
#3572=CARTESIAN_POINT('Origin',(8.01976326117735,589.6,2.83520408319286));
#3573=CARTESIAN_POINT('',(8.09371946082401,589.6,4.95303254811959));
#3574=CARTESIAN_POINT('Origin',(7.32409693865649,589.6,4.97990835881182));
#3575=CARTESIAN_POINT('',(6.77955991703727,589.6,5.52444538043104));
#3576=CARTESIAN_POINT('Origin',(4.47867965644038,589.6,3.22356511983417));
#3577=CARTESIAN_POINT('',(4.47867965644038,589.6,3.22356511983417));
#3578=CARTESIAN_POINT('Origin',(6.60000000000001,589.6,1.10224477627452));
#3579=CARTESIAN_POINT('Origin',(8.51430037585033E-14,589.6,3.59999999999995));
#3580=CARTESIAN_POINT('',(-1.10224477627452,589.6,3.59999999999989));
#3581=CARTESIAN_POINT('',(1.10224477627463,589.6,3.59999999999995));
#3582=CARTESIAN_POINT('Origin',(1.10224477627463,589.6,6.59999999999995));
#3583=CARTESIAN_POINT('',(3.22356511983426,589.6,4.4786796564403));
#3584=CARTESIAN_POINT('Origin',(3.22356511983426,589.6,4.4786796564403));
#3585=CARTESIAN_POINT('',(5.52444538043115,589.6,6.77955991703717));
#3586=CARTESIAN_POINT('Origin',(4.97990835881193,589.6,7.32409693865639));
#3587=CARTESIAN_POINT('',(4.9530325481197,589.6,8.09371946082392));
#3588=CARTESIAN_POINT('Origin',(2.83520408319298,589.6,8.01976326117727));
#3589=CARTESIAN_POINT('Origin',(-3.22356511983416,589.6,4.47867965644024));
#3590=CARTESIAN_POINT('',(-3.22356511983416,589.6,4.47867965644024));
#3591=CARTESIAN_POINT('Origin',(-1.10224477627453,589.6,6.59999999999989));
#3592=UNCERTAINTY_MEASURE_WITH_UNIT(LENGTH_MEASURE(0.01),#3596,
'DISTANCE_ACCURACY_VALUE',
'Maximum model space distance between geometric entities at asserted c
onnectivities');
#3593=UNCERTAINTY_MEASURE_WITH_UNIT(LENGTH_MEASURE(0.01),#3596,
'DISTANCE_ACCURACY_VALUE',
'Maximum model space distance between geometric entities at asserted c
onnectivities');
#3594=(
GEOMETRIC_REPRESENTATION_CONTEXT(3)
GLOBAL_UNCERTAINTY_ASSIGNED_CONTEXT((#3592))
GLOBAL_UNIT_ASSIGNED_CONTEXT((#3596,#3598,#3599))
REPRESENTATION_CONTEXT('','3D')
);
#3595=(
GEOMETRIC_REPRESENTATION_CONTEXT(3)
GLOBAL_UNCERTAINTY_ASSIGNED_CONTEXT((#3593))
GLOBAL_UNIT_ASSIGNED_CONTEXT((#3596,#3598,#3599))
REPRESENTATION_CONTEXT('','3D')
);
#3596=(
LENGTH_UNIT()
NAMED_UNIT(*)
SI_UNIT(.MILLI.,.METRE.)
);
#3597=(
LENGTH_UNIT()
NAMED_UNIT(*)
SI_UNIT($,.METRE.)
);
#3598=(
NAMED_UNIT(*)
PLANE_ANGLE_UNIT()
SI_UNIT($,.RADIAN.)
);
#3599=(
NAMED_UNIT(*)
SI_UNIT($,.STERADIAN.)
SOLID_ANGLE_UNIT()
);
#3600=SHAPE_DEFINITION_REPRESENTATION(#3601,#3602);
#3601=PRODUCT_DEFINITION_SHAPE('',$,#3604);
#3602=SHAPE_REPRESENTATION('',(#1758),#3594);
#3603=PRODUCT_DEFINITION_CONTEXT('part definition',#3608,'design');
#3604=PRODUCT_DEFINITION('2026-08-29-22-59-09-799',
'2020_400mm_Aluminum_Extrusion',#3605,#3603);
#3605=PRODUCT_DEFINITION_FORMATION('',$,#3610);
#3606=PRODUCT_RELATED_PRODUCT_CATEGORY('2020_400mm_Aluminum_Extrusion',
'2020_400mm_Aluminum_Extrusion',(#3610));
#3607=APPLICATION_PROTOCOL_DEFINITION('international standard',
'automotive_design',2009,#3608);
#3608=APPLICATION_CONTEXT(
'Core Data for Automotive Mechanical Design Process');
#3609=PRODUCT_CONTEXT('part definition',#3608,'mechanical');
#3610=PRODUCT('2026-08-29-22-59-09-799','2020_400mm_Aluminum_Extrusion',
$,(#3609));
#3611=PRESENTATION_STYLE_ASSIGNMENT((#3613));
#3612=PRESENTATION_STYLE_ASSIGNMENT((#3614));
#3613=SURFACE_STYLE_USAGE(.BOTH.,#3615);
#3614=SURFACE_STYLE_USAGE(.BOTH.,#3616);
#3615=SURFACE_SIDE_STYLE('',(#3617));
#3616=SURFACE_SIDE_STYLE('',(#3618));
#3617=SURFACE_STYLE_FILL_AREA(#3619);
#3618=SURFACE_STYLE_FILL_AREA(#3620);
#3619=FILL_AREA_STYLE('Steel - Satin',(#3621));
#3620=FILL_AREA_STYLE('Paint - Metallic (Black)',(#3622));
#3621=FILL_AREA_STYLE_COLOUR('Steel - Satin',#3623);
#3622=FILL_AREA_STYLE_COLOUR('Paint - Metallic (Black)',#3624);
#3623=COLOUR_RGB('Steel - Satin',0.627450980392157,0.627450980392157,0.627450980392157);
#3624=COLOUR_RGB('Paint - Metallic (Black)',0.0980392156862745,0.0980392156862745,
0.0980392156862745);
ENDSEC;
END-ISO-10303-21;
