ISO-10303-21;
HEADER;
/* Generated by software containing ST-Developer
 * from STEP Tools, Inc. (www.steptools.com) 
 */

FILE_DESCRIPTION(
/* description */ (''),
/* implementation_level */ '2;1');

FILE_NAME(
/* name */ 'Front_Right_Base_Plate.step',
/* time_stamp */ '2026-08-29T22:44:30-05:00',
/* author */ (''),
/* organization */ (''),
/* preprocessor_version */ 'ST-DEVELOPER v20.1',
/* originating_system */ 'Autodesk Translation Framework v15.8.0.0',
/* authorisation */ '');

FILE_SCHEMA (('AUTOMOTIVE_DESIGN { 1 0 10303 214 3 1 1 }'));
ENDSEC;

DATA;
#10=MECHANICAL_DESIGN_GEOMETRIC_PRESENTATION_REPRESENTATION('',(#13),#2747);
#11=SHAPE_REPRESENTATION_RELATIONSHIP('SRR','None',#2754,#12);
#12=ADVANCED_BREP_SHAPE_REPRESENTATION('',(#14),#2746);
#13=STYLED_ITEM('',(#2764),#14);
#14=MANIFOLD_SOLID_BREP('Body1',#1581);
#15=TOROIDAL_SURFACE('',#1679,2.25,0.75);
#16=TOROIDAL_SURFACE('',#1682,3.,1.5);
#17=TOROIDAL_SURFACE('',#1692,2.25000000000002,0.75);
#18=TOROIDAL_SURFACE('',#1695,3.,1.5);
#19=B_SPLINE_CURVE_WITH_KNOTS('',3,(#2482,#2483,#2484,#2485,#2486,#2487,
#2488,#2489,#2490,#2491),.UNSPECIFIED.,.F.,.F.,(4,2,2,2,4),(0.,0.0498966111077836,
0.0997932222155671,0.133798727069308,0.167804231923049),.UNSPECIFIED.);
#20=B_SPLINE_CURVE_WITH_KNOTS('',3,(#2500,#2501,#2502,#2503,#2504,#2505),
 .UNSPECIFIED.,.F.,.F.,(4,2,4),(0.,0.109266546637899,0.175773973436765),
 .UNSPECIFIED.);
#21=B_SPLINE_CURVE_WITH_KNOTS('',3,(#2511,#2512,#2513,#2514),
 .UNSPECIFIED.,.F.,.F.,(4,4),(1.03905014128493,1.04933742860113),
 .UNSPECIFIED.);
#22=B_SPLINE_CURVE_WITH_KNOTS('',3,(#2516,#2517,#2518,#2519,#2520,#2521,
#2522,#2523),.UNSPECIFIED.,.F.,.F.,(4,2,2,4),(0.0102872873161995,0.176344228699364,
0.233691648621366,0.239543522940731),.UNSPECIFIED.);
#23=B_SPLINE_CURVE_WITH_KNOTS('',3,(#2524,#2525,#2526,#2527,#2528,#2529),
 .UNSPECIFIED.,.F.,.F.,(4,2,4),(0.,0.0533506158687171,0.0600158971353083),
 .UNSPECIFIED.);
#24=B_SPLINE_CURVE_WITH_KNOTS('',3,(#2552,#2553,#2554,#2555,#2556,#2557,
#2558,#2559,#2560,#2561),.UNSPECIFIED.,.F.,.F.,(4,2,2,2,4),(0.40083408330905,
0.43483958816279,0.46884509301653,0.518741704124314,0.568638315232098),
 .UNSPECIFIED.);
#25=B_SPLINE_CURVE_WITH_KNOTS('',3,(#2570,#2571,#2572,#2573,#2574,#2575),
 .UNSPECIFIED.,.F.,.F.,(4,2,4),(0.425123531522294,0.491630958321161,0.600897504959059),
 .UNSPECIFIED.);
#26=B_SPLINE_CURVE_WITH_KNOTS('',3,(#2581,#2582,#2583,#2584),
 .UNSPECIFIED.,.F.,.F.,(4,4),(0.,0.010287287316214),.UNSPECIFIED.);
#27=B_SPLINE_CURVE_WITH_KNOTS('',3,(#2587,#2588,#2589,#2590,#2591,#2592),
 .UNSPECIFIED.,.F.,.F.,(4,2,4),(0.0456919817146681,0.0524322880275493,0.105963722463506),
 .UNSPECIFIED.);
#28=B_SPLINE_CURVE_WITH_KNOTS('',3,(#2593,#2594,#2595,#2596,#2597,#2598,
#2599,#2600),.UNSPECIFIED.,.F.,.F.,(4,2,2,4),(0.809793905660358,0.815645779979766,
0.872993199901768,1.03905014128491),.UNSPECIFIED.);
#29=FACE_BOUND('',#194,.T.);
#30=FACE_BOUND('',#195,.T.);
#31=FACE_BOUND('',#196,.T.);
#32=FACE_BOUND('',#197,.T.);
#33=FACE_BOUND('',#198,.T.);
#34=FACE_BOUND('',#199,.T.);
#35=FACE_BOUND('',#200,.T.);
#36=FACE_BOUND('',#201,.T.);
#37=FACE_BOUND('',#202,.T.);
#38=FACE_BOUND('',#203,.T.);
#39=FACE_BOUND('',#240,.T.);
#40=FACE_BOUND('',#241,.T.);
#41=FACE_BOUND('',#250,.T.);
#42=FACE_BOUND('',#251,.T.);
#43=FACE_BOUND('',#259,.T.);
#44=FACE_BOUND('',#260,.T.);
#45=FACE_BOUND('',#274,.T.);
#46=FACE_BOUND('',#275,.T.);
#47=FACE_BOUND('',#279,.T.);
#48=FACE_BOUND('',#280,.T.);
#49=PLANE('',#1598);
#50=PLANE('',#1602);
#51=PLANE('',#1603);
#52=PLANE('',#1604);
#53=PLANE('',#1619);
#54=PLANE('',#1620);
#55=PLANE('',#1621);
#56=PLANE('',#1622);
#57=PLANE('',#1623);
#58=PLANE('',#1624);
#59=PLANE('',#1627);
#60=PLANE('',#1630);
#61=PLANE('',#1633);
#62=PLANE('',#1636);
#63=PLANE('',#1639);
#64=PLANE('',#1642);
#65=PLANE('',#1645);
#66=PLANE('',#1648);
#67=PLANE('',#1651);
#68=PLANE('',#1654);
#69=PLANE('',#1658);
#70=PLANE('',#1662);
#71=PLANE('',#1663);
#72=PLANE('',#1664);
#73=PLANE('',#1665);
#74=PLANE('',#1666);
#75=PLANE('',#1667);
#76=PLANE('',#1668);
#77=PLANE('',#1673);
#78=PLANE('',#1674);
#79=PLANE('',#1675);
#80=PLANE('',#1676);
#81=PLANE('',#1684);
#82=PLANE('',#1698);
#83=PLANE('',#1700);
#84=PLANE('',#1708);
#85=PLANE('',#1711);
#86=PLANE('',#1715);
#87=PLANE('',#1723);
#88=PLANE('',#1725);
#89=PLANE('',#1733);
#90=PLANE('',#1735);
#91=PLANE('',#1742);
#92=PLANE('',#1746);
#93=PLANE('',#1750);
#94=PLANE('',#1751);
#95=PLANE('',#1752);
#96=PLANE('',#1753);
#97=PLANE('',#1754);
#98=PLANE('',#1759);
#99=FACE_OUTER_BOUND('',#188,.T.);
#100=FACE_OUTER_BOUND('',#189,.T.);
#101=FACE_OUTER_BOUND('',#190,.T.);
#102=FACE_OUTER_BOUND('',#191,.T.);
#103=FACE_OUTER_BOUND('',#192,.T.);
#104=FACE_OUTER_BOUND('',#193,.T.);
#105=FACE_OUTER_BOUND('',#204,.T.);
#106=FACE_OUTER_BOUND('',#205,.T.);
#107=FACE_OUTER_BOUND('',#206,.T.);
#108=FACE_OUTER_BOUND('',#207,.T.);
#109=FACE_OUTER_BOUND('',#208,.T.);
#110=FACE_OUTER_BOUND('',#209,.T.);
#111=FACE_OUTER_BOUND('',#210,.T.);
#112=FACE_OUTER_BOUND('',#211,.T.);
#113=FACE_OUTER_BOUND('',#212,.T.);
#114=FACE_OUTER_BOUND('',#213,.T.);
#115=FACE_OUTER_BOUND('',#214,.T.);
#116=FACE_OUTER_BOUND('',#215,.T.);
#117=FACE_OUTER_BOUND('',#216,.T.);
#118=FACE_OUTER_BOUND('',#217,.T.);
#119=FACE_OUTER_BOUND('',#218,.T.);
#120=FACE_OUTER_BOUND('',#219,.T.);
#121=FACE_OUTER_BOUND('',#220,.T.);
#122=FACE_OUTER_BOUND('',#221,.T.);
#123=FACE_OUTER_BOUND('',#222,.T.);
#124=FACE_OUTER_BOUND('',#223,.T.);
#125=FACE_OUTER_BOUND('',#224,.T.);
#126=FACE_OUTER_BOUND('',#225,.T.);
#127=FACE_OUTER_BOUND('',#226,.T.);
#128=FACE_OUTER_BOUND('',#227,.T.);
#129=FACE_OUTER_BOUND('',#228,.T.);
#130=FACE_OUTER_BOUND('',#229,.T.);
#131=FACE_OUTER_BOUND('',#230,.T.);
#132=FACE_OUTER_BOUND('',#231,.T.);
#133=FACE_OUTER_BOUND('',#232,.T.);
#134=FACE_OUTER_BOUND('',#233,.T.);
#135=FACE_OUTER_BOUND('',#234,.T.);
#136=FACE_OUTER_BOUND('',#235,.T.);
#137=FACE_OUTER_BOUND('',#236,.T.);
#138=FACE_OUTER_BOUND('',#237,.T.);
#139=FACE_OUTER_BOUND('',#238,.T.);
#140=FACE_OUTER_BOUND('',#239,.T.);
#141=FACE_OUTER_BOUND('',#242,.T.);
#142=FACE_OUTER_BOUND('',#243,.T.);
#143=FACE_OUTER_BOUND('',#244,.T.);
#144=FACE_OUTER_BOUND('',#245,.T.);
#145=FACE_OUTER_BOUND('',#246,.T.);
#146=FACE_OUTER_BOUND('',#247,.T.);
#147=FACE_OUTER_BOUND('',#248,.T.);
#148=FACE_OUTER_BOUND('',#249,.T.);
#149=FACE_OUTER_BOUND('',#252,.T.);
#150=FACE_OUTER_BOUND('',#253,.T.);
#151=FACE_OUTER_BOUND('',#254,.T.);
#152=FACE_OUTER_BOUND('',#255,.T.);
#153=FACE_OUTER_BOUND('',#256,.T.);
#154=FACE_OUTER_BOUND('',#257,.T.);
#155=FACE_OUTER_BOUND('',#258,.T.);
#156=FACE_OUTER_BOUND('',#261,.T.);
#157=FACE_OUTER_BOUND('',#262,.T.);
#158=FACE_OUTER_BOUND('',#263,.T.);
#159=FACE_OUTER_BOUND('',#264,.T.);
#160=FACE_OUTER_BOUND('',#265,.T.);
#161=FACE_OUTER_BOUND('',#266,.T.);
#162=FACE_OUTER_BOUND('',#267,.T.);
#163=FACE_OUTER_BOUND('',#268,.T.);
#164=FACE_OUTER_BOUND('',#269,.T.);
#165=FACE_OUTER_BOUND('',#270,.T.);
#166=FACE_OUTER_BOUND('',#271,.T.);
#167=FACE_OUTER_BOUND('',#272,.T.);
#168=FACE_OUTER_BOUND('',#273,.T.);
#169=FACE_OUTER_BOUND('',#276,.T.);
#170=FACE_OUTER_BOUND('',#277,.T.);
#171=FACE_OUTER_BOUND('',#278,.T.);
#172=FACE_OUTER_BOUND('',#281,.T.);
#173=FACE_OUTER_BOUND('',#282,.T.);
#174=FACE_OUTER_BOUND('',#283,.T.);
#175=FACE_OUTER_BOUND('',#284,.T.);
#176=FACE_OUTER_BOUND('',#285,.T.);
#177=FACE_OUTER_BOUND('',#286,.T.);
#178=FACE_OUTER_BOUND('',#287,.T.);
#179=FACE_OUTER_BOUND('',#288,.T.);
#180=FACE_OUTER_BOUND('',#289,.T.);
#181=FACE_OUTER_BOUND('',#290,.T.);
#182=FACE_OUTER_BOUND('',#291,.T.);
#183=FACE_OUTER_BOUND('',#292,.T.);
#184=FACE_OUTER_BOUND('',#293,.T.);
#185=FACE_OUTER_BOUND('',#294,.T.);
#186=FACE_OUTER_BOUND('',#295,.T.);
#187=FACE_OUTER_BOUND('',#296,.T.);
#188=EDGE_LOOP('',(#1013,#1014,#1015,#1016));
#189=EDGE_LOOP('',(#1017,#1018,#1019,#1020));
#190=EDGE_LOOP('',(#1021,#1022,#1023,#1024));
#191=EDGE_LOOP('',(#1025,#1026,#1027,#1028,#1029,#1030));
#192=EDGE_LOOP('',(#1031,#1032,#1033,#1034,#1035,#1036));
#193=EDGE_LOOP('',(#1037,#1038,#1039,#1040,#1041,#1042,#1043,#1044,#1045,
#1046,#1047,#1048,#1049,#1050,#1051,#1052,#1053,#1054,#1055,#1056));
#194=EDGE_LOOP('',(#1057));
#195=EDGE_LOOP('',(#1058));
#196=EDGE_LOOP('',(#1059));
#197=EDGE_LOOP('',(#1060));
#198=EDGE_LOOP('',(#1061));
#199=EDGE_LOOP('',(#1062));
#200=EDGE_LOOP('',(#1063));
#201=EDGE_LOOP('',(#1064));
#202=EDGE_LOOP('',(#1065));
#203=EDGE_LOOP('',(#1066));
#204=EDGE_LOOP('',(#1067,#1068,#1069,#1070));
#205=EDGE_LOOP('',(#1071,#1072,#1073,#1074));
#206=EDGE_LOOP('',(#1075,#1076,#1077,#1078));
#207=EDGE_LOOP('',(#1079,#1080,#1081,#1082,#1083,#1084));
#208=EDGE_LOOP('',(#1085,#1086,#1087,#1088));
#209=EDGE_LOOP('',(#1089,#1090,#1091,#1092,#1093));
#210=EDGE_LOOP('',(#1094,#1095,#1096,#1097));
#211=EDGE_LOOP('',(#1098));
#212=EDGE_LOOP('',(#1099,#1100,#1101,#1102));
#213=EDGE_LOOP('',(#1103));
#214=EDGE_LOOP('',(#1104,#1105,#1106,#1107));
#215=EDGE_LOOP('',(#1108));
#216=EDGE_LOOP('',(#1109,#1110,#1111,#1112));
#217=EDGE_LOOP('',(#1113));
#218=EDGE_LOOP('',(#1114,#1115,#1116,#1117));
#219=EDGE_LOOP('',(#1118));
#220=EDGE_LOOP('',(#1119,#1120,#1121,#1122));
#221=EDGE_LOOP('',(#1123));
#222=EDGE_LOOP('',(#1124,#1125,#1126,#1127));
#223=EDGE_LOOP('',(#1128));
#224=EDGE_LOOP('',(#1129,#1130,#1131,#1132));
#225=EDGE_LOOP('',(#1133));
#226=EDGE_LOOP('',(#1134,#1135,#1136,#1137));
#227=EDGE_LOOP('',(#1138));
#228=EDGE_LOOP('',(#1139,#1140,#1141,#1142));
#229=EDGE_LOOP('',(#1143));
#230=EDGE_LOOP('',(#1144,#1145,#1146,#1147));
#231=EDGE_LOOP('',(#1148));
#232=EDGE_LOOP('',(#1149,#1150,#1151,#1152));
#233=EDGE_LOOP('',(#1153));
#234=EDGE_LOOP('',(#1154,#1155,#1156,#1157));
#235=EDGE_LOOP('',(#1158,#1159,#1160,#1161,#1162,#1163,#1164,#1165,#1166));
#236=EDGE_LOOP('',(#1167,#1168,#1169,#1170,#1171,#1172,#1173));
#237=EDGE_LOOP('',(#1174,#1175,#1176,#1177));
#238=EDGE_LOOP('',(#1178,#1179,#1180,#1181,#1182));
#239=EDGE_LOOP('',(#1183,#1184,#1185,#1186,#1187,#1188,#1189,#1190,#1191,
#1192,#1193,#1194,#1195,#1196,#1197,#1198,#1199,#1200,#1201,#1202,#1203,
#1204,#1205));
#240=EDGE_LOOP('',(#1206));
#241=EDGE_LOOP('',(#1207));
#242=EDGE_LOOP('',(#1208,#1209,#1210,#1211));
#243=EDGE_LOOP('',(#1212,#1213,#1214,#1215));
#244=EDGE_LOOP('',(#1216,#1217,#1218,#1219));
#245=EDGE_LOOP('',(#1220,#1221,#1222,#1223));
#246=EDGE_LOOP('',(#1224,#1225,#1226,#1227));
#247=EDGE_LOOP('',(#1228,#1229,#1230,#1231));
#248=EDGE_LOOP('',(#1232,#1233,#1234,#1235,#1236));
#249=EDGE_LOOP('',(#1237,#1238,#1239,#1240,#1241,#1242,#1243,#1244,#1245));
#250=EDGE_LOOP('',(#1246));
#251=EDGE_LOOP('',(#1247));
#252=EDGE_LOOP('',(#1248,#1249,#1250,#1251));
#253=EDGE_LOOP('',(#1252,#1253,#1254,#1255));
#254=EDGE_LOOP('',(#1256,#1257,#1258,#1259,#1260));
#255=EDGE_LOOP('',(#1261,#1262,#1263,#1264));
#256=EDGE_LOOP('',(#1265,#1266,#1267,#1268,#1269));
#257=EDGE_LOOP('',(#1270,#1271,#1272,#1273));
#258=EDGE_LOOP('',(#1274,#1275,#1276,#1277,#1278,#1279,#1280,#1281,#1282));
#259=EDGE_LOOP('',(#1283,#1284));
#260=EDGE_LOOP('',(#1285));
#261=EDGE_LOOP('',(#1286,#1287,#1288,#1289,#1290));
#262=EDGE_LOOP('',(#1291,#1292,#1293,#1294,#1295));
#263=EDGE_LOOP('',(#1296,#1297,#1298,#1299,#1300,#1301,#1302,#1303,#1304,
#1305,#1306,#1307,#1308,#1309));
#264=EDGE_LOOP('',(#1310,#1311,#1312,#1313));
#265=EDGE_LOOP('',(#1314,#1315,#1316,#1317,#1318,#1319,#1320,#1321));
#266=EDGE_LOOP('',(#1322,#1323,#1324,#1325));
#267=EDGE_LOOP('',(#1326,#1327,#1328,#1329,#1330));
#268=EDGE_LOOP('',(#1331,#1332,#1333,#1334,#1335,#1336,#1337,#1338));
#269=EDGE_LOOP('',(#1339,#1340,#1341,#1342,#1343));
#270=EDGE_LOOP('',(#1344,#1345,#1346,#1347));
#271=EDGE_LOOP('',(#1348,#1349,#1350,#1351));
#272=EDGE_LOOP('',(#1352,#1353,#1354,#1355,#1356,#1357));
#273=EDGE_LOOP('',(#1358,#1359,#1360,#1361));
#274=EDGE_LOOP('',(#1362,#1363));
#275=EDGE_LOOP('',(#1364));
#276=EDGE_LOOP('',(#1365,#1366,#1367,#1368));
#277=EDGE_LOOP('',(#1369,#1370,#1371,#1372,#1373,#1374));
#278=EDGE_LOOP('',(#1375,#1376,#1377,#1378));
#279=EDGE_LOOP('',(#1379));
#280=EDGE_LOOP('',(#1380));
#281=EDGE_LOOP('',(#1381,#1382,#1383,#1384));
#282=EDGE_LOOP('',(#1385,#1386,#1387,#1388,#1389,#1390));
#283=EDGE_LOOP('',(#1391,#1392,#1393,#1394));
#284=EDGE_LOOP('',(#1395,#1396,#1397,#1398,#1399,#1400));
#285=EDGE_LOOP('',(#1401,#1402,#1403,#1404,#1405,#1406));
#286=EDGE_LOOP('',(#1407,#1408,#1409,#1410,#1411,#1412));
#287=EDGE_LOOP('',(#1413,#1414,#1415,#1416,#1417,#1418,#1419));
#288=EDGE_LOOP('',(#1420,#1421,#1422,#1423));
#289=EDGE_LOOP('',(#1424,#1425,#1426,#1427));
#290=EDGE_LOOP('',(#1428,#1429,#1430,#1431));
#291=EDGE_LOOP('',(#1432,#1433,#1434,#1435,#1436));
#292=EDGE_LOOP('',(#1437,#1438,#1439,#1440));
#293=EDGE_LOOP('',(#1441,#1442,#1443,#1444));
#294=EDGE_LOOP('',(#1445,#1446,#1447,#1448));
#295=EDGE_LOOP('',(#1449,#1450,#1451,#1452));
#296=EDGE_LOOP('',(#1453,#1454,#1455,#1456));
#297=LINE('',#2234,#433);
#298=LINE('',#2237,#434);
#299=LINE('',#2240,#435);
#300=LINE('',#2242,#436);
#301=LINE('',#2243,#437);
#302=LINE('',#2248,#438);
#303=LINE('',#2252,#439);
#304=LINE('',#2254,#440);
#305=LINE('',#2256,#441);
#306=LINE('',#2258,#442);
#307=LINE('',#2259,#443);
#308=LINE('',#2262,#444);
#309=LINE('',#2264,#445);
#310=LINE('',#2266,#446);
#311=LINE('',#2268,#447);
#312=LINE('',#2269,#448);
#313=LINE('',#2272,#449);
#314=LINE('',#2274,#450);
#315=LINE('',#2276,#451);
#316=LINE('',#2282,#452);
#317=LINE('',#2288,#453);
#318=LINE('',#2290,#454);
#319=LINE('',#2292,#455);
#320=LINE('',#2294,#456);
#321=LINE('',#2296,#457);
#322=LINE('',#2298,#458);
#323=LINE('',#2299,#459);
#324=LINE('',#2322,#460);
#325=LINE('',#2324,#461);
#326=LINE('',#2325,#462);
#327=LINE('',#2328,#463);
#328=LINE('',#2330,#464);
#329=LINE('',#2331,#465);
#330=LINE('',#2334,#466);
#331=LINE('',#2335,#467);
#332=LINE('',#2338,#468);
#333=LINE('',#2340,#469);
#334=LINE('',#2342,#470);
#335=LINE('',#2343,#471);
#336=LINE('',#2345,#472);
#337=LINE('',#2348,#473);
#338=LINE('',#2349,#474);
#339=LINE('',#2352,#475);
#340=LINE('',#2357,#476);
#341=LINE('',#2362,#477);
#342=LINE('',#2367,#478);
#343=LINE('',#2372,#479);
#344=LINE('',#2377,#480);
#345=LINE('',#2382,#481);
#346=LINE('',#2387,#482);
#347=LINE('',#2392,#483);
#348=LINE('',#2397,#484);
#349=LINE('',#2404,#485);
#350=LINE('',#2411,#486);
#351=LINE('',#2415,#487);
#352=LINE('',#2416,#488);
#353=LINE('',#2420,#489);
#354=LINE('',#2422,#490);
#355=LINE('',#2424,#491);
#356=LINE('',#2425,#492);
#357=LINE('',#2426,#493);
#358=LINE('',#2429,#494);
#359=LINE('',#2431,#495);
#360=LINE('',#2433,#496);
#361=LINE('',#2435,#497);
#362=LINE('',#2436,#498);
#363=LINE('',#2439,#499);
#364=LINE('',#2441,#500);
#365=LINE('',#2442,#501);
#366=LINE('',#2445,#502);
#367=LINE('',#2446,#503);
#368=LINE('',#2448,#504);
#369=LINE('',#2450,#505);
#370=LINE('',#2452,#506);
#371=LINE('',#2456,#507);
#372=LINE('',#2458,#508);
#373=LINE('',#2462,#509);
#374=LINE('',#2466,#510);
#375=LINE('',#2468,#511);
#376=LINE('',#2471,#512);
#377=LINE('',#2473,#513);
#378=LINE('',#2474,#514);
#379=LINE('',#2476,#515);
#380=LINE('',#2493,#516);
#381=LINE('',#2496,#517);
#382=LINE('',#2535,#518);
#383=LINE('',#2539,#519);
#384=LINE('',#2541,#520);
#385=LINE('',#2544,#521);
#386=LINE('',#2563,#522);
#387=LINE('',#2566,#523);
#388=LINE('',#2602,#524);
#389=LINE('',#2603,#525);
#390=LINE('',#2606,#526);
#391=LINE('',#2607,#527);
#392=LINE('',#2609,#528);
#393=LINE('',#2612,#529);
#394=LINE('',#2615,#530);
#395=LINE('',#2619,#531);
#396=LINE('',#2624,#532);
#397=LINE('',#2628,#533);
#398=LINE('',#2629,#534);
#399=LINE('',#2631,#535);
#400=LINE('',#2632,#536);
#401=LINE('',#2634,#537);
#402=LINE('',#2638,#538);
#403=LINE('',#2641,#539);
#404=LINE('',#2643,#540);
#405=LINE('',#2645,#541);
#406=LINE('',#2647,#542);
#407=LINE('',#2649,#543);
#408=LINE('',#2650,#544);
#409=LINE('',#2652,#545);
#410=LINE('',#2655,#546);
#411=LINE('',#2658,#547);
#412=LINE('',#2661,#548);
#413=LINE('',#2663,#549);
#414=LINE('',#2665,#550);
#415=LINE('',#2667,#551);
#416=LINE('',#2669,#552);
#417=LINE('',#2670,#553);
#418=LINE('',#2676,#554);
#419=LINE('',#2682,#555);
#420=LINE('',#2692,#556);
#421=LINE('',#2699,#557);
#422=LINE('',#2702,#558);
#423=LINE('',#2715,#559);
#424=LINE('',#2718,#560);
#425=LINE('',#2722,#561);
#426=LINE('',#2728,#562);
#427=LINE('',#2729,#563);
#428=LINE('',#2735,#564);
#429=LINE('',#2737,#565);
#430=LINE('',#2739,#566);
#431=LINE('',#2741,#567);
#432=LINE('',#2742,#568);
#433=VECTOR('',#1766,10.);
#434=VECTOR('',#1769,10.);
#435=VECTOR('',#1772,10.);
#436=VECTOR('',#1773,10.);
#437=VECTOR('',#1774,10.);
#438=VECTOR('',#1779,10.);
#439=VECTOR('',#1784,10.);
#440=VECTOR('',#1785,10.);
#441=VECTOR('',#1786,10.);
#442=VECTOR('',#1787,10.);
#443=VECTOR('',#1788,10.);
#444=VECTOR('',#1791,10.);
#445=VECTOR('',#1792,10.);
#446=VECTOR('',#1793,10.);
#447=VECTOR('',#1794,10.);
#448=VECTOR('',#1795,10.);
#449=VECTOR('',#1798,10.);
#450=VECTOR('',#1799,10.);
#451=VECTOR('',#1800,10.);
#452=VECTOR('',#1805,10.);
#453=VECTOR('',#1810,10.);
#454=VECTOR('',#1811,10.);
#455=VECTOR('',#1812,10.);
#456=VECTOR('',#1813,10.);
#457=VECTOR('',#1814,10.);
#458=VECTOR('',#1815,10.);
#459=VECTOR('',#1816,10.);
#460=VECTOR('',#1839,10.);
#461=VECTOR('',#1840,10.);
#462=VECTOR('',#1841,10.);
#463=VECTOR('',#1844,10.);
#464=VECTOR('',#1845,10.);
#465=VECTOR('',#1846,10.);
#466=VECTOR('',#1849,10.);
#467=VECTOR('',#1850,10.);
#468=VECTOR('',#1853,10.);
#469=VECTOR('',#1854,10.);
#470=VECTOR('',#1855,10.);
#471=VECTOR('',#1856,10.);
#472=VECTOR('',#1859,10.);
#473=VECTOR('',#1862,10.);
#474=VECTOR('',#1863,10.);
#475=VECTOR('',#1866,2.4);
#476=VECTOR('',#1873,2.4);
#477=VECTOR('',#1880,2.4);
#478=VECTOR('',#1887,2.4);
#479=VECTOR('',#1894,2.4);
#480=VECTOR('',#1901,2.4);
#481=VECTOR('',#1908,2.4);
#482=VECTOR('',#1915,2.4);
#483=VECTOR('',#1922,2.4);
#484=VECTOR('',#1929,2.4);
#485=VECTOR('',#1938,1.64999999999999);
#486=VECTOR('',#1947,1.65);
#487=VECTOR('',#1954,10.);
#488=VECTOR('',#1955,10.);
#489=VECTOR('',#1958,10.);
#490=VECTOR('',#1959,10.);
#491=VECTOR('',#1960,10.);
#492=VECTOR('',#1961,10.);
#493=VECTOR('',#1962,10.);
#494=VECTOR('',#1965,10.);
#495=VECTOR('',#1966,10.);
#496=VECTOR('',#1967,10.);
#497=VECTOR('',#1968,10.);
#498=VECTOR('',#1969,10.);
#499=VECTOR('',#1972,10.);
#500=VECTOR('',#1973,10.);
#501=VECTOR('',#1974,10.);
#502=VECTOR('',#1977,10.);
#503=VECTOR('',#1978,10.);
#504=VECTOR('',#1981,10.);
#505=VECTOR('',#1982,10.);
#506=VECTOR('',#1983,10.);
#507=VECTOR('',#1986,10.);
#508=VECTOR('',#1987,10.);
#509=VECTOR('',#1990,10.);
#510=VECTOR('',#1993,10.);
#511=VECTOR('',#1994,10.);
#512=VECTOR('',#1997,10.);
#513=VECTOR('',#2000,10.);
#514=VECTOR('',#2001,10.);
#515=VECTOR('',#2004,10.);
#516=VECTOR('',#2011,0.75);
#517=VECTOR('',#2014,0.75);
#518=VECTOR('',#2029,10.);
#519=VECTOR('',#2032,10.);
#520=VECTOR('',#2033,10.);
#521=VECTOR('',#2036,10.);
#522=VECTOR('',#2043,0.75);
#523=VECTOR('',#2046,0.75);
#524=VECTOR('',#2059,10.);
#525=VECTOR('',#2060,10.);
#526=VECTOR('',#2063,10.);
#527=VECTOR('',#2064,10.);
#528=VECTOR('',#2067,10.);
#529=VECTOR('',#2070,10.);
#530=VECTOR('',#2073,10.);
#531=VECTOR('',#2076,10.);
#532=VECTOR('',#2081,10.);
#533=VECTOR('',#2086,10.);
#534=VECTOR('',#2087,10.);
#535=VECTOR('',#2090,10.);
#536=VECTOR('',#2091,10.);
#537=VECTOR('',#2094,10.);
#538=VECTOR('',#2099,10.);
#539=VECTOR('',#2102,10.);
#540=VECTOR('',#2103,10.);
#541=VECTOR('',#2104,10.);
#542=VECTOR('',#2105,10.);
#543=VECTOR('',#2106,10.);
#544=VECTOR('',#2107,10.);
#545=VECTOR('',#2110,10.);
#546=VECTOR('',#2113,10.);
#547=VECTOR('',#2116,10.);
#548=VECTOR('',#2119,10.);
#549=VECTOR('',#2120,10.);
#550=VECTOR('',#2121,10.);
#551=VECTOR('',#2122,10.);
#552=VECTOR('',#2123,10.);
#553=VECTOR('',#2124,10.);
#554=VECTOR('',#2133,10.);
#555=VECTOR('',#2140,10.);
#556=VECTOR('',#2153,10.);
#557=VECTOR('',#2160,10.);
#558=VECTOR('',#2165,10.);
#559=VECTOR('',#2182,10.);
#560=VECTOR('',#2187,10.);
#561=VECTOR('',#2192,10.);
#562=VECTOR('',#2203,10.);
#563=VECTOR('',#2204,10.);
#564=VECTOR('',#2215,2.50048733838465);
#565=VECTOR('',#2218,2.50048733838469);
#566=VECTOR('',#2221,2.50048733838469);
#567=VECTOR('',#2224,10.);
#568=VECTOR('',#2225,10.);
#569=CIRCLE('',#1596,1.);
#570=CIRCLE('',#1597,1.);
#571=CIRCLE('',#1600,1.);
#572=CIRCLE('',#1601,1.);
#573=CIRCLE('',#1605,2.);
#574=CIRCLE('',#1606,3.);
#575=CIRCLE('',#1607,3.);
#576=CIRCLE('',#1608,2.);
#577=CIRCLE('',#1609,2.4);
#578=CIRCLE('',#1610,2.4);
#579=CIRCLE('',#1611,2.4);
#580=CIRCLE('',#1612,2.4);
#581=CIRCLE('',#1613,2.4);
#582=CIRCLE('',#1614,2.4);
#583=CIRCLE('',#1615,2.4);
#584=CIRCLE('',#1616,2.4);
#585=CIRCLE('',#1617,2.4);
#586=CIRCLE('',#1618,2.4);
#587=CIRCLE('',#1626,2.4);
#588=CIRCLE('',#1629,2.4);
#589=CIRCLE('',#1632,2.4);
#590=CIRCLE('',#1635,2.4);
#591=CIRCLE('',#1638,2.4);
#592=CIRCLE('',#1641,2.4);
#593=CIRCLE('',#1644,2.4);
#594=CIRCLE('',#1647,2.4);
#595=CIRCLE('',#1650,2.4);
#596=CIRCLE('',#1653,2.4);
#597=CIRCLE('',#1656,1.64999999999999);
#598=CIRCLE('',#1657,1.64999999999999);
#599=CIRCLE('',#1660,1.65);
#600=CIRCLE('',#1661,1.65);
#601=CIRCLE('',#1669,6.00000000000001);
#602=CIRCLE('',#1670,1.5);
#603=CIRCLE('',#1671,1.5);
#604=CIRCLE('',#1672,6.00000000000001);
#605=CIRCLE('',#1678,0.75);
#606=CIRCLE('',#1680,1.5);
#607=CIRCLE('',#1681,2.25000000000001);
#608=CIRCLE('',#1683,1.49999999999999);
#609=CIRCLE('',#1685,1.5);
#610=CIRCLE('',#1686,1.5);
#611=CIRCLE('',#1687,2.);
#612=CIRCLE('',#1688,2.50048733838465);
#613=CIRCLE('',#1689,2.50048733838469);
#614=CIRCLE('',#1691,0.749999999999993);
#615=CIRCLE('',#1693,2.25000000000001);
#616=CIRCLE('',#1694,1.50000000000002);
#617=CIRCLE('',#1696,1.5);
#618=CIRCLE('',#1701,2.);
#619=CIRCLE('',#1702,1.5);
#620=CIRCLE('',#1703,1.5);
#621=CIRCLE('',#1704,2.58233169552921);
#622=CIRCLE('',#1705,2.50048733838469);
#623=CIRCLE('',#1710,1.5);
#624=CIRCLE('',#1714,1.5);
#625=CIRCLE('',#1717,1.5);
#626=CIRCLE('',#1719,1.5);
#627=CIRCLE('',#1721,5.99999999999998);
#628=CIRCLE('',#1722,5.99999999999998);
#629=CIRCLE('',#1724,6.00000000000001);
#630=CIRCLE('',#1726,6.00000000000001);
#631=CIRCLE('',#1727,5.99999999999998);
#632=CIRCLE('',#1728,2.58233169552921);
#633=CIRCLE('',#1729,2.50048733838469);
#634=CIRCLE('',#1731,6.00000000000001);
#635=CIRCLE('',#1732,6.00000000000001);
#636=CIRCLE('',#1734,6.00000000000001);
#637=CIRCLE('',#1736,6.00000000000001);
#638=CIRCLE('',#1737,6.00000000000001);
#639=CIRCLE('',#1738,2.50048733838465);
#640=CIRCLE('',#1739,2.50048733838469);
#641=CIRCLE('',#1741,6.00000000000001);
#642=CIRCLE('',#1743,6.00000000000001);
#643=CIRCLE('',#1745,5.99999999999998);
#644=CIRCLE('',#1747,6.00000000000001);
#645=VERTEX_POINT('',#2230);
#646=VERTEX_POINT('',#2231);
#647=VERTEX_POINT('',#2233);
#648=VERTEX_POINT('',#2235);
#649=VERTEX_POINT('',#2239);
#650=VERTEX_POINT('',#2241);
#651=VERTEX_POINT('',#2245);
#652=VERTEX_POINT('',#2247);
#653=VERTEX_POINT('',#2251);
#654=VERTEX_POINT('',#2253);
#655=VERTEX_POINT('',#2255);
#656=VERTEX_POINT('',#2257);
#657=VERTEX_POINT('',#2261);
#658=VERTEX_POINT('',#2263);
#659=VERTEX_POINT('',#2265);
#660=VERTEX_POINT('',#2267);
#661=VERTEX_POINT('',#2271);
#662=VERTEX_POINT('',#2273);
#663=VERTEX_POINT('',#2275);
#664=VERTEX_POINT('',#2277);
#665=VERTEX_POINT('',#2279);
#666=VERTEX_POINT('',#2281);
#667=VERTEX_POINT('',#2283);
#668=VERTEX_POINT('',#2285);
#669=VERTEX_POINT('',#2287);
#670=VERTEX_POINT('',#2289);
#671=VERTEX_POINT('',#2291);
#672=VERTEX_POINT('',#2293);
#673=VERTEX_POINT('',#2295);
#674=VERTEX_POINT('',#2297);
#675=VERTEX_POINT('',#2300);
#676=VERTEX_POINT('',#2302);
#677=VERTEX_POINT('',#2304);
#678=VERTEX_POINT('',#2306);
#679=VERTEX_POINT('',#2308);
#680=VERTEX_POINT('',#2310);
#681=VERTEX_POINT('',#2312);
#682=VERTEX_POINT('',#2314);
#683=VERTEX_POINT('',#2316);
#684=VERTEX_POINT('',#2318);
#685=VERTEX_POINT('',#2321);
#686=VERTEX_POINT('',#2323);
#687=VERTEX_POINT('',#2327);
#688=VERTEX_POINT('',#2329);
#689=VERTEX_POINT('',#2333);
#690=VERTEX_POINT('',#2337);
#691=VERTEX_POINT('',#2339);
#692=VERTEX_POINT('',#2341);
#693=VERTEX_POINT('',#2347);
#694=VERTEX_POINT('',#2351);
#695=VERTEX_POINT('',#2356);
#696=VERTEX_POINT('',#2361);
#697=VERTEX_POINT('',#2366);
#698=VERTEX_POINT('',#2371);
#699=VERTEX_POINT('',#2376);
#700=VERTEX_POINT('',#2381);
#701=VERTEX_POINT('',#2386);
#702=VERTEX_POINT('',#2391);
#703=VERTEX_POINT('',#2396);
#704=VERTEX_POINT('',#2401);
#705=VERTEX_POINT('',#2403);
#706=VERTEX_POINT('',#2408);
#707=VERTEX_POINT('',#2410);
#708=VERTEX_POINT('',#2418);
#709=VERTEX_POINT('',#2419);
#710=VERTEX_POINT('',#2421);
#711=VERTEX_POINT('',#2423);
#712=VERTEX_POINT('',#2428);
#713=VERTEX_POINT('',#2430);
#714=VERTEX_POINT('',#2432);
#715=VERTEX_POINT('',#2434);
#716=VERTEX_POINT('',#2438);
#717=VERTEX_POINT('',#2440);
#718=VERTEX_POINT('',#2444);
#719=VERTEX_POINT('',#2449);
#720=VERTEX_POINT('',#2451);
#721=VERTEX_POINT('',#2453);
#722=VERTEX_POINT('',#2455);
#723=VERTEX_POINT('',#2457);
#724=VERTEX_POINT('',#2459);
#725=VERTEX_POINT('',#2461);
#726=VERTEX_POINT('',#2463);
#727=VERTEX_POINT('',#2465);
#728=VERTEX_POINT('',#2467);
#729=VERTEX_POINT('',#2469);
#730=VERTEX_POINT('',#2480);
#731=VERTEX_POINT('',#2481);
#732=VERTEX_POINT('',#2492);
#733=VERTEX_POINT('',#2494);
#734=VERTEX_POINT('',#2498);
#735=VERTEX_POINT('',#2499);
#736=VERTEX_POINT('',#2509);
#737=VERTEX_POINT('',#2510);
#738=VERTEX_POINT('',#2515);
#739=VERTEX_POINT('',#2532);
#740=VERTEX_POINT('',#2534);
#741=VERTEX_POINT('',#2536);
#742=VERTEX_POINT('',#2538);
#743=VERTEX_POINT('',#2540);
#744=VERTEX_POINT('',#2542);
#745=VERTEX_POINT('',#2545);
#746=VERTEX_POINT('',#2547);
#747=VERTEX_POINT('',#2550);
#748=VERTEX_POINT('',#2551);
#749=VERTEX_POINT('',#2562);
#750=VERTEX_POINT('',#2564);
#751=VERTEX_POINT('',#2568);
#752=VERTEX_POINT('',#2569);
#753=VERTEX_POINT('',#2579);
#754=VERTEX_POINT('',#2580);
#755=VERTEX_POINT('',#2586);
#756=VERTEX_POINT('',#2605);
#757=VERTEX_POINT('',#2611);
#758=VERTEX_POINT('',#2613);
#759=VERTEX_POINT('',#2616);
#760=VERTEX_POINT('',#2618);
#761=VERTEX_POINT('',#2621);
#762=VERTEX_POINT('',#2622);
#763=VERTEX_POINT('',#2625);
#764=VERTEX_POINT('',#2636);
#765=VERTEX_POINT('',#2640);
#766=VERTEX_POINT('',#2642);
#767=VERTEX_POINT('',#2644);
#768=VERTEX_POINT('',#2646);
#769=VERTEX_POINT('',#2648);
#770=VERTEX_POINT('',#2654);
#771=VERTEX_POINT('',#2656);
#772=VERTEX_POINT('',#2660);
#773=VERTEX_POINT('',#2662);
#774=VERTEX_POINT('',#2664);
#775=VERTEX_POINT('',#2666);
#776=VERTEX_POINT('',#2668);
#777=VERTEX_POINT('',#2674);
#778=VERTEX_POINT('',#2678);
#779=VERTEX_POINT('',#2680);
#780=VERTEX_POINT('',#2686);
#781=VERTEX_POINT('',#2689);
#782=VERTEX_POINT('',#2690);
#783=VERTEX_POINT('',#2693);
#784=VERTEX_POINT('',#2696);
#785=VERTEX_POINT('',#2698);
#786=VERTEX_POINT('',#2705);
#787=VERTEX_POINT('',#2708);
#788=VERTEX_POINT('',#2710);
#789=VERTEX_POINT('',#2713);
#790=VERTEX_POINT('',#2720);
#791=EDGE_CURVE('',#645,#646,#569,.T.);
#792=EDGE_CURVE('',#646,#647,#297,.T.);
#793=EDGE_CURVE('',#647,#648,#570,.T.);
#794=EDGE_CURVE('',#648,#645,#298,.T.);
#795=EDGE_CURVE('',#649,#646,#299,.T.);
#796=EDGE_CURVE('',#650,#649,#300,.T.);
#797=EDGE_CURVE('',#647,#650,#301,.T.);
#798=EDGE_CURVE('',#649,#651,#571,.T.);
#799=EDGE_CURVE('',#651,#652,#302,.T.);
#800=EDGE_CURVE('',#652,#650,#572,.T.);
#801=EDGE_CURVE('',#653,#651,#303,.T.);
#802=EDGE_CURVE('',#654,#653,#304,.T.);
#803=EDGE_CURVE('',#655,#654,#305,.T.);
#804=EDGE_CURVE('',#656,#655,#306,.T.);
#805=EDGE_CURVE('',#652,#656,#307,.T.);
#806=EDGE_CURVE('',#657,#648,#308,.T.);
#807=EDGE_CURVE('',#658,#657,#309,.T.);
#808=EDGE_CURVE('',#659,#658,#310,.T.);
#809=EDGE_CURVE('',#660,#659,#311,.T.);
#810=EDGE_CURVE('',#645,#660,#312,.T.);
#811=EDGE_CURVE('',#656,#661,#313,.T.);
#812=EDGE_CURVE('',#661,#662,#314,.T.);
#813=EDGE_CURVE('',#662,#663,#315,.T.);
#814=EDGE_CURVE('',#664,#663,#573,.T.);
#815=EDGE_CURVE('',#665,#664,#574,.T.);
#816=EDGE_CURVE('',#666,#665,#316,.T.);
#817=EDGE_CURVE('',#667,#666,#575,.T.);
#818=EDGE_CURVE('',#668,#667,#576,.T.);
#819=EDGE_CURVE('',#668,#669,#317,.T.);
#820=EDGE_CURVE('',#669,#670,#318,.T.);
#821=EDGE_CURVE('',#670,#671,#319,.T.);
#822=EDGE_CURVE('',#671,#672,#320,.T.);
#823=EDGE_CURVE('',#673,#672,#321,.T.);
#824=EDGE_CURVE('',#673,#674,#322,.T.);
#825=EDGE_CURVE('',#674,#657,#323,.T.);
#826=EDGE_CURVE('',#675,#675,#577,.T.);
#827=EDGE_CURVE('',#676,#676,#578,.T.);
#828=EDGE_CURVE('',#677,#677,#579,.T.);
#829=EDGE_CURVE('',#678,#678,#580,.T.);
#830=EDGE_CURVE('',#679,#679,#581,.T.);
#831=EDGE_CURVE('',#680,#680,#582,.T.);
#832=EDGE_CURVE('',#681,#681,#583,.T.);
#833=EDGE_CURVE('',#682,#682,#584,.T.);
#834=EDGE_CURVE('',#683,#683,#585,.T.);
#835=EDGE_CURVE('',#684,#684,#586,.T.);
#836=EDGE_CURVE('',#685,#653,#324,.T.);
#837=EDGE_CURVE('',#686,#685,#325,.T.);
#838=EDGE_CURVE('',#654,#686,#326,.T.);
#839=EDGE_CURVE('',#687,#659,#327,.T.);
#840=EDGE_CURVE('',#688,#687,#328,.T.);
#841=EDGE_CURVE('',#660,#688,#329,.T.);
#842=EDGE_CURVE('',#689,#686,#330,.T.);
#843=EDGE_CURVE('',#689,#655,#331,.T.);
#844=EDGE_CURVE('',#658,#690,#332,.T.);
#845=EDGE_CURVE('',#690,#691,#333,.T.);
#846=EDGE_CURVE('',#692,#691,#334,.T.);
#847=EDGE_CURVE('',#692,#687,#335,.T.);
#848=EDGE_CURVE('',#661,#689,#336,.T.);
#849=EDGE_CURVE('',#693,#674,#337,.T.);
#850=EDGE_CURVE('',#690,#693,#338,.T.);
#851=EDGE_CURVE('',#675,#694,#339,.T.);
#852=EDGE_CURVE('',#694,#694,#587,.T.);
#853=EDGE_CURVE('',#676,#695,#340,.T.);
#854=EDGE_CURVE('',#695,#695,#588,.T.);
#855=EDGE_CURVE('',#677,#696,#341,.T.);
#856=EDGE_CURVE('',#696,#696,#589,.T.);
#857=EDGE_CURVE('',#678,#697,#342,.T.);
#858=EDGE_CURVE('',#697,#697,#590,.T.);
#859=EDGE_CURVE('',#679,#698,#343,.T.);
#860=EDGE_CURVE('',#698,#698,#591,.T.);
#861=EDGE_CURVE('',#680,#699,#344,.T.);
#862=EDGE_CURVE('',#699,#699,#592,.T.);
#863=EDGE_CURVE('',#681,#700,#345,.T.);
#864=EDGE_CURVE('',#700,#700,#593,.T.);
#865=EDGE_CURVE('',#682,#701,#346,.T.);
#866=EDGE_CURVE('',#701,#701,#594,.T.);
#867=EDGE_CURVE('',#683,#702,#347,.T.);
#868=EDGE_CURVE('',#702,#702,#595,.T.);
#869=EDGE_CURVE('',#684,#703,#348,.T.);
#870=EDGE_CURVE('',#703,#703,#596,.T.);
#871=EDGE_CURVE('',#704,#704,#597,.T.);
#872=EDGE_CURVE('',#704,#705,#349,.T.);
#873=EDGE_CURVE('',#705,#705,#598,.T.);
#874=EDGE_CURVE('',#706,#706,#599,.T.);
#875=EDGE_CURVE('',#706,#707,#350,.T.);
#876=EDGE_CURVE('',#707,#707,#600,.T.);
#877=EDGE_CURVE('',#692,#673,#351,.T.);
#878=EDGE_CURVE('',#693,#692,#352,.T.);
#879=EDGE_CURVE('',#708,#709,#353,.T.);
#880=EDGE_CURVE('',#710,#708,#354,.T.);
#881=EDGE_CURVE('',#710,#711,#355,.T.);
#882=EDGE_CURVE('',#662,#711,#356,.T.);
#883=EDGE_CURVE('',#709,#685,#357,.T.);
#884=EDGE_CURVE('',#692,#712,#358,.T.);
#885=EDGE_CURVE('',#712,#713,#359,.T.);
#886=EDGE_CURVE('',#714,#713,#360,.T.);
#887=EDGE_CURVE('',#715,#714,#361,.T.);
#888=EDGE_CURVE('',#715,#690,#362,.T.);
#889=EDGE_CURVE('',#716,#692,#363,.T.);
#890=EDGE_CURVE('',#691,#717,#364,.T.);
#891=EDGE_CURVE('',#716,#717,#365,.T.);
#892=EDGE_CURVE('',#718,#715,#366,.T.);
#893=EDGE_CURVE('',#717,#718,#367,.T.);
#894=EDGE_CURVE('',#716,#688,#368,.T.);
#895=EDGE_CURVE('',#718,#719,#369,.T.);
#896=EDGE_CURVE('',#719,#720,#370,.T.);
#897=EDGE_CURVE('',#720,#721,#601,.T.);
#898=EDGE_CURVE('',#721,#722,#371,.T.);
#899=EDGE_CURVE('',#723,#722,#372,.T.);
#900=EDGE_CURVE('',#723,#724,#602,.F.);
#901=EDGE_CURVE('',#724,#725,#373,.T.);
#902=EDGE_CURVE('',#726,#725,#603,.T.);
#903=EDGE_CURVE('',#727,#726,#374,.T.);
#904=EDGE_CURVE('',#727,#728,#375,.T.);
#905=EDGE_CURVE('',#728,#729,#604,.T.);
#906=EDGE_CURVE('',#729,#709,#376,.T.);
#907=EDGE_CURVE('',#672,#712,#377,.T.);
#908=EDGE_CURVE('',#713,#671,#378,.T.);
#909=EDGE_CURVE('',#670,#714,#379,.T.);
#910=EDGE_CURVE('',#730,#731,#19,.T.);
#911=EDGE_CURVE('',#731,#732,#380,.T.);
#912=EDGE_CURVE('',#732,#733,#605,.T.);
#913=EDGE_CURVE('',#733,#730,#381,.T.);
#914=EDGE_CURVE('',#734,#735,#20,.T.);
#915=EDGE_CURVE('',#734,#733,#606,.T.);
#916=EDGE_CURVE('',#732,#735,#607,.T.);
#917=EDGE_CURVE('',#736,#737,#21,.T.);
#918=EDGE_CURVE('',#736,#738,#22,.T.);
#919=EDGE_CURVE('',#738,#667,#23,.T.);
#920=EDGE_CURVE('',#737,#666,#608,.T.);
#921=EDGE_CURVE('',#739,#731,#609,.T.);
#922=EDGE_CURVE('',#740,#739,#382,.T.);
#923=EDGE_CURVE('',#741,#740,#610,.T.);
#924=EDGE_CURVE('',#742,#741,#383,.T.);
#925=EDGE_CURVE('',#743,#742,#384,.T.);
#926=EDGE_CURVE('',#743,#744,#611,.T.);
#927=EDGE_CURVE('',#735,#744,#385,.T.);
#928=EDGE_CURVE('',#745,#745,#612,.T.);
#929=EDGE_CURVE('',#746,#746,#613,.T.);
#930=EDGE_CURVE('',#747,#748,#24,.T.);
#931=EDGE_CURVE('',#748,#749,#386,.T.);
#932=EDGE_CURVE('',#749,#750,#614,.T.);
#933=EDGE_CURVE('',#750,#747,#387,.T.);
#934=EDGE_CURVE('',#751,#752,#25,.F.);
#935=EDGE_CURVE('',#752,#750,#615,.T.);
#936=EDGE_CURVE('',#749,#751,#616,.T.);
#937=EDGE_CURVE('',#753,#754,#26,.T.);
#938=EDGE_CURVE('',#665,#753,#617,.T.);
#939=EDGE_CURVE('',#664,#755,#27,.T.);
#940=EDGE_CURVE('',#755,#754,#28,.T.);
#941=EDGE_CURVE('',#749,#726,#388,.T.);
#942=EDGE_CURVE('',#725,#751,#389,.T.);
#943=EDGE_CURVE('',#756,#748,#390,.T.);
#944=EDGE_CURVE('',#727,#756,#391,.T.);
#945=EDGE_CURVE('',#753,#737,#392,.T.);
#946=EDGE_CURVE('',#757,#752,#393,.T.);
#947=EDGE_CURVE('',#757,#758,#618,.T.);
#948=EDGE_CURVE('',#711,#758,#394,.T.);
#949=EDGE_CURVE('',#759,#710,#619,.T.);
#950=EDGE_CURVE('',#760,#759,#395,.T.);
#951=EDGE_CURVE('',#747,#760,#620,.T.);
#952=EDGE_CURVE('',#761,#762,#621,.T.);
#953=EDGE_CURVE('',#762,#761,#396,.T.);
#954=EDGE_CURVE('',#763,#763,#622,.T.);
#955=EDGE_CURVE('',#663,#758,#397,.T.);
#956=EDGE_CURVE('',#757,#755,#398,.T.);
#957=EDGE_CURVE('',#738,#744,#399,.T.);
#958=EDGE_CURVE('',#743,#668,#400,.T.);
#959=EDGE_CURVE('',#734,#724,#401,.T.);
#960=EDGE_CURVE('',#708,#764,#623,.T.);
#961=EDGE_CURVE('',#764,#759,#402,.T.);
#962=EDGE_CURVE('',#765,#764,#403,.T.);
#963=EDGE_CURVE('',#765,#766,#404,.T.);
#964=EDGE_CURVE('',#767,#766,#405,.T.);
#965=EDGE_CURVE('',#768,#767,#406,.T.);
#966=EDGE_CURVE('',#769,#768,#407,.T.);
#967=EDGE_CURVE('',#760,#769,#408,.T.);
#968=EDGE_CURVE('',#723,#733,#409,.T.);
#969=EDGE_CURVE('',#730,#770,#410,.T.);
#970=EDGE_CURVE('',#770,#771,#624,.T.);
#971=EDGE_CURVE('',#771,#739,#411,.T.);
#972=EDGE_CURVE('',#772,#771,#412,.T.);
#973=EDGE_CURVE('',#772,#773,#413,.T.);
#974=EDGE_CURVE('',#774,#773,#414,.T.);
#975=EDGE_CURVE('',#775,#774,#415,.T.);
#976=EDGE_CURVE('',#776,#775,#416,.T.);
#977=EDGE_CURVE('',#740,#776,#417,.T.);
#978=EDGE_CURVE('',#769,#756,#625,.T.);
#979=EDGE_CURVE('',#776,#777,#626,.T.);
#980=EDGE_CURVE('',#777,#741,#418,.T.);
#981=EDGE_CURVE('',#778,#768,#627,.T.);
#982=EDGE_CURVE('',#779,#767,#628,.T.);
#983=EDGE_CURVE('',#778,#779,#419,.T.);
#984=EDGE_CURVE('',#728,#778,#629,.T.);
#985=EDGE_CURVE('',#780,#779,#630,.T.);
#986=EDGE_CURVE('',#766,#780,#631,.T.);
#987=EDGE_CURVE('',#781,#782,#632,.T.);
#988=EDGE_CURVE('',#782,#781,#420,.T.);
#989=EDGE_CURVE('',#783,#783,#633,.T.);
#990=EDGE_CURVE('',#772,#784,#634,.T.);
#991=EDGE_CURVE('',#784,#785,#421,.T.);
#992=EDGE_CURVE('',#773,#785,#635,.T.);
#993=EDGE_CURVE('',#770,#722,#422,.T.);
#994=EDGE_CURVE('',#784,#721,#636,.T.);
#995=EDGE_CURVE('',#785,#786,#637,.T.);
#996=EDGE_CURVE('',#786,#774,#638,.T.);
#997=EDGE_CURVE('',#787,#787,#639,.T.);
#998=EDGE_CURVE('',#788,#788,#640,.T.);
#999=EDGE_CURVE('',#789,#775,#641,.T.);
#1000=EDGE_CURVE('',#789,#786,#423,.T.);
#1001=EDGE_CURVE('',#720,#789,#642,.T.);
#1002=EDGE_CURVE('',#719,#777,#424,.T.);
#1003=EDGE_CURVE('',#765,#790,#643,.T.);
#1004=EDGE_CURVE('',#790,#780,#425,.T.);
#1005=EDGE_CURVE('',#790,#729,#644,.T.);
#1006=EDGE_CURVE('',#669,#742,#426,.T.);
#1007=EDGE_CURVE('',#742,#719,#427,.T.);
#1008=EDGE_CURVE('',#787,#745,#428,.T.);
#1009=EDGE_CURVE('',#788,#746,#429,.T.);
#1010=EDGE_CURVE('',#783,#763,#430,.T.);
#1011=EDGE_CURVE('',#762,#782,#431,.T.);
#1012=EDGE_CURVE('',#761,#781,#432,.T.);
#1013=ORIENTED_EDGE('',*,*,#791,.T.);
#1014=ORIENTED_EDGE('',*,*,#792,.T.);
#1015=ORIENTED_EDGE('',*,*,#793,.T.);
#1016=ORIENTED_EDGE('',*,*,#794,.T.);
#1017=ORIENTED_EDGE('',*,*,#792,.F.);
#1018=ORIENTED_EDGE('',*,*,#795,.F.);
#1019=ORIENTED_EDGE('',*,*,#796,.F.);
#1020=ORIENTED_EDGE('',*,*,#797,.F.);
#1021=ORIENTED_EDGE('',*,*,#798,.T.);
#1022=ORIENTED_EDGE('',*,*,#799,.T.);
#1023=ORIENTED_EDGE('',*,*,#800,.T.);
#1024=ORIENTED_EDGE('',*,*,#796,.T.);
#1025=ORIENTED_EDGE('',*,*,#799,.F.);
#1026=ORIENTED_EDGE('',*,*,#801,.F.);
#1027=ORIENTED_EDGE('',*,*,#802,.F.);
#1028=ORIENTED_EDGE('',*,*,#803,.F.);
#1029=ORIENTED_EDGE('',*,*,#804,.F.);
#1030=ORIENTED_EDGE('',*,*,#805,.F.);
#1031=ORIENTED_EDGE('',*,*,#794,.F.);
#1032=ORIENTED_EDGE('',*,*,#806,.F.);
#1033=ORIENTED_EDGE('',*,*,#807,.F.);
#1034=ORIENTED_EDGE('',*,*,#808,.F.);
#1035=ORIENTED_EDGE('',*,*,#809,.F.);
#1036=ORIENTED_EDGE('',*,*,#810,.F.);
#1037=ORIENTED_EDGE('',*,*,#806,.T.);
#1038=ORIENTED_EDGE('',*,*,#793,.F.);
#1039=ORIENTED_EDGE('',*,*,#797,.T.);
#1040=ORIENTED_EDGE('',*,*,#800,.F.);
#1041=ORIENTED_EDGE('',*,*,#805,.T.);
#1042=ORIENTED_EDGE('',*,*,#811,.T.);
#1043=ORIENTED_EDGE('',*,*,#812,.T.);
#1044=ORIENTED_EDGE('',*,*,#813,.T.);
#1045=ORIENTED_EDGE('',*,*,#814,.F.);
#1046=ORIENTED_EDGE('',*,*,#815,.F.);
#1047=ORIENTED_EDGE('',*,*,#816,.F.);
#1048=ORIENTED_EDGE('',*,*,#817,.F.);
#1049=ORIENTED_EDGE('',*,*,#818,.F.);
#1050=ORIENTED_EDGE('',*,*,#819,.T.);
#1051=ORIENTED_EDGE('',*,*,#820,.T.);
#1052=ORIENTED_EDGE('',*,*,#821,.T.);
#1053=ORIENTED_EDGE('',*,*,#822,.T.);
#1054=ORIENTED_EDGE('',*,*,#823,.F.);
#1055=ORIENTED_EDGE('',*,*,#824,.T.);
#1056=ORIENTED_EDGE('',*,*,#825,.T.);
#1057=ORIENTED_EDGE('',*,*,#826,.T.);
#1058=ORIENTED_EDGE('',*,*,#827,.T.);
#1059=ORIENTED_EDGE('',*,*,#828,.T.);
#1060=ORIENTED_EDGE('',*,*,#829,.T.);
#1061=ORIENTED_EDGE('',*,*,#830,.T.);
#1062=ORIENTED_EDGE('',*,*,#831,.T.);
#1063=ORIENTED_EDGE('',*,*,#832,.T.);
#1064=ORIENTED_EDGE('',*,*,#833,.T.);
#1065=ORIENTED_EDGE('',*,*,#834,.T.);
#1066=ORIENTED_EDGE('',*,*,#835,.T.);
#1067=ORIENTED_EDGE('',*,*,#802,.T.);
#1068=ORIENTED_EDGE('',*,*,#836,.F.);
#1069=ORIENTED_EDGE('',*,*,#837,.F.);
#1070=ORIENTED_EDGE('',*,*,#838,.F.);
#1071=ORIENTED_EDGE('',*,*,#809,.T.);
#1072=ORIENTED_EDGE('',*,*,#839,.F.);
#1073=ORIENTED_EDGE('',*,*,#840,.F.);
#1074=ORIENTED_EDGE('',*,*,#841,.F.);
#1075=ORIENTED_EDGE('',*,*,#803,.T.);
#1076=ORIENTED_EDGE('',*,*,#838,.T.);
#1077=ORIENTED_EDGE('',*,*,#842,.F.);
#1078=ORIENTED_EDGE('',*,*,#843,.T.);
#1079=ORIENTED_EDGE('',*,*,#808,.T.);
#1080=ORIENTED_EDGE('',*,*,#844,.T.);
#1081=ORIENTED_EDGE('',*,*,#845,.T.);
#1082=ORIENTED_EDGE('',*,*,#846,.F.);
#1083=ORIENTED_EDGE('',*,*,#847,.T.);
#1084=ORIENTED_EDGE('',*,*,#839,.T.);
#1085=ORIENTED_EDGE('',*,*,#804,.T.);
#1086=ORIENTED_EDGE('',*,*,#843,.F.);
#1087=ORIENTED_EDGE('',*,*,#848,.F.);
#1088=ORIENTED_EDGE('',*,*,#811,.F.);
#1089=ORIENTED_EDGE('',*,*,#807,.T.);
#1090=ORIENTED_EDGE('',*,*,#825,.F.);
#1091=ORIENTED_EDGE('',*,*,#849,.F.);
#1092=ORIENTED_EDGE('',*,*,#850,.F.);
#1093=ORIENTED_EDGE('',*,*,#844,.F.);
#1094=ORIENTED_EDGE('',*,*,#826,.F.);
#1095=ORIENTED_EDGE('',*,*,#851,.T.);
#1096=ORIENTED_EDGE('',*,*,#852,.T.);
#1097=ORIENTED_EDGE('',*,*,#851,.F.);
#1098=ORIENTED_EDGE('',*,*,#852,.F.);
#1099=ORIENTED_EDGE('',*,*,#827,.F.);
#1100=ORIENTED_EDGE('',*,*,#853,.T.);
#1101=ORIENTED_EDGE('',*,*,#854,.T.);
#1102=ORIENTED_EDGE('',*,*,#853,.F.);
#1103=ORIENTED_EDGE('',*,*,#854,.F.);
#1104=ORIENTED_EDGE('',*,*,#828,.F.);
#1105=ORIENTED_EDGE('',*,*,#855,.T.);
#1106=ORIENTED_EDGE('',*,*,#856,.T.);
#1107=ORIENTED_EDGE('',*,*,#855,.F.);
#1108=ORIENTED_EDGE('',*,*,#856,.F.);
#1109=ORIENTED_EDGE('',*,*,#829,.F.);
#1110=ORIENTED_EDGE('',*,*,#857,.T.);
#1111=ORIENTED_EDGE('',*,*,#858,.T.);
#1112=ORIENTED_EDGE('',*,*,#857,.F.);
#1113=ORIENTED_EDGE('',*,*,#858,.F.);
#1114=ORIENTED_EDGE('',*,*,#830,.F.);
#1115=ORIENTED_EDGE('',*,*,#859,.T.);
#1116=ORIENTED_EDGE('',*,*,#860,.T.);
#1117=ORIENTED_EDGE('',*,*,#859,.F.);
#1118=ORIENTED_EDGE('',*,*,#860,.F.);
#1119=ORIENTED_EDGE('',*,*,#831,.F.);
#1120=ORIENTED_EDGE('',*,*,#861,.T.);
#1121=ORIENTED_EDGE('',*,*,#862,.T.);
#1122=ORIENTED_EDGE('',*,*,#861,.F.);
#1123=ORIENTED_EDGE('',*,*,#862,.F.);
#1124=ORIENTED_EDGE('',*,*,#832,.F.);
#1125=ORIENTED_EDGE('',*,*,#863,.T.);
#1126=ORIENTED_EDGE('',*,*,#864,.T.);
#1127=ORIENTED_EDGE('',*,*,#863,.F.);
#1128=ORIENTED_EDGE('',*,*,#864,.F.);
#1129=ORIENTED_EDGE('',*,*,#833,.F.);
#1130=ORIENTED_EDGE('',*,*,#865,.T.);
#1131=ORIENTED_EDGE('',*,*,#866,.T.);
#1132=ORIENTED_EDGE('',*,*,#865,.F.);
#1133=ORIENTED_EDGE('',*,*,#866,.F.);
#1134=ORIENTED_EDGE('',*,*,#834,.F.);
#1135=ORIENTED_EDGE('',*,*,#867,.T.);
#1136=ORIENTED_EDGE('',*,*,#868,.T.);
#1137=ORIENTED_EDGE('',*,*,#867,.F.);
#1138=ORIENTED_EDGE('',*,*,#868,.F.);
#1139=ORIENTED_EDGE('',*,*,#835,.F.);
#1140=ORIENTED_EDGE('',*,*,#869,.T.);
#1141=ORIENTED_EDGE('',*,*,#870,.T.);
#1142=ORIENTED_EDGE('',*,*,#869,.F.);
#1143=ORIENTED_EDGE('',*,*,#870,.F.);
#1144=ORIENTED_EDGE('',*,*,#871,.F.);
#1145=ORIENTED_EDGE('',*,*,#872,.T.);
#1146=ORIENTED_EDGE('',*,*,#873,.T.);
#1147=ORIENTED_EDGE('',*,*,#872,.F.);
#1148=ORIENTED_EDGE('',*,*,#873,.F.);
#1149=ORIENTED_EDGE('',*,*,#874,.F.);
#1150=ORIENTED_EDGE('',*,*,#875,.T.);
#1151=ORIENTED_EDGE('',*,*,#876,.T.);
#1152=ORIENTED_EDGE('',*,*,#875,.F.);
#1153=ORIENTED_EDGE('',*,*,#876,.F.);
#1154=ORIENTED_EDGE('',*,*,#877,.F.);
#1155=ORIENTED_EDGE('',*,*,#878,.F.);
#1156=ORIENTED_EDGE('',*,*,#849,.T.);
#1157=ORIENTED_EDGE('',*,*,#824,.F.);
#1158=ORIENTED_EDGE('',*,*,#879,.F.);
#1159=ORIENTED_EDGE('',*,*,#880,.F.);
#1160=ORIENTED_EDGE('',*,*,#881,.T.);
#1161=ORIENTED_EDGE('',*,*,#882,.F.);
#1162=ORIENTED_EDGE('',*,*,#812,.F.);
#1163=ORIENTED_EDGE('',*,*,#848,.T.);
#1164=ORIENTED_EDGE('',*,*,#842,.T.);
#1165=ORIENTED_EDGE('',*,*,#837,.T.);
#1166=ORIENTED_EDGE('',*,*,#883,.F.);
#1167=ORIENTED_EDGE('',*,*,#850,.T.);
#1168=ORIENTED_EDGE('',*,*,#878,.T.);
#1169=ORIENTED_EDGE('',*,*,#884,.T.);
#1170=ORIENTED_EDGE('',*,*,#885,.T.);
#1171=ORIENTED_EDGE('',*,*,#886,.F.);
#1172=ORIENTED_EDGE('',*,*,#887,.F.);
#1173=ORIENTED_EDGE('',*,*,#888,.T.);
#1174=ORIENTED_EDGE('',*,*,#889,.T.);
#1175=ORIENTED_EDGE('',*,*,#846,.T.);
#1176=ORIENTED_EDGE('',*,*,#890,.T.);
#1177=ORIENTED_EDGE('',*,*,#891,.F.);
#1178=ORIENTED_EDGE('',*,*,#890,.F.);
#1179=ORIENTED_EDGE('',*,*,#845,.F.);
#1180=ORIENTED_EDGE('',*,*,#888,.F.);
#1181=ORIENTED_EDGE('',*,*,#892,.F.);
#1182=ORIENTED_EDGE('',*,*,#893,.F.);
#1183=ORIENTED_EDGE('',*,*,#810,.T.);
#1184=ORIENTED_EDGE('',*,*,#841,.T.);
#1185=ORIENTED_EDGE('',*,*,#894,.F.);
#1186=ORIENTED_EDGE('',*,*,#891,.T.);
#1187=ORIENTED_EDGE('',*,*,#893,.T.);
#1188=ORIENTED_EDGE('',*,*,#895,.T.);
#1189=ORIENTED_EDGE('',*,*,#896,.T.);
#1190=ORIENTED_EDGE('',*,*,#897,.T.);
#1191=ORIENTED_EDGE('',*,*,#898,.T.);
#1192=ORIENTED_EDGE('',*,*,#899,.F.);
#1193=ORIENTED_EDGE('',*,*,#900,.T.);
#1194=ORIENTED_EDGE('',*,*,#901,.T.);
#1195=ORIENTED_EDGE('',*,*,#902,.F.);
#1196=ORIENTED_EDGE('',*,*,#903,.F.);
#1197=ORIENTED_EDGE('',*,*,#904,.T.);
#1198=ORIENTED_EDGE('',*,*,#905,.T.);
#1199=ORIENTED_EDGE('',*,*,#906,.T.);
#1200=ORIENTED_EDGE('',*,*,#883,.T.);
#1201=ORIENTED_EDGE('',*,*,#836,.T.);
#1202=ORIENTED_EDGE('',*,*,#801,.T.);
#1203=ORIENTED_EDGE('',*,*,#798,.F.);
#1204=ORIENTED_EDGE('',*,*,#795,.T.);
#1205=ORIENTED_EDGE('',*,*,#791,.F.);
#1206=ORIENTED_EDGE('',*,*,#871,.T.);
#1207=ORIENTED_EDGE('',*,*,#874,.T.);
#1208=ORIENTED_EDGE('',*,*,#907,.F.);
#1209=ORIENTED_EDGE('',*,*,#822,.F.);
#1210=ORIENTED_EDGE('',*,*,#908,.F.);
#1211=ORIENTED_EDGE('',*,*,#885,.F.);
#1212=ORIENTED_EDGE('',*,*,#908,.T.);
#1213=ORIENTED_EDGE('',*,*,#821,.F.);
#1214=ORIENTED_EDGE('',*,*,#909,.T.);
#1215=ORIENTED_EDGE('',*,*,#886,.T.);
#1216=ORIENTED_EDGE('',*,*,#907,.T.);
#1217=ORIENTED_EDGE('',*,*,#884,.F.);
#1218=ORIENTED_EDGE('',*,*,#877,.T.);
#1219=ORIENTED_EDGE('',*,*,#823,.T.);
#1220=ORIENTED_EDGE('',*,*,#840,.T.);
#1221=ORIENTED_EDGE('',*,*,#847,.F.);
#1222=ORIENTED_EDGE('',*,*,#889,.F.);
#1223=ORIENTED_EDGE('',*,*,#894,.T.);
#1224=ORIENTED_EDGE('',*,*,#910,.T.);
#1225=ORIENTED_EDGE('',*,*,#911,.T.);
#1226=ORIENTED_EDGE('',*,*,#912,.T.);
#1227=ORIENTED_EDGE('',*,*,#913,.T.);
#1228=ORIENTED_EDGE('',*,*,#914,.F.);
#1229=ORIENTED_EDGE('',*,*,#915,.T.);
#1230=ORIENTED_EDGE('',*,*,#912,.F.);
#1231=ORIENTED_EDGE('',*,*,#916,.T.);
#1232=ORIENTED_EDGE('',*,*,#917,.F.);
#1233=ORIENTED_EDGE('',*,*,#918,.T.);
#1234=ORIENTED_EDGE('',*,*,#919,.T.);
#1235=ORIENTED_EDGE('',*,*,#817,.T.);
#1236=ORIENTED_EDGE('',*,*,#920,.F.);
#1237=ORIENTED_EDGE('',*,*,#916,.F.);
#1238=ORIENTED_EDGE('',*,*,#911,.F.);
#1239=ORIENTED_EDGE('',*,*,#921,.F.);
#1240=ORIENTED_EDGE('',*,*,#922,.F.);
#1241=ORIENTED_EDGE('',*,*,#923,.F.);
#1242=ORIENTED_EDGE('',*,*,#924,.F.);
#1243=ORIENTED_EDGE('',*,*,#925,.F.);
#1244=ORIENTED_EDGE('',*,*,#926,.T.);
#1245=ORIENTED_EDGE('',*,*,#927,.F.);
#1246=ORIENTED_EDGE('',*,*,#928,.F.);
#1247=ORIENTED_EDGE('',*,*,#929,.F.);
#1248=ORIENTED_EDGE('',*,*,#930,.T.);
#1249=ORIENTED_EDGE('',*,*,#931,.T.);
#1250=ORIENTED_EDGE('',*,*,#932,.T.);
#1251=ORIENTED_EDGE('',*,*,#933,.T.);
#1252=ORIENTED_EDGE('',*,*,#934,.T.);
#1253=ORIENTED_EDGE('',*,*,#935,.T.);
#1254=ORIENTED_EDGE('',*,*,#932,.F.);
#1255=ORIENTED_EDGE('',*,*,#936,.T.);
#1256=ORIENTED_EDGE('',*,*,#937,.F.);
#1257=ORIENTED_EDGE('',*,*,#938,.F.);
#1258=ORIENTED_EDGE('',*,*,#815,.T.);
#1259=ORIENTED_EDGE('',*,*,#939,.T.);
#1260=ORIENTED_EDGE('',*,*,#940,.T.);
#1261=ORIENTED_EDGE('',*,*,#936,.F.);
#1262=ORIENTED_EDGE('',*,*,#941,.T.);
#1263=ORIENTED_EDGE('',*,*,#902,.T.);
#1264=ORIENTED_EDGE('',*,*,#942,.T.);
#1265=ORIENTED_EDGE('',*,*,#903,.T.);
#1266=ORIENTED_EDGE('',*,*,#941,.F.);
#1267=ORIENTED_EDGE('',*,*,#931,.F.);
#1268=ORIENTED_EDGE('',*,*,#943,.F.);
#1269=ORIENTED_EDGE('',*,*,#944,.F.);
#1270=ORIENTED_EDGE('',*,*,#938,.T.);
#1271=ORIENTED_EDGE('',*,*,#945,.T.);
#1272=ORIENTED_EDGE('',*,*,#920,.T.);
#1273=ORIENTED_EDGE('',*,*,#816,.T.);
#1274=ORIENTED_EDGE('',*,*,#935,.F.);
#1275=ORIENTED_EDGE('',*,*,#946,.F.);
#1276=ORIENTED_EDGE('',*,*,#947,.T.);
#1277=ORIENTED_EDGE('',*,*,#948,.F.);
#1278=ORIENTED_EDGE('',*,*,#881,.F.);
#1279=ORIENTED_EDGE('',*,*,#949,.F.);
#1280=ORIENTED_EDGE('',*,*,#950,.F.);
#1281=ORIENTED_EDGE('',*,*,#951,.F.);
#1282=ORIENTED_EDGE('',*,*,#933,.F.);
#1283=ORIENTED_EDGE('',*,*,#952,.F.);
#1284=ORIENTED_EDGE('',*,*,#953,.F.);
#1285=ORIENTED_EDGE('',*,*,#954,.F.);
#1286=ORIENTED_EDGE('',*,*,#939,.F.);
#1287=ORIENTED_EDGE('',*,*,#814,.T.);
#1288=ORIENTED_EDGE('',*,*,#955,.T.);
#1289=ORIENTED_EDGE('',*,*,#947,.F.);
#1290=ORIENTED_EDGE('',*,*,#956,.T.);
#1291=ORIENTED_EDGE('',*,*,#919,.F.);
#1292=ORIENTED_EDGE('',*,*,#957,.T.);
#1293=ORIENTED_EDGE('',*,*,#926,.F.);
#1294=ORIENTED_EDGE('',*,*,#958,.T.);
#1295=ORIENTED_EDGE('',*,*,#818,.T.);
#1296=ORIENTED_EDGE('',*,*,#940,.F.);
#1297=ORIENTED_EDGE('',*,*,#956,.F.);
#1298=ORIENTED_EDGE('',*,*,#946,.T.);
#1299=ORIENTED_EDGE('',*,*,#934,.F.);
#1300=ORIENTED_EDGE('',*,*,#942,.F.);
#1301=ORIENTED_EDGE('',*,*,#901,.F.);
#1302=ORIENTED_EDGE('',*,*,#959,.F.);
#1303=ORIENTED_EDGE('',*,*,#914,.T.);
#1304=ORIENTED_EDGE('',*,*,#927,.T.);
#1305=ORIENTED_EDGE('',*,*,#957,.F.);
#1306=ORIENTED_EDGE('',*,*,#918,.F.);
#1307=ORIENTED_EDGE('',*,*,#917,.T.);
#1308=ORIENTED_EDGE('',*,*,#945,.F.);
#1309=ORIENTED_EDGE('',*,*,#937,.T.);
#1310=ORIENTED_EDGE('',*,*,#960,.T.);
#1311=ORIENTED_EDGE('',*,*,#961,.T.);
#1312=ORIENTED_EDGE('',*,*,#949,.T.);
#1313=ORIENTED_EDGE('',*,*,#880,.T.);
#1314=ORIENTED_EDGE('',*,*,#961,.F.);
#1315=ORIENTED_EDGE('',*,*,#962,.F.);
#1316=ORIENTED_EDGE('',*,*,#963,.T.);
#1317=ORIENTED_EDGE('',*,*,#964,.F.);
#1318=ORIENTED_EDGE('',*,*,#965,.F.);
#1319=ORIENTED_EDGE('',*,*,#966,.F.);
#1320=ORIENTED_EDGE('',*,*,#967,.F.);
#1321=ORIENTED_EDGE('',*,*,#950,.T.);
#1322=ORIENTED_EDGE('',*,*,#915,.F.);
#1323=ORIENTED_EDGE('',*,*,#959,.T.);
#1324=ORIENTED_EDGE('',*,*,#900,.F.);
#1325=ORIENTED_EDGE('',*,*,#968,.T.);
#1326=ORIENTED_EDGE('',*,*,#910,.F.);
#1327=ORIENTED_EDGE('',*,*,#969,.T.);
#1328=ORIENTED_EDGE('',*,*,#970,.T.);
#1329=ORIENTED_EDGE('',*,*,#971,.T.);
#1330=ORIENTED_EDGE('',*,*,#921,.T.);
#1331=ORIENTED_EDGE('',*,*,#971,.F.);
#1332=ORIENTED_EDGE('',*,*,#972,.F.);
#1333=ORIENTED_EDGE('',*,*,#973,.T.);
#1334=ORIENTED_EDGE('',*,*,#974,.F.);
#1335=ORIENTED_EDGE('',*,*,#975,.F.);
#1336=ORIENTED_EDGE('',*,*,#976,.F.);
#1337=ORIENTED_EDGE('',*,*,#977,.F.);
#1338=ORIENTED_EDGE('',*,*,#922,.T.);
#1339=ORIENTED_EDGE('',*,*,#930,.F.);
#1340=ORIENTED_EDGE('',*,*,#951,.T.);
#1341=ORIENTED_EDGE('',*,*,#967,.T.);
#1342=ORIENTED_EDGE('',*,*,#978,.T.);
#1343=ORIENTED_EDGE('',*,*,#943,.T.);
#1344=ORIENTED_EDGE('',*,*,#979,.T.);
#1345=ORIENTED_EDGE('',*,*,#980,.T.);
#1346=ORIENTED_EDGE('',*,*,#923,.T.);
#1347=ORIENTED_EDGE('',*,*,#977,.T.);
#1348=ORIENTED_EDGE('',*,*,#981,.T.);
#1349=ORIENTED_EDGE('',*,*,#965,.T.);
#1350=ORIENTED_EDGE('',*,*,#982,.F.);
#1351=ORIENTED_EDGE('',*,*,#983,.F.);
#1352=ORIENTED_EDGE('',*,*,#978,.F.);
#1353=ORIENTED_EDGE('',*,*,#966,.T.);
#1354=ORIENTED_EDGE('',*,*,#981,.F.);
#1355=ORIENTED_EDGE('',*,*,#984,.F.);
#1356=ORIENTED_EDGE('',*,*,#904,.F.);
#1357=ORIENTED_EDGE('',*,*,#944,.T.);
#1358=ORIENTED_EDGE('',*,*,#985,.T.);
#1359=ORIENTED_EDGE('',*,*,#982,.T.);
#1360=ORIENTED_EDGE('',*,*,#964,.T.);
#1361=ORIENTED_EDGE('',*,*,#986,.T.);
#1362=ORIENTED_EDGE('',*,*,#987,.T.);
#1363=ORIENTED_EDGE('',*,*,#988,.T.);
#1364=ORIENTED_EDGE('',*,*,#989,.T.);
#1365=ORIENTED_EDGE('',*,*,#990,.T.);
#1366=ORIENTED_EDGE('',*,*,#991,.T.);
#1367=ORIENTED_EDGE('',*,*,#992,.F.);
#1368=ORIENTED_EDGE('',*,*,#973,.F.);
#1369=ORIENTED_EDGE('',*,*,#970,.F.);
#1370=ORIENTED_EDGE('',*,*,#993,.T.);
#1371=ORIENTED_EDGE('',*,*,#898,.F.);
#1372=ORIENTED_EDGE('',*,*,#994,.F.);
#1373=ORIENTED_EDGE('',*,*,#990,.F.);
#1374=ORIENTED_EDGE('',*,*,#972,.T.);
#1375=ORIENTED_EDGE('',*,*,#992,.T.);
#1376=ORIENTED_EDGE('',*,*,#995,.T.);
#1377=ORIENTED_EDGE('',*,*,#996,.T.);
#1378=ORIENTED_EDGE('',*,*,#974,.T.);
#1379=ORIENTED_EDGE('',*,*,#997,.T.);
#1380=ORIENTED_EDGE('',*,*,#998,.T.);
#1381=ORIENTED_EDGE('',*,*,#999,.T.);
#1382=ORIENTED_EDGE('',*,*,#975,.T.);
#1383=ORIENTED_EDGE('',*,*,#996,.F.);
#1384=ORIENTED_EDGE('',*,*,#1000,.F.);
#1385=ORIENTED_EDGE('',*,*,#979,.F.);
#1386=ORIENTED_EDGE('',*,*,#976,.T.);
#1387=ORIENTED_EDGE('',*,*,#999,.F.);
#1388=ORIENTED_EDGE('',*,*,#1001,.F.);
#1389=ORIENTED_EDGE('',*,*,#896,.F.);
#1390=ORIENTED_EDGE('',*,*,#1002,.T.);
#1391=ORIENTED_EDGE('',*,*,#1003,.T.);
#1392=ORIENTED_EDGE('',*,*,#1004,.T.);
#1393=ORIENTED_EDGE('',*,*,#986,.F.);
#1394=ORIENTED_EDGE('',*,*,#963,.F.);
#1395=ORIENTED_EDGE('',*,*,#960,.F.);
#1396=ORIENTED_EDGE('',*,*,#879,.T.);
#1397=ORIENTED_EDGE('',*,*,#906,.F.);
#1398=ORIENTED_EDGE('',*,*,#1005,.F.);
#1399=ORIENTED_EDGE('',*,*,#1003,.F.);
#1400=ORIENTED_EDGE('',*,*,#962,.T.);
#1401=ORIENTED_EDGE('',*,*,#905,.F.);
#1402=ORIENTED_EDGE('',*,*,#984,.T.);
#1403=ORIENTED_EDGE('',*,*,#983,.T.);
#1404=ORIENTED_EDGE('',*,*,#985,.F.);
#1405=ORIENTED_EDGE('',*,*,#1004,.F.);
#1406=ORIENTED_EDGE('',*,*,#1005,.T.);
#1407=ORIENTED_EDGE('',*,*,#1001,.T.);
#1408=ORIENTED_EDGE('',*,*,#1000,.T.);
#1409=ORIENTED_EDGE('',*,*,#995,.F.);
#1410=ORIENTED_EDGE('',*,*,#991,.F.);
#1411=ORIENTED_EDGE('',*,*,#994,.T.);
#1412=ORIENTED_EDGE('',*,*,#897,.F.);
#1413=ORIENTED_EDGE('',*,*,#887,.T.);
#1414=ORIENTED_EDGE('',*,*,#909,.F.);
#1415=ORIENTED_EDGE('',*,*,#820,.F.);
#1416=ORIENTED_EDGE('',*,*,#1006,.T.);
#1417=ORIENTED_EDGE('',*,*,#1007,.T.);
#1418=ORIENTED_EDGE('',*,*,#895,.F.);
#1419=ORIENTED_EDGE('',*,*,#892,.T.);
#1420=ORIENTED_EDGE('',*,*,#958,.F.);
#1421=ORIENTED_EDGE('',*,*,#925,.T.);
#1422=ORIENTED_EDGE('',*,*,#1006,.F.);
#1423=ORIENTED_EDGE('',*,*,#819,.F.);
#1424=ORIENTED_EDGE('',*,*,#955,.F.);
#1425=ORIENTED_EDGE('',*,*,#813,.F.);
#1426=ORIENTED_EDGE('',*,*,#882,.T.);
#1427=ORIENTED_EDGE('',*,*,#948,.T.);
#1428=ORIENTED_EDGE('',*,*,#1007,.F.);
#1429=ORIENTED_EDGE('',*,*,#924,.T.);
#1430=ORIENTED_EDGE('',*,*,#980,.F.);
#1431=ORIENTED_EDGE('',*,*,#1002,.F.);
#1432=ORIENTED_EDGE('',*,*,#993,.F.);
#1433=ORIENTED_EDGE('',*,*,#969,.F.);
#1434=ORIENTED_EDGE('',*,*,#913,.F.);
#1435=ORIENTED_EDGE('',*,*,#968,.F.);
#1436=ORIENTED_EDGE('',*,*,#899,.T.);
#1437=ORIENTED_EDGE('',*,*,#997,.F.);
#1438=ORIENTED_EDGE('',*,*,#1008,.T.);
#1439=ORIENTED_EDGE('',*,*,#928,.T.);
#1440=ORIENTED_EDGE('',*,*,#1008,.F.);
#1441=ORIENTED_EDGE('',*,*,#998,.F.);
#1442=ORIENTED_EDGE('',*,*,#1009,.T.);
#1443=ORIENTED_EDGE('',*,*,#929,.T.);
#1444=ORIENTED_EDGE('',*,*,#1009,.F.);
#1445=ORIENTED_EDGE('',*,*,#989,.F.);
#1446=ORIENTED_EDGE('',*,*,#1010,.T.);
#1447=ORIENTED_EDGE('',*,*,#954,.T.);
#1448=ORIENTED_EDGE('',*,*,#1010,.F.);
#1449=ORIENTED_EDGE('',*,*,#952,.T.);
#1450=ORIENTED_EDGE('',*,*,#1011,.T.);
#1451=ORIENTED_EDGE('',*,*,#987,.F.);
#1452=ORIENTED_EDGE('',*,*,#1012,.F.);
#1453=ORIENTED_EDGE('',*,*,#953,.T.);
#1454=ORIENTED_EDGE('',*,*,#1012,.T.);
#1455=ORIENTED_EDGE('',*,*,#988,.F.);
#1456=ORIENTED_EDGE('',*,*,#1011,.F.);
#1457=CYLINDRICAL_SURFACE('',#1595,1.);
#1458=CYLINDRICAL_SURFACE('',#1599,1.);
#1459=CYLINDRICAL_SURFACE('',#1625,2.4);
#1460=CYLINDRICAL_SURFACE('',#1628,2.4);
#1461=CYLINDRICAL_SURFACE('',#1631,2.4);
#1462=CYLINDRICAL_SURFACE('',#1634,2.4);
#1463=CYLINDRICAL_SURFACE('',#1637,2.4);
#1464=CYLINDRICAL_SURFACE('',#1640,2.4);
#1465=CYLINDRICAL_SURFACE('',#1643,2.4);
#1466=CYLINDRICAL_SURFACE('',#1646,2.4);
#1467=CYLINDRICAL_SURFACE('',#1649,2.4);
#1468=CYLINDRICAL_SURFACE('',#1652,2.4);
#1469=CYLINDRICAL_SURFACE('',#1655,1.64999999999999);
#1470=CYLINDRICAL_SURFACE('',#1659,1.65);
#1471=CYLINDRICAL_SURFACE('',#1677,0.749999999999989);
#1472=CYLINDRICAL_SURFACE('',#1690,0.749999999999993);
#1473=CYLINDRICAL_SURFACE('',#1697,1.5);
#1474=CYLINDRICAL_SURFACE('',#1699,1.5);
#1475=CYLINDRICAL_SURFACE('',#1706,2.);
#1476=CYLINDRICAL_SURFACE('',#1707,2.);
#1477=CYLINDRICAL_SURFACE('',#1709,1.5);
#1478=CYLINDRICAL_SURFACE('',#1712,1.5);
#1479=CYLINDRICAL_SURFACE('',#1713,1.5);
#1480=CYLINDRICAL_SURFACE('',#1716,1.5);
#1481=CYLINDRICAL_SURFACE('',#1718,1.5);
#1482=CYLINDRICAL_SURFACE('',#1720,5.99999999999998);
#1483=CYLINDRICAL_SURFACE('',#1730,6.00000000000001);
#1484=CYLINDRICAL_SURFACE('',#1740,6.00000000000001);
#1485=CYLINDRICAL_SURFACE('',#1744,5.99999999999998);
#1486=CYLINDRICAL_SURFACE('',#1748,6.00000000000001);
#1487=CYLINDRICAL_SURFACE('',#1749,6.00000000000001);
#1488=CYLINDRICAL_SURFACE('',#1755,2.50048733838465);
#1489=CYLINDRICAL_SURFACE('',#1756,2.50048733838469);
#1490=CYLINDRICAL_SURFACE('',#1757,2.50048733838469);
#1491=CYLINDRICAL_SURFACE('',#1758,2.58233169552921);
#1492=ADVANCED_FACE('',(#99),#1457,.F.);
#1493=ADVANCED_FACE('',(#100),#49,.F.);
#1494=ADVANCED_FACE('',(#101),#1458,.F.);
#1495=ADVANCED_FACE('',(#102),#50,.F.);
#1496=ADVANCED_FACE('',(#103),#51,.F.);
#1497=ADVANCED_FACE('',(#104,#29,#30,#31,#32,#33,#34,#35,#36,#37,#38),#52,
 .T.);
#1498=ADVANCED_FACE('',(#105),#53,.F.);
#1499=ADVANCED_FACE('',(#106),#54,.F.);
#1500=ADVANCED_FACE('',(#107),#55,.T.);
#1501=ADVANCED_FACE('',(#108),#56,.T.);
#1502=ADVANCED_FACE('',(#109),#57,.F.);
#1503=ADVANCED_FACE('',(#110),#58,.F.);
#1504=ADVANCED_FACE('',(#111),#1459,.F.);
#1505=ADVANCED_FACE('',(#112),#59,.T.);
#1506=ADVANCED_FACE('',(#113),#1460,.F.);
#1507=ADVANCED_FACE('',(#114),#60,.T.);
#1508=ADVANCED_FACE('',(#115),#1461,.F.);
#1509=ADVANCED_FACE('',(#116),#61,.T.);
#1510=ADVANCED_FACE('',(#117),#1462,.F.);
#1511=ADVANCED_FACE('',(#118),#62,.T.);
#1512=ADVANCED_FACE('',(#119),#1463,.F.);
#1513=ADVANCED_FACE('',(#120),#63,.T.);
#1514=ADVANCED_FACE('',(#121),#1464,.F.);
#1515=ADVANCED_FACE('',(#122),#64,.T.);
#1516=ADVANCED_FACE('',(#123),#1465,.F.);
#1517=ADVANCED_FACE('',(#124),#65,.T.);
#1518=ADVANCED_FACE('',(#125),#1466,.F.);
#1519=ADVANCED_FACE('',(#126),#66,.T.);
#1520=ADVANCED_FACE('',(#127),#1467,.F.);
#1521=ADVANCED_FACE('',(#128),#67,.T.);
#1522=ADVANCED_FACE('',(#129),#1468,.F.);
#1523=ADVANCED_FACE('',(#130),#68,.T.);
#1524=ADVANCED_FACE('',(#131),#1469,.F.);
#1525=ADVANCED_FACE('',(#132),#69,.T.);
#1526=ADVANCED_FACE('',(#133),#1470,.F.);
#1527=ADVANCED_FACE('',(#134),#70,.T.);
#1528=ADVANCED_FACE('',(#135),#71,.F.);
#1529=ADVANCED_FACE('',(#136),#72,.T.);
#1530=ADVANCED_FACE('',(#137),#73,.T.);
#1531=ADVANCED_FACE('',(#138),#74,.F.);
#1532=ADVANCED_FACE('',(#139),#75,.F.);
#1533=ADVANCED_FACE('',(#140,#39,#40),#76,.T.);
#1534=ADVANCED_FACE('',(#141),#77,.F.);
#1535=ADVANCED_FACE('',(#142),#78,.T.);
#1536=ADVANCED_FACE('',(#143),#79,.T.);
#1537=ADVANCED_FACE('',(#144),#80,.T.);
#1538=ADVANCED_FACE('',(#145),#1471,.T.);
#1539=ADVANCED_FACE('',(#146),#15,.T.);
#1540=ADVANCED_FACE('',(#147),#16,.T.);
#1541=ADVANCED_FACE('',(#148,#41,#42),#81,.F.);
#1542=ADVANCED_FACE('',(#149),#1472,.T.);
#1543=ADVANCED_FACE('',(#150),#17,.T.);
#1544=ADVANCED_FACE('',(#151),#18,.T.);
#1545=ADVANCED_FACE('',(#152),#1473,.F.);
#1546=ADVANCED_FACE('',(#153),#82,.T.);
#1547=ADVANCED_FACE('',(#154),#1474,.T.);
#1548=ADVANCED_FACE('',(#155,#43,#44),#83,.F.);
#1549=ADVANCED_FACE('',(#156),#1475,.F.);
#1550=ADVANCED_FACE('',(#157),#1476,.F.);
#1551=ADVANCED_FACE('',(#158),#84,.T.);
#1552=ADVANCED_FACE('',(#159),#1477,.T.);
#1553=ADVANCED_FACE('',(#160),#85,.T.);
#1554=ADVANCED_FACE('',(#161),#1478,.F.);
#1555=ADVANCED_FACE('',(#162),#1479,.T.);
#1556=ADVANCED_FACE('',(#163),#86,.T.);
#1557=ADVANCED_FACE('',(#164),#1480,.T.);
#1558=ADVANCED_FACE('',(#165),#1481,.T.);
#1559=ADVANCED_FACE('',(#166),#1482,.F.);
#1560=ADVANCED_FACE('',(#167),#87,.T.);
#1561=ADVANCED_FACE('',(#168,#45,#46),#88,.T.);
#1562=ADVANCED_FACE('',(#169),#1483,.F.);
#1563=ADVANCED_FACE('',(#170),#89,.T.);
#1564=ADVANCED_FACE('',(#171,#47,#48),#90,.T.);
#1565=ADVANCED_FACE('',(#172),#1484,.F.);
#1566=ADVANCED_FACE('',(#173),#91,.T.);
#1567=ADVANCED_FACE('',(#174),#1485,.F.);
#1568=ADVANCED_FACE('',(#175),#92,.T.);
#1569=ADVANCED_FACE('',(#176),#1486,.F.);
#1570=ADVANCED_FACE('',(#177),#1487,.F.);
#1571=ADVANCED_FACE('',(#178),#93,.T.);
#1572=ADVANCED_FACE('',(#179),#94,.T.);
#1573=ADVANCED_FACE('',(#180),#95,.T.);
#1574=ADVANCED_FACE('',(#181),#96,.T.);
#1575=ADVANCED_FACE('',(#182),#97,.T.);
#1576=ADVANCED_FACE('',(#183),#1488,.F.);
#1577=ADVANCED_FACE('',(#184),#1489,.F.);
#1578=ADVANCED_FACE('',(#185),#1490,.F.);
#1579=ADVANCED_FACE('',(#186),#1491,.F.);
#1580=ADVANCED_FACE('',(#187),#98,.T.);
#1581=CLOSED_SHELL('',(#1492,#1493,#1494,#1495,#1496,#1497,#1498,#1499,
#1500,#1501,#1502,#1503,#1504,#1505,#1506,#1507,#1508,#1509,#1510,#1511,
#1512,#1513,#1514,#1515,#1516,#1517,#1518,#1519,#1520,#1521,#1522,#1523,
#1524,#1525,#1526,#1527,#1528,#1529,#1530,#1531,#1532,#1533,#1534,#1535,
#1536,#1537,#1538,#1539,#1540,#1541,#1542,#1543,#1544,#1545,#1546,#1547,
#1548,#1549,#1550,#1551,#1552,#1553,#1554,#1555,#1556,#1557,#1558,#1559,
#1560,#1561,#1562,#1563,#1564,#1565,#1566,#1567,#1568,#1569,#1570,#1571,
#1572,#1573,#1574,#1575,#1576,#1577,#1578,#1579,#1580));
#1582=DERIVED_UNIT_ELEMENT(#1584,1.);
#1583=DERIVED_UNIT_ELEMENT(#2749,-3.);
#1584=(
MASS_UNIT()
NAMED_UNIT(*)
SI_UNIT(.KILO.,.GRAM.)
);
#1585=DERIVED_UNIT((#1582,#1583));
#1586=MEASURE_REPRESENTATION_ITEM('density measure',
POSITIVE_RATIO_MEASURE(7850.),#1585);
#1587=PROPERTY_DEFINITION_REPRESENTATION(#1592,#1589);
#1588=PROPERTY_DEFINITION_REPRESENTATION(#1593,#1590);
#1589=REPRESENTATION('material name',(#1591),#2746);
#1590=REPRESENTATION('density',(#1586),#2746);
#1591=DESCRIPTIVE_REPRESENTATION_ITEM('Steel','Steel');
#1592=PROPERTY_DEFINITION('material property','material name',#2756);
#1593=PROPERTY_DEFINITION('material property','density of part',#2756);
#1594=AXIS2_PLACEMENT_3D('',#2228,#1760,#1761);
#1595=AXIS2_PLACEMENT_3D('',#2229,#1762,#1763);
#1596=AXIS2_PLACEMENT_3D('',#2232,#1764,#1765);
#1597=AXIS2_PLACEMENT_3D('',#2236,#1767,#1768);
#1598=AXIS2_PLACEMENT_3D('',#2238,#1770,#1771);
#1599=AXIS2_PLACEMENT_3D('',#2244,#1775,#1776);
#1600=AXIS2_PLACEMENT_3D('',#2246,#1777,#1778);
#1601=AXIS2_PLACEMENT_3D('',#2249,#1780,#1781);
#1602=AXIS2_PLACEMENT_3D('',#2250,#1782,#1783);
#1603=AXIS2_PLACEMENT_3D('',#2260,#1789,#1790);
#1604=AXIS2_PLACEMENT_3D('',#2270,#1796,#1797);
#1605=AXIS2_PLACEMENT_3D('',#2278,#1801,#1802);
#1606=AXIS2_PLACEMENT_3D('',#2280,#1803,#1804);
#1607=AXIS2_PLACEMENT_3D('',#2284,#1806,#1807);
#1608=AXIS2_PLACEMENT_3D('',#2286,#1808,#1809);
#1609=AXIS2_PLACEMENT_3D('',#2301,#1817,#1818);
#1610=AXIS2_PLACEMENT_3D('',#2303,#1819,#1820);
#1611=AXIS2_PLACEMENT_3D('',#2305,#1821,#1822);
#1612=AXIS2_PLACEMENT_3D('',#2307,#1823,#1824);
#1613=AXIS2_PLACEMENT_3D('',#2309,#1825,#1826);
#1614=AXIS2_PLACEMENT_3D('',#2311,#1827,#1828);
#1615=AXIS2_PLACEMENT_3D('',#2313,#1829,#1830);
#1616=AXIS2_PLACEMENT_3D('',#2315,#1831,#1832);
#1617=AXIS2_PLACEMENT_3D('',#2317,#1833,#1834);
#1618=AXIS2_PLACEMENT_3D('',#2319,#1835,#1836);
#1619=AXIS2_PLACEMENT_3D('',#2320,#1837,#1838);
#1620=AXIS2_PLACEMENT_3D('',#2326,#1842,#1843);
#1621=AXIS2_PLACEMENT_3D('',#2332,#1847,#1848);
#1622=AXIS2_PLACEMENT_3D('',#2336,#1851,#1852);
#1623=AXIS2_PLACEMENT_3D('',#2344,#1857,#1858);
#1624=AXIS2_PLACEMENT_3D('',#2346,#1860,#1861);
#1625=AXIS2_PLACEMENT_3D('',#2350,#1864,#1865);
#1626=AXIS2_PLACEMENT_3D('',#2353,#1867,#1868);
#1627=AXIS2_PLACEMENT_3D('',#2354,#1869,#1870);
#1628=AXIS2_PLACEMENT_3D('',#2355,#1871,#1872);
#1629=AXIS2_PLACEMENT_3D('',#2358,#1874,#1875);
#1630=AXIS2_PLACEMENT_3D('',#2359,#1876,#1877);
#1631=AXIS2_PLACEMENT_3D('',#2360,#1878,#1879);
#1632=AXIS2_PLACEMENT_3D('',#2363,#1881,#1882);
#1633=AXIS2_PLACEMENT_3D('',#2364,#1883,#1884);
#1634=AXIS2_PLACEMENT_3D('',#2365,#1885,#1886);
#1635=AXIS2_PLACEMENT_3D('',#2368,#1888,#1889);
#1636=AXIS2_PLACEMENT_3D('',#2369,#1890,#1891);
#1637=AXIS2_PLACEMENT_3D('',#2370,#1892,#1893);
#1638=AXIS2_PLACEMENT_3D('',#2373,#1895,#1896);
#1639=AXIS2_PLACEMENT_3D('',#2374,#1897,#1898);
#1640=AXIS2_PLACEMENT_3D('',#2375,#1899,#1900);
#1641=AXIS2_PLACEMENT_3D('',#2378,#1902,#1903);
#1642=AXIS2_PLACEMENT_3D('',#2379,#1904,#1905);
#1643=AXIS2_PLACEMENT_3D('',#2380,#1906,#1907);
#1644=AXIS2_PLACEMENT_3D('',#2383,#1909,#1910);
#1645=AXIS2_PLACEMENT_3D('',#2384,#1911,#1912);
#1646=AXIS2_PLACEMENT_3D('',#2385,#1913,#1914);
#1647=AXIS2_PLACEMENT_3D('',#2388,#1916,#1917);
#1648=AXIS2_PLACEMENT_3D('',#2389,#1918,#1919);
#1649=AXIS2_PLACEMENT_3D('',#2390,#1920,#1921);
#1650=AXIS2_PLACEMENT_3D('',#2393,#1923,#1924);
#1651=AXIS2_PLACEMENT_3D('',#2394,#1925,#1926);
#1652=AXIS2_PLACEMENT_3D('',#2395,#1927,#1928);
#1653=AXIS2_PLACEMENT_3D('',#2398,#1930,#1931);
#1654=AXIS2_PLACEMENT_3D('',#2399,#1932,#1933);
#1655=AXIS2_PLACEMENT_3D('',#2400,#1934,#1935);
#1656=AXIS2_PLACEMENT_3D('',#2402,#1936,#1937);
#1657=AXIS2_PLACEMENT_3D('',#2405,#1939,#1940);
#1658=AXIS2_PLACEMENT_3D('',#2406,#1941,#1942);
#1659=AXIS2_PLACEMENT_3D('',#2407,#1943,#1944);
#1660=AXIS2_PLACEMENT_3D('',#2409,#1945,#1946);
#1661=AXIS2_PLACEMENT_3D('',#2412,#1948,#1949);
#1662=AXIS2_PLACEMENT_3D('',#2413,#1950,#1951);
#1663=AXIS2_PLACEMENT_3D('',#2414,#1952,#1953);
#1664=AXIS2_PLACEMENT_3D('',#2417,#1956,#1957);
#1665=AXIS2_PLACEMENT_3D('',#2427,#1963,#1964);
#1666=AXIS2_PLACEMENT_3D('',#2437,#1970,#1971);
#1667=AXIS2_PLACEMENT_3D('',#2443,#1975,#1976);
#1668=AXIS2_PLACEMENT_3D('',#2447,#1979,#1980);
#1669=AXIS2_PLACEMENT_3D('',#2454,#1984,#1985);
#1670=AXIS2_PLACEMENT_3D('',#2460,#1988,#1989);
#1671=AXIS2_PLACEMENT_3D('',#2464,#1991,#1992);
#1672=AXIS2_PLACEMENT_3D('',#2470,#1995,#1996);
#1673=AXIS2_PLACEMENT_3D('',#2472,#1998,#1999);
#1674=AXIS2_PLACEMENT_3D('',#2475,#2002,#2003);
#1675=AXIS2_PLACEMENT_3D('',#2477,#2005,#2006);
#1676=AXIS2_PLACEMENT_3D('',#2478,#2007,#2008);
#1677=AXIS2_PLACEMENT_3D('',#2479,#2009,#2010);
#1678=AXIS2_PLACEMENT_3D('',#2495,#2012,#2013);
#1679=AXIS2_PLACEMENT_3D('',#2497,#2015,#2016);
#1680=AXIS2_PLACEMENT_3D('',#2506,#2017,#2018);
#1681=AXIS2_PLACEMENT_3D('',#2507,#2019,#2020);
#1682=AXIS2_PLACEMENT_3D('',#2508,#2021,#2022);
#1683=AXIS2_PLACEMENT_3D('',#2530,#2023,#2024);
#1684=AXIS2_PLACEMENT_3D('',#2531,#2025,#2026);
#1685=AXIS2_PLACEMENT_3D('',#2533,#2027,#2028);
#1686=AXIS2_PLACEMENT_3D('',#2537,#2030,#2031);
#1687=AXIS2_PLACEMENT_3D('',#2543,#2034,#2035);
#1688=AXIS2_PLACEMENT_3D('',#2546,#2037,#2038);
#1689=AXIS2_PLACEMENT_3D('',#2548,#2039,#2040);
#1690=AXIS2_PLACEMENT_3D('',#2549,#2041,#2042);
#1691=AXIS2_PLACEMENT_3D('',#2565,#2044,#2045);
#1692=AXIS2_PLACEMENT_3D('',#2567,#2047,#2048);
#1693=AXIS2_PLACEMENT_3D('',#2576,#2049,#2050);
#1694=AXIS2_PLACEMENT_3D('',#2577,#2051,#2052);
#1695=AXIS2_PLACEMENT_3D('',#2578,#2053,#2054);
#1696=AXIS2_PLACEMENT_3D('',#2585,#2055,#2056);
#1697=AXIS2_PLACEMENT_3D('',#2601,#2057,#2058);
#1698=AXIS2_PLACEMENT_3D('',#2604,#2061,#2062);
#1699=AXIS2_PLACEMENT_3D('',#2608,#2065,#2066);
#1700=AXIS2_PLACEMENT_3D('',#2610,#2068,#2069);
#1701=AXIS2_PLACEMENT_3D('',#2614,#2071,#2072);
#1702=AXIS2_PLACEMENT_3D('',#2617,#2074,#2075);
#1703=AXIS2_PLACEMENT_3D('',#2620,#2077,#2078);
#1704=AXIS2_PLACEMENT_3D('',#2623,#2079,#2080);
#1705=AXIS2_PLACEMENT_3D('',#2626,#2082,#2083);
#1706=AXIS2_PLACEMENT_3D('',#2627,#2084,#2085);
#1707=AXIS2_PLACEMENT_3D('',#2630,#2088,#2089);
#1708=AXIS2_PLACEMENT_3D('',#2633,#2092,#2093);
#1709=AXIS2_PLACEMENT_3D('',#2635,#2095,#2096);
#1710=AXIS2_PLACEMENT_3D('',#2637,#2097,#2098);
#1711=AXIS2_PLACEMENT_3D('',#2639,#2100,#2101);
#1712=AXIS2_PLACEMENT_3D('',#2651,#2108,#2109);
#1713=AXIS2_PLACEMENT_3D('',#2653,#2111,#2112);
#1714=AXIS2_PLACEMENT_3D('',#2657,#2114,#2115);
#1715=AXIS2_PLACEMENT_3D('',#2659,#2117,#2118);
#1716=AXIS2_PLACEMENT_3D('',#2671,#2125,#2126);
#1717=AXIS2_PLACEMENT_3D('',#2672,#2127,#2128);
#1718=AXIS2_PLACEMENT_3D('',#2673,#2129,#2130);
#1719=AXIS2_PLACEMENT_3D('',#2675,#2131,#2132);
#1720=AXIS2_PLACEMENT_3D('',#2677,#2134,#2135);
#1721=AXIS2_PLACEMENT_3D('',#2679,#2136,#2137);
#1722=AXIS2_PLACEMENT_3D('',#2681,#2138,#2139);
#1723=AXIS2_PLACEMENT_3D('',#2683,#2141,#2142);
#1724=AXIS2_PLACEMENT_3D('',#2684,#2143,#2144);
#1725=AXIS2_PLACEMENT_3D('',#2685,#2145,#2146);
#1726=AXIS2_PLACEMENT_3D('',#2687,#2147,#2148);
#1727=AXIS2_PLACEMENT_3D('',#2688,#2149,#2150);
#1728=AXIS2_PLACEMENT_3D('',#2691,#2151,#2152);
#1729=AXIS2_PLACEMENT_3D('',#2694,#2154,#2155);
#1730=AXIS2_PLACEMENT_3D('',#2695,#2156,#2157);
#1731=AXIS2_PLACEMENT_3D('',#2697,#2158,#2159);
#1732=AXIS2_PLACEMENT_3D('',#2700,#2161,#2162);
#1733=AXIS2_PLACEMENT_3D('',#2701,#2163,#2164);
#1734=AXIS2_PLACEMENT_3D('',#2703,#2166,#2167);
#1735=AXIS2_PLACEMENT_3D('',#2704,#2168,#2169);
#1736=AXIS2_PLACEMENT_3D('',#2706,#2170,#2171);
#1737=AXIS2_PLACEMENT_3D('',#2707,#2172,#2173);
#1738=AXIS2_PLACEMENT_3D('',#2709,#2174,#2175);
#1739=AXIS2_PLACEMENT_3D('',#2711,#2176,#2177);
#1740=AXIS2_PLACEMENT_3D('',#2712,#2178,#2179);
#1741=AXIS2_PLACEMENT_3D('',#2714,#2180,#2181);
#1742=AXIS2_PLACEMENT_3D('',#2716,#2183,#2184);
#1743=AXIS2_PLACEMENT_3D('',#2717,#2185,#2186);
#1744=AXIS2_PLACEMENT_3D('',#2719,#2188,#2189);
#1745=AXIS2_PLACEMENT_3D('',#2721,#2190,#2191);
#1746=AXIS2_PLACEMENT_3D('',#2723,#2193,#2194);
#1747=AXIS2_PLACEMENT_3D('',#2724,#2195,#2196);
#1748=AXIS2_PLACEMENT_3D('',#2725,#2197,#2198);
#1749=AXIS2_PLACEMENT_3D('',#2726,#2199,#2200);
#1750=AXIS2_PLACEMENT_3D('',#2727,#2201,#2202);
#1751=AXIS2_PLACEMENT_3D('',#2730,#2205,#2206);
#1752=AXIS2_PLACEMENT_3D('',#2731,#2207,#2208);
#1753=AXIS2_PLACEMENT_3D('',#2732,#2209,#2210);
#1754=AXIS2_PLACEMENT_3D('',#2733,#2211,#2212);
#1755=AXIS2_PLACEMENT_3D('',#2734,#2213,#2214);
#1756=AXIS2_PLACEMENT_3D('',#2736,#2216,#2217);
#1757=AXIS2_PLACEMENT_3D('',#2738,#2219,#2220);
#1758=AXIS2_PLACEMENT_3D('',#2740,#2222,#2223);
#1759=AXIS2_PLACEMENT_3D('',#2743,#2226,#2227);
#1760=DIRECTION('axis',(0.,0.,1.));
#1761=DIRECTION('refdir',(1.,0.,0.));
#1762=DIRECTION('center_axis',(0.,0.,-1.));
#1763=DIRECTION('ref_axis',(-0.707106781186543,0.707106781186552,0.));
#1764=DIRECTION('center_axis',(0.,0.,1.));
#1765=DIRECTION('ref_axis',(-0.707106781186543,0.707106781186552,0.));
#1766=DIRECTION('',(0.,0.,-1.));
#1767=DIRECTION('center_axis',(0.,0.,-1.));
#1768=DIRECTION('ref_axis',(-0.707106781186543,0.707106781186552,0.));
#1769=DIRECTION('',(0.,0.,1.));
#1770=DIRECTION('center_axis',(-1.,-1.88737914186277E-15,0.));
#1771=DIRECTION('ref_axis',(-1.88737914186277E-15,1.,-1.38777878078145E-17));
#1772=DIRECTION('',(-1.88737914186277E-15,1.,0.));
#1773=DIRECTION('',(0.,0.,1.));
#1774=DIRECTION('',(1.88737914186277E-15,-1.,0.));
#1775=DIRECTION('center_axis',(0.,0.,-1.));
#1776=DIRECTION('ref_axis',(-0.707106781186557,-0.707106781186538,0.));
#1777=DIRECTION('center_axis',(0.,0.,1.));
#1778=DIRECTION('ref_axis',(-0.707106781186557,-0.707106781186538,0.));
#1779=DIRECTION('',(0.,0.,-1.));
#1780=DIRECTION('center_axis',(0.,0.,-1.));
#1781=DIRECTION('ref_axis',(-0.707106781186557,-0.707106781186538,0.));
#1782=DIRECTION('center_axis',(-1.66533453693773E-16,-1.,0.));
#1783=DIRECTION('ref_axis',(-1.,1.66533453693773E-16,-6.93889390390723E-18));
#1784=DIRECTION('',(-1.,1.66533453693773E-16,0.));
#1785=DIRECTION('',(0.,0.,1.));
#1786=DIRECTION('',(1.,-1.66533453693773E-16,0.));
#1787=DIRECTION('',(0.,0.,1.));
#1788=DIRECTION('',(1.,-1.66533453693773E-16,0.));
#1789=DIRECTION('center_axis',(8.88178419700125E-16,1.,0.));
#1790=DIRECTION('ref_axis',(1.,-8.88178419700125E-16,4.66797862988887E-18));
#1791=DIRECTION('',(-1.,8.88178419700125E-16,0.));
#1792=DIRECTION('',(0.,0.,-1.));
#1793=DIRECTION('',(-1.,8.88178419700125E-16,0.));
#1794=DIRECTION('',(0.,0.,-1.));
#1795=DIRECTION('',(1.,-8.88178419700125E-16,0.));
#1796=DIRECTION('center_axis',(0.,0.,-1.));
#1797=DIRECTION('ref_axis',(1.,0.,0.));
#1798=DIRECTION('',(0.,-1.,0.));
#1799=DIRECTION('',(-1.,2.24511767201966E-14,0.));
#1800=DIRECTION('',(3.63997895864641E-14,1.,0.));
#1801=DIRECTION('center_axis',(0.,0.,-1.));
#1802=DIRECTION('ref_axis',(0.965925826289077,0.258819045102489,0.));
#1803=DIRECTION('center_axis',(0.,0.,-1.));
#1804=DIRECTION('ref_axis',(0.913769864038866,-0.406232243395809,0.));
#1805=DIRECTION('',(0.499999999999955,-0.866025403784464,0.));
#1806=DIRECTION('center_axis',(0.,0.,-1.));
#1807=DIRECTION('ref_axis',(0.10507748940251,0.994464037168195,0.));
#1808=DIRECTION('center_axis',(0.,0.,-1.));
#1809=DIRECTION('ref_axis',(0.70710678118658,0.707106781186515,0.));
#1810=DIRECTION('',(-0.866025403784413,0.500000000000044,-9.47911187147491E-17));
#1811=DIRECTION('',(0.50303713796947,0.864264796126444,0.));
#1812=DIRECTION('',(0.500000000000012,0.866025403784432,8.32667268468867E-16));
#1813=DIRECTION('',(0.866025403784431,-0.500000000000012,0.));
#1814=DIRECTION('',(0.500000000000012,0.866025403784432,8.32667268468867E-16));
#1815=DIRECTION('',(-1.,0.,0.));
#1816=DIRECTION('',(0.,-1.,0.));
#1817=DIRECTION('center_axis',(0.,0.,1.));
#1818=DIRECTION('ref_axis',(1.,0.,0.));
#1819=DIRECTION('center_axis',(0.,0.,1.));
#1820=DIRECTION('ref_axis',(1.,0.,0.));
#1821=DIRECTION('center_axis',(0.,0.,1.));
#1822=DIRECTION('ref_axis',(1.,0.,0.));
#1823=DIRECTION('center_axis',(0.,0.,1.));
#1824=DIRECTION('ref_axis',(1.,0.,0.));
#1825=DIRECTION('center_axis',(0.,0.,1.));
#1826=DIRECTION('ref_axis',(1.,0.,0.));
#1827=DIRECTION('center_axis',(0.,0.,1.));
#1828=DIRECTION('ref_axis',(1.,0.,0.));
#1829=DIRECTION('center_axis',(0.,0.,1.));
#1830=DIRECTION('ref_axis',(1.,0.,0.));
#1831=DIRECTION('center_axis',(0.,0.,1.));
#1832=DIRECTION('ref_axis',(1.,0.,0.));
#1833=DIRECTION('center_axis',(0.,0.,1.));
#1834=DIRECTION('ref_axis',(1.,0.,0.));
#1835=DIRECTION('center_axis',(0.,0.,1.));
#1836=DIRECTION('ref_axis',(1.,0.,0.));
#1837=DIRECTION('center_axis',(-1.,0.,0.));
#1838=DIRECTION('ref_axis',(0.,0.,1.));
#1839=DIRECTION('',(0.,1.,0.));
#1840=DIRECTION('',(0.,0.,1.));
#1841=DIRECTION('',(0.,-1.,0.));
#1842=DIRECTION('center_axis',(-1.,0.,0.));
#1843=DIRECTION('ref_axis',(0.,0.,1.));
#1844=DIRECTION('',(0.,-1.,0.));
#1845=DIRECTION('',(0.,0.,-1.));
#1846=DIRECTION('',(0.,1.,0.));
#1847=DIRECTION('center_axis',(0.,0.,-1.));
#1848=DIRECTION('ref_axis',(0.,1.,0.));
#1849=DIRECTION('',(1.,-2.24511767201966E-14,0.));
#1850=DIRECTION('',(0.,1.,0.));
#1851=DIRECTION('center_axis',(0.,0.,-1.));
#1852=DIRECTION('ref_axis',(0.,1.,0.));
#1853=DIRECTION('',(0.,1.,0.));
#1854=DIRECTION('',(0.866025403784432,-0.500000000000012,0.));
#1855=DIRECTION('',(-0.500000000000012,-0.866025403784432,0.));
#1856=DIRECTION('',(1.,0.,0.));
#1857=DIRECTION('center_axis',(-1.,0.,0.));
#1858=DIRECTION('ref_axis',(0.,0.,1.));
#1859=DIRECTION('',(0.,0.,1.));
#1860=DIRECTION('center_axis',(-1.,0.,0.));
#1861=DIRECTION('ref_axis',(0.,0.,1.));
#1862=DIRECTION('',(0.,0.,-1.));
#1863=DIRECTION('',(0.,1.,7.21111007393831E-16));
#1864=DIRECTION('center_axis',(0.,0.,1.));
#1865=DIRECTION('ref_axis',(1.,0.,0.));
#1866=DIRECTION('',(0.,0.,1.));
#1867=DIRECTION('center_axis',(0.,0.,1.));
#1868=DIRECTION('ref_axis',(1.,0.,0.));
#1869=DIRECTION('center_axis',(0.,0.,-1.));
#1870=DIRECTION('ref_axis',(1.,0.,0.));
#1871=DIRECTION('center_axis',(0.,0.,1.));
#1872=DIRECTION('ref_axis',(1.,0.,0.));
#1873=DIRECTION('',(0.,0.,1.));
#1874=DIRECTION('center_axis',(0.,0.,1.));
#1875=DIRECTION('ref_axis',(1.,0.,0.));
#1876=DIRECTION('center_axis',(0.,0.,-1.));
#1877=DIRECTION('ref_axis',(1.,0.,0.));
#1878=DIRECTION('center_axis',(0.,0.,1.));
#1879=DIRECTION('ref_axis',(1.,0.,0.));
#1880=DIRECTION('',(0.,0.,1.));
#1881=DIRECTION('center_axis',(0.,0.,1.));
#1882=DIRECTION('ref_axis',(1.,0.,0.));
#1883=DIRECTION('center_axis',(0.,0.,-1.));
#1884=DIRECTION('ref_axis',(1.,0.,0.));
#1885=DIRECTION('center_axis',(0.,0.,1.));
#1886=DIRECTION('ref_axis',(1.,0.,0.));
#1887=DIRECTION('',(0.,0.,1.));
#1888=DIRECTION('center_axis',(0.,0.,1.));
#1889=DIRECTION('ref_axis',(1.,0.,0.));
#1890=DIRECTION('center_axis',(0.,0.,-1.));
#1891=DIRECTION('ref_axis',(1.,0.,0.));
#1892=DIRECTION('center_axis',(0.,0.,1.));
#1893=DIRECTION('ref_axis',(1.,0.,0.));
#1894=DIRECTION('',(0.,0.,1.));
#1895=DIRECTION('center_axis',(0.,0.,1.));
#1896=DIRECTION('ref_axis',(1.,0.,0.));
#1897=DIRECTION('center_axis',(0.,0.,-1.));
#1898=DIRECTION('ref_axis',(1.,0.,0.));
#1899=DIRECTION('center_axis',(0.,0.,1.));
#1900=DIRECTION('ref_axis',(1.,0.,0.));
#1901=DIRECTION('',(0.,0.,1.));
#1902=DIRECTION('center_axis',(0.,0.,1.));
#1903=DIRECTION('ref_axis',(1.,0.,0.));
#1904=DIRECTION('center_axis',(0.,0.,-1.));
#1905=DIRECTION('ref_axis',(1.,0.,0.));
#1906=DIRECTION('center_axis',(0.,0.,1.));
#1907=DIRECTION('ref_axis',(1.,0.,0.));
#1908=DIRECTION('',(0.,0.,1.));
#1909=DIRECTION('center_axis',(0.,0.,1.));
#1910=DIRECTION('ref_axis',(1.,0.,0.));
#1911=DIRECTION('center_axis',(0.,0.,-1.));
#1912=DIRECTION('ref_axis',(1.,0.,0.));
#1913=DIRECTION('center_axis',(0.,0.,1.));
#1914=DIRECTION('ref_axis',(1.,0.,0.));
#1915=DIRECTION('',(0.,0.,1.));
#1916=DIRECTION('center_axis',(0.,0.,1.));
#1917=DIRECTION('ref_axis',(1.,0.,0.));
#1918=DIRECTION('center_axis',(0.,0.,-1.));
#1919=DIRECTION('ref_axis',(1.,0.,0.));
#1920=DIRECTION('center_axis',(0.,0.,1.));
#1921=DIRECTION('ref_axis',(1.,0.,0.));
#1922=DIRECTION('',(0.,0.,1.));
#1923=DIRECTION('center_axis',(0.,0.,1.));
#1924=DIRECTION('ref_axis',(1.,0.,0.));
#1925=DIRECTION('center_axis',(0.,0.,-1.));
#1926=DIRECTION('ref_axis',(1.,0.,0.));
#1927=DIRECTION('center_axis',(0.,0.,1.));
#1928=DIRECTION('ref_axis',(1.,0.,0.));
#1929=DIRECTION('',(0.,0.,1.));
#1930=DIRECTION('center_axis',(0.,0.,1.));
#1931=DIRECTION('ref_axis',(1.,0.,0.));
#1932=DIRECTION('center_axis',(0.,0.,-1.));
#1933=DIRECTION('ref_axis',(1.,0.,0.));
#1934=DIRECTION('center_axis',(0.,0.,-1.));
#1935=DIRECTION('ref_axis',(-1.,0.,0.));
#1936=DIRECTION('center_axis',(0.,0.,-1.));
#1937=DIRECTION('ref_axis',(-1.,0.,0.));
#1938=DIRECTION('',(0.,0.,-1.));
#1939=DIRECTION('center_axis',(0.,0.,-1.));
#1940=DIRECTION('ref_axis',(-1.,0.,0.));
#1941=DIRECTION('center_axis',(0.,0.,1.));
#1942=DIRECTION('ref_axis',(-1.,0.,0.));
#1943=DIRECTION('center_axis',(0.,0.,-1.));
#1944=DIRECTION('ref_axis',(-1.,0.,0.));
#1945=DIRECTION('center_axis',(0.,0.,-1.));
#1946=DIRECTION('ref_axis',(-1.,0.,0.));
#1947=DIRECTION('',(0.,0.,-1.));
#1948=DIRECTION('center_axis',(0.,0.,-1.));
#1949=DIRECTION('ref_axis',(-1.,0.,0.));
#1950=DIRECTION('center_axis',(0.,0.,1.));
#1951=DIRECTION('ref_axis',(-1.,0.,0.));
#1952=DIRECTION('center_axis',(0.,1.,0.));
#1953=DIRECTION('ref_axis',(0.,0.,-1.));
#1954=DIRECTION('',(0.,0.,-1.));
#1955=DIRECTION('',(1.,0.,4.16333634234444E-16));
#1956=DIRECTION('center_axis',(-2.24511767201966E-14,-1.,0.));
#1957=DIRECTION('ref_axis',(1.,-2.24511767201966E-14,0.));
#1958=DIRECTION('',(1.,-3.37507799486046E-14,0.));
#1959=DIRECTION('',(0.,0.,1.));
#1960=DIRECTION('',(1.,-3.37507799486046E-14,0.));
#1961=DIRECTION('',(0.,0.,1.));
#1962=DIRECTION('',(1.,-2.24511767201966E-14,0.));
#1963=DIRECTION('center_axis',(-4.16333634234444E-16,-7.21111007393831E-16,
1.));
#1964=DIRECTION('ref_axis',(0.866025403784432,-0.500000000000012,0.));
#1965=DIRECTION('',(0.500000000000012,0.866025403784432,8.32667268468867E-16));
#1966=DIRECTION('',(-0.866025403784431,0.500000000000012,4.93038065763132E-31));
#1967=DIRECTION('',(0.500000000000012,0.866025403784432,8.32667268468867E-16));
#1968=DIRECTION('',(0.50303713796947,0.864264796126444,0.));
#1969=DIRECTION('',(0.866025403784432,-0.500000000000012,0.));
#1970=DIRECTION('center_axis',(0.866025403784432,-0.500000000000012,0.));
#1971=DIRECTION('ref_axis',(0.,0.,1.));
#1972=DIRECTION('',(0.,0.,-1.));
#1973=DIRECTION('',(0.,0.,1.));
#1974=DIRECTION('',(-0.500000000000012,-0.866025403784432,0.));
#1975=DIRECTION('center_axis',(-0.500000000000012,-0.866025403784432,0.));
#1976=DIRECTION('ref_axis',(0.,0.,1.));
#1977=DIRECTION('',(0.,0.,-1.));
#1978=DIRECTION('',(-0.866025403784432,0.500000000000012,0.));
#1979=DIRECTION('center_axis',(0.,0.,1.));
#1980=DIRECTION('ref_axis',(1.,0.,0.));
#1981=DIRECTION('',(1.,0.,0.));
#1982=DIRECTION('',(-0.50303713796947,-0.864264796126444,0.));
#1983=DIRECTION('',(0.866025403784413,-0.500000000000044,9.47911187147491E-17));
#1984=DIRECTION('center_axis',(0.,0.,-1.));
#1985=DIRECTION('ref_axis',(-1.,0.,0.));
#1986=DIRECTION('',(0.866025403784413,-0.500000000000044,9.47911187147491E-17));
#1987=DIRECTION('',(0.500000000000032,0.86602540378442,0.));
#1988=DIRECTION('center_axis',(0.,0.,1.));
#1989=DIRECTION('ref_axis',(4.73695157173405E-14,1.,0.));
#1990=DIRECTION('',(0.499999999999955,-0.866025403784464,-8.98468290795423E-17));
#1991=DIRECTION('center_axis',(0.,0.,1.));
#1992=DIRECTION('ref_axis',(0.866025403784403,-0.500000000000062,0.));
#1993=DIRECTION('',(-1.,3.37507799486046E-14,0.));
#1994=DIRECTION('',(-3.63997895864641E-14,-1.,0.));
#1995=DIRECTION('center_axis',(0.,0.,-1.));
#1996=DIRECTION('ref_axis',(-1.,0.,0.));
#1997=DIRECTION('',(-3.63997895864641E-14,-1.,0.));
#1998=DIRECTION('center_axis',(-0.500000000000012,-0.866025403784432,-1.11022302462516E-15));
#1999=DIRECTION('ref_axis',(-2.22044604925026E-15,0.,1.));
#2000=DIRECTION('',(-5.55111512312591E-16,-9.61481343191774E-16,1.));
#2001=DIRECTION('',(5.55111512312591E-16,9.61481343191774E-16,-1.));
#2002=DIRECTION('center_axis',(-0.866025403784432,0.500000000000012,9.86076131526265E-32));
#2003=DIRECTION('ref_axis',(-8.18446756081963E-16,-1.41759136482385E-15,
1.));
#2004=DIRECTION('',(0.,0.,1.));
#2005=DIRECTION('center_axis',(0.866025403784432,-0.500000000000012,0.));
#2006=DIRECTION('ref_axis',(0.,0.,-1.));
#2007=DIRECTION('center_axis',(0.,1.,0.));
#2008=DIRECTION('ref_axis',(0.,0.,1.));
#2009=DIRECTION('center_axis',(0.500000000000032,0.86602540378442,4.9303806576313E-32));
#2010=DIRECTION('ref_axis',(0.866025403784423,-0.500000000000027,0.));
#2011=DIRECTION('',(0.500000000000032,0.86602540378442,4.9303806576313E-32));
#2012=DIRECTION('center_axis',(-0.499999999999714,-0.866025403784604,-3.61389857279864E-13));
#2013=DIRECTION('ref_axis',(1.8947806286936E-13,3.0790185216271E-13,-1.));
#2014=DIRECTION('',(-0.500000000000032,-0.86602540378442,-4.9303806576313E-32));
#2015=DIRECTION('center_axis',(2.46519032881579E-32,4.26983489983605E-32,
-1.));
#2016=DIRECTION('ref_axis',(0.866025403784485,-0.499999999999919,0.));
#2017=DIRECTION('center_axis',(-2.46519032881579E-32,-4.26983489983605E-32,
1.));
#2018=DIRECTION('ref_axis',(0.866025403784482,-0.499999999999925,5.93909700700167E-45));
#2019=DIRECTION('center_axis',(2.46519032881579E-32,4.26983489983605E-32,
-1.));
#2020=DIRECTION('ref_axis',(0.866025403784484,-0.499999999999921,0.));
#2021=DIRECTION('center_axis',(0.,0.,1.));
#2022=DIRECTION('ref_axis',(1.,0.,0.));
#2023=DIRECTION('center_axis',(0.499999999999962,-0.866025403784461,0.));
#2024=DIRECTION('ref_axis',(-0.866025403784461,-0.499999999999962,0.));
#2025=DIRECTION('center_axis',(-2.46519032881579E-32,-4.26983489983605E-32,
1.));
#2026=DIRECTION('ref_axis',(1.,0.,2.46519032881579E-32));
#2027=DIRECTION('center_axis',(-2.46519032881579E-32,-4.26983489983605E-32,
1.));
#2028=DIRECTION('ref_axis',(0.258819045102491,-0.965925826289076,0.));
#2029=DIRECTION('',(0.866025403784422,-0.500000000000029,0.));
#2030=DIRECTION('center_axis',(-2.46519032881579E-32,-4.26983489983605E-32,
1.));
#2031=DIRECTION('ref_axis',(-0.965925826289076,-0.258819045102491,0.));
#2032=DIRECTION('',(-0.500000000000032,-0.86602540378442,0.));
#2033=DIRECTION('',(-0.866025403784413,0.500000000000045,8.78548451266145E-46));
#2034=DIRECTION('center_axis',(2.46519032881579E-32,4.26983489983605E-32,
-1.));
#2035=DIRECTION('ref_axis',(0.70710678118658,0.707106781186515,0.));
#2036=DIRECTION('',(-0.499999999999955,0.866025403784464,2.46519032881573E-32));
#2037=DIRECTION('center_axis',(0.,0.,-1.));
#2038=DIRECTION('ref_axis',(1.,0.,0.));
#2039=DIRECTION('center_axis',(2.13491744991803E-32,-1.23259516440791E-32,
-1.));
#2040=DIRECTION('ref_axis',(1.,0.,2.13491744991804E-32));
#2041=DIRECTION('center_axis',(-1.,3.37507799486046E-14,0.));
#2042=DIRECTION('ref_axis',(4.73695157173405E-14,1.,0.));
#2043=DIRECTION('',(1.,-3.37507799486046E-14,0.));
#2044=DIRECTION('center_axis',(-1.,0.,4.736951571734E-14));
#2045=DIRECTION('ref_axis',(0.,1.,0.));
#2046=DIRECTION('',(-1.,3.37507799486046E-14,0.));
#2047=DIRECTION('center_axis',(0.,0.,-1.));
#2048=DIRECTION('ref_axis',(9.47390314346796E-15,1.,0.));
#2049=DIRECTION('center_axis',(0.,0.,-1.));
#2050=DIRECTION('ref_axis',(1.57898385724466E-14,1.,0.));
#2051=DIRECTION('center_axis',(0.,0.,1.));
#2052=DIRECTION('ref_axis',(2.36847578586697E-14,1.,0.));
#2053=DIRECTION('center_axis',(0.,0.,1.));
#2054=DIRECTION('ref_axis',(1.,0.,0.));
#2055=DIRECTION('center_axis',(-0.499999999999962,0.866025403784461,0.));
#2056=DIRECTION('ref_axis',(0.,0.,-1.));
#2057=DIRECTION('center_axis',(0.,0.,1.));
#2058=DIRECTION('ref_axis',(0.866025403784403,-0.500000000000062,0.));
#2059=DIRECTION('',(0.,0.,1.));
#2060=DIRECTION('',(0.,0.,-1.));
#2061=DIRECTION('center_axis',(3.37507799486046E-14,1.,0.));
#2062=DIRECTION('ref_axis',(-1.,3.37507799486046E-14,0.));
#2063=DIRECTION('',(0.,0.,-1.));
#2064=DIRECTION('',(-1.,3.37507799486046E-14,0.));
#2065=DIRECTION('center_axis',(-0.499999999999955,0.866025403784464,0.));
#2066=DIRECTION('ref_axis',(-0.61237243569581,-0.353553390593238,-0.707106781186552));
#2067=DIRECTION('',(-0.499999999999955,0.866025403784464,0.));
#2068=DIRECTION('center_axis',(0.,0.,1.));
#2069=DIRECTION('ref_axis',(1.,0.,0.));
#2070=DIRECTION('',(-0.499999999999955,0.866025403784464,0.));
#2071=DIRECTION('center_axis',(0.,0.,-1.));
#2072=DIRECTION('ref_axis',(0.965925826289077,0.258819045102489,0.));
#2073=DIRECTION('',(3.63997895864641E-14,1.,0.));
#2074=DIRECTION('center_axis',(0.,0.,1.));
#2075=DIRECTION('ref_axis',(-0.707106781186589,-0.707106781186506,0.));
#2076=DIRECTION('',(-7.93484602164248E-14,-1.,-1.72059545900055E-31));
#2077=DIRECTION('center_axis',(0.,0.,1.));
#2078=DIRECTION('ref_axis',(-0.707106781186506,0.707106781186589,0.));
#2079=DIRECTION('center_axis',(4.0655074405559E-34,1.41001227646769E-35,
-1.));
#2080=DIRECTION('ref_axis',(0.0346614791721487,-0.999399110396642,2.91358103683409E-48));
#2081=DIRECTION('',(-0.99983504175233,-0.0181628545145649,0.));
#2082=DIRECTION('center_axis',(2.13491744991803E-32,-1.23259516440791E-32,
-1.));
#2083=DIRECTION('ref_axis',(1.,0.,2.13491744991804E-32));
#2084=DIRECTION('center_axis',(0.,0.,1.));
#2085=DIRECTION('ref_axis',(0.965925826289077,0.258819045102489,0.));
#2086=DIRECTION('',(0.,0.,1.));
#2087=DIRECTION('',(0.,0.,-1.));
#2088=DIRECTION('center_axis',(0.,0.,1.));
#2089=DIRECTION('ref_axis',(0.70710678118658,0.707106781186515,0.));
#2090=DIRECTION('',(0.,0.,1.));
#2091=DIRECTION('',(0.,0.,-1.));
#2092=DIRECTION('center_axis',(-0.866025403784464,-0.499999999999955,0.));
#2093=DIRECTION('ref_axis',(0.499999999999955,-0.866025403784464,-8.98468290795423E-17));
#2094=DIRECTION('',(0.,0.,1.));
#2095=DIRECTION('center_axis',(0.,0.,1.));
#2096=DIRECTION('ref_axis',(-0.707106781186589,-0.707106781186506,0.));
#2097=DIRECTION('center_axis',(0.,0.,-1.));
#2098=DIRECTION('ref_axis',(-0.707106781186589,-0.707106781186506,0.));
#2099=DIRECTION('',(0.,0.,-1.));
#2100=DIRECTION('center_axis',(-1.,7.93484602164248E-14,0.));
#2101=DIRECTION('ref_axis',(-7.93484602164248E-14,-1.,-1.72059545900055E-31));
#2102=DIRECTION('',(-3.63997895864641E-14,-1.,0.));
#2103=DIRECTION('',(0.,0.,-1.));
#2104=DIRECTION('',(-7.93484602164248E-14,-1.,-1.72059545900055E-31));
#2105=DIRECTION('',(0.,0.,-1.));
#2106=DIRECTION('',(-3.63997895864641E-14,-1.,0.));
#2107=DIRECTION('',(0.,0.,1.));
#2108=DIRECTION('center_axis',(0.,0.,1.));
#2109=DIRECTION('ref_axis',(4.73695157173405E-14,1.,0.));
#2110=DIRECTION('',(0.,0.,-1.));
#2111=DIRECTION('center_axis',(0.,0.,1.));
#2112=DIRECTION('ref_axis',(0.258819045102491,-0.965925826289076,0.));
#2113=DIRECTION('',(0.,0.,1.));
#2114=DIRECTION('center_axis',(0.,0.,-1.));
#2115=DIRECTION('ref_axis',(0.258819045102491,-0.965925826289076,0.));
#2116=DIRECTION('',(0.,0.,-1.));
#2117=DIRECTION('center_axis',(-0.500000000000029,-0.866025403784422,0.));
#2118=DIRECTION('ref_axis',(0.866025403784422,-0.500000000000029,0.));
#2119=DIRECTION('',(0.866025403784422,-0.500000000000029,0.));
#2120=DIRECTION('',(0.,0.,-1.));
#2121=DIRECTION('',(0.866025403784422,-0.500000000000029,0.));
#2122=DIRECTION('',(0.,0.,-1.));
#2123=DIRECTION('',(0.866025403784422,-0.500000000000029,0.));
#2124=DIRECTION('',(0.,0.,1.));
#2125=DIRECTION('center_axis',(0.,0.,1.));
#2126=DIRECTION('ref_axis',(-0.707106781186506,0.707106781186589,0.));
#2127=DIRECTION('center_axis',(0.,0.,-1.));
#2128=DIRECTION('ref_axis',(-0.707106781186506,0.707106781186589,0.));
#2129=DIRECTION('center_axis',(0.,0.,1.));
#2130=DIRECTION('ref_axis',(-0.965925826289076,-0.258819045102491,0.));
#2131=DIRECTION('center_axis',(0.,0.,-1.));
#2132=DIRECTION('ref_axis',(-0.965925826289076,-0.258819045102491,0.));
#2133=DIRECTION('',(0.,0.,-1.));
#2134=DIRECTION('center_axis',(0.,0.,-1.));
#2135=DIRECTION('ref_axis',(-1.,0.,0.));
#2136=DIRECTION('center_axis',(0.,0.,1.));
#2137=DIRECTION('ref_axis',(-1.,0.,0.));
#2138=DIRECTION('center_axis',(0.,0.,1.));
#2139=DIRECTION('ref_axis',(-1.,0.,0.));
#2140=DIRECTION('',(0.,0.,-1.));
#2141=DIRECTION('center_axis',(0.,0.,1.));
#2142=DIRECTION('ref_axis',(-1.,0.,0.));
#2143=DIRECTION('center_axis',(0.,0.,1.));
#2144=DIRECTION('ref_axis',(-1.,0.,0.));
#2145=DIRECTION('center_axis',(0.,0.,1.));
#2146=DIRECTION('ref_axis',(1.,0.,0.));
#2147=DIRECTION('center_axis',(0.,0.,1.));
#2148=DIRECTION('ref_axis',(-1.,0.,0.));
#2149=DIRECTION('center_axis',(0.,0.,1.));
#2150=DIRECTION('ref_axis',(-1.,0.,0.));
#2151=DIRECTION('center_axis',(4.0655074405559E-34,1.41001227646769E-35,
-1.));
#2152=DIRECTION('ref_axis',(0.0346614791721487,-0.999399110396642,2.91358103683409E-48));
#2153=DIRECTION('',(-0.99983504175233,-0.0181628545145649,0.));
#2154=DIRECTION('center_axis',(2.13491744991803E-32,-1.23259516440791E-32,
-1.));
#2155=DIRECTION('ref_axis',(1.,0.,2.13491744991804E-32));
#2156=DIRECTION('center_axis',(0.,0.,-1.));
#2157=DIRECTION('ref_axis',(0.866025403784425,-0.500000000000024,0.));
#2158=DIRECTION('center_axis',(0.,0.,1.));
#2159=DIRECTION('ref_axis',(-1.,0.,0.));
#2160=DIRECTION('',(0.,0.,-1.));
#2161=DIRECTION('center_axis',(-2.46519032881579E-32,-4.26983489983605E-32,
1.));
#2162=DIRECTION('ref_axis',(-1.,0.,0.));
#2163=DIRECTION('center_axis',(0.,0.,1.));
#2164=DIRECTION('ref_axis',(-1.,0.,0.));
#2165=DIRECTION('',(0.500000000000032,0.86602540378442,0.));
#2166=DIRECTION('center_axis',(0.,0.,1.));
#2167=DIRECTION('ref_axis',(-1.,0.,0.));
#2168=DIRECTION('center_axis',(-2.46519032881579E-32,-4.26983489983605E-32,
1.));
#2169=DIRECTION('ref_axis',(1.,0.,2.46519032881579E-32));
#2170=DIRECTION('center_axis',(-2.46519032881579E-32,-4.26983489983605E-32,
1.));
#2171=DIRECTION('ref_axis',(-1.,0.,0.));
#2172=DIRECTION('center_axis',(-2.46519032881579E-32,-4.26983489983605E-32,
1.));
#2173=DIRECTION('ref_axis',(-1.,0.,0.));
#2174=DIRECTION('center_axis',(0.,0.,-1.));
#2175=DIRECTION('ref_axis',(1.,0.,0.));
#2176=DIRECTION('center_axis',(2.13491744991803E-32,-1.23259516440791E-32,
-1.));
#2177=DIRECTION('ref_axis',(1.,0.,2.13491744991804E-32));
#2178=DIRECTION('center_axis',(0.,0.,-1.));
#2179=DIRECTION('ref_axis',(-1.,0.,0.));
#2180=DIRECTION('center_axis',(0.,0.,1.));
#2181=DIRECTION('ref_axis',(-1.,0.,0.));
#2182=DIRECTION('',(0.,0.,-1.));
#2183=DIRECTION('center_axis',(0.,0.,1.));
#2184=DIRECTION('ref_axis',(-1.,0.,0.));
#2185=DIRECTION('center_axis',(0.,0.,1.));
#2186=DIRECTION('ref_axis',(-1.,0.,0.));
#2187=DIRECTION('',(-0.500000000000032,-0.86602540378442,0.));
#2188=DIRECTION('center_axis',(0.,0.,-1.));
#2189=DIRECTION('ref_axis',(-1.,0.,0.));
#2190=DIRECTION('center_axis',(0.,0.,1.));
#2191=DIRECTION('ref_axis',(-1.,0.,0.));
#2192=DIRECTION('',(0.,0.,-1.));
#2193=DIRECTION('center_axis',(0.,0.,1.));
#2194=DIRECTION('ref_axis',(-1.,0.,0.));
#2195=DIRECTION('center_axis',(0.,0.,1.));
#2196=DIRECTION('ref_axis',(-1.,0.,0.));
#2197=DIRECTION('center_axis',(0.,0.,-1.));
#2198=DIRECTION('ref_axis',(0.999965912067483,0.00825679738434939,0.));
#2199=DIRECTION('center_axis',(0.,0.,-1.));
#2200=DIRECTION('ref_axis',(0.50000000000003,0.866025403784422,0.));
#2201=DIRECTION('center_axis',(-0.864264796126444,0.50303713796947,0.));
#2202=DIRECTION('ref_axis',(-0.50303713796947,-0.864264796126444,0.));
#2203=DIRECTION('',(0.,0.,1.));
#2204=DIRECTION('',(0.,0.,1.));
#2205=DIRECTION('center_axis',(-0.500000000000045,-0.866025403784413,0.));
#2206=DIRECTION('ref_axis',(0.866025403784413,-0.500000000000045,9.47911187147491E-17));
#2207=DIRECTION('center_axis',(-1.,3.63997895864641E-14,0.));
#2208=DIRECTION('ref_axis',(-3.63997895864641E-14,-1.,0.));
#2209=DIRECTION('center_axis',(-0.86602540378442,0.500000000000032,0.));
#2210=DIRECTION('ref_axis',(-0.500000000000032,-0.86602540378442,0.));
#2211=DIRECTION('center_axis',(0.86602540378442,-0.500000000000032,0.));
#2212=DIRECTION('ref_axis',(0.500000000000032,0.86602540378442,4.9303806576313E-32));
#2213=DIRECTION('center_axis',(0.,0.,1.));
#2214=DIRECTION('ref_axis',(1.,0.,0.));
#2215=DIRECTION('',(0.,0.,-1.));
#2216=DIRECTION('center_axis',(0.,0.,1.));
#2217=DIRECTION('ref_axis',(1.,0.,0.));
#2218=DIRECTION('',(0.,0.,-1.));
#2219=DIRECTION('center_axis',(0.,0.,1.));
#2220=DIRECTION('ref_axis',(1.,0.,0.));
#2221=DIRECTION('',(0.,0.,-1.));
#2222=DIRECTION('center_axis',(0.,0.,1.));
#2223=DIRECTION('ref_axis',(-0.0181628545145745,0.99983504175233,0.));
#2224=DIRECTION('',(0.,0.,1.));
#2225=DIRECTION('',(0.,0.,1.));
#2226=DIRECTION('center_axis',(-0.0181628545145649,0.99983504175233,0.));
#2227=DIRECTION('ref_axis',(-0.99983504175233,-0.0181628545145649,0.));
#2228=CARTESIAN_POINT('',(0.,0.,0.));
#2229=CARTESIAN_POINT('Origin',(-12.7499725,-88.70590927605,15.800003));
#2230=CARTESIAN_POINT('',(-12.7499725,-87.70590927605,15.7118423703213));
#2231=CARTESIAN_POINT('',(-13.7499725,-88.70590927605,15.7118423703213));
#2232=CARTESIAN_POINT('Origin',(-12.7499725,-88.70590927605,15.7118423703213));
#2233=CARTESIAN_POINT('',(-13.7499725,-88.70590927605,10.2858423703213));
#2234=CARTESIAN_POINT('',(-13.7499725,-88.70590927605,15.800003));
#2235=CARTESIAN_POINT('',(-12.7499725,-87.70590927605,10.2858423703213));
#2236=CARTESIAN_POINT('Origin',(-12.7499725,-88.70590927605,10.2858423703213));
#2237=CARTESIAN_POINT('',(-12.7499725,-87.70590927605,15.800003));
#2238=CARTESIAN_POINT('Origin',(-13.7499725,-94.70590927605,15.800003));
#2239=CARTESIAN_POINT('',(-13.7499725,-93.70590927605,15.7118423703213));
#2240=CARTESIAN_POINT('',(-13.7499725000001,-26.0838266138375,15.7118423703213));
#2241=CARTESIAN_POINT('',(-13.7499725,-93.70590927605,10.2858423703213));
#2242=CARTESIAN_POINT('',(-13.7499725,-93.70590927605,15.800003));
#2243=CARTESIAN_POINT('',(-13.7499725000001,-26.0838266138375,10.2858423703213));
#2244=CARTESIAN_POINT('Origin',(-12.7499725,-93.70590927605,15.800003));
#2245=CARTESIAN_POINT('',(-12.7499725,-94.70590927605,15.7118423703213));
#2246=CARTESIAN_POINT('Origin',(-12.7499725,-93.70590927605,15.7118423703213));
#2247=CARTESIAN_POINT('',(-12.7499725,-94.70590927605,10.2858423703213));
#2248=CARTESIAN_POINT('',(-12.7499725,-94.70590927605,15.800003));
#2249=CARTESIAN_POINT('Origin',(-12.7499725,-93.70590927605,10.2858423703213));
#2250=CARTESIAN_POINT('Origin',(13.7499725,-94.70590927605,15.800003));
#2251=CARTESIAN_POINT('',(7.99999999999574,-94.70590927605,15.7118423703213));
#2252=CARTESIAN_POINT('',(6.87498624999636,-94.70590927605,15.7118423703213));
#2253=CARTESIAN_POINT('',(7.99999999999574,-94.70590927605,12.9988423703213));
#2254=CARTESIAN_POINT('',(7.99999999999574,-94.70590927605,15.0776726851607));
#2255=CARTESIAN_POINT('',(-8.00000000000853,-94.70590927605,12.9988423703213));
#2256=CARTESIAN_POINT('',(6.87498624999788,-94.70590927605,12.9988423703213));
#2257=CARTESIAN_POINT('',(-8.00000000000853,-94.70590927605,10.2858423703213));
#2258=CARTESIAN_POINT('',(-8.00000000000853,-94.70590927605,13.7211726851607));
#2259=CARTESIAN_POINT('',(6.87498624999636,-94.70590927605,10.2858423703213));
#2260=CARTESIAN_POINT('Origin',(-13.7499725,-87.70590927605,15.800003));
#2261=CARTESIAN_POINT('',(-8.00000000000853,-87.70590927605,10.2858423703213));
#2262=CARTESIAN_POINT('',(-6.8749862500037,-87.70590927605,10.2858423703213));
#2263=CARTESIAN_POINT('',(-8.00000000000853,-87.70590927605,12.9988423703213));
#2264=CARTESIAN_POINT('',(-8.00000000000853,-87.70590927605,13.7211726851607));
#2265=CARTESIAN_POINT('',(7.99999999999574,-87.70590927605,12.9988423703213));
#2266=CARTESIAN_POINT('',(-6.8749862500021,-87.70590927605,12.9988423703213));
#2267=CARTESIAN_POINT('',(7.99999999999574,-87.70590927605,15.7118423703213));
#2268=CARTESIAN_POINT('',(7.99999999999574,-87.7059092760501,15.0776726851607));
#2269=CARTESIAN_POINT('',(-6.8749862500037,-87.70590927605,15.7118423703213));
#2270=CARTESIAN_POINT('Origin',(-7.28306304154103E-12,42.5382560483751,
10.2858423703213));
#2271=CARTESIAN_POINT('',(-8.00000000000853,-141.616121168891,10.2858423703213));
#2272=CARTESIAN_POINT('',(-8.00000000000853,-14.1349022680353,10.2858423703213));
#2273=CARTESIAN_POINT('',(-180.000000000017,-141.616121168887,10.2858423703213));
#2274=CARTESIAN_POINT('',(180.,-141.616121168895,10.2858423703213));
#2275=CARTESIAN_POINT('',(-180.000000000016,-118.727398351291,10.2858423703213));
#2276=CARTESIAN_POINT('',(-180.000000000017,-141.616121168887,10.2858423703213));
#2277=CARTESIAN_POINT('',(-180.051347926068,-118.277115001943,10.2858423703213));
#2278=CARTESIAN_POINT('Origin',(-182.000000000016,-118.727398351291,10.2858423703213));
#2279=CARTESIAN_POINT('',(-180.000000000016,-115.191499966429,10.2858423703213));
#2280=CARTESIAN_POINT('Origin',(-182.598076211369,-116.691499966428,10.2858423703213));
#2281=CARTESIAN_POINT('',(-189.758765270983,-98.2888226979722,10.2858423703213));
#2282=CARTESIAN_POINT('',(-197.178395598724,-85.4376459969447,10.2858423703213));
#2283=CARTESIAN_POINT('',(-192.456660241064,-96.7904837886081,10.2858423703213));
#2284=CARTESIAN_POINT('Origin',(-192.356841482337,-99.7888226979721,10.2858423703213));
#2285=CARTESIAN_POINT('',(-192.820943097474,-96.520873505541,10.2858423703213));
#2286=CARTESIAN_POINT('Origin',(-193.820943097474,-98.2529243131099,10.2858423703213));
#2287=CARTESIAN_POINT('',(-212.643158517693,-85.0765120967416,10.2858423703213));
#2288=CARTESIAN_POINT('',(-192.356841482336,-96.7888226979721,10.2858423703213));
#2289=CARTESIAN_POINT('',(-122.095915733506,70.4921098156957,10.2858423703213));
#2290=CARTESIAN_POINT('',(-212.643158517693,-85.0765120967416,10.2858423703213));
#2291=CARTESIAN_POINT('',(-118.095915733506,77.4203130459712,10.2858423703213));
#2292=CARTESIAN_POINT('',(-122.095915733506,70.4921098156957,10.2858423703213));
#2293=CARTESIAN_POINT('',(4.00000000000006,6.9282032302754,10.2858423703213));
#2294=CARTESIAN_POINT('',(-35.7337815260242,29.8685126902481,10.2858423703213));
#2295=CARTESIAN_POINT('',(0.,0.,10.2858423703213));
#2296=CARTESIAN_POINT('',(0.,0.,10.2858423703213));
#2297=CARTESIAN_POINT('',(-8.,0.,10.2858423703213));
#2298=CARTESIAN_POINT('',(-3.64153152077051E-12,0.,10.2858423703213));
#2299=CARTESIAN_POINT('',(-8.00000000000853,-14.1349022680353,10.2858423703213));
#2300=CARTESIAN_POINT('',(-88.3999999999993,-112.499999999999,10.2858423703213));
#2301=CARTESIAN_POINT('Origin',(-85.9999999999993,-112.499999999999,10.2858423703213));
#2302=CARTESIAN_POINT('',(-131.399999999998,-47.4999999999983,10.2858423703213));
#2303=CARTESIAN_POINT('Origin',(-128.999999999998,-47.4999999999983,10.2858423703213));
#2304=CARTESIAN_POINT('',(-88.3999999999984,-47.4999999999989,10.2858423703213));
#2305=CARTESIAN_POINT('Origin',(-85.9999999999984,-47.4999999999989,10.2858423703213));
#2306=CARTESIAN_POINT('',(-131.399999999999,-112.499999999998,10.2858423703213));
#2307=CARTESIAN_POINT('Origin',(-128.999999999999,-112.499999999998,10.2858423703213));
#2308=CARTESIAN_POINT('',(-76.3999999999993,-112.499999999999,10.2858423703213));
#2309=CARTESIAN_POINT('Origin',(-73.9999999999993,-112.499999999999,10.2858423703213));
#2310=CARTESIAN_POINT('',(-143.399999999998,-47.4999999999981,10.2858423703213));
#2311=CARTESIAN_POINT('Origin',(-140.999999999998,-47.4999999999981,10.2858423703213));
#2312=CARTESIAN_POINT('',(-76.3999999999984,-47.4999999999991,10.2858423703213));
#2313=CARTESIAN_POINT('Origin',(-73.9999999999984,-47.4999999999991,10.2858423703213));
#2314=CARTESIAN_POINT('',(-143.399999999999,-112.499999999998,10.2858423703213));
#2315=CARTESIAN_POINT('Origin',(-140.999999999999,-112.499999999998,10.2858423703213));
#2316=CARTESIAN_POINT('',(-70.2244591067185,-13.9237007700107,10.2858423703213));
#2317=CARTESIAN_POINT('Origin',(-67.8244591067185,-13.9237007700107,10.2858423703213));
#2318=CARTESIAN_POINT('',(-48.073870777456,-52.2896451738349,10.2858423703213));
#2319=CARTESIAN_POINT('Origin',(-45.673870777456,-52.2896451738349,10.2858423703213));
#2320=CARTESIAN_POINT('Origin',(7.99999999999574,-70.8080605844457,14.3553423703213));
#2321=CARTESIAN_POINT('',(7.99999999999574,-141.616121168891,15.7118423703213));
#2322=CARTESIAN_POINT('',(7.99999999999574,-14.1349022680353,15.7118423703213));
#2323=CARTESIAN_POINT('',(7.99999999999574,-141.616121168891,12.9988423703213));
#2324=CARTESIAN_POINT('',(7.99999999999574,-141.616121168892,12.3205923703213));
#2325=CARTESIAN_POINT('',(7.99999999999574,-106.212090876669,12.9988423703213));
#2326=CARTESIAN_POINT('Origin',(7.99999999999574,-70.8080605844457,14.3553423703213));
#2327=CARTESIAN_POINT('',(7.99999999999574,0.,12.9988423703213));
#2328=CARTESIAN_POINT('',(7.99999999999574,-106.212090876669,12.9988423703213));
#2329=CARTESIAN_POINT('',(7.99999999999574,0.,15.7118423703213));
#2330=CARTESIAN_POINT('',(7.99999999999574,0.,13.6770923703213));
#2331=CARTESIAN_POINT('',(7.99999999999574,-14.1349022680353,15.7118423703213));
#2332=CARTESIAN_POINT('Origin',(-4.2632564145606E-12,-141.616121168891,
12.9988423703213));
#2333=CARTESIAN_POINT('',(-8.00000000000853,-141.616121168891,12.9988423703213));
#2334=CARTESIAN_POINT('',(-90.0000000000126,-141.616121168889,12.9988423703213));
#2335=CARTESIAN_POINT('',(-8.00000000000853,-106.212090876669,12.9988423703213));
#2336=CARTESIAN_POINT('Origin',(-4.2632564145606E-12,-141.616121168891,
12.9988423703213));
#2337=CARTESIAN_POINT('',(-8.00000000000853,-4.61880215351202,12.9988423703213));
#2338=CARTESIAN_POINT('',(-8.00000000000853,-106.212090876669,12.9988423703213));
#2339=CARTESIAN_POINT('',(-4.00000000000436,-6.92820323027545,12.9988423703213));
#2340=CARTESIAN_POINT('',(-65.0479578667541,28.3178516775706,12.9988423703213));
#2341=CARTESIAN_POINT('',(-4.2632564145606E-12,0.,12.9988423703213));
#2342=CARTESIAN_POINT('',(-4.2632564145606E-12,0.,12.9988423703213));
#2343=CARTESIAN_POINT('',(-4.2632564145606E-12,0.,12.9988423703213));
#2344=CARTESIAN_POINT('Origin',(-8.00000000000853,-70.8080605844457,11.6423423703213));
#2345=CARTESIAN_POINT('',(-8.00000000000853,-141.616121168891,10.9640923703213));
#2346=CARTESIAN_POINT('Origin',(-8.00000000000853,-70.8080605844457,11.6423423703213));
#2347=CARTESIAN_POINT('',(-8.00000000000426,0.,12.9988423703213));
#2348=CARTESIAN_POINT('',(-8.,0.,13.7118423703213));
#2349=CARTESIAN_POINT('',(-8.00000000000853,-0.157975384374996,12.9988423703213));
#2350=CARTESIAN_POINT('Origin',(-85.9999999999993,-112.499999999999,10.2858423703213));
#2351=CARTESIAN_POINT('',(-88.3999999999993,-112.499999999999,14.4858423703213));
#2352=CARTESIAN_POINT('',(-88.3999999999993,-112.499999999999,10.2858423703213));
#2353=CARTESIAN_POINT('Origin',(-85.9999999999993,-112.499999999999,14.4858423703213));
#2354=CARTESIAN_POINT('Origin',(-85.9999999999993,-112.499999999999,14.4858423703213));
#2355=CARTESIAN_POINT('Origin',(-128.999999999998,-47.4999999999983,10.2858423703213));
#2356=CARTESIAN_POINT('',(-131.399999999998,-47.4999999999983,14.4858423703213));
#2357=CARTESIAN_POINT('',(-131.399999999998,-47.4999999999983,10.2858423703213));
#2358=CARTESIAN_POINT('Origin',(-128.999999999998,-47.4999999999983,14.4858423703213));
#2359=CARTESIAN_POINT('Origin',(-128.999999999998,-47.4999999999983,14.4858423703213));
#2360=CARTESIAN_POINT('Origin',(-85.9999999999984,-47.4999999999989,10.2858423703213));
#2361=CARTESIAN_POINT('',(-88.3999999999984,-47.4999999999989,14.4858423703213));
#2362=CARTESIAN_POINT('',(-88.3999999999984,-47.4999999999989,10.2858423703213));
#2363=CARTESIAN_POINT('Origin',(-85.9999999999984,-47.4999999999989,14.4858423703213));
#2364=CARTESIAN_POINT('Origin',(-85.9999999999984,-47.4999999999989,14.4858423703213));
#2365=CARTESIAN_POINT('Origin',(-128.999999999999,-112.499999999998,10.2858423703213));
#2366=CARTESIAN_POINT('',(-131.399999999999,-112.499999999998,14.4858423703213));
#2367=CARTESIAN_POINT('',(-131.399999999999,-112.499999999998,10.2858423703213));
#2368=CARTESIAN_POINT('Origin',(-128.999999999999,-112.499999999998,14.4858423703213));
#2369=CARTESIAN_POINT('Origin',(-128.999999999999,-112.499999999998,14.4858423703213));
#2370=CARTESIAN_POINT('Origin',(-73.9999999999993,-112.499999999999,10.2858423703213));
#2371=CARTESIAN_POINT('',(-76.3999999999993,-112.499999999999,14.4858423703213));
#2372=CARTESIAN_POINT('',(-76.3999999999993,-112.499999999999,10.2858423703213));
#2373=CARTESIAN_POINT('Origin',(-73.9999999999993,-112.499999999999,14.4858423703213));
#2374=CARTESIAN_POINT('Origin',(-73.9999999999993,-112.499999999999,14.4858423703213));
#2375=CARTESIAN_POINT('Origin',(-140.999999999998,-47.4999999999981,10.2858423703213));
#2376=CARTESIAN_POINT('',(-143.399999999998,-47.4999999999981,14.4858423703213));
#2377=CARTESIAN_POINT('',(-143.399999999998,-47.4999999999981,10.2858423703213));
#2378=CARTESIAN_POINT('Origin',(-140.999999999998,-47.4999999999981,14.4858423703213));
#2379=CARTESIAN_POINT('Origin',(-140.999999999998,-47.4999999999981,14.4858423703213));
#2380=CARTESIAN_POINT('Origin',(-73.9999999999984,-47.4999999999991,10.2858423703213));
#2381=CARTESIAN_POINT('',(-76.3999999999984,-47.4999999999991,14.4858423703213));
#2382=CARTESIAN_POINT('',(-76.3999999999984,-47.4999999999991,10.2858423703213));
#2383=CARTESIAN_POINT('Origin',(-73.9999999999984,-47.4999999999991,14.4858423703213));
#2384=CARTESIAN_POINT('Origin',(-73.9999999999984,-47.4999999999991,14.4858423703213));
#2385=CARTESIAN_POINT('Origin',(-140.999999999999,-112.499999999998,10.2858423703213));
#2386=CARTESIAN_POINT('',(-143.399999999999,-112.499999999998,14.4858423703213));
#2387=CARTESIAN_POINT('',(-143.399999999999,-112.499999999998,10.2858423703213));
#2388=CARTESIAN_POINT('Origin',(-140.999999999999,-112.499999999998,14.4858423703213));
#2389=CARTESIAN_POINT('Origin',(-140.999999999999,-112.499999999998,14.4858423703213));
#2390=CARTESIAN_POINT('Origin',(-67.8244591067185,-13.9237007700107,10.2858423703213));
#2391=CARTESIAN_POINT('',(-70.2244591067185,-13.9237007700107,14.4858423703213));
#2392=CARTESIAN_POINT('',(-70.2244591067185,-13.9237007700107,10.2858423703213));
#2393=CARTESIAN_POINT('Origin',(-67.8244591067185,-13.9237007700107,14.4858423703213));
#2394=CARTESIAN_POINT('Origin',(-67.8244591067185,-13.9237007700107,14.4858423703213));
#2395=CARTESIAN_POINT('Origin',(-45.673870777456,-52.2896451738349,10.2858423703213));
#2396=CARTESIAN_POINT('',(-48.073870777456,-52.2896451738349,14.4858423703213));
#2397=CARTESIAN_POINT('',(-48.073870777456,-52.2896451738349,10.2858423703213));
#2398=CARTESIAN_POINT('Origin',(-45.673870777456,-52.2896451738349,14.4858423703213));
#2399=CARTESIAN_POINT('Origin',(-45.673870777456,-52.2896451738349,14.4858423703213));
#2400=CARTESIAN_POINT('Origin',(-52.2677394529664,-100.473676229016,15.7118423703213));
#2401=CARTESIAN_POINT('',(-50.6177394529664,-100.473676229016,15.7118423703213));
#2402=CARTESIAN_POINT('Origin',(-52.2677394529664,-100.473676229016,15.7118423703213));
#2403=CARTESIAN_POINT('',(-50.6177394529664,-100.473676229016,12.5118423703213));
#2404=CARTESIAN_POINT('',(-50.6177394529664,-100.473676229016,15.7118423703213));
#2405=CARTESIAN_POINT('Origin',(-52.2677394529664,-100.473676229016,12.5118423703213));
#2406=CARTESIAN_POINT('Origin',(-52.2677394529664,-100.473676229016,12.5118423703213));
#2407=CARTESIAN_POINT('Origin',(-52.2677394529664,-20.9381423230836,15.7118423703213));
#2408=CARTESIAN_POINT('',(-50.6177394529664,-20.9381423230836,15.7118423703213));
#2409=CARTESIAN_POINT('Origin',(-52.2677394529664,-20.9381423230836,15.7118423703213));
#2410=CARTESIAN_POINT('',(-50.6177394529664,-20.9381423230836,12.5118423703213));
#2411=CARTESIAN_POINT('',(-50.6177394529664,-20.9381423230836,15.7118423703213));
#2412=CARTESIAN_POINT('Origin',(-52.2677394529664,-20.9381423230836,12.5118423703213));
#2413=CARTESIAN_POINT('Origin',(-52.2677394529664,-20.9381423230836,12.5118423703213));
#2414=CARTESIAN_POINT('Origin',(0.,0.,12.9988423703213));
#2415=CARTESIAN_POINT('',(0.,0.,13.7118423703213));
#2416=CARTESIAN_POINT('',(-61.0479578667529,0.,12.9988423703213));
#2417=CARTESIAN_POINT('Origin',(-180.000000000017,-141.616121168887,10.2858423703213));
#2418=CARTESIAN_POINT('',(-198.500000000018,-141.616121168886,15.7123106012294));
#2419=CARTESIAN_POINT('',(-180.000000000017,-141.616121168887,15.7118423703213));
#2420=CARTESIAN_POINT('',(-200.000000000017,-141.616121168886,15.7123106012294));
#2421=CARTESIAN_POINT('',(-198.500000000018,-141.616121168886,11.7123106012294));
#2422=CARTESIAN_POINT('',(-198.500000000018,-141.616121168887,10.9990764857753));
#2423=CARTESIAN_POINT('',(-180.000000000017,-141.616121168887,11.7123106012294));
#2424=CARTESIAN_POINT('',(-200.000000000017,-141.616121168886,11.7123106012294));
#2425=CARTESIAN_POINT('',(-180.000000000017,-141.616121168887,10.2858423703213));
#2426=CARTESIAN_POINT('',(180.,-141.616121168895,15.7118423703213));
#2427=CARTESIAN_POINT('Origin',(-122.095915733506,70.4921098156957,12.9988423703213));
#2428=CARTESIAN_POINT('',(4.00000000000005,6.9282032302754,12.9988423703213));
#2429=CARTESIAN_POINT('',(-3.19980991014222E-12,1.8474111129763E-12,12.9988423703213));
#2430=CARTESIAN_POINT('',(-118.095915733506,77.4203130459712,12.9988423703213));
#2431=CARTESIAN_POINT('',(-87.5719368001293,59.7972855920472,12.9988423703213));
#2432=CARTESIAN_POINT('',(-122.095915733506,70.4921098156957,12.9988423703213));
#2433=CARTESIAN_POINT('',(-122.095915733506,70.4921098156957,12.9988423703213));
#2434=CARTESIAN_POINT('',(-126.120237635025,63.5779488418096,12.9988423703213));
#2435=CARTESIAN_POINT('',(-76.8222943414123,148.276420771914,12.9988423703213));
#2436=CARTESIAN_POINT('',(-65.0479578667541,28.3178516775706,12.9988423703213));
#2437=CARTESIAN_POINT('Origin',(0.,0.,12.9988423703213));
#2438=CARTESIAN_POINT('',(0.,0.,15.7118423703213));
#2439=CARTESIAN_POINT('',(0.,0.,13.7118423703213));
#2440=CARTESIAN_POINT('',(-4.0000000000001,-6.92820323027545,15.7118423703213));
#2441=CARTESIAN_POINT('',(-4.0000000000001,-6.92820323027545,13.7118423703213));
#2442=CARTESIAN_POINT('',(9.20980259264421,15.9518460181388,15.7118423703213));
#2443=CARTESIAN_POINT('Origin',(-4.0000000000001,-6.92820323027545,13.7118423703213));
#2444=CARTESIAN_POINT('',(-126.120237635025,63.5779488418096,15.7118423703213));
#2445=CARTESIAN_POINT('',(-126.120237635025,63.5779488418096,11.6423423703213));
#2446=CARTESIAN_POINT('',(-13.209802592648,-1.61092122422674,15.7118423703213));
#2447=CARTESIAN_POINT('Origin',(-7.28306304154103E-12,42.5382560483751,
15.7118423703213));
#2448=CARTESIAN_POINT('',(-4.2632564145606E-12,0.,15.7118423703213));
#2449=CARTESIAN_POINT('',(-212.643158517693,-85.0765120967416,15.7118423703213));
#2450=CARTESIAN_POINT('',(-212.643158517693,-85.0765120967416,15.7118423703213));
#2451=CARTESIAN_POINT('',(-205.372281323284,-89.2743550021791,15.7118423703213));
#2452=CARTESIAN_POINT('',(-192.356841482336,-96.7888226979721,15.7118423703213));
#2453=CARTESIAN_POINT('',(-199.627718676746,-92.5909797925348,15.7118423703213));
#2454=CARTESIAN_POINT('Origin',(-205.000000000015,-95.262794416279,15.7118423703213));
#2455=CARTESIAN_POINT('',(-192.356841482336,-96.7888226979721,15.7118423703213));
#2456=CARTESIAN_POINT('',(-192.356841482336,-96.7888226979721,15.7118423703213));
#2457=CARTESIAN_POINT('',(-193.655879588013,-99.038822697972,15.7118423703213));
#2458=CARTESIAN_POINT('',(-143.147038889688,-11.5549443770781,15.7118423703213));
#2459=CARTESIAN_POINT('',(-191.05780337666,-99.0388226979722,15.7118423703213));
#2460=CARTESIAN_POINT('Origin',(-192.356841482337,-99.7888226979721,15.7118423703213));
#2461=CARTESIAN_POINT('',(-181.299038105692,-115.941499966428,15.7118423703213));
#2462=CARTESIAN_POINT('',(-180.000000000016,-118.191499966429,15.7118423703213));
#2463=CARTESIAN_POINT('',(-182.598076211369,-118.191499966428,15.7118423703213));
#2464=CARTESIAN_POINT('Origin',(-182.598076211369,-116.691499966428,15.7118423703213));
#2465=CARTESIAN_POINT('',(-180.000000000016,-118.191499966429,15.7118423703213));
#2466=CARTESIAN_POINT('',(-90.0000000000143,-118.191499966431,15.7118423703213));
#2467=CARTESIAN_POINT('',(-180.000000000016,-126.587185777302,15.7118423703213));
#2468=CARTESIAN_POINT('',(-180.000000000017,-141.616121168887,15.7118423703213));
#2469=CARTESIAN_POINT('',(-180.000000000016,-133.220435358013,15.7118423703213));
#2470=CARTESIAN_POINT('Origin',(-185.000000000016,-129.903810567658,15.7118423703213));
#2471=CARTESIAN_POINT('',(-180.000000000017,-141.616121168887,15.7118423703213));
#2472=CARTESIAN_POINT('Origin',(-57.0479578667528,42.1742581381233,11.6423423703213));
#2473=CARTESIAN_POINT('',(4.00000000000006,6.92820323027541,12.3205923703213));
#2474=CARTESIAN_POINT('',(-118.095915733506,77.4203130459712,10.9640923703213));
#2475=CARTESIAN_POINT('Origin',(-122.095915733506,70.4921098156957,10.2858423703213));
#2476=CARTESIAN_POINT('',(-122.095915733506,70.4921098156957,11.9988423703213));
#2477=CARTESIAN_POINT('Origin',(0.,0.,12.9988423703213));
#2478=CARTESIAN_POINT('Origin',(-4.2632564145606E-12,0.,12.9988423703213));
#2479=CARTESIAN_POINT('Origin',(-203.006360535175,-113.73433077366,12.4623106012294));
#2480=CARTESIAN_POINT('',(-201.606841482337,-112.810292667984,12.4623106012294));
#2481=CARTESIAN_POINT('',(-202.905879588014,-113.560292667984,11.7123106012294));
#2482=CARTESIAN_POINT('Ctrl Pts',(-201.606841482337,-112.810292667984,12.4623106012294));
#2483=CARTESIAN_POINT('Ctrl Pts',(-201.674742169619,-112.927900108226,12.3662845283803));
#2484=CARTESIAN_POINT('Ctrl Pts',(-201.765450590778,-113.046234755526,12.2616054071358));
#2485=CARTESIAN_POINT('Ctrl Pts',(-201.984108632489,-113.253187737008,12.0643084017541));
#2486=CARTESIAN_POINT('Ctrl Pts',(-202.11217473227,-113.341831881365,11.9718467301836));
#2487=CARTESIAN_POINT('Ctrl Pts',(-202.33775390765,-113.452268090512,11.8488212493636));
#2488=CARTESIAN_POINT('Ctrl Pts',(-202.445066433799,-113.492529027858,11.8008621929515));
#2489=CARTESIAN_POINT('Ctrl Pts',(-202.672387357034,-113.546607323954,11.7324392468464));
#2490=CARTESIAN_POINT('Ctrl Pts',(-202.792527905168,-113.560292667984,11.7123106012294));
#2491=CARTESIAN_POINT('Ctrl Pts',(-202.905879588014,-113.560292667984,11.7123106012294));
#2492=CARTESIAN_POINT('',(-194.305398640852,-98.663822697972,11.7123106012294));
#2493=CARTESIAN_POINT('',(-203.006360535175,-113.73433077366,11.7123106012294));
#2494=CARTESIAN_POINT('',(-193.655879588013,-99.038822697972,12.4623106012294));
#2495=CARTESIAN_POINT('Origin',(-194.305398640852,-98.6638226979723,12.4623106012294));
#2496=CARTESIAN_POINT('',(-202.356841482337,-114.10933077366,12.4623106012294));
#2497=CARTESIAN_POINT('Origin',(-192.356841482337,-99.7888226979721,12.4623106012294));
#2498=CARTESIAN_POINT('',(-191.05780337666,-99.0388226979722,12.4623106012294));
#2499=CARTESIAN_POINT('',(-191.896328868222,-97.5864539431443,11.7123106012294));
#2500=CARTESIAN_POINT('Ctrl Pts',(-191.05780337666,-99.0388226979722,12.4623106012294));
#2501=CARTESIAN_POINT('Ctrl Pts',(-191.206496312893,-98.7812789776905,12.25202703418));
#2502=CARTESIAN_POINT('Ctrl Pts',(-191.386080072013,-98.4702307826805,12.00297775137));
#2503=CARTESIAN_POINT('Ctrl Pts',(-191.656599631659,-98.0016771609325,11.7780977793512));
#2504=CARTESIAN_POINT('Ctrl Pts',(-191.785483156891,-97.7784443469715,11.7123106012294));
#2505=CARTESIAN_POINT('Ctrl Pts',(-191.896328868222,-97.5864539431443,11.7123106012294));
#2506=CARTESIAN_POINT('Origin',(-192.356841482337,-99.7888226979721,12.4623106012294));
#2507=CARTESIAN_POINT('Origin',(-192.356841482337,-99.7888226979721,11.7123106012294));
#2508=CARTESIAN_POINT('Origin',(-192.356841482337,-99.7888226979721,11.7858423703213));
#2509=CARTESIAN_POINT('',(-191.094591368942,-98.9751040262304,11.7123106012294));
#2510=CARTESIAN_POINT('',(-191.05780337666,-99.0388226979722,11.7858423703213));
#2511=CARTESIAN_POINT('Ctrl Pts',(-191.094591368942,-98.9751040262304,11.7123106012294));
#2512=CARTESIAN_POINT('Ctrl Pts',(-191.082192033805,-98.9965803046694,11.7370645900784));
#2513=CARTESIAN_POINT('Ctrl Pts',(-191.069927061029,-99.0178238606704,11.7615950015836));
#2514=CARTESIAN_POINT('Ctrl Pts',(-191.05780337666,-99.0388226979722,11.7858423703213));
#2515=CARTESIAN_POINT('',(-192.088892289905,-97.25292431311,10.3549287962549));
#2516=CARTESIAN_POINT('Ctrl Pts',(-191.094591368942,-98.9751040262304,11.7123106012294));
#2517=CARTESIAN_POINT('Ctrl Pts',(-191.294740893778,-98.6284348801038,11.3127327971926));
#2518=CARTESIAN_POINT('Ctrl Pts',(-191.534318505416,-98.2134742843917,10.8637218140214));
#2519=CARTESIAN_POINT('Ctrl Pts',(-191.862187869629,-97.6455878873282,10.5107957365585));
#2520=CARTESIAN_POINT('Ctrl Pts',(-191.958509476967,-97.4787539695536,10.4277140666065));
#2521=CARTESIAN_POINT('Ctrl Pts',(-192.068442167076,-97.2883449648705,10.365619369269));
#2522=CARTESIAN_POINT('Ctrl Pts',(-192.078655477746,-97.2706549918772,10.3601354961144));
#2523=CARTESIAN_POINT('Ctrl Pts',(-192.088892289905,-97.25292431311,10.3549287962549));
#2524=CARTESIAN_POINT('Ctrl Pts',(-192.088892289905,-97.25292431311,10.3549287962549));
#2525=CARTESIAN_POINT('Ctrl Pts',(-192.175066970671,-97.1036653876971,10.3110981885168));
#2526=CARTESIAN_POINT('Ctrl Pts',(-192.282412148385,-96.9626954450594,10.2906582522415));
#2527=CARTESIAN_POINT('Ctrl Pts',(-192.424377921301,-96.8211067422521,10.2860889142808));
#2528=CARTESIAN_POINT('Ctrl Pts',(-192.440397091762,-96.8056553702292,10.2858423703213));
#2529=CARTESIAN_POINT('Ctrl Pts',(-192.456660241064,-96.7904837886081,10.2858423703213));
#2530=CARTESIAN_POINT('Origin',(-189.758765270983,-98.2888226979722,11.7858423703213));
#2531=CARTESIAN_POINT('Origin',(-207.500000000015,-99.5929214352011,11.7123106012294));
#2532=CARTESIAN_POINT('',(-203.655879588014,-113.35933077366,11.7123106012294));
#2533=CARTESIAN_POINT('Origin',(-202.905879588014,-112.060292667984,11.7123106012294));
#2534=CARTESIAN_POINT('',(-221.344120412017,-103.14702017243,11.7123106012294));
#2535=CARTESIAN_POINT('',(-222.643158517694,-102.39702017243,11.7123106012294));
#2536=CARTESIAN_POINT('',(-221.893158517693,-101.097982066754,11.7123106012294));
#2537=CARTESIAN_POINT('Origin',(-220.594120412017,-101.847982066754,11.7123106012294));
#2538=CARTESIAN_POINT('',(-212.643158517693,-85.0765120967419,11.7123106012294));
#2539=CARTESIAN_POINT('',(-212.643158517693,-85.0765120967419,11.7123106012294));
#2540=CARTESIAN_POINT('',(-192.820943097474,-96.520873505541,11.7123106012294));
#2541=CARTESIAN_POINT('',(-207.571579258854,-88.0045897470493,11.7123106012294));
#2542=CARTESIAN_POINT('',(-192.088892289905,-97.25292431311,11.7123106012294));
#2543=CARTESIAN_POINT('Origin',(-193.820943097474,-98.2529243131099,11.7123106012294));
#2544=CARTESIAN_POINT('',(-193.642631111756,-94.5617697319722,11.7123106012294));
#2545=CARTESIAN_POINT('',(-212.5004873384,-103.923048454123,11.7123106012294));
#2546=CARTESIAN_POINT('Origin',(-210.000000000015,-103.923048454123,11.7123106012294));
#2547=CARTESIAN_POINT('',(-207.500487338399,-95.262794416279,11.7123106012294));
#2548=CARTESIAN_POINT('Origin',(-205.000000000015,-95.262794416279,11.7123106012294));
#2549=CARTESIAN_POINT('Origin',(-180.000000000016,-118.941499966428,12.4623106012294));
#2550=CARTESIAN_POINT('',(-199.799038105693,-118.941499966428,11.7123106012294));
#2551=CARTESIAN_POINT('',(-198.500000000016,-118.191499966428,12.4623106012294));
#2552=CARTESIAN_POINT('Ctrl Pts',(-199.799038105693,-118.941499966428,11.7123106012294));
#2553=CARTESIAN_POINT('Ctrl Pts',(-199.74236226427,-118.843334529522,11.7123106012294));
#2554=CARTESIAN_POINT('Ctrl Pts',(-199.670440134613,-118.746132434827,11.7324392468464));
#2555=CARTESIAN_POINT('Ctrl Pts',(-199.509946494783,-118.576305888542,11.8008621929515));
#2556=CARTESIAN_POINT('Ctrl Pts',(-199.421423237187,-118.503500983426,11.8488212493636));
#2557=CARTESIAN_POINT('Ctrl Pts',(-199.212993086878,-118.363361791556,11.9718467301836));
#2558=CARTESIAN_POINT('Ctrl Pts',(-199.072191956078,-118.29677536796,12.0643084017541));
#2559=CARTESIAN_POINT('Ctrl Pts',(-198.78363639587,-118.210888439838,12.2616054071357));
#2560=CARTESIAN_POINT('Ctrl Pts',(-198.635801374581,-118.191499966428,12.3662845283803));
#2561=CARTESIAN_POINT('Ctrl Pts',(-198.500000000016,-118.191499966428,12.4623106012294));
#2562=CARTESIAN_POINT('',(-182.598076211369,-118.191499966428,12.4623106012294));
#2563=CARTESIAN_POINT('',(-180.000000000016,-118.191499966428,12.4623106012294));
#2564=CARTESIAN_POINT('',(-182.598076211369,-118.941499966428,11.7123106012294));
#2565=CARTESIAN_POINT('Origin',(-182.598076211369,-118.941499966428,12.4623106012294));
#2566=CARTESIAN_POINT('',(-180.000000000016,-118.941499966428,11.7123106012294));
#2567=CARTESIAN_POINT('Origin',(-182.598076211369,-116.691499966428,12.4623106012294));
#2568=CARTESIAN_POINT('',(-181.299038105692,-115.941499966428,12.4623106012294));
#2569=CARTESIAN_POINT('',(-180.46051261413,-117.393868721256,11.7123106012294));
#2570=CARTESIAN_POINT('Ctrl Pts',(-180.46051261413,-117.393868721256,11.7123106012294));
#2571=CARTESIAN_POINT('Ctrl Pts',(-180.571358325462,-117.201878317429,11.7123106012294));
#2572=CARTESIAN_POINT('Ctrl Pts',(-180.700241850694,-116.978645503468,11.7780977793512));
#2573=CARTESIAN_POINT('Ctrl Pts',(-180.97076141034,-116.51009188172,12.00297775137));
#2574=CARTESIAN_POINT('Ctrl Pts',(-181.15034516946,-116.19904368671,12.25202703418));
#2575=CARTESIAN_POINT('Ctrl Pts',(-181.299038105692,-115.941499966428,12.4623106012294));
#2576=CARTESIAN_POINT('Origin',(-182.598076211369,-116.691499966428,11.7123106012294));
#2577=CARTESIAN_POINT('Origin',(-182.598076211369,-116.691499966428,12.4623106012294));
#2578=CARTESIAN_POINT('Origin',(-182.598076211369,-116.691499966428,11.7858423703213));
#2579=CARTESIAN_POINT('',(-181.299038105692,-115.941499966428,11.7858423703213));
#2580=CARTESIAN_POINT('',(-181.26225011341,-116.00521863817,11.7123106012294));
#2581=CARTESIAN_POINT('Ctrl Pts',(-181.299038105692,-115.941499966428,11.7858423703213));
#2582=CARTESIAN_POINT('Ctrl Pts',(-181.286914421324,-115.96249880373,11.7615950015836));
#2583=CARTESIAN_POINT('Ctrl Pts',(-181.274649448548,-115.983742359731,11.7370645900785));
#2584=CARTESIAN_POINT('Ctrl Pts',(-181.26225011341,-116.00521863817,11.7123106012294));
#2585=CARTESIAN_POINT('Origin',(-180.000000000016,-115.191499966429,11.7858423703213));
#2586=CARTESIAN_POINT('',(-180.267949192447,-117.727398351291,10.3549287962548));
#2587=CARTESIAN_POINT('Ctrl Pts',(-180.051347926068,-118.277115001943,10.2858423703213));
#2588=CARTESIAN_POINT('Ctrl Pts',(-180.056390084212,-118.25529449284,10.2858423703213));
#2589=CARTESIAN_POINT('Ctrl Pts',(-180.061801606405,-118.233546401426,10.2860923476556));
#2590=CARTESIAN_POINT('Ctrl Pts',(-180.113482229101,-118.039821108862,10.2906941994206));
#2591=CARTESIAN_POINT('Ctrl Pts',(-180.181849983093,-117.876526556384,10.311136575173));
#2592=CARTESIAN_POINT('Ctrl Pts',(-180.267949192447,-117.727398351291,10.3549287962548));
#2593=CARTESIAN_POINT('Ctrl Pts',(-180.267949192447,-117.727398351291,10.3549287962548));
#2594=CARTESIAN_POINT('Ctrl Pts',(-180.278186004606,-117.709667672524,10.3601354961143));
#2595=CARTESIAN_POINT('Ctrl Pts',(-180.288399315276,-117.69197769953,10.365619369269));
#2596=CARTESIAN_POINT('Ctrl Pts',(-180.398332005386,-117.501568694847,10.4277140666065));
#2597=CARTESIAN_POINT('Ctrl Pts',(-180.494653612723,-117.334734777072,10.5107957365585));
#2598=CARTESIAN_POINT('Ctrl Pts',(-180.822522976937,-116.766848380009,10.8637218140213));
#2599=CARTESIAN_POINT('Ctrl Pts',(-181.062100588574,-116.351887784296,11.3127327971921));
#2600=CARTESIAN_POINT('Ctrl Pts',(-181.26225011341,-116.00521863817,11.7123106012294));
#2601=CARTESIAN_POINT('Origin',(-182.598076211369,-116.691499966428,10.9990764857753));
#2602=CARTESIAN_POINT('',(-182.598076211369,-118.191499966428,10.9990764857753));
#2603=CARTESIAN_POINT('',(-181.299038105692,-115.941499966428,10.9990764857753));
#2604=CARTESIAN_POINT('Origin',(-180.000000000016,-118.191499966428,11.7123106012294));
#2605=CARTESIAN_POINT('',(-198.500000000016,-118.191499966428,15.7123106012294));
#2606=CARTESIAN_POINT('',(-198.500000000016,-118.191499966428,11.7123106012294));
#2607=CARTESIAN_POINT('',(-180.000000000016,-118.191499966428,15.7123106012294));
#2608=CARTESIAN_POINT('Origin',(-197.178395598724,-85.4376459969447,11.7858423703213));
#2609=CARTESIAN_POINT('',(-198.477433704401,-86.1876459969447,11.7858423703213));
#2610=CARTESIAN_POINT('Origin',(-190.000000000016,-129.903810567657,11.7123106012294));
#2611=CARTESIAN_POINT('',(-180.267949192447,-117.727398351291,11.7123106012294));
#2612=CARTESIAN_POINT('',(-184.892631111757,-109.7172142982,11.7123106012294));
#2613=CARTESIAN_POINT('',(-180.000000000016,-118.727398351291,11.7123106012294));
#2614=CARTESIAN_POINT('Origin',(-182.000000000016,-118.727398351291,11.7123106012294));
#2615=CARTESIAN_POINT('',(-180.000000000016,-124.047655267043,11.7123106012294));
#2616=CARTESIAN_POINT('',(-200.000000000018,-140.116121168887,11.7123106012294));
#2617=CARTESIAN_POINT('Origin',(-198.500000000018,-140.116121168887,11.7123106012294));
#2618=CARTESIAN_POINT('',(-200.000000000016,-119.691499966428,11.7123106012294));
#2619=CARTESIAN_POINT('',(-200.000000000016,-118.191499966428,11.7123106012294));
#2620=CARTESIAN_POINT('Origin',(-198.500000000016,-119.691499966428,11.7123106012294));
#2621=CARTESIAN_POINT('',(-194.907738383456,-132.567983065467,11.7123106012294));
#2622=CARTESIAN_POINT('',(-194.82251576469,-132.566434924063,11.7123106012294));
#2623=CARTESIAN_POINT('Origin',(-194.91202320097,-129.985654924802,11.7123106012294));
#2624=CARTESIAN_POINT('',(-194.82251576469,-132.566434924063,11.7123106012294));
#2625=CARTESIAN_POINT('',(-187.500487338401,-129.903810567658,11.7123106012294));
#2626=CARTESIAN_POINT('Origin',(-185.000000000016,-129.903810567658,11.7123106012294));
#2627=CARTESIAN_POINT('Origin',(-182.000000000016,-118.727398351291,10.2858423703213));
#2628=CARTESIAN_POINT('',(-180.000000000016,-118.727398351291,10.2858423703213));
#2629=CARTESIAN_POINT('',(-180.267949192447,-117.727398351291,10.2858423703213));
#2630=CARTESIAN_POINT('Origin',(-193.820943097474,-98.2529243131099,10.2858423703213));
#2631=CARTESIAN_POINT('',(-192.088892289905,-97.25292431311,10.2858423703213));
#2632=CARTESIAN_POINT('',(-192.820943097474,-96.520873505541,10.2858423703213));
#2633=CARTESIAN_POINT('Origin',(-192.356841482336,-96.7888226979721,10.2858423703213));
#2634=CARTESIAN_POINT('',(-191.05780337666,-99.0388226979722,10.9990764857753));
#2635=CARTESIAN_POINT('Origin',(-198.500000000018,-140.116121168887,10.9990764857753));
#2636=CARTESIAN_POINT('',(-200.000000000017,-140.116121168887,15.7123106012294));
#2637=CARTESIAN_POINT('Origin',(-198.500000000018,-140.116121168887,15.7123106012294));
#2638=CARTESIAN_POINT('',(-200.000000000018,-140.116121168887,10.9990764857753));
#2639=CARTESIAN_POINT('Origin',(-200.000000000016,-118.191499966428,11.7123106012294));
#2640=CARTESIAN_POINT('',(-200.000000000016,-133.165669404702,15.7123106012294));
#2641=CARTESIAN_POINT('',(-200.000000000016,-118.191499966428,15.7123106012294));
#2642=CARTESIAN_POINT('',(-200.000000000016,-133.165669404702,13.7123106012294));
#2643=CARTESIAN_POINT('',(-200.000000000016,-133.165669404702,15.7123106012294));
#2644=CARTESIAN_POINT('',(-200.000000000016,-126.805640444901,13.7123106012294));
#2645=CARTESIAN_POINT('',(-200.000000000016,-118.191499966428,13.7123106012294));
#2646=CARTESIAN_POINT('',(-200.000000000016,-126.805640444901,15.7123106012294));
#2647=CARTESIAN_POINT('',(-200.000000000016,-126.805640444901,15.7123106012294));
#2648=CARTESIAN_POINT('',(-200.000000000016,-119.691499966428,15.7123106012294));
#2649=CARTESIAN_POINT('',(-200.000000000016,-118.191499966428,15.7123106012294));
#2650=CARTESIAN_POINT('',(-200.000000000016,-119.691499966428,11.7123106012294));
#2651=CARTESIAN_POINT('Origin',(-192.356841482337,-99.7888226979721,10.9990764857753));
#2652=CARTESIAN_POINT('',(-193.655879588013,-99.038822697972,10.9990764857753));
#2653=CARTESIAN_POINT('Origin',(-202.905879588014,-112.060292667984,11.7123106012294));
#2654=CARTESIAN_POINT('',(-201.606841482337,-112.810292667984,15.7123106012294));
#2655=CARTESIAN_POINT('',(-201.606841482337,-112.810292667984,11.7123106012294));
#2656=CARTESIAN_POINT('',(-203.655879588014,-113.35933077366,15.7123106012294));
#2657=CARTESIAN_POINT('Origin',(-202.905879588014,-112.060292667984,15.7123106012294));
#2658=CARTESIAN_POINT('',(-203.655879588014,-113.35933077366,11.7123106012294));
#2659=CARTESIAN_POINT('Origin',(-222.643158517694,-102.39702017243,11.7123106012294));
#2660=CARTESIAN_POINT('',(-209.627718676746,-109.911487868223,15.7123106012294));
#2661=CARTESIAN_POINT('',(-222.643158517694,-102.39702017243,15.7123106012294));
#2662=CARTESIAN_POINT('',(-209.627718676746,-109.911487868223,13.7123106012294));
#2663=CARTESIAN_POINT('',(-209.627718676746,-109.911487868223,15.7123106012294));
#2664=CARTESIAN_POINT('',(-215.372281323284,-106.594863077868,13.7123106012294));
#2665=CARTESIAN_POINT('',(-222.643158517694,-102.39702017243,13.7123106012294));
#2666=CARTESIAN_POINT('',(-215.372281323284,-106.594863077868,15.7123106012294));
#2667=CARTESIAN_POINT('',(-215.372281323284,-106.594863077868,15.7123106012294));
#2668=CARTESIAN_POINT('',(-221.344120412017,-103.14702017243,15.7123106012294));
#2669=CARTESIAN_POINT('',(-222.643158517694,-102.39702017243,15.7123106012294));
#2670=CARTESIAN_POINT('',(-221.344120412017,-103.14702017243,11.7123106012294));
#2671=CARTESIAN_POINT('Origin',(-198.500000000016,-119.691499966428,11.7123106012294));
#2672=CARTESIAN_POINT('Origin',(-198.500000000016,-119.691499966428,15.7123106012294));
#2673=CARTESIAN_POINT('Origin',(-220.594120412017,-101.847982066754,11.7123106012294));
#2674=CARTESIAN_POINT('',(-221.893158517693,-101.097982066754,15.7123106012294));
#2675=CARTESIAN_POINT('Origin',(-220.594120412017,-101.847982066754,15.7123106012294));
#2676=CARTESIAN_POINT('',(-221.893158517693,-101.097982066754,11.7123106012294));
#2677=CARTESIAN_POINT('Origin',(-194.912023200971,-129.985654924802,15.7123106012294));
#2678=CARTESIAN_POINT('',(-189.983934075502,-126.563091912755,15.7123106012294));
#2679=CARTESIAN_POINT('Origin',(-194.912023200971,-129.985654924802,15.7123106012294));
#2680=CARTESIAN_POINT('',(-189.983934075502,-126.563091912755,13.7123106012294));
#2681=CARTESIAN_POINT('Origin',(-194.912023200971,-129.985654924802,13.7123106012294));
#2682=CARTESIAN_POINT('',(-189.983934075502,-126.563091912755,15.7123106012294));
#2683=CARTESIAN_POINT('Origin',(-190.000000000016,-122.498570205665,15.7123106012294));
#2684=CARTESIAN_POINT('Origin',(-185.000000000016,-129.903810567658,15.7123106012294));
#2685=CARTESIAN_POINT('Origin',(-190.000000000016,-129.903810567657,13.7123106012294));
#2686=CARTESIAN_POINT('',(-189.928089125485,-133.326373579705,13.7123106012294));
#2687=CARTESIAN_POINT('Origin',(-185.000000000016,-129.903810567658,13.7123106012294));
#2688=CARTESIAN_POINT('Origin',(-194.912023200971,-129.985654924802,13.7123106012294));
#2689=CARTESIAN_POINT('',(-194.907738383456,-132.567983065467,13.7123106012294));
#2690=CARTESIAN_POINT('',(-194.82251576469,-132.566434924063,13.7123106012294));
#2691=CARTESIAN_POINT('Origin',(-194.91202320097,-129.985654924802,13.7123106012294));
#2692=CARTESIAN_POINT('',(-194.82251576469,-132.566434924063,13.7123106012294));
#2693=CARTESIAN_POINT('',(-187.500487338401,-129.903810567658,13.7123106012294));
#2694=CARTESIAN_POINT('Origin',(-185.000000000016,-129.903810567658,13.7123106012294));
#2695=CARTESIAN_POINT('Origin',(-210.000000000015,-103.923048454123,15.7123106012294));
#2696=CARTESIAN_POINT('',(-204.627718676746,-101.251233830379,15.7123106012294));
#2697=CARTESIAN_POINT('Origin',(-210.000000000015,-103.923048454123,15.7123106012294));
#2698=CARTESIAN_POINT('',(-204.627718676746,-101.251233830379,13.7123106012294));
#2699=CARTESIAN_POINT('',(-204.627718676746,-101.251233830379,15.7123106012294));
#2700=CARTESIAN_POINT('Origin',(-210.000000000015,-103.923048454123,13.7123106012294));
#2701=CARTESIAN_POINT('Origin',(-200.992280079541,-103.350155283098,15.7123106012294));
#2702=CARTESIAN_POINT('',(-202.356841482337,-114.10933077366,15.7123106012294));
#2703=CARTESIAN_POINT('Origin',(-205.000000000015,-95.262794416279,15.7123106012294));
#2704=CARTESIAN_POINT('Origin',(-207.500000000015,-99.5929214352011,13.7123106012294));
#2705=CARTESIAN_POINT('',(-210.372281323284,-97.9346090400233,13.7123106012294));
#2706=CARTESIAN_POINT('Origin',(-205.000000000015,-95.262794416279,13.7123106012294));
#2707=CARTESIAN_POINT('Origin',(-210.000000000015,-103.923048454123,13.7123106012294));
#2708=CARTESIAN_POINT('',(-212.5004873384,-103.923048454123,13.7123106012294));
#2709=CARTESIAN_POINT('Origin',(-210.000000000015,-103.923048454123,13.7123106012294));
#2710=CARTESIAN_POINT('',(-207.500487338399,-95.262794416279,13.7123106012294));
#2711=CARTESIAN_POINT('Origin',(-205.000000000015,-95.262794416279,13.7123106012294));
#2712=CARTESIAN_POINT('Origin',(-210.000000000015,-103.923048454123,15.7123106012294));
#2713=CARTESIAN_POINT('',(-210.372281323284,-97.9346090400233,15.7123106012294));
#2714=CARTESIAN_POINT('Origin',(-210.000000000015,-103.923048454123,15.7123106012294));
#2715=CARTESIAN_POINT('',(-210.372281323284,-97.9346090400233,15.7123106012294));
#2716=CARTESIAN_POINT('Origin',(-214.007719920489,-95.8356875873047,15.7123106012294));
#2717=CARTESIAN_POINT('Origin',(-205.000000000015,-95.262794416279,15.7123106012294));
#2718=CARTESIAN_POINT('',(-212.643158517693,-85.0765120967419,15.7123106012294));
#2719=CARTESIAN_POINT('Origin',(-194.912023200971,-129.985654924802,15.7123106012294));
#2720=CARTESIAN_POINT('',(-189.928089125485,-133.326373579705,15.7123106012294));
#2721=CARTESIAN_POINT('Origin',(-194.912023200971,-129.985654924802,15.7123106012294));
#2722=CARTESIAN_POINT('',(-189.928089125485,-133.326373579705,15.7123106012294));
#2723=CARTESIAN_POINT('Origin',(-190.000000000017,-137.390895286794,15.7123106012294));
#2724=CARTESIAN_POINT('Origin',(-185.000000000016,-129.903810567658,15.7123106012294));
#2725=CARTESIAN_POINT('Origin',(-185.000000000016,-129.903810567658,15.7123106012294));
#2726=CARTESIAN_POINT('Origin',(-205.000000000015,-95.262794416279,15.7123106012294));
#2727=CARTESIAN_POINT('Origin',(-31.5486729493188,226.060731728133,10.2858423703213));
#2728=CARTESIAN_POINT('',(-212.643158517693,-85.0765120967416,10.2858423703213));
#2729=CARTESIAN_POINT('',(-212.643158517693,-85.0765120967416,10.2858423703213));
#2730=CARTESIAN_POINT('Origin',(-212.643158517693,-85.0765120967416,10.2858423703213));
#2731=CARTESIAN_POINT('Origin',(-180.000000000016,-118.191499966429,10.2858423703213));
#2732=CARTESIAN_POINT('Origin',(-212.643158517693,-85.0765120967419,11.7123106012294));
#2733=CARTESIAN_POINT('Origin',(-202.356841482337,-114.10933077366,11.7123106012294));
#2734=CARTESIAN_POINT('Origin',(-210.000000000015,-103.923048454123,11.7123106012294));
#2735=CARTESIAN_POINT('',(-212.5004873384,-103.923048454123,11.7123106012294));
#2736=CARTESIAN_POINT('Origin',(-205.000000000015,-95.262794416279,11.7123106012294));
#2737=CARTESIAN_POINT('',(-207.500487338399,-95.262794416279,11.7123106012294));
#2738=CARTESIAN_POINT('Origin',(-185.000000000016,-129.903810567658,11.7123106012294));
#2739=CARTESIAN_POINT('',(-187.500487338401,-129.903810567658,11.7123106012294));
#2740=CARTESIAN_POINT('Origin',(-194.91202320097,-129.985654924802,11.7123106012294));
#2741=CARTESIAN_POINT('',(-194.82251576469,-132.566434924063,11.7123106012294));
#2742=CARTESIAN_POINT('',(-194.907738383456,-132.567983065467,11.7123106012294));
#2743=CARTESIAN_POINT('Origin',(-194.82251576469,-132.566434924063,11.7123106012294));
#2744=UNCERTAINTY_MEASURE_WITH_UNIT(LENGTH_MEASURE(0.01),#2748,
'DISTANCE_ACCURACY_VALUE',
'Maximum model space distance between geometric entities at asserted c
onnectivities');
#2745=UNCERTAINTY_MEASURE_WITH_UNIT(LENGTH_MEASURE(0.01),#2748,
'DISTANCE_ACCURACY_VALUE',
'Maximum model space distance between geometric entities at asserted c
onnectivities');
#2746=(
GEOMETRIC_REPRESENTATION_CONTEXT(3)
GLOBAL_UNCERTAINTY_ASSIGNED_CONTEXT((#2744))
GLOBAL_UNIT_ASSIGNED_CONTEXT((#2748,#2750,#2751))
REPRESENTATION_CONTEXT('','3D')
);
#2747=(
GEOMETRIC_REPRESENTATION_CONTEXT(3)
GLOBAL_UNCERTAINTY_ASSIGNED_CONTEXT((#2745))
GLOBAL_UNIT_ASSIGNED_CONTEXT((#2748,#2750,#2751))
REPRESENTATION_CONTEXT('','3D')
);
#2748=(
LENGTH_UNIT()
NAMED_UNIT(*)
SI_UNIT(.MILLI.,.METRE.)
);
#2749=(
LENGTH_UNIT()
NAMED_UNIT(*)
SI_UNIT($,.METRE.)
);
#2750=(
NAMED_UNIT(*)
PLANE_ANGLE_UNIT()
SI_UNIT($,.RADIAN.)
);
#2751=(
NAMED_UNIT(*)
SI_UNIT($,.STERADIAN.)
SOLID_ANGLE_UNIT()
);
#2752=SHAPE_DEFINITION_REPRESENTATION(#2753,#2754);
#2753=PRODUCT_DEFINITION_SHAPE('',$,#2756);
#2754=SHAPE_REPRESENTATION('',(#1594),#2746);
#2755=PRODUCT_DEFINITION_CONTEXT('part definition',#2760,'design');
#2756=PRODUCT_DEFINITION('2026-08-29-22-44-29-967',
'Front_Right_Base_Plate',#2757,#2755);
#2757=PRODUCT_DEFINITION_FORMATION('',$,#2762);
#2758=PRODUCT_RELATED_PRODUCT_CATEGORY('Front_Right_Base_Plate',
'Front_Right_Base_Plate',(#2762));
#2759=APPLICATION_PROTOCOL_DEFINITION('international standard',
'automotive_design',2009,#2760);
#2760=APPLICATION_CONTEXT(
'Core Data for Automotive Mechanical Design Process');
#2761=PRODUCT_CONTEXT('part definition',#2760,'mechanical');
#2762=PRODUCT('2026-08-29-22-44-29-967','Front_Right_Base_Plate',$,(#2761));
#2763=PRESENTATION_STYLE_ASSIGNMENT((#2765));
#2764=PRESENTATION_STYLE_ASSIGNMENT((#2766));
#2765=SURFACE_STYLE_USAGE(.BOTH.,#2767);
#2766=SURFACE_STYLE_USAGE(.BOTH.,#2768);
#2767=SURFACE_SIDE_STYLE('',(#2769));
#2768=SURFACE_SIDE_STYLE('',(#2770));
#2769=SURFACE_STYLE_FILL_AREA(#2771);
#2770=SURFACE_STYLE_FILL_AREA(#2772);
#2771=FILL_AREA_STYLE('Steel - Satin',(#2773));
#2772=FILL_AREA_STYLE('Plastic - Translucent Glossy (White)',(#2774));
#2773=FILL_AREA_STYLE_COLOUR('Steel - Satin',#2775);
#2774=FILL_AREA_STYLE_COLOUR('Plastic - Translucent Glossy (White)',#2776);
#2775=COLOUR_RGB('Steel - Satin',0.627450980392157,0.627450980392157,0.627450980392157);
#2776=COLOUR_RGB('Plastic - Translucent Glossy (White)',1.,1.,1.);
ENDSEC;
END-ISO-10303-21;
