ISO-10303-21;
HEADER;
/* Generated by software containing ST-Developer
 * from STEP Tools, Inc. (www.steptools.com) 
 */

FILE_DESCRIPTION(
/* description */ (''),
/* implementation_level */ '2;1');

FILE_NAME(
/* name */ 'Front_Left_Base_Plate.step',
/* time_stamp */ '2026-08-29T22:45:59-05:00',
/* author */ (''),
/* organization */ (''),
/* preprocessor_version */ 'ST-DEVELOPER v20.1',
/* originating_system */ 'Autodesk Translation Framework v15.8.0.0',
/* authorisation */ '');

FILE_SCHEMA (('AUTOMOTIVE_DESIGN { 1 0 10303 214 3 1 1 }'));
ENDSEC;

DATA;
#10=MECHANICAL_DESIGN_GEOMETRIC_PRESENTATION_REPRESENTATION('',(#13),#2663);
#11=SHAPE_REPRESENTATION_RELATIONSHIP('SRR','None',#2670,#12);
#12=ADVANCED_BREP_SHAPE_REPRESENTATION('',(#14),#2662);
#13=STYLED_ITEM('',(#2680),#14);
#14=MANIFOLD_SOLID_BREP('Body1',#1545);
#15=TOROIDAL_SURFACE('',#1627,2.25,0.75);
#16=TOROIDAL_SURFACE('',#1630,3.,1.5);
#17=TOROIDAL_SURFACE('',#1640,2.25000000000002,0.75);
#18=TOROIDAL_SURFACE('',#1643,3.,1.5);
#19=B_SPLINE_CURVE_WITH_KNOTS('',3,(#2398,#2399,#2400,#2401,#2402,#2403,
#2404,#2405,#2406,#2407),.UNSPECIFIED.,.F.,.F.,(4,2,2,2,4),(0.,0.0498966111077836,
0.0997932222155671,0.133798727069308,0.167804231923049),.UNSPECIFIED.);
#20=B_SPLINE_CURVE_WITH_KNOTS('',3,(#2416,#2417,#2418,#2419,#2420,#2421),
 .UNSPECIFIED.,.F.,.F.,(4,2,4),(0.,0.109266546637899,0.175773973436765),
 .UNSPECIFIED.);
#21=B_SPLINE_CURVE_WITH_KNOTS('',3,(#2427,#2428,#2429,#2430),
 .UNSPECIFIED.,.F.,.F.,(4,4),(1.03905014128493,1.04933742860113),
 .UNSPECIFIED.);
#22=B_SPLINE_CURVE_WITH_KNOTS('',3,(#2432,#2433,#2434,#2435,#2436,#2437,
#2438,#2439),.UNSPECIFIED.,.F.,.F.,(4,2,2,4),(0.0102872873161995,0.176344228699364,
0.233691648621366,0.239543522940731),.UNSPECIFIED.);
#23=B_SPLINE_CURVE_WITH_KNOTS('',3,(#2440,#2441,#2442,#2443,#2444,#2445),
 .UNSPECIFIED.,.F.,.F.,(4,2,4),(0.,0.0533506158687171,0.0600158971353083),
 .UNSPECIFIED.);
#24=B_SPLINE_CURVE_WITH_KNOTS('',3,(#2468,#2469,#2470,#2471,#2472,#2473,
#2474,#2475,#2476,#2477),.UNSPECIFIED.,.F.,.F.,(4,2,2,2,4),(0.40083408330905,
0.43483958816279,0.46884509301653,0.518741704124314,0.568638315232098),
 .UNSPECIFIED.);
#25=B_SPLINE_CURVE_WITH_KNOTS('',3,(#2486,#2487,#2488,#2489,#2490,#2491),
 .UNSPECIFIED.,.F.,.F.,(4,2,4),(0.425123531522294,0.491630958321161,0.600897504959059),
 .UNSPECIFIED.);
#26=B_SPLINE_CURVE_WITH_KNOTS('',3,(#2497,#2498,#2499,#2500),
 .UNSPECIFIED.,.F.,.F.,(4,4),(0.,0.010287287316214),.UNSPECIFIED.);
#27=B_SPLINE_CURVE_WITH_KNOTS('',3,(#2503,#2504,#2505,#2506,#2507,#2508),
 .UNSPECIFIED.,.F.,.F.,(4,2,4),(0.0456919817146681,0.0524322880275493,0.105963722463506),
 .UNSPECIFIED.);
#28=B_SPLINE_CURVE_WITH_KNOTS('',3,(#2509,#2510,#2511,#2512,#2513,#2514,
#2515,#2516),.UNSPECIFIED.,.F.,.F.,(4,2,2,4),(0.809793905660358,0.815645779979766,
0.872993199901768,1.03905014128491),.UNSPECIFIED.);
#29=FACE_BOUND('',#184,.T.);
#30=FACE_BOUND('',#185,.T.);
#31=FACE_BOUND('',#186,.T.);
#32=FACE_BOUND('',#209,.T.);
#33=FACE_BOUND('',#210,.T.);
#34=FACE_BOUND('',#211,.T.);
#35=FACE_BOUND('',#218,.T.);
#36=FACE_BOUND('',#219,.T.);
#37=FACE_BOUND('',#227,.T.);
#38=FACE_BOUND('',#228,.T.);
#39=FACE_BOUND('',#242,.T.);
#40=FACE_BOUND('',#243,.T.);
#41=FACE_BOUND('',#247,.T.);
#42=FACE_BOUND('',#248,.T.);
#43=PLANE('',#1562);
#44=PLANE('',#1566);
#45=PLANE('',#1570);
#46=PLANE('',#1574);
#47=PLANE('',#1578);
#48=PLANE('',#1582);
#49=PLANE('',#1583);
#50=PLANE('',#1584);
#51=PLANE('',#1591);
#52=PLANE('',#1592);
#53=PLANE('',#1593);
#54=PLANE('',#1594);
#55=PLANE('',#1595);
#56=PLANE('',#1599);
#57=PLANE('',#1603);
#58=PLANE('',#1606);
#59=PLANE('',#1609);
#60=PLANE('',#1610);
#61=PLANE('',#1611);
#62=PLANE('',#1612);
#63=PLANE('',#1613);
#64=PLANE('',#1614);
#65=PLANE('',#1615);
#66=PLANE('',#1616);
#67=PLANE('',#1617);
#68=PLANE('',#1618);
#69=PLANE('',#1623);
#70=PLANE('',#1624);
#71=PLANE('',#1632);
#72=PLANE('',#1646);
#73=PLANE('',#1648);
#74=PLANE('',#1656);
#75=PLANE('',#1659);
#76=PLANE('',#1663);
#77=PLANE('',#1671);
#78=PLANE('',#1673);
#79=PLANE('',#1681);
#80=PLANE('',#1683);
#81=PLANE('',#1690);
#82=PLANE('',#1694);
#83=PLANE('',#1698);
#84=PLANE('',#1699);
#85=PLANE('',#1700);
#86=PLANE('',#1701);
#87=PLANE('',#1702);
#88=PLANE('',#1707);
#89=FACE_OUTER_BOUND('',#170,.T.);
#90=FACE_OUTER_BOUND('',#171,.T.);
#91=FACE_OUTER_BOUND('',#172,.T.);
#92=FACE_OUTER_BOUND('',#173,.T.);
#93=FACE_OUTER_BOUND('',#174,.T.);
#94=FACE_OUTER_BOUND('',#175,.T.);
#95=FACE_OUTER_BOUND('',#176,.T.);
#96=FACE_OUTER_BOUND('',#177,.T.);
#97=FACE_OUTER_BOUND('',#178,.T.);
#98=FACE_OUTER_BOUND('',#179,.T.);
#99=FACE_OUTER_BOUND('',#180,.T.);
#100=FACE_OUTER_BOUND('',#181,.T.);
#101=FACE_OUTER_BOUND('',#182,.T.);
#102=FACE_OUTER_BOUND('',#183,.T.);
#103=FACE_OUTER_BOUND('',#187,.T.);
#104=FACE_OUTER_BOUND('',#188,.T.);
#105=FACE_OUTER_BOUND('',#189,.T.);
#106=FACE_OUTER_BOUND('',#190,.T.);
#107=FACE_OUTER_BOUND('',#191,.T.);
#108=FACE_OUTER_BOUND('',#192,.T.);
#109=FACE_OUTER_BOUND('',#193,.T.);
#110=FACE_OUTER_BOUND('',#194,.T.);
#111=FACE_OUTER_BOUND('',#195,.T.);
#112=FACE_OUTER_BOUND('',#196,.T.);
#113=FACE_OUTER_BOUND('',#197,.T.);
#114=FACE_OUTER_BOUND('',#198,.T.);
#115=FACE_OUTER_BOUND('',#199,.T.);
#116=FACE_OUTER_BOUND('',#200,.T.);
#117=FACE_OUTER_BOUND('',#201,.T.);
#118=FACE_OUTER_BOUND('',#202,.T.);
#119=FACE_OUTER_BOUND('',#203,.T.);
#120=FACE_OUTER_BOUND('',#204,.T.);
#121=FACE_OUTER_BOUND('',#205,.T.);
#122=FACE_OUTER_BOUND('',#206,.T.);
#123=FACE_OUTER_BOUND('',#207,.T.);
#124=FACE_OUTER_BOUND('',#208,.T.);
#125=FACE_OUTER_BOUND('',#212,.T.);
#126=FACE_OUTER_BOUND('',#213,.T.);
#127=FACE_OUTER_BOUND('',#214,.T.);
#128=FACE_OUTER_BOUND('',#215,.T.);
#129=FACE_OUTER_BOUND('',#216,.T.);
#130=FACE_OUTER_BOUND('',#217,.T.);
#131=FACE_OUTER_BOUND('',#220,.T.);
#132=FACE_OUTER_BOUND('',#221,.T.);
#133=FACE_OUTER_BOUND('',#222,.T.);
#134=FACE_OUTER_BOUND('',#223,.T.);
#135=FACE_OUTER_BOUND('',#224,.T.);
#136=FACE_OUTER_BOUND('',#225,.T.);
#137=FACE_OUTER_BOUND('',#226,.T.);
#138=FACE_OUTER_BOUND('',#229,.T.);
#139=FACE_OUTER_BOUND('',#230,.T.);
#140=FACE_OUTER_BOUND('',#231,.T.);
#141=FACE_OUTER_BOUND('',#232,.T.);
#142=FACE_OUTER_BOUND('',#233,.T.);
#143=FACE_OUTER_BOUND('',#234,.T.);
#144=FACE_OUTER_BOUND('',#235,.T.);
#145=FACE_OUTER_BOUND('',#236,.T.);
#146=FACE_OUTER_BOUND('',#237,.T.);
#147=FACE_OUTER_BOUND('',#238,.T.);
#148=FACE_OUTER_BOUND('',#239,.T.);
#149=FACE_OUTER_BOUND('',#240,.T.);
#150=FACE_OUTER_BOUND('',#241,.T.);
#151=FACE_OUTER_BOUND('',#244,.T.);
#152=FACE_OUTER_BOUND('',#245,.T.);
#153=FACE_OUTER_BOUND('',#246,.T.);
#154=FACE_OUTER_BOUND('',#249,.T.);
#155=FACE_OUTER_BOUND('',#250,.T.);
#156=FACE_OUTER_BOUND('',#251,.T.);
#157=FACE_OUTER_BOUND('',#252,.T.);
#158=FACE_OUTER_BOUND('',#253,.T.);
#159=FACE_OUTER_BOUND('',#254,.T.);
#160=FACE_OUTER_BOUND('',#255,.T.);
#161=FACE_OUTER_BOUND('',#256,.T.);
#162=FACE_OUTER_BOUND('',#257,.T.);
#163=FACE_OUTER_BOUND('',#258,.T.);
#164=FACE_OUTER_BOUND('',#259,.T.);
#165=FACE_OUTER_BOUND('',#260,.T.);
#166=FACE_OUTER_BOUND('',#261,.T.);
#167=FACE_OUTER_BOUND('',#262,.T.);
#168=FACE_OUTER_BOUND('',#263,.T.);
#169=FACE_OUTER_BOUND('',#264,.T.);
#170=EDGE_LOOP('',(#989,#990,#991,#992));
#171=EDGE_LOOP('',(#993,#994,#995,#996));
#172=EDGE_LOOP('',(#997,#998,#999,#1000));
#173=EDGE_LOOP('',(#1001,#1002,#1003,#1004));
#174=EDGE_LOOP('',(#1005,#1006,#1007,#1008));
#175=EDGE_LOOP('',(#1009,#1010,#1011,#1012));
#176=EDGE_LOOP('',(#1013,#1014,#1015,#1016));
#177=EDGE_LOOP('',(#1017,#1018,#1019,#1020));
#178=EDGE_LOOP('',(#1021,#1022,#1023,#1024));
#179=EDGE_LOOP('',(#1025,#1026,#1027,#1028));
#180=EDGE_LOOP('',(#1029,#1030,#1031,#1032));
#181=EDGE_LOOP('',(#1033,#1034,#1035,#1036,#1037,#1038));
#182=EDGE_LOOP('',(#1039,#1040,#1041,#1042,#1043,#1044));
#183=EDGE_LOOP('',(#1045,#1046,#1047,#1048,#1049,#1050,#1051,#1052,#1053,
#1054,#1055,#1056,#1057,#1058,#1059,#1060,#1061,#1062,#1063,#1064,#1065,
#1066,#1067));
#184=EDGE_LOOP('',(#1068,#1069,#1070,#1071,#1072,#1073,#1074,#1075));
#185=EDGE_LOOP('',(#1076));
#186=EDGE_LOOP('',(#1077));
#187=EDGE_LOOP('',(#1078,#1079,#1080,#1081));
#188=EDGE_LOOP('',(#1082,#1083,#1084,#1085));
#189=EDGE_LOOP('',(#1086,#1087,#1088,#1089,#1090));
#190=EDGE_LOOP('',(#1091,#1092,#1093,#1094,#1095));
#191=EDGE_LOOP('',(#1096,#1097,#1098,#1099,#1100,#1101));
#192=EDGE_LOOP('',(#1102,#1103,#1104,#1105));
#193=EDGE_LOOP('',(#1106));
#194=EDGE_LOOP('',(#1107,#1108,#1109,#1110));
#195=EDGE_LOOP('',(#1111));
#196=EDGE_LOOP('',(#1112,#1113,#1114,#1115));
#197=EDGE_LOOP('',(#1116));
#198=EDGE_LOOP('',(#1117,#1118,#1119,#1120));
#199=EDGE_LOOP('',(#1121));
#200=EDGE_LOOP('',(#1122,#1123,#1124,#1125));
#201=EDGE_LOOP('',(#1126,#1127,#1128,#1129,#1130));
#202=EDGE_LOOP('',(#1131,#1132,#1133,#1134,#1135,#1136,#1137,#1138,#1139));
#203=EDGE_LOOP('',(#1140,#1141,#1142,#1143));
#204=EDGE_LOOP('',(#1144,#1145,#1146,#1147,#1148,#1149));
#205=EDGE_LOOP('',(#1150,#1151,#1152,#1153));
#206=EDGE_LOOP('',(#1154,#1155,#1156,#1157));
#207=EDGE_LOOP('',(#1158,#1159,#1160,#1161));
#208=EDGE_LOOP('',(#1162,#1163,#1164,#1165,#1166,#1167,#1168,#1169,#1170,
#1171,#1172,#1173,#1174,#1175,#1176,#1177,#1178,#1179,#1180,#1181));
#209=EDGE_LOOP('',(#1182,#1183,#1184,#1185,#1186,#1187,#1188,#1189));
#210=EDGE_LOOP('',(#1190));
#211=EDGE_LOOP('',(#1191));
#212=EDGE_LOOP('',(#1192,#1193,#1194,#1195));
#213=EDGE_LOOP('',(#1196,#1197,#1198,#1199));
#214=EDGE_LOOP('',(#1200,#1201,#1202,#1203));
#215=EDGE_LOOP('',(#1204,#1205,#1206,#1207));
#216=EDGE_LOOP('',(#1208,#1209,#1210,#1211,#1212));
#217=EDGE_LOOP('',(#1213,#1214,#1215,#1216,#1217,#1218,#1219,#1220,#1221));
#218=EDGE_LOOP('',(#1222));
#219=EDGE_LOOP('',(#1223));
#220=EDGE_LOOP('',(#1224,#1225,#1226,#1227));
#221=EDGE_LOOP('',(#1228,#1229,#1230,#1231));
#222=EDGE_LOOP('',(#1232,#1233,#1234,#1235,#1236));
#223=EDGE_LOOP('',(#1237,#1238,#1239,#1240));
#224=EDGE_LOOP('',(#1241,#1242,#1243,#1244,#1245));
#225=EDGE_LOOP('',(#1246,#1247,#1248,#1249));
#226=EDGE_LOOP('',(#1250,#1251,#1252,#1253,#1254,#1255,#1256,#1257,#1258));
#227=EDGE_LOOP('',(#1259,#1260));
#228=EDGE_LOOP('',(#1261));
#229=EDGE_LOOP('',(#1262,#1263,#1264,#1265,#1266));
#230=EDGE_LOOP('',(#1267,#1268,#1269,#1270,#1271));
#231=EDGE_LOOP('',(#1272,#1273,#1274,#1275,#1276,#1277,#1278,#1279,#1280,
#1281,#1282,#1283,#1284,#1285));
#232=EDGE_LOOP('',(#1286,#1287,#1288,#1289));
#233=EDGE_LOOP('',(#1290,#1291,#1292,#1293,#1294,#1295,#1296,#1297));
#234=EDGE_LOOP('',(#1298,#1299,#1300,#1301));
#235=EDGE_LOOP('',(#1302,#1303,#1304,#1305,#1306));
#236=EDGE_LOOP('',(#1307,#1308,#1309,#1310,#1311,#1312,#1313,#1314));
#237=EDGE_LOOP('',(#1315,#1316,#1317,#1318,#1319));
#238=EDGE_LOOP('',(#1320,#1321,#1322,#1323));
#239=EDGE_LOOP('',(#1324,#1325,#1326,#1327));
#240=EDGE_LOOP('',(#1328,#1329,#1330,#1331,#1332,#1333));
#241=EDGE_LOOP('',(#1334,#1335,#1336,#1337));
#242=EDGE_LOOP('',(#1338,#1339));
#243=EDGE_LOOP('',(#1340));
#244=EDGE_LOOP('',(#1341,#1342,#1343,#1344));
#245=EDGE_LOOP('',(#1345,#1346,#1347,#1348,#1349,#1350));
#246=EDGE_LOOP('',(#1351,#1352,#1353,#1354));
#247=EDGE_LOOP('',(#1355));
#248=EDGE_LOOP('',(#1356));
#249=EDGE_LOOP('',(#1357,#1358,#1359,#1360));
#250=EDGE_LOOP('',(#1361,#1362,#1363,#1364,#1365,#1366));
#251=EDGE_LOOP('',(#1367,#1368,#1369,#1370));
#252=EDGE_LOOP('',(#1371,#1372,#1373,#1374,#1375,#1376));
#253=EDGE_LOOP('',(#1377,#1378,#1379,#1380,#1381,#1382));
#254=EDGE_LOOP('',(#1383,#1384,#1385,#1386,#1387,#1388));
#255=EDGE_LOOP('',(#1389,#1390,#1391,#1392,#1393,#1394,#1395));
#256=EDGE_LOOP('',(#1396,#1397,#1398,#1399));
#257=EDGE_LOOP('',(#1400,#1401,#1402,#1403));
#258=EDGE_LOOP('',(#1404,#1405,#1406,#1407));
#259=EDGE_LOOP('',(#1408,#1409,#1410,#1411,#1412));
#260=EDGE_LOOP('',(#1413,#1414,#1415,#1416));
#261=EDGE_LOOP('',(#1417,#1418,#1419,#1420));
#262=EDGE_LOOP('',(#1421,#1422,#1423,#1424));
#263=EDGE_LOOP('',(#1425,#1426,#1427,#1428));
#264=EDGE_LOOP('',(#1429,#1430,#1431,#1432));
#265=LINE('',#2158,#409);
#266=LINE('',#2161,#410);
#267=LINE('',#2164,#411);
#268=LINE('',#2166,#412);
#269=LINE('',#2167,#413);
#270=LINE('',#2172,#414);
#271=LINE('',#2176,#415);
#272=LINE('',#2178,#416);
#273=LINE('',#2179,#417);
#274=LINE('',#2184,#418);
#275=LINE('',#2188,#419);
#276=LINE('',#2190,#420);
#277=LINE('',#2191,#421);
#278=LINE('',#2196,#422);
#279=LINE('',#2199,#423);
#280=LINE('',#2200,#424);
#281=LINE('',#2206,#425);
#282=LINE('',#2209,#426);
#283=LINE('',#2212,#427);
#284=LINE('',#2214,#428);
#285=LINE('',#2215,#429);
#286=LINE('',#2220,#430);
#287=LINE('',#2224,#431);
#288=LINE('',#2226,#432);
#289=LINE('',#2228,#433);
#290=LINE('',#2230,#434);
#291=LINE('',#2231,#435);
#292=LINE('',#2234,#436);
#293=LINE('',#2236,#437);
#294=LINE('',#2238,#438);
#295=LINE('',#2240,#439);
#296=LINE('',#2241,#440);
#297=LINE('',#2244,#441);
#298=LINE('',#2246,#442);
#299=LINE('',#2248,#443);
#300=LINE('',#2252,#444);
#301=LINE('',#2254,#445);
#302=LINE('',#2258,#446);
#303=LINE('',#2262,#447);
#304=LINE('',#2264,#448);
#305=LINE('',#2268,#449);
#306=LINE('',#2270,#450);
#307=LINE('',#2272,#451);
#308=LINE('',#2274,#452);
#309=LINE('',#2276,#453);
#310=LINE('',#2277,#454);
#311=LINE('',#2284,#455);
#312=LINE('',#2286,#456);
#313=LINE('',#2287,#457);
#314=LINE('',#2290,#458);
#315=LINE('',#2291,#459);
#316=LINE('',#2294,#460);
#317=LINE('',#2296,#461);
#318=LINE('',#2297,#462);
#319=LINE('',#2300,#463);
#320=LINE('',#2301,#464);
#321=LINE('',#2304,#465);
#322=LINE('',#2306,#466);
#323=LINE('',#2308,#467);
#324=LINE('',#2309,#468);
#325=LINE('',#2314,#469);
#326=LINE('',#2321,#470);
#327=LINE('',#2326,#471);
#328=LINE('',#2331,#472);
#329=LINE('',#2336,#473);
#330=LINE('',#2338,#474);
#331=LINE('',#2339,#475);
#332=LINE('',#2342,#476);
#333=LINE('',#2344,#477);
#334=LINE('',#2345,#478);
#335=LINE('',#2348,#479);
#336=LINE('',#2350,#480);
#337=LINE('',#2352,#481);
#338=LINE('',#2354,#482);
#339=LINE('',#2355,#483);
#340=LINE('',#2357,#484);
#341=LINE('',#2358,#485);
#342=LINE('',#2360,#486);
#343=LINE('',#2361,#487);
#344=LINE('',#2364,#488);
#345=LINE('',#2365,#489);
#346=LINE('',#2367,#490);
#347=LINE('',#2370,#491);
#348=LINE('',#2371,#492);
#349=LINE('',#2374,#493);
#350=LINE('',#2375,#494);
#351=LINE('',#2377,#495);
#352=LINE('',#2379,#496);
#353=LINE('',#2385,#497);
#354=LINE('',#2391,#498);
#355=LINE('',#2392,#499);
#356=LINE('',#2409,#500);
#357=LINE('',#2412,#501);
#358=LINE('',#2451,#502);
#359=LINE('',#2455,#503);
#360=LINE('',#2457,#504);
#361=LINE('',#2460,#505);
#362=LINE('',#2479,#506);
#363=LINE('',#2482,#507);
#364=LINE('',#2518,#508);
#365=LINE('',#2519,#509);
#366=LINE('',#2522,#510);
#367=LINE('',#2523,#511);
#368=LINE('',#2525,#512);
#369=LINE('',#2528,#513);
#370=LINE('',#2531,#514);
#371=LINE('',#2535,#515);
#372=LINE('',#2540,#516);
#373=LINE('',#2544,#517);
#374=LINE('',#2545,#518);
#375=LINE('',#2547,#519);
#376=LINE('',#2548,#520);
#377=LINE('',#2550,#521);
#378=LINE('',#2554,#522);
#379=LINE('',#2557,#523);
#380=LINE('',#2559,#524);
#381=LINE('',#2561,#525);
#382=LINE('',#2563,#526);
#383=LINE('',#2565,#527);
#384=LINE('',#2566,#528);
#385=LINE('',#2568,#529);
#386=LINE('',#2571,#530);
#387=LINE('',#2574,#531);
#388=LINE('',#2577,#532);
#389=LINE('',#2579,#533);
#390=LINE('',#2581,#534);
#391=LINE('',#2583,#535);
#392=LINE('',#2585,#536);
#393=LINE('',#2586,#537);
#394=LINE('',#2592,#538);
#395=LINE('',#2598,#539);
#396=LINE('',#2608,#540);
#397=LINE('',#2615,#541);
#398=LINE('',#2618,#542);
#399=LINE('',#2631,#543);
#400=LINE('',#2634,#544);
#401=LINE('',#2638,#545);
#402=LINE('',#2644,#546);
#403=LINE('',#2645,#547);
#404=LINE('',#2651,#548);
#405=LINE('',#2653,#549);
#406=LINE('',#2655,#550);
#407=LINE('',#2657,#551);
#408=LINE('',#2658,#552);
#409=VECTOR('',#1714,10.);
#410=VECTOR('',#1717,10.);
#411=VECTOR('',#1720,10.);
#412=VECTOR('',#1721,10.);
#413=VECTOR('',#1722,10.);
#414=VECTOR('',#1727,10.);
#415=VECTOR('',#1732,10.);
#416=VECTOR('',#1733,10.);
#417=VECTOR('',#1734,10.);
#418=VECTOR('',#1739,10.);
#419=VECTOR('',#1744,10.);
#420=VECTOR('',#1745,10.);
#421=VECTOR('',#1746,10.);
#422=VECTOR('',#1751,10.);
#423=VECTOR('',#1756,10.);
#424=VECTOR('',#1757,10.);
#425=VECTOR('',#1762,10.);
#426=VECTOR('',#1765,10.);
#427=VECTOR('',#1768,10.);
#428=VECTOR('',#1769,10.);
#429=VECTOR('',#1770,10.);
#430=VECTOR('',#1775,10.);
#431=VECTOR('',#1780,10.);
#432=VECTOR('',#1781,10.);
#433=VECTOR('',#1782,10.);
#434=VECTOR('',#1783,10.);
#435=VECTOR('',#1784,10.);
#436=VECTOR('',#1787,10.);
#437=VECTOR('',#1788,10.);
#438=VECTOR('',#1789,10.);
#439=VECTOR('',#1790,10.);
#440=VECTOR('',#1791,10.);
#441=VECTOR('',#1794,10.);
#442=VECTOR('',#1795,10.);
#443=VECTOR('',#1796,10.);
#444=VECTOR('',#1799,10.);
#445=VECTOR('',#1800,10.);
#446=VECTOR('',#1803,10.);
#447=VECTOR('',#1806,10.);
#448=VECTOR('',#1807,10.);
#449=VECTOR('',#1810,10.);
#450=VECTOR('',#1811,10.);
#451=VECTOR('',#1812,10.);
#452=VECTOR('',#1813,10.);
#453=VECTOR('',#1814,10.);
#454=VECTOR('',#1815,10.);
#455=VECTOR('',#1822,10.);
#456=VECTOR('',#1823,10.);
#457=VECTOR('',#1824,10.);
#458=VECTOR('',#1827,10.);
#459=VECTOR('',#1828,10.);
#460=VECTOR('',#1831,10.);
#461=VECTOR('',#1832,10.);
#462=VECTOR('',#1833,10.);
#463=VECTOR('',#1836,10.);
#464=VECTOR('',#1837,10.);
#465=VECTOR('',#1840,10.);
#466=VECTOR('',#1841,10.);
#467=VECTOR('',#1842,10.);
#468=VECTOR('',#1843,10.);
#469=VECTOR('',#1848,2.4);
#470=VECTOR('',#1857,2.4);
#471=VECTOR('',#1864,1.65);
#472=VECTOR('',#1871,1.64999999999999);
#473=VECTOR('',#1878,10.);
#474=VECTOR('',#1879,10.);
#475=VECTOR('',#1880,10.);
#476=VECTOR('',#1883,10.);
#477=VECTOR('',#1884,10.);
#478=VECTOR('',#1885,10.);
#479=VECTOR('',#1888,10.);
#480=VECTOR('',#1889,10.);
#481=VECTOR('',#1890,10.);
#482=VECTOR('',#1891,10.);
#483=VECTOR('',#1892,10.);
#484=VECTOR('',#1893,10.);
#485=VECTOR('',#1894,10.);
#486=VECTOR('',#1897,10.);
#487=VECTOR('',#1898,10.);
#488=VECTOR('',#1901,10.);
#489=VECTOR('',#1902,10.);
#490=VECTOR('',#1905,10.);
#491=VECTOR('',#1908,10.);
#492=VECTOR('',#1909,10.);
#493=VECTOR('',#1912,10.);
#494=VECTOR('',#1913,10.);
#495=VECTOR('',#1916,10.);
#496=VECTOR('',#1917,10.);
#497=VECTOR('',#1922,10.);
#498=VECTOR('',#1927,10.);
#499=VECTOR('',#1928,10.);
#500=VECTOR('',#1935,0.75);
#501=VECTOR('',#1938,0.75);
#502=VECTOR('',#1953,10.);
#503=VECTOR('',#1956,10.);
#504=VECTOR('',#1957,10.);
#505=VECTOR('',#1960,10.);
#506=VECTOR('',#1967,0.75);
#507=VECTOR('',#1970,0.75);
#508=VECTOR('',#1983,10.);
#509=VECTOR('',#1984,10.);
#510=VECTOR('',#1987,10.);
#511=VECTOR('',#1988,10.);
#512=VECTOR('',#1991,10.);
#513=VECTOR('',#1994,10.);
#514=VECTOR('',#1997,10.);
#515=VECTOR('',#2000,10.);
#516=VECTOR('',#2005,10.);
#517=VECTOR('',#2010,10.);
#518=VECTOR('',#2011,10.);
#519=VECTOR('',#2014,10.);
#520=VECTOR('',#2015,10.);
#521=VECTOR('',#2018,10.);
#522=VECTOR('',#2023,10.);
#523=VECTOR('',#2026,10.);
#524=VECTOR('',#2027,10.);
#525=VECTOR('',#2028,10.);
#526=VECTOR('',#2029,10.);
#527=VECTOR('',#2030,10.);
#528=VECTOR('',#2031,10.);
#529=VECTOR('',#2034,10.);
#530=VECTOR('',#2037,10.);
#531=VECTOR('',#2040,10.);
#532=VECTOR('',#2043,10.);
#533=VECTOR('',#2044,10.);
#534=VECTOR('',#2045,10.);
#535=VECTOR('',#2046,10.);
#536=VECTOR('',#2047,10.);
#537=VECTOR('',#2048,10.);
#538=VECTOR('',#2057,10.);
#539=VECTOR('',#2064,10.);
#540=VECTOR('',#2077,10.);
#541=VECTOR('',#2084,10.);
#542=VECTOR('',#2089,10.);
#543=VECTOR('',#2106,10.);
#544=VECTOR('',#2111,10.);
#545=VECTOR('',#2116,10.);
#546=VECTOR('',#2127,10.);
#547=VECTOR('',#2128,10.);
#548=VECTOR('',#2139,2.50048733838465);
#549=VECTOR('',#2142,2.50048733838469);
#550=VECTOR('',#2145,2.50048733838469);
#551=VECTOR('',#2148,10.);
#552=VECTOR('',#2149,10.);
#553=CIRCLE('',#1560,2.);
#554=CIRCLE('',#1561,2.);
#555=CIRCLE('',#1564,2.);
#556=CIRCLE('',#1565,2.);
#557=CIRCLE('',#1568,2.);
#558=CIRCLE('',#1569,2.);
#559=CIRCLE('',#1572,2.);
#560=CIRCLE('',#1573,2.);
#561=CIRCLE('',#1576,1.);
#562=CIRCLE('',#1577,1.);
#563=CIRCLE('',#1580,1.);
#564=CIRCLE('',#1581,1.);
#565=CIRCLE('',#1585,6.00000000000001);
#566=CIRCLE('',#1586,1.5);
#567=CIRCLE('',#1587,1.5);
#568=CIRCLE('',#1588,6.00000000000001);
#569=CIRCLE('',#1589,1.64999999999999);
#570=CIRCLE('',#1590,1.65);
#571=CIRCLE('',#1597,2.4);
#572=CIRCLE('',#1598,2.4);
#573=CIRCLE('',#1601,2.4);
#574=CIRCLE('',#1602,2.4);
#575=CIRCLE('',#1605,1.65);
#576=CIRCLE('',#1608,1.64999999999999);
#577=CIRCLE('',#1619,2.);
#578=CIRCLE('',#1620,3.);
#579=CIRCLE('',#1621,3.);
#580=CIRCLE('',#1622,2.);
#581=CIRCLE('',#1626,0.75);
#582=CIRCLE('',#1628,1.5);
#583=CIRCLE('',#1629,2.25000000000001);
#584=CIRCLE('',#1631,1.49999999999999);
#585=CIRCLE('',#1633,1.5);
#586=CIRCLE('',#1634,1.5);
#587=CIRCLE('',#1635,2.);
#588=CIRCLE('',#1636,2.50048733838465);
#589=CIRCLE('',#1637,2.50048733838469);
#590=CIRCLE('',#1639,0.749999999999993);
#591=CIRCLE('',#1641,2.25000000000001);
#592=CIRCLE('',#1642,1.50000000000002);
#593=CIRCLE('',#1644,1.5);
#594=CIRCLE('',#1649,2.);
#595=CIRCLE('',#1650,1.5);
#596=CIRCLE('',#1651,1.5);
#597=CIRCLE('',#1652,2.58233169552921);
#598=CIRCLE('',#1653,2.50048733838469);
#599=CIRCLE('',#1658,1.5);
#600=CIRCLE('',#1662,1.5);
#601=CIRCLE('',#1665,1.5);
#602=CIRCLE('',#1667,1.5);
#603=CIRCLE('',#1669,5.99999999999998);
#604=CIRCLE('',#1670,5.99999999999998);
#605=CIRCLE('',#1672,6.00000000000001);
#606=CIRCLE('',#1674,6.00000000000001);
#607=CIRCLE('',#1675,5.99999999999998);
#608=CIRCLE('',#1676,2.58233169552921);
#609=CIRCLE('',#1677,2.50048733838469);
#610=CIRCLE('',#1679,6.00000000000001);
#611=CIRCLE('',#1680,6.00000000000001);
#612=CIRCLE('',#1682,6.00000000000001);
#613=CIRCLE('',#1684,6.00000000000001);
#614=CIRCLE('',#1685,6.00000000000001);
#615=CIRCLE('',#1686,2.50048733838465);
#616=CIRCLE('',#1687,2.50048733838469);
#617=CIRCLE('',#1689,6.00000000000001);
#618=CIRCLE('',#1691,6.00000000000001);
#619=CIRCLE('',#1693,5.99999999999998);
#620=CIRCLE('',#1695,6.00000000000001);
#621=VERTEX_POINT('',#2154);
#622=VERTEX_POINT('',#2155);
#623=VERTEX_POINT('',#2157);
#624=VERTEX_POINT('',#2159);
#625=VERTEX_POINT('',#2163);
#626=VERTEX_POINT('',#2165);
#627=VERTEX_POINT('',#2169);
#628=VERTEX_POINT('',#2171);
#629=VERTEX_POINT('',#2175);
#630=VERTEX_POINT('',#2177);
#631=VERTEX_POINT('',#2181);
#632=VERTEX_POINT('',#2183);
#633=VERTEX_POINT('',#2187);
#634=VERTEX_POINT('',#2189);
#635=VERTEX_POINT('',#2193);
#636=VERTEX_POINT('',#2195);
#637=VERTEX_POINT('',#2202);
#638=VERTEX_POINT('',#2203);
#639=VERTEX_POINT('',#2205);
#640=VERTEX_POINT('',#2207);
#641=VERTEX_POINT('',#2211);
#642=VERTEX_POINT('',#2213);
#643=VERTEX_POINT('',#2217);
#644=VERTEX_POINT('',#2219);
#645=VERTEX_POINT('',#2223);
#646=VERTEX_POINT('',#2225);
#647=VERTEX_POINT('',#2227);
#648=VERTEX_POINT('',#2229);
#649=VERTEX_POINT('',#2233);
#650=VERTEX_POINT('',#2235);
#651=VERTEX_POINT('',#2237);
#652=VERTEX_POINT('',#2239);
#653=VERTEX_POINT('',#2243);
#654=VERTEX_POINT('',#2245);
#655=VERTEX_POINT('',#2247);
#656=VERTEX_POINT('',#2249);
#657=VERTEX_POINT('',#2251);
#658=VERTEX_POINT('',#2253);
#659=VERTEX_POINT('',#2255);
#660=VERTEX_POINT('',#2257);
#661=VERTEX_POINT('',#2259);
#662=VERTEX_POINT('',#2261);
#663=VERTEX_POINT('',#2263);
#664=VERTEX_POINT('',#2265);
#665=VERTEX_POINT('',#2267);
#666=VERTEX_POINT('',#2269);
#667=VERTEX_POINT('',#2271);
#668=VERTEX_POINT('',#2273);
#669=VERTEX_POINT('',#2275);
#670=VERTEX_POINT('',#2278);
#671=VERTEX_POINT('',#2280);
#672=VERTEX_POINT('',#2283);
#673=VERTEX_POINT('',#2285);
#674=VERTEX_POINT('',#2289);
#675=VERTEX_POINT('',#2293);
#676=VERTEX_POINT('',#2295);
#677=VERTEX_POINT('',#2299);
#678=VERTEX_POINT('',#2303);
#679=VERTEX_POINT('',#2305);
#680=VERTEX_POINT('',#2307);
#681=VERTEX_POINT('',#2311);
#682=VERTEX_POINT('',#2313);
#683=VERTEX_POINT('',#2318);
#684=VERTEX_POINT('',#2320);
#685=VERTEX_POINT('',#2325);
#686=VERTEX_POINT('',#2330);
#687=VERTEX_POINT('',#2335);
#688=VERTEX_POINT('',#2337);
#689=VERTEX_POINT('',#2341);
#690=VERTEX_POINT('',#2343);
#691=VERTEX_POINT('',#2347);
#692=VERTEX_POINT('',#2349);
#693=VERTEX_POINT('',#2351);
#694=VERTEX_POINT('',#2353);
#695=VERTEX_POINT('',#2356);
#696=VERTEX_POINT('',#2363);
#697=VERTEX_POINT('',#2369);
#698=VERTEX_POINT('',#2373);
#699=VERTEX_POINT('',#2378);
#700=VERTEX_POINT('',#2380);
#701=VERTEX_POINT('',#2382);
#702=VERTEX_POINT('',#2384);
#703=VERTEX_POINT('',#2386);
#704=VERTEX_POINT('',#2388);
#705=VERTEX_POINT('',#2390);
#706=VERTEX_POINT('',#2396);
#707=VERTEX_POINT('',#2397);
#708=VERTEX_POINT('',#2408);
#709=VERTEX_POINT('',#2410);
#710=VERTEX_POINT('',#2414);
#711=VERTEX_POINT('',#2415);
#712=VERTEX_POINT('',#2425);
#713=VERTEX_POINT('',#2426);
#714=VERTEX_POINT('',#2431);
#715=VERTEX_POINT('',#2448);
#716=VERTEX_POINT('',#2450);
#717=VERTEX_POINT('',#2452);
#718=VERTEX_POINT('',#2454);
#719=VERTEX_POINT('',#2456);
#720=VERTEX_POINT('',#2458);
#721=VERTEX_POINT('',#2461);
#722=VERTEX_POINT('',#2463);
#723=VERTEX_POINT('',#2466);
#724=VERTEX_POINT('',#2467);
#725=VERTEX_POINT('',#2478);
#726=VERTEX_POINT('',#2480);
#727=VERTEX_POINT('',#2484);
#728=VERTEX_POINT('',#2485);
#729=VERTEX_POINT('',#2495);
#730=VERTEX_POINT('',#2496);
#731=VERTEX_POINT('',#2502);
#732=VERTEX_POINT('',#2521);
#733=VERTEX_POINT('',#2527);
#734=VERTEX_POINT('',#2529);
#735=VERTEX_POINT('',#2532);
#736=VERTEX_POINT('',#2534);
#737=VERTEX_POINT('',#2537);
#738=VERTEX_POINT('',#2538);
#739=VERTEX_POINT('',#2541);
#740=VERTEX_POINT('',#2552);
#741=VERTEX_POINT('',#2556);
#742=VERTEX_POINT('',#2558);
#743=VERTEX_POINT('',#2560);
#744=VERTEX_POINT('',#2562);
#745=VERTEX_POINT('',#2564);
#746=VERTEX_POINT('',#2570);
#747=VERTEX_POINT('',#2572);
#748=VERTEX_POINT('',#2576);
#749=VERTEX_POINT('',#2578);
#750=VERTEX_POINT('',#2580);
#751=VERTEX_POINT('',#2582);
#752=VERTEX_POINT('',#2584);
#753=VERTEX_POINT('',#2590);
#754=VERTEX_POINT('',#2594);
#755=VERTEX_POINT('',#2596);
#756=VERTEX_POINT('',#2602);
#757=VERTEX_POINT('',#2605);
#758=VERTEX_POINT('',#2606);
#759=VERTEX_POINT('',#2609);
#760=VERTEX_POINT('',#2612);
#761=VERTEX_POINT('',#2614);
#762=VERTEX_POINT('',#2621);
#763=VERTEX_POINT('',#2624);
#764=VERTEX_POINT('',#2626);
#765=VERTEX_POINT('',#2629);
#766=VERTEX_POINT('',#2636);
#767=EDGE_CURVE('',#621,#622,#553,.T.);
#768=EDGE_CURVE('',#622,#623,#265,.T.);
#769=EDGE_CURVE('',#623,#624,#554,.T.);
#770=EDGE_CURVE('',#624,#621,#266,.T.);
#771=EDGE_CURVE('',#625,#622,#267,.T.);
#772=EDGE_CURVE('',#626,#625,#268,.T.);
#773=EDGE_CURVE('',#623,#626,#269,.T.);
#774=EDGE_CURVE('',#625,#627,#555,.T.);
#775=EDGE_CURVE('',#627,#628,#270,.T.);
#776=EDGE_CURVE('',#628,#626,#556,.T.);
#777=EDGE_CURVE('',#629,#627,#271,.T.);
#778=EDGE_CURVE('',#630,#629,#272,.T.);
#779=EDGE_CURVE('',#628,#630,#273,.T.);
#780=EDGE_CURVE('',#629,#631,#557,.T.);
#781=EDGE_CURVE('',#631,#632,#274,.T.);
#782=EDGE_CURVE('',#632,#630,#558,.T.);
#783=EDGE_CURVE('',#633,#631,#275,.T.);
#784=EDGE_CURVE('',#634,#633,#276,.T.);
#785=EDGE_CURVE('',#632,#634,#277,.T.);
#786=EDGE_CURVE('',#633,#635,#559,.T.);
#787=EDGE_CURVE('',#635,#636,#278,.T.);
#788=EDGE_CURVE('',#636,#634,#560,.T.);
#789=EDGE_CURVE('',#636,#624,#279,.T.);
#790=EDGE_CURVE('',#621,#635,#280,.T.);
#791=EDGE_CURVE('',#637,#638,#561,.T.);
#792=EDGE_CURVE('',#638,#639,#281,.T.);
#793=EDGE_CURVE('',#639,#640,#562,.T.);
#794=EDGE_CURVE('',#640,#637,#282,.T.);
#795=EDGE_CURVE('',#641,#638,#283,.T.);
#796=EDGE_CURVE('',#642,#641,#284,.T.);
#797=EDGE_CURVE('',#639,#642,#285,.T.);
#798=EDGE_CURVE('',#641,#643,#563,.T.);
#799=EDGE_CURVE('',#643,#644,#286,.T.);
#800=EDGE_CURVE('',#644,#642,#564,.T.);
#801=EDGE_CURVE('',#645,#643,#287,.T.);
#802=EDGE_CURVE('',#646,#645,#288,.T.);
#803=EDGE_CURVE('',#647,#646,#289,.T.);
#804=EDGE_CURVE('',#648,#647,#290,.T.);
#805=EDGE_CURVE('',#644,#648,#291,.T.);
#806=EDGE_CURVE('',#649,#640,#292,.T.);
#807=EDGE_CURVE('',#650,#649,#293,.T.);
#808=EDGE_CURVE('',#651,#650,#294,.T.);
#809=EDGE_CURVE('',#652,#651,#295,.T.);
#810=EDGE_CURVE('',#637,#652,#296,.T.);
#811=EDGE_CURVE('',#652,#653,#297,.T.);
#812=EDGE_CURVE('',#653,#654,#298,.T.);
#813=EDGE_CURVE('',#654,#655,#299,.T.);
#814=EDGE_CURVE('',#655,#656,#565,.T.);
#815=EDGE_CURVE('',#656,#657,#300,.T.);
#816=EDGE_CURVE('',#658,#657,#301,.T.);
#817=EDGE_CURVE('',#658,#659,#566,.F.);
#818=EDGE_CURVE('',#659,#660,#302,.T.);
#819=EDGE_CURVE('',#661,#660,#567,.T.);
#820=EDGE_CURVE('',#662,#661,#303,.T.);
#821=EDGE_CURVE('',#662,#663,#304,.T.);
#822=EDGE_CURVE('',#663,#664,#568,.T.);
#823=EDGE_CURVE('',#664,#665,#305,.T.);
#824=EDGE_CURVE('',#665,#666,#306,.T.);
#825=EDGE_CURVE('',#666,#667,#307,.T.);
#826=EDGE_CURVE('',#668,#667,#308,.T.);
#827=EDGE_CURVE('',#668,#669,#309,.T.);
#828=EDGE_CURVE('',#669,#645,#310,.T.);
#829=EDGE_CURVE('',#670,#670,#569,.T.);
#830=EDGE_CURVE('',#671,#671,#570,.T.);
#831=EDGE_CURVE('',#672,#649,#311,.T.);
#832=EDGE_CURVE('',#673,#672,#312,.T.);
#833=EDGE_CURVE('',#650,#673,#313,.T.);
#834=EDGE_CURVE('',#674,#651,#314,.T.);
#835=EDGE_CURVE('',#653,#674,#315,.T.);
#836=EDGE_CURVE('',#675,#669,#316,.T.);
#837=EDGE_CURVE('',#676,#675,#317,.T.);
#838=EDGE_CURVE('',#646,#676,#318,.T.);
#839=EDGE_CURVE('',#677,#673,#319,.T.);
#840=EDGE_CURVE('',#674,#677,#320,.T.);
#841=EDGE_CURVE('',#676,#678,#321,.T.);
#842=EDGE_CURVE('',#678,#679,#322,.T.);
#843=EDGE_CURVE('',#679,#680,#323,.T.);
#844=EDGE_CURVE('',#680,#647,#324,.T.);
#845=EDGE_CURVE('',#681,#681,#571,.T.);
#846=EDGE_CURVE('',#681,#682,#325,.T.);
#847=EDGE_CURVE('',#682,#682,#572,.T.);
#848=EDGE_CURVE('',#683,#683,#573,.T.);
#849=EDGE_CURVE('',#683,#684,#326,.T.);
#850=EDGE_CURVE('',#684,#684,#574,.T.);
#851=EDGE_CURVE('',#671,#685,#327,.T.);
#852=EDGE_CURVE('',#685,#685,#575,.T.);
#853=EDGE_CURVE('',#670,#686,#328,.T.);
#854=EDGE_CURVE('',#686,#686,#576,.T.);
#855=EDGE_CURVE('',#679,#687,#329,.T.);
#856=EDGE_CURVE('',#678,#688,#330,.T.);
#857=EDGE_CURVE('',#687,#688,#331,.T.);
#858=EDGE_CURVE('',#688,#689,#332,.T.);
#859=EDGE_CURVE('',#690,#676,#333,.T.);
#860=EDGE_CURVE('',#689,#690,#334,.T.);
#861=EDGE_CURVE('',#691,#665,#335,.T.);
#862=EDGE_CURVE('',#692,#691,#336,.T.);
#863=EDGE_CURVE('',#692,#693,#337,.T.);
#864=EDGE_CURVE('',#694,#693,#338,.T.);
#865=EDGE_CURVE('',#689,#694,#339,.T.);
#866=EDGE_CURVE('',#690,#695,#340,.T.);
#867=EDGE_CURVE('',#695,#666,#341,.T.);
#868=EDGE_CURVE('',#668,#679,#342,.T.);
#869=EDGE_CURVE('',#679,#675,#343,.T.);
#870=EDGE_CURVE('',#679,#696,#344,.T.);
#871=EDGE_CURVE('',#696,#695,#345,.T.);
#872=EDGE_CURVE('',#667,#696,#346,.T.);
#873=EDGE_CURVE('',#697,#680,#347,.T.);
#874=EDGE_CURVE('',#648,#697,#348,.T.);
#875=EDGE_CURVE('',#698,#672,#349,.T.);
#876=EDGE_CURVE('',#698,#677,#350,.T.);
#877=EDGE_CURVE('',#687,#697,#351,.T.);
#878=EDGE_CURVE('',#694,#699,#352,.T.);
#879=EDGE_CURVE('',#700,#699,#577,.T.);
#880=EDGE_CURVE('',#701,#700,#578,.T.);
#881=EDGE_CURVE('',#702,#701,#353,.T.);
#882=EDGE_CURVE('',#703,#702,#579,.T.);
#883=EDGE_CURVE('',#704,#703,#580,.T.);
#884=EDGE_CURVE('',#704,#705,#354,.T.);
#885=EDGE_CURVE('',#705,#698,#355,.T.);
#886=EDGE_CURVE('',#706,#707,#19,.T.);
#887=EDGE_CURVE('',#707,#708,#356,.T.);
#888=EDGE_CURVE('',#708,#709,#581,.T.);
#889=EDGE_CURVE('',#709,#706,#357,.T.);
#890=EDGE_CURVE('',#710,#711,#20,.T.);
#891=EDGE_CURVE('',#710,#709,#582,.T.);
#892=EDGE_CURVE('',#708,#711,#583,.T.);
#893=EDGE_CURVE('',#712,#713,#21,.T.);
#894=EDGE_CURVE('',#712,#714,#22,.T.);
#895=EDGE_CURVE('',#714,#703,#23,.T.);
#896=EDGE_CURVE('',#713,#702,#584,.T.);
#897=EDGE_CURVE('',#715,#707,#585,.T.);
#898=EDGE_CURVE('',#716,#715,#358,.T.);
#899=EDGE_CURVE('',#717,#716,#586,.T.);
#900=EDGE_CURVE('',#718,#717,#359,.T.);
#901=EDGE_CURVE('',#719,#718,#360,.T.);
#902=EDGE_CURVE('',#719,#720,#587,.T.);
#903=EDGE_CURVE('',#711,#720,#361,.T.);
#904=EDGE_CURVE('',#721,#721,#588,.T.);
#905=EDGE_CURVE('',#722,#722,#589,.T.);
#906=EDGE_CURVE('',#723,#724,#24,.T.);
#907=EDGE_CURVE('',#724,#725,#362,.T.);
#908=EDGE_CURVE('',#725,#726,#590,.T.);
#909=EDGE_CURVE('',#726,#723,#363,.T.);
#910=EDGE_CURVE('',#727,#728,#25,.F.);
#911=EDGE_CURVE('',#728,#726,#591,.T.);
#912=EDGE_CURVE('',#725,#727,#592,.T.);
#913=EDGE_CURVE('',#729,#730,#26,.T.);
#914=EDGE_CURVE('',#701,#729,#593,.T.);
#915=EDGE_CURVE('',#700,#731,#27,.T.);
#916=EDGE_CURVE('',#731,#730,#28,.T.);
#917=EDGE_CURVE('',#725,#661,#364,.T.);
#918=EDGE_CURVE('',#660,#727,#365,.T.);
#919=EDGE_CURVE('',#732,#724,#366,.T.);
#920=EDGE_CURVE('',#662,#732,#367,.T.);
#921=EDGE_CURVE('',#729,#713,#368,.T.);
#922=EDGE_CURVE('',#733,#728,#369,.T.);
#923=EDGE_CURVE('',#733,#734,#594,.T.);
#924=EDGE_CURVE('',#693,#734,#370,.T.);
#925=EDGE_CURVE('',#735,#692,#595,.T.);
#926=EDGE_CURVE('',#736,#735,#371,.T.);
#927=EDGE_CURVE('',#723,#736,#596,.T.);
#928=EDGE_CURVE('',#737,#738,#597,.T.);
#929=EDGE_CURVE('',#738,#737,#372,.T.);
#930=EDGE_CURVE('',#739,#739,#598,.T.);
#931=EDGE_CURVE('',#699,#734,#373,.T.);
#932=EDGE_CURVE('',#733,#731,#374,.T.);
#933=EDGE_CURVE('',#714,#720,#375,.T.);
#934=EDGE_CURVE('',#719,#704,#376,.T.);
#935=EDGE_CURVE('',#710,#659,#377,.T.);
#936=EDGE_CURVE('',#691,#740,#599,.T.);
#937=EDGE_CURVE('',#740,#735,#378,.T.);
#938=EDGE_CURVE('',#741,#740,#379,.T.);
#939=EDGE_CURVE('',#741,#742,#380,.T.);
#940=EDGE_CURVE('',#743,#742,#381,.T.);
#941=EDGE_CURVE('',#744,#743,#382,.T.);
#942=EDGE_CURVE('',#745,#744,#383,.T.);
#943=EDGE_CURVE('',#736,#745,#384,.T.);
#944=EDGE_CURVE('',#658,#709,#385,.T.);
#945=EDGE_CURVE('',#706,#746,#386,.T.);
#946=EDGE_CURVE('',#746,#747,#600,.T.);
#947=EDGE_CURVE('',#747,#715,#387,.T.);
#948=EDGE_CURVE('',#748,#747,#388,.T.);
#949=EDGE_CURVE('',#748,#749,#389,.T.);
#950=EDGE_CURVE('',#750,#749,#390,.T.);
#951=EDGE_CURVE('',#751,#750,#391,.T.);
#952=EDGE_CURVE('',#752,#751,#392,.T.);
#953=EDGE_CURVE('',#716,#752,#393,.T.);
#954=EDGE_CURVE('',#745,#732,#601,.T.);
#955=EDGE_CURVE('',#752,#753,#602,.T.);
#956=EDGE_CURVE('',#753,#717,#394,.T.);
#957=EDGE_CURVE('',#754,#744,#603,.T.);
#958=EDGE_CURVE('',#755,#743,#604,.T.);
#959=EDGE_CURVE('',#754,#755,#395,.T.);
#960=EDGE_CURVE('',#663,#754,#605,.T.);
#961=EDGE_CURVE('',#756,#755,#606,.T.);
#962=EDGE_CURVE('',#742,#756,#607,.T.);
#963=EDGE_CURVE('',#757,#758,#608,.T.);
#964=EDGE_CURVE('',#758,#757,#396,.T.);
#965=EDGE_CURVE('',#759,#759,#609,.T.);
#966=EDGE_CURVE('',#748,#760,#610,.T.);
#967=EDGE_CURVE('',#760,#761,#397,.T.);
#968=EDGE_CURVE('',#749,#761,#611,.T.);
#969=EDGE_CURVE('',#746,#657,#398,.T.);
#970=EDGE_CURVE('',#760,#656,#612,.T.);
#971=EDGE_CURVE('',#761,#762,#613,.T.);
#972=EDGE_CURVE('',#762,#750,#614,.T.);
#973=EDGE_CURVE('',#763,#763,#615,.T.);
#974=EDGE_CURVE('',#764,#764,#616,.T.);
#975=EDGE_CURVE('',#765,#751,#617,.T.);
#976=EDGE_CURVE('',#765,#762,#399,.T.);
#977=EDGE_CURVE('',#655,#765,#618,.T.);
#978=EDGE_CURVE('',#654,#753,#400,.T.);
#979=EDGE_CURVE('',#741,#766,#619,.T.);
#980=EDGE_CURVE('',#766,#756,#401,.T.);
#981=EDGE_CURVE('',#766,#664,#620,.T.);
#982=EDGE_CURVE('',#705,#718,#402,.T.);
#983=EDGE_CURVE('',#718,#654,#403,.T.);
#984=EDGE_CURVE('',#763,#721,#404,.T.);
#985=EDGE_CURVE('',#764,#722,#405,.T.);
#986=EDGE_CURVE('',#759,#739,#406,.T.);
#987=EDGE_CURVE('',#738,#758,#407,.T.);
#988=EDGE_CURVE('',#737,#757,#408,.T.);
#989=ORIENTED_EDGE('',*,*,#767,.T.);
#990=ORIENTED_EDGE('',*,*,#768,.T.);
#991=ORIENTED_EDGE('',*,*,#769,.T.);
#992=ORIENTED_EDGE('',*,*,#770,.T.);
#993=ORIENTED_EDGE('',*,*,#768,.F.);
#994=ORIENTED_EDGE('',*,*,#771,.F.);
#995=ORIENTED_EDGE('',*,*,#772,.F.);
#996=ORIENTED_EDGE('',*,*,#773,.F.);
#997=ORIENTED_EDGE('',*,*,#774,.T.);
#998=ORIENTED_EDGE('',*,*,#775,.T.);
#999=ORIENTED_EDGE('',*,*,#776,.T.);
#1000=ORIENTED_EDGE('',*,*,#772,.T.);
#1001=ORIENTED_EDGE('',*,*,#775,.F.);
#1002=ORIENTED_EDGE('',*,*,#777,.F.);
#1003=ORIENTED_EDGE('',*,*,#778,.F.);
#1004=ORIENTED_EDGE('',*,*,#779,.F.);
#1005=ORIENTED_EDGE('',*,*,#780,.T.);
#1006=ORIENTED_EDGE('',*,*,#781,.T.);
#1007=ORIENTED_EDGE('',*,*,#782,.T.);
#1008=ORIENTED_EDGE('',*,*,#778,.T.);
#1009=ORIENTED_EDGE('',*,*,#781,.F.);
#1010=ORIENTED_EDGE('',*,*,#783,.F.);
#1011=ORIENTED_EDGE('',*,*,#784,.F.);
#1012=ORIENTED_EDGE('',*,*,#785,.F.);
#1013=ORIENTED_EDGE('',*,*,#786,.T.);
#1014=ORIENTED_EDGE('',*,*,#787,.T.);
#1015=ORIENTED_EDGE('',*,*,#788,.T.);
#1016=ORIENTED_EDGE('',*,*,#784,.T.);
#1017=ORIENTED_EDGE('',*,*,#770,.F.);
#1018=ORIENTED_EDGE('',*,*,#789,.F.);
#1019=ORIENTED_EDGE('',*,*,#787,.F.);
#1020=ORIENTED_EDGE('',*,*,#790,.F.);
#1021=ORIENTED_EDGE('',*,*,#791,.T.);
#1022=ORIENTED_EDGE('',*,*,#792,.T.);
#1023=ORIENTED_EDGE('',*,*,#793,.T.);
#1024=ORIENTED_EDGE('',*,*,#794,.T.);
#1025=ORIENTED_EDGE('',*,*,#792,.F.);
#1026=ORIENTED_EDGE('',*,*,#795,.F.);
#1027=ORIENTED_EDGE('',*,*,#796,.F.);
#1028=ORIENTED_EDGE('',*,*,#797,.F.);
#1029=ORIENTED_EDGE('',*,*,#798,.T.);
#1030=ORIENTED_EDGE('',*,*,#799,.T.);
#1031=ORIENTED_EDGE('',*,*,#800,.T.);
#1032=ORIENTED_EDGE('',*,*,#796,.T.);
#1033=ORIENTED_EDGE('',*,*,#799,.F.);
#1034=ORIENTED_EDGE('',*,*,#801,.F.);
#1035=ORIENTED_EDGE('',*,*,#802,.F.);
#1036=ORIENTED_EDGE('',*,*,#803,.F.);
#1037=ORIENTED_EDGE('',*,*,#804,.F.);
#1038=ORIENTED_EDGE('',*,*,#805,.F.);
#1039=ORIENTED_EDGE('',*,*,#794,.F.);
#1040=ORIENTED_EDGE('',*,*,#806,.F.);
#1041=ORIENTED_EDGE('',*,*,#807,.F.);
#1042=ORIENTED_EDGE('',*,*,#808,.F.);
#1043=ORIENTED_EDGE('',*,*,#809,.F.);
#1044=ORIENTED_EDGE('',*,*,#810,.F.);
#1045=ORIENTED_EDGE('',*,*,#801,.T.);
#1046=ORIENTED_EDGE('',*,*,#798,.F.);
#1047=ORIENTED_EDGE('',*,*,#795,.T.);
#1048=ORIENTED_EDGE('',*,*,#791,.F.);
#1049=ORIENTED_EDGE('',*,*,#810,.T.);
#1050=ORIENTED_EDGE('',*,*,#811,.T.);
#1051=ORIENTED_EDGE('',*,*,#812,.T.);
#1052=ORIENTED_EDGE('',*,*,#813,.T.);
#1053=ORIENTED_EDGE('',*,*,#814,.T.);
#1054=ORIENTED_EDGE('',*,*,#815,.T.);
#1055=ORIENTED_EDGE('',*,*,#816,.F.);
#1056=ORIENTED_EDGE('',*,*,#817,.T.);
#1057=ORIENTED_EDGE('',*,*,#818,.T.);
#1058=ORIENTED_EDGE('',*,*,#819,.F.);
#1059=ORIENTED_EDGE('',*,*,#820,.F.);
#1060=ORIENTED_EDGE('',*,*,#821,.T.);
#1061=ORIENTED_EDGE('',*,*,#822,.T.);
#1062=ORIENTED_EDGE('',*,*,#823,.T.);
#1063=ORIENTED_EDGE('',*,*,#824,.T.);
#1064=ORIENTED_EDGE('',*,*,#825,.T.);
#1065=ORIENTED_EDGE('',*,*,#826,.F.);
#1066=ORIENTED_EDGE('',*,*,#827,.T.);
#1067=ORIENTED_EDGE('',*,*,#828,.T.);
#1068=ORIENTED_EDGE('',*,*,#790,.T.);
#1069=ORIENTED_EDGE('',*,*,#786,.F.);
#1070=ORIENTED_EDGE('',*,*,#783,.T.);
#1071=ORIENTED_EDGE('',*,*,#780,.F.);
#1072=ORIENTED_EDGE('',*,*,#777,.T.);
#1073=ORIENTED_EDGE('',*,*,#774,.F.);
#1074=ORIENTED_EDGE('',*,*,#771,.T.);
#1075=ORIENTED_EDGE('',*,*,#767,.F.);
#1076=ORIENTED_EDGE('',*,*,#829,.T.);
#1077=ORIENTED_EDGE('',*,*,#830,.T.);
#1078=ORIENTED_EDGE('',*,*,#807,.T.);
#1079=ORIENTED_EDGE('',*,*,#831,.F.);
#1080=ORIENTED_EDGE('',*,*,#832,.F.);
#1081=ORIENTED_EDGE('',*,*,#833,.F.);
#1082=ORIENTED_EDGE('',*,*,#809,.T.);
#1083=ORIENTED_EDGE('',*,*,#834,.F.);
#1084=ORIENTED_EDGE('',*,*,#835,.F.);
#1085=ORIENTED_EDGE('',*,*,#811,.F.);
#1086=ORIENTED_EDGE('',*,*,#802,.T.);
#1087=ORIENTED_EDGE('',*,*,#828,.F.);
#1088=ORIENTED_EDGE('',*,*,#836,.F.);
#1089=ORIENTED_EDGE('',*,*,#837,.F.);
#1090=ORIENTED_EDGE('',*,*,#838,.F.);
#1091=ORIENTED_EDGE('',*,*,#808,.T.);
#1092=ORIENTED_EDGE('',*,*,#833,.T.);
#1093=ORIENTED_EDGE('',*,*,#839,.F.);
#1094=ORIENTED_EDGE('',*,*,#840,.F.);
#1095=ORIENTED_EDGE('',*,*,#834,.T.);
#1096=ORIENTED_EDGE('',*,*,#803,.T.);
#1097=ORIENTED_EDGE('',*,*,#838,.T.);
#1098=ORIENTED_EDGE('',*,*,#841,.T.);
#1099=ORIENTED_EDGE('',*,*,#842,.T.);
#1100=ORIENTED_EDGE('',*,*,#843,.T.);
#1101=ORIENTED_EDGE('',*,*,#844,.T.);
#1102=ORIENTED_EDGE('',*,*,#845,.F.);
#1103=ORIENTED_EDGE('',*,*,#846,.T.);
#1104=ORIENTED_EDGE('',*,*,#847,.T.);
#1105=ORIENTED_EDGE('',*,*,#846,.F.);
#1106=ORIENTED_EDGE('',*,*,#847,.F.);
#1107=ORIENTED_EDGE('',*,*,#848,.F.);
#1108=ORIENTED_EDGE('',*,*,#849,.T.);
#1109=ORIENTED_EDGE('',*,*,#850,.T.);
#1110=ORIENTED_EDGE('',*,*,#849,.F.);
#1111=ORIENTED_EDGE('',*,*,#850,.F.);
#1112=ORIENTED_EDGE('',*,*,#830,.F.);
#1113=ORIENTED_EDGE('',*,*,#851,.T.);
#1114=ORIENTED_EDGE('',*,*,#852,.T.);
#1115=ORIENTED_EDGE('',*,*,#851,.F.);
#1116=ORIENTED_EDGE('',*,*,#852,.F.);
#1117=ORIENTED_EDGE('',*,*,#829,.F.);
#1118=ORIENTED_EDGE('',*,*,#853,.T.);
#1119=ORIENTED_EDGE('',*,*,#854,.T.);
#1120=ORIENTED_EDGE('',*,*,#853,.F.);
#1121=ORIENTED_EDGE('',*,*,#854,.F.);
#1122=ORIENTED_EDGE('',*,*,#855,.F.);
#1123=ORIENTED_EDGE('',*,*,#842,.F.);
#1124=ORIENTED_EDGE('',*,*,#856,.T.);
#1125=ORIENTED_EDGE('',*,*,#857,.F.);
#1126=ORIENTED_EDGE('',*,*,#858,.F.);
#1127=ORIENTED_EDGE('',*,*,#856,.F.);
#1128=ORIENTED_EDGE('',*,*,#841,.F.);
#1129=ORIENTED_EDGE('',*,*,#859,.F.);
#1130=ORIENTED_EDGE('',*,*,#860,.F.);
#1131=ORIENTED_EDGE('',*,*,#861,.F.);
#1132=ORIENTED_EDGE('',*,*,#862,.F.);
#1133=ORIENTED_EDGE('',*,*,#863,.T.);
#1134=ORIENTED_EDGE('',*,*,#864,.F.);
#1135=ORIENTED_EDGE('',*,*,#865,.F.);
#1136=ORIENTED_EDGE('',*,*,#860,.T.);
#1137=ORIENTED_EDGE('',*,*,#866,.T.);
#1138=ORIENTED_EDGE('',*,*,#867,.T.);
#1139=ORIENTED_EDGE('',*,*,#824,.F.);
#1140=ORIENTED_EDGE('',*,*,#868,.T.);
#1141=ORIENTED_EDGE('',*,*,#869,.T.);
#1142=ORIENTED_EDGE('',*,*,#836,.T.);
#1143=ORIENTED_EDGE('',*,*,#827,.F.);
#1144=ORIENTED_EDGE('',*,*,#870,.T.);
#1145=ORIENTED_EDGE('',*,*,#871,.T.);
#1146=ORIENTED_EDGE('',*,*,#866,.F.);
#1147=ORIENTED_EDGE('',*,*,#859,.T.);
#1148=ORIENTED_EDGE('',*,*,#837,.T.);
#1149=ORIENTED_EDGE('',*,*,#869,.F.);
#1150=ORIENTED_EDGE('',*,*,#872,.F.);
#1151=ORIENTED_EDGE('',*,*,#825,.F.);
#1152=ORIENTED_EDGE('',*,*,#867,.F.);
#1153=ORIENTED_EDGE('',*,*,#871,.F.);
#1154=ORIENTED_EDGE('',*,*,#804,.T.);
#1155=ORIENTED_EDGE('',*,*,#844,.F.);
#1156=ORIENTED_EDGE('',*,*,#873,.F.);
#1157=ORIENTED_EDGE('',*,*,#874,.F.);
#1158=ORIENTED_EDGE('',*,*,#832,.T.);
#1159=ORIENTED_EDGE('',*,*,#875,.F.);
#1160=ORIENTED_EDGE('',*,*,#876,.T.);
#1161=ORIENTED_EDGE('',*,*,#839,.T.);
#1162=ORIENTED_EDGE('',*,*,#805,.T.);
#1163=ORIENTED_EDGE('',*,*,#874,.T.);
#1164=ORIENTED_EDGE('',*,*,#877,.F.);
#1165=ORIENTED_EDGE('',*,*,#857,.T.);
#1166=ORIENTED_EDGE('',*,*,#858,.T.);
#1167=ORIENTED_EDGE('',*,*,#865,.T.);
#1168=ORIENTED_EDGE('',*,*,#878,.T.);
#1169=ORIENTED_EDGE('',*,*,#879,.F.);
#1170=ORIENTED_EDGE('',*,*,#880,.F.);
#1171=ORIENTED_EDGE('',*,*,#881,.F.);
#1172=ORIENTED_EDGE('',*,*,#882,.F.);
#1173=ORIENTED_EDGE('',*,*,#883,.F.);
#1174=ORIENTED_EDGE('',*,*,#884,.T.);
#1175=ORIENTED_EDGE('',*,*,#885,.T.);
#1176=ORIENTED_EDGE('',*,*,#875,.T.);
#1177=ORIENTED_EDGE('',*,*,#831,.T.);
#1178=ORIENTED_EDGE('',*,*,#806,.T.);
#1179=ORIENTED_EDGE('',*,*,#793,.F.);
#1180=ORIENTED_EDGE('',*,*,#797,.T.);
#1181=ORIENTED_EDGE('',*,*,#800,.F.);
#1182=ORIENTED_EDGE('',*,*,#789,.T.);
#1183=ORIENTED_EDGE('',*,*,#769,.F.);
#1184=ORIENTED_EDGE('',*,*,#773,.T.);
#1185=ORIENTED_EDGE('',*,*,#776,.F.);
#1186=ORIENTED_EDGE('',*,*,#779,.T.);
#1187=ORIENTED_EDGE('',*,*,#782,.F.);
#1188=ORIENTED_EDGE('',*,*,#785,.T.);
#1189=ORIENTED_EDGE('',*,*,#788,.F.);
#1190=ORIENTED_EDGE('',*,*,#845,.T.);
#1191=ORIENTED_EDGE('',*,*,#848,.T.);
#1192=ORIENTED_EDGE('',*,*,#873,.T.);
#1193=ORIENTED_EDGE('',*,*,#843,.F.);
#1194=ORIENTED_EDGE('',*,*,#855,.T.);
#1195=ORIENTED_EDGE('',*,*,#877,.T.);
#1196=ORIENTED_EDGE('',*,*,#872,.T.);
#1197=ORIENTED_EDGE('',*,*,#870,.F.);
#1198=ORIENTED_EDGE('',*,*,#868,.F.);
#1199=ORIENTED_EDGE('',*,*,#826,.T.);
#1200=ORIENTED_EDGE('',*,*,#886,.T.);
#1201=ORIENTED_EDGE('',*,*,#887,.T.);
#1202=ORIENTED_EDGE('',*,*,#888,.T.);
#1203=ORIENTED_EDGE('',*,*,#889,.T.);
#1204=ORIENTED_EDGE('',*,*,#890,.F.);
#1205=ORIENTED_EDGE('',*,*,#891,.T.);
#1206=ORIENTED_EDGE('',*,*,#888,.F.);
#1207=ORIENTED_EDGE('',*,*,#892,.T.);
#1208=ORIENTED_EDGE('',*,*,#893,.F.);
#1209=ORIENTED_EDGE('',*,*,#894,.T.);
#1210=ORIENTED_EDGE('',*,*,#895,.T.);
#1211=ORIENTED_EDGE('',*,*,#882,.T.);
#1212=ORIENTED_EDGE('',*,*,#896,.F.);
#1213=ORIENTED_EDGE('',*,*,#892,.F.);
#1214=ORIENTED_EDGE('',*,*,#887,.F.);
#1215=ORIENTED_EDGE('',*,*,#897,.F.);
#1216=ORIENTED_EDGE('',*,*,#898,.F.);
#1217=ORIENTED_EDGE('',*,*,#899,.F.);
#1218=ORIENTED_EDGE('',*,*,#900,.F.);
#1219=ORIENTED_EDGE('',*,*,#901,.F.);
#1220=ORIENTED_EDGE('',*,*,#902,.T.);
#1221=ORIENTED_EDGE('',*,*,#903,.F.);
#1222=ORIENTED_EDGE('',*,*,#904,.F.);
#1223=ORIENTED_EDGE('',*,*,#905,.F.);
#1224=ORIENTED_EDGE('',*,*,#906,.T.);
#1225=ORIENTED_EDGE('',*,*,#907,.T.);
#1226=ORIENTED_EDGE('',*,*,#908,.T.);
#1227=ORIENTED_EDGE('',*,*,#909,.T.);
#1228=ORIENTED_EDGE('',*,*,#910,.T.);
#1229=ORIENTED_EDGE('',*,*,#911,.T.);
#1230=ORIENTED_EDGE('',*,*,#908,.F.);
#1231=ORIENTED_EDGE('',*,*,#912,.T.);
#1232=ORIENTED_EDGE('',*,*,#913,.F.);
#1233=ORIENTED_EDGE('',*,*,#914,.F.);
#1234=ORIENTED_EDGE('',*,*,#880,.T.);
#1235=ORIENTED_EDGE('',*,*,#915,.T.);
#1236=ORIENTED_EDGE('',*,*,#916,.T.);
#1237=ORIENTED_EDGE('',*,*,#912,.F.);
#1238=ORIENTED_EDGE('',*,*,#917,.T.);
#1239=ORIENTED_EDGE('',*,*,#819,.T.);
#1240=ORIENTED_EDGE('',*,*,#918,.T.);
#1241=ORIENTED_EDGE('',*,*,#820,.T.);
#1242=ORIENTED_EDGE('',*,*,#917,.F.);
#1243=ORIENTED_EDGE('',*,*,#907,.F.);
#1244=ORIENTED_EDGE('',*,*,#919,.F.);
#1245=ORIENTED_EDGE('',*,*,#920,.F.);
#1246=ORIENTED_EDGE('',*,*,#914,.T.);
#1247=ORIENTED_EDGE('',*,*,#921,.T.);
#1248=ORIENTED_EDGE('',*,*,#896,.T.);
#1249=ORIENTED_EDGE('',*,*,#881,.T.);
#1250=ORIENTED_EDGE('',*,*,#911,.F.);
#1251=ORIENTED_EDGE('',*,*,#922,.F.);
#1252=ORIENTED_EDGE('',*,*,#923,.T.);
#1253=ORIENTED_EDGE('',*,*,#924,.F.);
#1254=ORIENTED_EDGE('',*,*,#863,.F.);
#1255=ORIENTED_EDGE('',*,*,#925,.F.);
#1256=ORIENTED_EDGE('',*,*,#926,.F.);
#1257=ORIENTED_EDGE('',*,*,#927,.F.);
#1258=ORIENTED_EDGE('',*,*,#909,.F.);
#1259=ORIENTED_EDGE('',*,*,#928,.F.);
#1260=ORIENTED_EDGE('',*,*,#929,.F.);
#1261=ORIENTED_EDGE('',*,*,#930,.F.);
#1262=ORIENTED_EDGE('',*,*,#915,.F.);
#1263=ORIENTED_EDGE('',*,*,#879,.T.);
#1264=ORIENTED_EDGE('',*,*,#931,.T.);
#1265=ORIENTED_EDGE('',*,*,#923,.F.);
#1266=ORIENTED_EDGE('',*,*,#932,.T.);
#1267=ORIENTED_EDGE('',*,*,#895,.F.);
#1268=ORIENTED_EDGE('',*,*,#933,.T.);
#1269=ORIENTED_EDGE('',*,*,#902,.F.);
#1270=ORIENTED_EDGE('',*,*,#934,.T.);
#1271=ORIENTED_EDGE('',*,*,#883,.T.);
#1272=ORIENTED_EDGE('',*,*,#916,.F.);
#1273=ORIENTED_EDGE('',*,*,#932,.F.);
#1274=ORIENTED_EDGE('',*,*,#922,.T.);
#1275=ORIENTED_EDGE('',*,*,#910,.F.);
#1276=ORIENTED_EDGE('',*,*,#918,.F.);
#1277=ORIENTED_EDGE('',*,*,#818,.F.);
#1278=ORIENTED_EDGE('',*,*,#935,.F.);
#1279=ORIENTED_EDGE('',*,*,#890,.T.);
#1280=ORIENTED_EDGE('',*,*,#903,.T.);
#1281=ORIENTED_EDGE('',*,*,#933,.F.);
#1282=ORIENTED_EDGE('',*,*,#894,.F.);
#1283=ORIENTED_EDGE('',*,*,#893,.T.);
#1284=ORIENTED_EDGE('',*,*,#921,.F.);
#1285=ORIENTED_EDGE('',*,*,#913,.T.);
#1286=ORIENTED_EDGE('',*,*,#936,.T.);
#1287=ORIENTED_EDGE('',*,*,#937,.T.);
#1288=ORIENTED_EDGE('',*,*,#925,.T.);
#1289=ORIENTED_EDGE('',*,*,#862,.T.);
#1290=ORIENTED_EDGE('',*,*,#937,.F.);
#1291=ORIENTED_EDGE('',*,*,#938,.F.);
#1292=ORIENTED_EDGE('',*,*,#939,.T.);
#1293=ORIENTED_EDGE('',*,*,#940,.F.);
#1294=ORIENTED_EDGE('',*,*,#941,.F.);
#1295=ORIENTED_EDGE('',*,*,#942,.F.);
#1296=ORIENTED_EDGE('',*,*,#943,.F.);
#1297=ORIENTED_EDGE('',*,*,#926,.T.);
#1298=ORIENTED_EDGE('',*,*,#891,.F.);
#1299=ORIENTED_EDGE('',*,*,#935,.T.);
#1300=ORIENTED_EDGE('',*,*,#817,.F.);
#1301=ORIENTED_EDGE('',*,*,#944,.T.);
#1302=ORIENTED_EDGE('',*,*,#886,.F.);
#1303=ORIENTED_EDGE('',*,*,#945,.T.);
#1304=ORIENTED_EDGE('',*,*,#946,.T.);
#1305=ORIENTED_EDGE('',*,*,#947,.T.);
#1306=ORIENTED_EDGE('',*,*,#897,.T.);
#1307=ORIENTED_EDGE('',*,*,#947,.F.);
#1308=ORIENTED_EDGE('',*,*,#948,.F.);
#1309=ORIENTED_EDGE('',*,*,#949,.T.);
#1310=ORIENTED_EDGE('',*,*,#950,.F.);
#1311=ORIENTED_EDGE('',*,*,#951,.F.);
#1312=ORIENTED_EDGE('',*,*,#952,.F.);
#1313=ORIENTED_EDGE('',*,*,#953,.F.);
#1314=ORIENTED_EDGE('',*,*,#898,.T.);
#1315=ORIENTED_EDGE('',*,*,#906,.F.);
#1316=ORIENTED_EDGE('',*,*,#927,.T.);
#1317=ORIENTED_EDGE('',*,*,#943,.T.);
#1318=ORIENTED_EDGE('',*,*,#954,.T.);
#1319=ORIENTED_EDGE('',*,*,#919,.T.);
#1320=ORIENTED_EDGE('',*,*,#955,.T.);
#1321=ORIENTED_EDGE('',*,*,#956,.T.);
#1322=ORIENTED_EDGE('',*,*,#899,.T.);
#1323=ORIENTED_EDGE('',*,*,#953,.T.);
#1324=ORIENTED_EDGE('',*,*,#957,.T.);
#1325=ORIENTED_EDGE('',*,*,#941,.T.);
#1326=ORIENTED_EDGE('',*,*,#958,.F.);
#1327=ORIENTED_EDGE('',*,*,#959,.F.);
#1328=ORIENTED_EDGE('',*,*,#954,.F.);
#1329=ORIENTED_EDGE('',*,*,#942,.T.);
#1330=ORIENTED_EDGE('',*,*,#957,.F.);
#1331=ORIENTED_EDGE('',*,*,#960,.F.);
#1332=ORIENTED_EDGE('',*,*,#821,.F.);
#1333=ORIENTED_EDGE('',*,*,#920,.T.);
#1334=ORIENTED_EDGE('',*,*,#961,.T.);
#1335=ORIENTED_EDGE('',*,*,#958,.T.);
#1336=ORIENTED_EDGE('',*,*,#940,.T.);
#1337=ORIENTED_EDGE('',*,*,#962,.T.);
#1338=ORIENTED_EDGE('',*,*,#963,.T.);
#1339=ORIENTED_EDGE('',*,*,#964,.T.);
#1340=ORIENTED_EDGE('',*,*,#965,.T.);
#1341=ORIENTED_EDGE('',*,*,#966,.T.);
#1342=ORIENTED_EDGE('',*,*,#967,.T.);
#1343=ORIENTED_EDGE('',*,*,#968,.F.);
#1344=ORIENTED_EDGE('',*,*,#949,.F.);
#1345=ORIENTED_EDGE('',*,*,#946,.F.);
#1346=ORIENTED_EDGE('',*,*,#969,.T.);
#1347=ORIENTED_EDGE('',*,*,#815,.F.);
#1348=ORIENTED_EDGE('',*,*,#970,.F.);
#1349=ORIENTED_EDGE('',*,*,#966,.F.);
#1350=ORIENTED_EDGE('',*,*,#948,.T.);
#1351=ORIENTED_EDGE('',*,*,#968,.T.);
#1352=ORIENTED_EDGE('',*,*,#971,.T.);
#1353=ORIENTED_EDGE('',*,*,#972,.T.);
#1354=ORIENTED_EDGE('',*,*,#950,.T.);
#1355=ORIENTED_EDGE('',*,*,#973,.T.);
#1356=ORIENTED_EDGE('',*,*,#974,.T.);
#1357=ORIENTED_EDGE('',*,*,#975,.T.);
#1358=ORIENTED_EDGE('',*,*,#951,.T.);
#1359=ORIENTED_EDGE('',*,*,#972,.F.);
#1360=ORIENTED_EDGE('',*,*,#976,.F.);
#1361=ORIENTED_EDGE('',*,*,#955,.F.);
#1362=ORIENTED_EDGE('',*,*,#952,.T.);
#1363=ORIENTED_EDGE('',*,*,#975,.F.);
#1364=ORIENTED_EDGE('',*,*,#977,.F.);
#1365=ORIENTED_EDGE('',*,*,#813,.F.);
#1366=ORIENTED_EDGE('',*,*,#978,.T.);
#1367=ORIENTED_EDGE('',*,*,#979,.T.);
#1368=ORIENTED_EDGE('',*,*,#980,.T.);
#1369=ORIENTED_EDGE('',*,*,#962,.F.);
#1370=ORIENTED_EDGE('',*,*,#939,.F.);
#1371=ORIENTED_EDGE('',*,*,#936,.F.);
#1372=ORIENTED_EDGE('',*,*,#861,.T.);
#1373=ORIENTED_EDGE('',*,*,#823,.F.);
#1374=ORIENTED_EDGE('',*,*,#981,.F.);
#1375=ORIENTED_EDGE('',*,*,#979,.F.);
#1376=ORIENTED_EDGE('',*,*,#938,.T.);
#1377=ORIENTED_EDGE('',*,*,#822,.F.);
#1378=ORIENTED_EDGE('',*,*,#960,.T.);
#1379=ORIENTED_EDGE('',*,*,#959,.T.);
#1380=ORIENTED_EDGE('',*,*,#961,.F.);
#1381=ORIENTED_EDGE('',*,*,#980,.F.);
#1382=ORIENTED_EDGE('',*,*,#981,.T.);
#1383=ORIENTED_EDGE('',*,*,#977,.T.);
#1384=ORIENTED_EDGE('',*,*,#976,.T.);
#1385=ORIENTED_EDGE('',*,*,#971,.F.);
#1386=ORIENTED_EDGE('',*,*,#967,.F.);
#1387=ORIENTED_EDGE('',*,*,#970,.T.);
#1388=ORIENTED_EDGE('',*,*,#814,.F.);
#1389=ORIENTED_EDGE('',*,*,#840,.T.);
#1390=ORIENTED_EDGE('',*,*,#876,.F.);
#1391=ORIENTED_EDGE('',*,*,#885,.F.);
#1392=ORIENTED_EDGE('',*,*,#982,.T.);
#1393=ORIENTED_EDGE('',*,*,#983,.T.);
#1394=ORIENTED_EDGE('',*,*,#812,.F.);
#1395=ORIENTED_EDGE('',*,*,#835,.T.);
#1396=ORIENTED_EDGE('',*,*,#934,.F.);
#1397=ORIENTED_EDGE('',*,*,#901,.T.);
#1398=ORIENTED_EDGE('',*,*,#982,.F.);
#1399=ORIENTED_EDGE('',*,*,#884,.F.);
#1400=ORIENTED_EDGE('',*,*,#931,.F.);
#1401=ORIENTED_EDGE('',*,*,#878,.F.);
#1402=ORIENTED_EDGE('',*,*,#864,.T.);
#1403=ORIENTED_EDGE('',*,*,#924,.T.);
#1404=ORIENTED_EDGE('',*,*,#983,.F.);
#1405=ORIENTED_EDGE('',*,*,#900,.T.);
#1406=ORIENTED_EDGE('',*,*,#956,.F.);
#1407=ORIENTED_EDGE('',*,*,#978,.F.);
#1408=ORIENTED_EDGE('',*,*,#969,.F.);
#1409=ORIENTED_EDGE('',*,*,#945,.F.);
#1410=ORIENTED_EDGE('',*,*,#889,.F.);
#1411=ORIENTED_EDGE('',*,*,#944,.F.);
#1412=ORIENTED_EDGE('',*,*,#816,.T.);
#1413=ORIENTED_EDGE('',*,*,#973,.F.);
#1414=ORIENTED_EDGE('',*,*,#984,.T.);
#1415=ORIENTED_EDGE('',*,*,#904,.T.);
#1416=ORIENTED_EDGE('',*,*,#984,.F.);
#1417=ORIENTED_EDGE('',*,*,#974,.F.);
#1418=ORIENTED_EDGE('',*,*,#985,.T.);
#1419=ORIENTED_EDGE('',*,*,#905,.T.);
#1420=ORIENTED_EDGE('',*,*,#985,.F.);
#1421=ORIENTED_EDGE('',*,*,#965,.F.);
#1422=ORIENTED_EDGE('',*,*,#986,.T.);
#1423=ORIENTED_EDGE('',*,*,#930,.T.);
#1424=ORIENTED_EDGE('',*,*,#986,.F.);
#1425=ORIENTED_EDGE('',*,*,#928,.T.);
#1426=ORIENTED_EDGE('',*,*,#987,.T.);
#1427=ORIENTED_EDGE('',*,*,#963,.F.);
#1428=ORIENTED_EDGE('',*,*,#988,.F.);
#1429=ORIENTED_EDGE('',*,*,#929,.T.);
#1430=ORIENTED_EDGE('',*,*,#988,.T.);
#1431=ORIENTED_EDGE('',*,*,#964,.F.);
#1432=ORIENTED_EDGE('',*,*,#987,.F.);
#1433=CYLINDRICAL_SURFACE('',#1559,2.);
#1434=CYLINDRICAL_SURFACE('',#1563,2.);
#1435=CYLINDRICAL_SURFACE('',#1567,2.);
#1436=CYLINDRICAL_SURFACE('',#1571,2.);
#1437=CYLINDRICAL_SURFACE('',#1575,1.);
#1438=CYLINDRICAL_SURFACE('',#1579,1.);
#1439=CYLINDRICAL_SURFACE('',#1596,2.4);
#1440=CYLINDRICAL_SURFACE('',#1600,2.4);
#1441=CYLINDRICAL_SURFACE('',#1604,1.65);
#1442=CYLINDRICAL_SURFACE('',#1607,1.64999999999999);
#1443=CYLINDRICAL_SURFACE('',#1625,0.749999999999989);
#1444=CYLINDRICAL_SURFACE('',#1638,0.749999999999993);
#1445=CYLINDRICAL_SURFACE('',#1645,1.5);
#1446=CYLINDRICAL_SURFACE('',#1647,1.5);
#1447=CYLINDRICAL_SURFACE('',#1654,2.);
#1448=CYLINDRICAL_SURFACE('',#1655,2.);
#1449=CYLINDRICAL_SURFACE('',#1657,1.5);
#1450=CYLINDRICAL_SURFACE('',#1660,1.5);
#1451=CYLINDRICAL_SURFACE('',#1661,1.5);
#1452=CYLINDRICAL_SURFACE('',#1664,1.5);
#1453=CYLINDRICAL_SURFACE('',#1666,1.5);
#1454=CYLINDRICAL_SURFACE('',#1668,5.99999999999998);
#1455=CYLINDRICAL_SURFACE('',#1678,6.00000000000001);
#1456=CYLINDRICAL_SURFACE('',#1688,6.00000000000001);
#1457=CYLINDRICAL_SURFACE('',#1692,5.99999999999998);
#1458=CYLINDRICAL_SURFACE('',#1696,6.00000000000001);
#1459=CYLINDRICAL_SURFACE('',#1697,6.00000000000001);
#1460=CYLINDRICAL_SURFACE('',#1703,2.50048733838465);
#1461=CYLINDRICAL_SURFACE('',#1704,2.50048733838469);
#1462=CYLINDRICAL_SURFACE('',#1705,2.50048733838469);
#1463=CYLINDRICAL_SURFACE('',#1706,2.58233169552921);
#1464=ADVANCED_FACE('',(#89),#1433,.F.);
#1465=ADVANCED_FACE('',(#90),#43,.F.);
#1466=ADVANCED_FACE('',(#91),#1434,.F.);
#1467=ADVANCED_FACE('',(#92),#44,.F.);
#1468=ADVANCED_FACE('',(#93),#1435,.F.);
#1469=ADVANCED_FACE('',(#94),#45,.F.);
#1470=ADVANCED_FACE('',(#95),#1436,.F.);
#1471=ADVANCED_FACE('',(#96),#46,.F.);
#1472=ADVANCED_FACE('',(#97),#1437,.F.);
#1473=ADVANCED_FACE('',(#98),#47,.F.);
#1474=ADVANCED_FACE('',(#99),#1438,.F.);
#1475=ADVANCED_FACE('',(#100),#48,.F.);
#1476=ADVANCED_FACE('',(#101),#49,.F.);
#1477=ADVANCED_FACE('',(#102,#29,#30,#31),#50,.T.);
#1478=ADVANCED_FACE('',(#103),#51,.F.);
#1479=ADVANCED_FACE('',(#104),#52,.F.);
#1480=ADVANCED_FACE('',(#105),#53,.F.);
#1481=ADVANCED_FACE('',(#106),#54,.T.);
#1482=ADVANCED_FACE('',(#107),#55,.T.);
#1483=ADVANCED_FACE('',(#108),#1439,.F.);
#1484=ADVANCED_FACE('',(#109),#56,.T.);
#1485=ADVANCED_FACE('',(#110),#1440,.F.);
#1486=ADVANCED_FACE('',(#111),#57,.T.);
#1487=ADVANCED_FACE('',(#112),#1441,.F.);
#1488=ADVANCED_FACE('',(#113),#58,.T.);
#1489=ADVANCED_FACE('',(#114),#1442,.F.);
#1490=ADVANCED_FACE('',(#115),#59,.T.);
#1491=ADVANCED_FACE('',(#116),#60,.F.);
#1492=ADVANCED_FACE('',(#117),#61,.F.);
#1493=ADVANCED_FACE('',(#118),#62,.T.);
#1494=ADVANCED_FACE('',(#119),#63,.F.);
#1495=ADVANCED_FACE('',(#120),#64,.T.);
#1496=ADVANCED_FACE('',(#121),#65,.F.);
#1497=ADVANCED_FACE('',(#122),#66,.F.);
#1498=ADVANCED_FACE('',(#123),#67,.T.);
#1499=ADVANCED_FACE('',(#124,#32,#33,#34),#68,.T.);
#1500=ADVANCED_FACE('',(#125),#69,.T.);
#1501=ADVANCED_FACE('',(#126),#70,.T.);
#1502=ADVANCED_FACE('',(#127),#1443,.T.);
#1503=ADVANCED_FACE('',(#128),#15,.T.);
#1504=ADVANCED_FACE('',(#129),#16,.T.);
#1505=ADVANCED_FACE('',(#130,#35,#36),#71,.F.);
#1506=ADVANCED_FACE('',(#131),#1444,.T.);
#1507=ADVANCED_FACE('',(#132),#17,.T.);
#1508=ADVANCED_FACE('',(#133),#18,.T.);
#1509=ADVANCED_FACE('',(#134),#1445,.F.);
#1510=ADVANCED_FACE('',(#135),#72,.T.);
#1511=ADVANCED_FACE('',(#136),#1446,.T.);
#1512=ADVANCED_FACE('',(#137,#37,#38),#73,.F.);
#1513=ADVANCED_FACE('',(#138),#1447,.F.);
#1514=ADVANCED_FACE('',(#139),#1448,.F.);
#1515=ADVANCED_FACE('',(#140),#74,.T.);
#1516=ADVANCED_FACE('',(#141),#1449,.T.);
#1517=ADVANCED_FACE('',(#142),#75,.T.);
#1518=ADVANCED_FACE('',(#143),#1450,.F.);
#1519=ADVANCED_FACE('',(#144),#1451,.T.);
#1520=ADVANCED_FACE('',(#145),#76,.T.);
#1521=ADVANCED_FACE('',(#146),#1452,.T.);
#1522=ADVANCED_FACE('',(#147),#1453,.T.);
#1523=ADVANCED_FACE('',(#148),#1454,.F.);
#1524=ADVANCED_FACE('',(#149),#77,.T.);
#1525=ADVANCED_FACE('',(#150,#39,#40),#78,.T.);
#1526=ADVANCED_FACE('',(#151),#1455,.F.);
#1527=ADVANCED_FACE('',(#152),#79,.T.);
#1528=ADVANCED_FACE('',(#153,#41,#42),#80,.T.);
#1529=ADVANCED_FACE('',(#154),#1456,.F.);
#1530=ADVANCED_FACE('',(#155),#81,.T.);
#1531=ADVANCED_FACE('',(#156),#1457,.F.);
#1532=ADVANCED_FACE('',(#157),#82,.T.);
#1533=ADVANCED_FACE('',(#158),#1458,.F.);
#1534=ADVANCED_FACE('',(#159),#1459,.F.);
#1535=ADVANCED_FACE('',(#160),#83,.T.);
#1536=ADVANCED_FACE('',(#161),#84,.T.);
#1537=ADVANCED_FACE('',(#162),#85,.T.);
#1538=ADVANCED_FACE('',(#163),#86,.T.);
#1539=ADVANCED_FACE('',(#164),#87,.T.);
#1540=ADVANCED_FACE('',(#165),#1460,.F.);
#1541=ADVANCED_FACE('',(#166),#1461,.F.);
#1542=ADVANCED_FACE('',(#167),#1462,.F.);
#1543=ADVANCED_FACE('',(#168),#1463,.F.);
#1544=ADVANCED_FACE('',(#169),#88,.T.);
#1545=CLOSED_SHELL('',(#1464,#1465,#1466,#1467,#1468,#1469,#1470,#1471,
#1472,#1473,#1474,#1475,#1476,#1477,#1478,#1479,#1480,#1481,#1482,#1483,
#1484,#1485,#1486,#1487,#1488,#1489,#1490,#1491,#1492,#1493,#1494,#1495,
#1496,#1497,#1498,#1499,#1500,#1501,#1502,#1503,#1504,#1505,#1506,#1507,
#1508,#1509,#1510,#1511,#1512,#1513,#1514,#1515,#1516,#1517,#1518,#1519,
#1520,#1521,#1522,#1523,#1524,#1525,#1526,#1527,#1528,#1529,#1530,#1531,
#1532,#1533,#1534,#1535,#1536,#1537,#1538,#1539,#1540,#1541,#1542,#1543,
#1544));
#1546=DERIVED_UNIT_ELEMENT(#1548,1.);
#1547=DERIVED_UNIT_ELEMENT(#2665,-3.);
#1548=(
MASS_UNIT()
NAMED_UNIT(*)
SI_UNIT(.KILO.,.GRAM.)
);
#1549=DERIVED_UNIT((#1546,#1547));
#1550=MEASURE_REPRESENTATION_ITEM('density measure',
POSITIVE_RATIO_MEASURE(7850.),#1549);
#1551=PROPERTY_DEFINITION_REPRESENTATION(#1556,#1553);
#1552=PROPERTY_DEFINITION_REPRESENTATION(#1557,#1554);
#1553=REPRESENTATION('material name',(#1555),#2662);
#1554=REPRESENTATION('density',(#1550),#2662);
#1555=DESCRIPTIVE_REPRESENTATION_ITEM('Steel','Steel');
#1556=PROPERTY_DEFINITION('material property','material name',#2672);
#1557=PROPERTY_DEFINITION('material property','density of part',#2672);
#1558=AXIS2_PLACEMENT_3D('',#2152,#1708,#1709);
#1559=AXIS2_PLACEMENT_3D('',#2153,#1710,#1711);
#1560=AXIS2_PLACEMENT_3D('',#2156,#1712,#1713);
#1561=AXIS2_PLACEMENT_3D('',#2160,#1715,#1716);
#1562=AXIS2_PLACEMENT_3D('',#2162,#1718,#1719);
#1563=AXIS2_PLACEMENT_3D('',#2168,#1723,#1724);
#1564=AXIS2_PLACEMENT_3D('',#2170,#1725,#1726);
#1565=AXIS2_PLACEMENT_3D('',#2173,#1728,#1729);
#1566=AXIS2_PLACEMENT_3D('',#2174,#1730,#1731);
#1567=AXIS2_PLACEMENT_3D('',#2180,#1735,#1736);
#1568=AXIS2_PLACEMENT_3D('',#2182,#1737,#1738);
#1569=AXIS2_PLACEMENT_3D('',#2185,#1740,#1741);
#1570=AXIS2_PLACEMENT_3D('',#2186,#1742,#1743);
#1571=AXIS2_PLACEMENT_3D('',#2192,#1747,#1748);
#1572=AXIS2_PLACEMENT_3D('',#2194,#1749,#1750);
#1573=AXIS2_PLACEMENT_3D('',#2197,#1752,#1753);
#1574=AXIS2_PLACEMENT_3D('',#2198,#1754,#1755);
#1575=AXIS2_PLACEMENT_3D('',#2201,#1758,#1759);
#1576=AXIS2_PLACEMENT_3D('',#2204,#1760,#1761);
#1577=AXIS2_PLACEMENT_3D('',#2208,#1763,#1764);
#1578=AXIS2_PLACEMENT_3D('',#2210,#1766,#1767);
#1579=AXIS2_PLACEMENT_3D('',#2216,#1771,#1772);
#1580=AXIS2_PLACEMENT_3D('',#2218,#1773,#1774);
#1581=AXIS2_PLACEMENT_3D('',#2221,#1776,#1777);
#1582=AXIS2_PLACEMENT_3D('',#2222,#1778,#1779);
#1583=AXIS2_PLACEMENT_3D('',#2232,#1785,#1786);
#1584=AXIS2_PLACEMENT_3D('',#2242,#1792,#1793);
#1585=AXIS2_PLACEMENT_3D('',#2250,#1797,#1798);
#1586=AXIS2_PLACEMENT_3D('',#2256,#1801,#1802);
#1587=AXIS2_PLACEMENT_3D('',#2260,#1804,#1805);
#1588=AXIS2_PLACEMENT_3D('',#2266,#1808,#1809);
#1589=AXIS2_PLACEMENT_3D('',#2279,#1816,#1817);
#1590=AXIS2_PLACEMENT_3D('',#2281,#1818,#1819);
#1591=AXIS2_PLACEMENT_3D('',#2282,#1820,#1821);
#1592=AXIS2_PLACEMENT_3D('',#2288,#1825,#1826);
#1593=AXIS2_PLACEMENT_3D('',#2292,#1829,#1830);
#1594=AXIS2_PLACEMENT_3D('',#2298,#1834,#1835);
#1595=AXIS2_PLACEMENT_3D('',#2302,#1838,#1839);
#1596=AXIS2_PLACEMENT_3D('',#2310,#1844,#1845);
#1597=AXIS2_PLACEMENT_3D('',#2312,#1846,#1847);
#1598=AXIS2_PLACEMENT_3D('',#2315,#1849,#1850);
#1599=AXIS2_PLACEMENT_3D('',#2316,#1851,#1852);
#1600=AXIS2_PLACEMENT_3D('',#2317,#1853,#1854);
#1601=AXIS2_PLACEMENT_3D('',#2319,#1855,#1856);
#1602=AXIS2_PLACEMENT_3D('',#2322,#1858,#1859);
#1603=AXIS2_PLACEMENT_3D('',#2323,#1860,#1861);
#1604=AXIS2_PLACEMENT_3D('',#2324,#1862,#1863);
#1605=AXIS2_PLACEMENT_3D('',#2327,#1865,#1866);
#1606=AXIS2_PLACEMENT_3D('',#2328,#1867,#1868);
#1607=AXIS2_PLACEMENT_3D('',#2329,#1869,#1870);
#1608=AXIS2_PLACEMENT_3D('',#2332,#1872,#1873);
#1609=AXIS2_PLACEMENT_3D('',#2333,#1874,#1875);
#1610=AXIS2_PLACEMENT_3D('',#2334,#1876,#1877);
#1611=AXIS2_PLACEMENT_3D('',#2340,#1881,#1882);
#1612=AXIS2_PLACEMENT_3D('',#2346,#1886,#1887);
#1613=AXIS2_PLACEMENT_3D('',#2359,#1895,#1896);
#1614=AXIS2_PLACEMENT_3D('',#2362,#1899,#1900);
#1615=AXIS2_PLACEMENT_3D('',#2366,#1903,#1904);
#1616=AXIS2_PLACEMENT_3D('',#2368,#1906,#1907);
#1617=AXIS2_PLACEMENT_3D('',#2372,#1910,#1911);
#1618=AXIS2_PLACEMENT_3D('',#2376,#1914,#1915);
#1619=AXIS2_PLACEMENT_3D('',#2381,#1918,#1919);
#1620=AXIS2_PLACEMENT_3D('',#2383,#1920,#1921);
#1621=AXIS2_PLACEMENT_3D('',#2387,#1923,#1924);
#1622=AXIS2_PLACEMENT_3D('',#2389,#1925,#1926);
#1623=AXIS2_PLACEMENT_3D('',#2393,#1929,#1930);
#1624=AXIS2_PLACEMENT_3D('',#2394,#1931,#1932);
#1625=AXIS2_PLACEMENT_3D('',#2395,#1933,#1934);
#1626=AXIS2_PLACEMENT_3D('',#2411,#1936,#1937);
#1627=AXIS2_PLACEMENT_3D('',#2413,#1939,#1940);
#1628=AXIS2_PLACEMENT_3D('',#2422,#1941,#1942);
#1629=AXIS2_PLACEMENT_3D('',#2423,#1943,#1944);
#1630=AXIS2_PLACEMENT_3D('',#2424,#1945,#1946);
#1631=AXIS2_PLACEMENT_3D('',#2446,#1947,#1948);
#1632=AXIS2_PLACEMENT_3D('',#2447,#1949,#1950);
#1633=AXIS2_PLACEMENT_3D('',#2449,#1951,#1952);
#1634=AXIS2_PLACEMENT_3D('',#2453,#1954,#1955);
#1635=AXIS2_PLACEMENT_3D('',#2459,#1958,#1959);
#1636=AXIS2_PLACEMENT_3D('',#2462,#1961,#1962);
#1637=AXIS2_PLACEMENT_3D('',#2464,#1963,#1964);
#1638=AXIS2_PLACEMENT_3D('',#2465,#1965,#1966);
#1639=AXIS2_PLACEMENT_3D('',#2481,#1968,#1969);
#1640=AXIS2_PLACEMENT_3D('',#2483,#1971,#1972);
#1641=AXIS2_PLACEMENT_3D('',#2492,#1973,#1974);
#1642=AXIS2_PLACEMENT_3D('',#2493,#1975,#1976);
#1643=AXIS2_PLACEMENT_3D('',#2494,#1977,#1978);
#1644=AXIS2_PLACEMENT_3D('',#2501,#1979,#1980);
#1645=AXIS2_PLACEMENT_3D('',#2517,#1981,#1982);
#1646=AXIS2_PLACEMENT_3D('',#2520,#1985,#1986);
#1647=AXIS2_PLACEMENT_3D('',#2524,#1989,#1990);
#1648=AXIS2_PLACEMENT_3D('',#2526,#1992,#1993);
#1649=AXIS2_PLACEMENT_3D('',#2530,#1995,#1996);
#1650=AXIS2_PLACEMENT_3D('',#2533,#1998,#1999);
#1651=AXIS2_PLACEMENT_3D('',#2536,#2001,#2002);
#1652=AXIS2_PLACEMENT_3D('',#2539,#2003,#2004);
#1653=AXIS2_PLACEMENT_3D('',#2542,#2006,#2007);
#1654=AXIS2_PLACEMENT_3D('',#2543,#2008,#2009);
#1655=AXIS2_PLACEMENT_3D('',#2546,#2012,#2013);
#1656=AXIS2_PLACEMENT_3D('',#2549,#2016,#2017);
#1657=AXIS2_PLACEMENT_3D('',#2551,#2019,#2020);
#1658=AXIS2_PLACEMENT_3D('',#2553,#2021,#2022);
#1659=AXIS2_PLACEMENT_3D('',#2555,#2024,#2025);
#1660=AXIS2_PLACEMENT_3D('',#2567,#2032,#2033);
#1661=AXIS2_PLACEMENT_3D('',#2569,#2035,#2036);
#1662=AXIS2_PLACEMENT_3D('',#2573,#2038,#2039);
#1663=AXIS2_PLACEMENT_3D('',#2575,#2041,#2042);
#1664=AXIS2_PLACEMENT_3D('',#2587,#2049,#2050);
#1665=AXIS2_PLACEMENT_3D('',#2588,#2051,#2052);
#1666=AXIS2_PLACEMENT_3D('',#2589,#2053,#2054);
#1667=AXIS2_PLACEMENT_3D('',#2591,#2055,#2056);
#1668=AXIS2_PLACEMENT_3D('',#2593,#2058,#2059);
#1669=AXIS2_PLACEMENT_3D('',#2595,#2060,#2061);
#1670=AXIS2_PLACEMENT_3D('',#2597,#2062,#2063);
#1671=AXIS2_PLACEMENT_3D('',#2599,#2065,#2066);
#1672=AXIS2_PLACEMENT_3D('',#2600,#2067,#2068);
#1673=AXIS2_PLACEMENT_3D('',#2601,#2069,#2070);
#1674=AXIS2_PLACEMENT_3D('',#2603,#2071,#2072);
#1675=AXIS2_PLACEMENT_3D('',#2604,#2073,#2074);
#1676=AXIS2_PLACEMENT_3D('',#2607,#2075,#2076);
#1677=AXIS2_PLACEMENT_3D('',#2610,#2078,#2079);
#1678=AXIS2_PLACEMENT_3D('',#2611,#2080,#2081);
#1679=AXIS2_PLACEMENT_3D('',#2613,#2082,#2083);
#1680=AXIS2_PLACEMENT_3D('',#2616,#2085,#2086);
#1681=AXIS2_PLACEMENT_3D('',#2617,#2087,#2088);
#1682=AXIS2_PLACEMENT_3D('',#2619,#2090,#2091);
#1683=AXIS2_PLACEMENT_3D('',#2620,#2092,#2093);
#1684=AXIS2_PLACEMENT_3D('',#2622,#2094,#2095);
#1685=AXIS2_PLACEMENT_3D('',#2623,#2096,#2097);
#1686=AXIS2_PLACEMENT_3D('',#2625,#2098,#2099);
#1687=AXIS2_PLACEMENT_3D('',#2627,#2100,#2101);
#1688=AXIS2_PLACEMENT_3D('',#2628,#2102,#2103);
#1689=AXIS2_PLACEMENT_3D('',#2630,#2104,#2105);
#1690=AXIS2_PLACEMENT_3D('',#2632,#2107,#2108);
#1691=AXIS2_PLACEMENT_3D('',#2633,#2109,#2110);
#1692=AXIS2_PLACEMENT_3D('',#2635,#2112,#2113);
#1693=AXIS2_PLACEMENT_3D('',#2637,#2114,#2115);
#1694=AXIS2_PLACEMENT_3D('',#2639,#2117,#2118);
#1695=AXIS2_PLACEMENT_3D('',#2640,#2119,#2120);
#1696=AXIS2_PLACEMENT_3D('',#2641,#2121,#2122);
#1697=AXIS2_PLACEMENT_3D('',#2642,#2123,#2124);
#1698=AXIS2_PLACEMENT_3D('',#2643,#2125,#2126);
#1699=AXIS2_PLACEMENT_3D('',#2646,#2129,#2130);
#1700=AXIS2_PLACEMENT_3D('',#2647,#2131,#2132);
#1701=AXIS2_PLACEMENT_3D('',#2648,#2133,#2134);
#1702=AXIS2_PLACEMENT_3D('',#2649,#2135,#2136);
#1703=AXIS2_PLACEMENT_3D('',#2650,#2137,#2138);
#1704=AXIS2_PLACEMENT_3D('',#2652,#2140,#2141);
#1705=AXIS2_PLACEMENT_3D('',#2654,#2143,#2144);
#1706=AXIS2_PLACEMENT_3D('',#2656,#2146,#2147);
#1707=AXIS2_PLACEMENT_3D('',#2659,#2150,#2151);
#1708=DIRECTION('axis',(0.,0.,1.));
#1709=DIRECTION('refdir',(1.,0.,0.));
#1710=DIRECTION('center_axis',(0.,0.,-1.));
#1711=DIRECTION('ref_axis',(0.258819045102525,-0.965925826289067,0.));
#1712=DIRECTION('center_axis',(0.,0.,1.));
#1713=DIRECTION('ref_axis',(0.258819045102525,-0.965925826289067,0.));
#1714=DIRECTION('',(0.,0.,-1.));
#1715=DIRECTION('center_axis',(0.,0.,-1.));
#1716=DIRECTION('ref_axis',(0.258819045102525,-0.965925826289067,0.));
#1717=DIRECTION('',(0.,0.,1.));
#1718=DIRECTION('center_axis',(0.866025403784438,-0.500000000000001,0.));
#1719=DIRECTION('ref_axis',(-0.500000000000001,-0.866025403784438,-6.93889390390723E-18));
#1720=DIRECTION('',(-0.500000000000001,-0.866025403784438,0.));
#1721=DIRECTION('',(0.,0.,1.));
#1722=DIRECTION('',(0.500000000000001,0.866025403784438,0.));
#1723=DIRECTION('center_axis',(0.,0.,-1.));
#1724=DIRECTION('ref_axis',(0.965925826289068,0.258819045102521,0.));
#1725=DIRECTION('center_axis',(0.,0.,1.));
#1726=DIRECTION('ref_axis',(0.965925826289068,0.258819045102521,0.));
#1727=DIRECTION('',(0.,0.,-1.));
#1728=DIRECTION('center_axis',(0.,0.,-1.));
#1729=DIRECTION('ref_axis',(0.965925826289068,0.258819045102521,0.));
#1730=DIRECTION('center_axis',(0.500000000000001,0.866025403784438,0.));
#1731=DIRECTION('ref_axis',(0.866025403784438,-0.500000000000001,1.38777878078145E-17));
#1732=DIRECTION('',(0.866025403784438,-0.500000000000001,0.));
#1733=DIRECTION('',(0.,0.,1.));
#1734=DIRECTION('',(-0.866025403784438,0.500000000000001,0.));
#1735=DIRECTION('center_axis',(0.,0.,-1.));
#1736=DIRECTION('ref_axis',(-0.258819045102524,0.965925826289067,0.));
#1737=DIRECTION('center_axis',(0.,0.,1.));
#1738=DIRECTION('ref_axis',(-0.258819045102524,0.965925826289067,0.));
#1739=DIRECTION('',(0.,0.,-1.));
#1740=DIRECTION('center_axis',(0.,0.,-1.));
#1741=DIRECTION('ref_axis',(-0.258819045102524,0.965925826289067,0.));
#1742=DIRECTION('center_axis',(-0.866025403784438,0.5,0.));
#1743=DIRECTION('ref_axis',(0.5,0.866025403784438,6.93889390390722E-18));
#1744=DIRECTION('',(0.5,0.866025403784438,0.));
#1745=DIRECTION('',(0.,0.,1.));
#1746=DIRECTION('',(-0.5,-0.866025403784438,0.));
#1747=DIRECTION('center_axis',(0.,0.,-1.));
#1748=DIRECTION('ref_axis',(-0.96592582628907,-0.258819045102516,0.));
#1749=DIRECTION('center_axis',(0.,0.,1.));
#1750=DIRECTION('ref_axis',(-0.96592582628907,-0.258819045102516,0.));
#1751=DIRECTION('',(0.,0.,-1.));
#1752=DIRECTION('center_axis',(0.,0.,-1.));
#1753=DIRECTION('ref_axis',(-0.96592582628907,-0.258819045102516,0.));
#1754=DIRECTION('center_axis',(-0.500000000000001,-0.866025403784438,0.));
#1755=DIRECTION('ref_axis',(-0.866025403784438,0.500000000000001,-1.38777878078145E-17));
#1756=DIRECTION('',(0.866025403784438,-0.500000000000001,0.));
#1757=DIRECTION('',(-0.866025403784438,0.500000000000001,0.));
#1758=DIRECTION('center_axis',(0.,0.,-1.));
#1759=DIRECTION('ref_axis',(-0.965925826289069,-0.258819045102518,0.));
#1760=DIRECTION('center_axis',(0.,0.,1.));
#1761=DIRECTION('ref_axis',(-0.965925826289069,-0.258819045102518,0.));
#1762=DIRECTION('',(0.,0.,-1.));
#1763=DIRECTION('center_axis',(0.,0.,-1.));
#1764=DIRECTION('ref_axis',(-0.965925826289069,-0.258819045102518,0.));
#1765=DIRECTION('',(0.,0.,1.));
#1766=DIRECTION('center_axis',(-0.499999999999999,-0.866025403784439,0.));
#1767=DIRECTION('ref_axis',(-0.866025403784439,0.499999999999999,-4.31408307542741E-32));
#1768=DIRECTION('',(-0.866025403784439,0.499999999999999,0.));
#1769=DIRECTION('',(0.,0.,1.));
#1770=DIRECTION('',(0.866025403784439,-0.499999999999999,0.));
#1771=DIRECTION('center_axis',(0.,0.,-1.));
#1772=DIRECTION('ref_axis',(0.258819045102513,-0.965925826289071,0.));
#1773=DIRECTION('center_axis',(0.,0.,1.));
#1774=DIRECTION('ref_axis',(0.258819045102513,-0.965925826289071,0.));
#1775=DIRECTION('',(0.,0.,-1.));
#1776=DIRECTION('center_axis',(0.,0.,-1.));
#1777=DIRECTION('ref_axis',(0.258819045102513,-0.965925826289071,0.));
#1778=DIRECTION('center_axis',(0.866025403784438,-0.500000000000001,0.));
#1779=DIRECTION('ref_axis',(-0.500000000000001,-0.866025403784438,1.19853167793524E-18));
#1780=DIRECTION('',(-0.500000000000001,-0.866025403784438,0.));
#1781=DIRECTION('',(0.,0.,1.));
#1782=DIRECTION('',(-0.500000000000001,-0.866025403784438,-8.32667268468868E-16));
#1783=DIRECTION('',(-5.5511151231258E-16,-9.61481343191781E-16,1.));
#1784=DIRECTION('',(0.500000000000001,0.866025403784438,0.));
#1785=DIRECTION('center_axis',(-0.866025403784438,0.500000000000001,0.));
#1786=DIRECTION('ref_axis',(0.500000000000001,0.866025403784438,-3.46944695195361E-18));
#1787=DIRECTION('',(-0.500000000000001,-0.866025403784438,0.));
#1788=DIRECTION('',(5.55111512312579E-16,9.61481343191781E-16,-1.));
#1789=DIRECTION('',(0.500000000000001,0.866025403784438,8.32667268468867E-16));
#1790=DIRECTION('',(0.,0.,-1.));
#1791=DIRECTION('',(0.500000000000001,0.866025403784438,0.));
#1792=DIRECTION('center_axis',(0.,0.,1.));
#1793=DIRECTION('ref_axis',(1.,0.,0.));
#1794=DIRECTION('',(-0.866025403784432,0.500000000000012,0.));
#1795=DIRECTION('',(-0.50303713796947,-0.864264796126444,0.));
#1796=DIRECTION('',(0.866025403784413,-0.500000000000044,9.47911187147491E-17));
#1797=DIRECTION('center_axis',(0.,0.,-1.));
#1798=DIRECTION('ref_axis',(-1.,0.,0.));
#1799=DIRECTION('',(0.866025403784413,-0.500000000000044,9.47911187147491E-17));
#1800=DIRECTION('',(0.500000000000032,0.86602540378442,0.));
#1801=DIRECTION('center_axis',(0.,0.,1.));
#1802=DIRECTION('ref_axis',(4.73695157173405E-14,1.,0.));
#1803=DIRECTION('',(0.499999999999955,-0.866025403784464,-8.98468290795423E-17));
#1804=DIRECTION('center_axis',(0.,0.,1.));
#1805=DIRECTION('ref_axis',(0.866025403784403,-0.500000000000062,0.));
#1806=DIRECTION('',(-1.,3.37507799486046E-14,0.));
#1807=DIRECTION('',(-3.63997895864641E-14,-1.,0.));
#1808=DIRECTION('center_axis',(0.,0.,-1.));
#1809=DIRECTION('ref_axis',(-1.,0.,0.));
#1810=DIRECTION('',(-3.63997895864641E-14,-1.,0.));
#1811=DIRECTION('',(1.,-2.24511767201966E-14,0.));
#1812=DIRECTION('',(0.,1.,0.));
#1813=DIRECTION('',(1.,0.,0.));
#1814=DIRECTION('',(-0.500000000000012,-0.866025403784432,0.));
#1815=DIRECTION('',(-0.866025403784432,0.500000000000012,0.));
#1816=DIRECTION('center_axis',(0.,0.,-1.));
#1817=DIRECTION('ref_axis',(-1.,-5.21220080546407E-36,0.));
#1818=DIRECTION('center_axis',(0.,0.,-1.));
#1819=DIRECTION('ref_axis',(-1.,-5.21220080546407E-36,0.));
#1820=DIRECTION('center_axis',(-0.500000000000012,-0.866025403784432,-1.11022302462516E-15));
#1821=DIRECTION('ref_axis',(-2.22044604925026E-15,0.,1.));
#1822=DIRECTION('',(0.866025403784431,-0.500000000000012,0.));
#1823=DIRECTION('',(5.55111512312591E-16,9.61481343191774E-16,-1.));
#1824=DIRECTION('',(-0.866025403784431,0.500000000000012,4.93038065763132E-31));
#1825=DIRECTION('center_axis',(-0.500000000000012,-0.866025403784432,0.));
#1826=DIRECTION('ref_axis',(0.,0.,1.));
#1827=DIRECTION('',(0.866025403784432,-0.500000000000012,0.));
#1828=DIRECTION('',(0.,0.,-1.));
#1829=DIRECTION('center_axis',(-0.500000000000012,-0.866025403784432,0.));
#1830=DIRECTION('ref_axis',(0.,0.,1.));
#1831=DIRECTION('',(0.,0.,1.));
#1832=DIRECTION('',(0.866025403784432,-0.500000000000012,0.));
#1833=DIRECTION('',(0.866025403784432,-0.500000000000012,0.));
#1834=DIRECTION('center_axis',(-4.16333634234444E-16,-7.21111007393831E-16,
1.));
#1835=DIRECTION('ref_axis',(0.866025403784432,-0.500000000000012,0.));
#1836=DIRECTION('',(0.500000000000012,0.866025403784432,8.32667268468867E-16));
#1837=DIRECTION('',(0.50303713796947,0.864264796126444,0.));
#1838=DIRECTION('center_axis',(-4.16333634234444E-16,-7.21111007393831E-16,
1.));
#1839=DIRECTION('ref_axis',(0.866025403784432,-0.500000000000012,0.));
#1840=DIRECTION('',(0.,1.,7.21111007393831E-16));
#1841=DIRECTION('',(1.,0.,4.16333634234444E-16));
#1842=DIRECTION('',(0.500000000000012,0.866025403784432,8.32667268468867E-16));
#1843=DIRECTION('',(-0.866025403784431,0.500000000000012,4.93038065763132E-31));
#1844=DIRECTION('center_axis',(0.,0.,1.));
#1845=DIRECTION('ref_axis',(1.,-7.77181158958389E-9,0.));
#1846=DIRECTION('center_axis',(0.,0.,1.));
#1847=DIRECTION('ref_axis',(1.,-7.77181158958389E-9,0.));
#1848=DIRECTION('',(0.,0.,1.));
#1849=DIRECTION('center_axis',(-1.54879635261398E-17,9.29635410019E-19,
1.));
#1850=DIRECTION('ref_axis',(1.,-7.77181158958389E-9,1.54879635333647E-17));
#1851=DIRECTION('center_axis',(1.54879635261398E-17,-9.29635410019E-19,
-1.));
#1852=DIRECTION('ref_axis',(1.,-7.7718115895839E-9,1.54879635333647E-17));
#1853=DIRECTION('center_axis',(0.,0.,1.));
#1854=DIRECTION('ref_axis',(1.,-7.77181158958389E-9,0.));
#1855=DIRECTION('center_axis',(0.,0.,1.));
#1856=DIRECTION('ref_axis',(1.,-7.77181158958389E-9,0.));
#1857=DIRECTION('',(0.,0.,1.));
#1858=DIRECTION('center_axis',(-1.54879635261398E-17,9.29635410019E-19,
1.));
#1859=DIRECTION('ref_axis',(1.,-7.77181158958389E-9,1.54879635333647E-17));
#1860=DIRECTION('center_axis',(1.54879635261398E-17,-9.29635410019E-19,
-1.));
#1861=DIRECTION('ref_axis',(1.,-7.7718115895839E-9,1.54879635333647E-17));
#1862=DIRECTION('center_axis',(0.,0.,-1.));
#1863=DIRECTION('ref_axis',(-1.,-5.21220080546407E-36,0.));
#1864=DIRECTION('',(0.,0.,-1.));
#1865=DIRECTION('center_axis',(1.54879637418509E-17,-9.29635508958611E-19,
-1.));
#1866=DIRECTION('ref_axis',(-1.,-5.21220080546407E-36,-1.54879637418509E-17));
#1867=DIRECTION('center_axis',(-1.54879637418509E-17,9.29635508958611E-19,
1.));
#1868=DIRECTION('ref_axis',(-1.,-5.21220080546407E-36,-1.54879637418509E-17));
#1869=DIRECTION('center_axis',(0.,0.,-1.));
#1870=DIRECTION('ref_axis',(-1.,-5.21220080546407E-36,0.));
#1871=DIRECTION('',(0.,0.,-1.));
#1872=DIRECTION('center_axis',(1.54879637418509E-17,-9.29635508958611E-19,
-1.));
#1873=DIRECTION('ref_axis',(-1.,-5.21220080546407E-36,-1.54879637418509E-17));
#1874=DIRECTION('center_axis',(-1.54879637418509E-17,9.29635508958611E-19,
1.));
#1875=DIRECTION('ref_axis',(-1.,-5.21220080546407E-36,-1.54879637418509E-17));
#1876=DIRECTION('center_axis',(0.,1.,0.));
#1877=DIRECTION('ref_axis',(0.,0.,-1.));
#1878=DIRECTION('',(0.,0.,-1.));
#1879=DIRECTION('',(0.,0.,-1.));
#1880=DIRECTION('',(-1.,0.,0.));
#1881=DIRECTION('center_axis',(-1.,0.,0.));
#1882=DIRECTION('ref_axis',(0.,0.,1.));
#1883=DIRECTION('',(0.,-1.,0.));
#1884=DIRECTION('',(0.,1.,0.));
#1885=DIRECTION('',(0.,0.,1.));
#1886=DIRECTION('center_axis',(-2.24511767201966E-14,-1.,0.));
#1887=DIRECTION('ref_axis',(1.,-2.24511767201966E-14,0.));
#1888=DIRECTION('',(1.,-3.37507799486046E-14,0.));
#1889=DIRECTION('',(0.,0.,1.));
#1890=DIRECTION('',(1.,-3.37507799486046E-14,0.));
#1891=DIRECTION('',(0.,0.,1.));
#1892=DIRECTION('',(-1.,2.24511767201966E-14,0.));
#1893=DIRECTION('',(1.,-2.24511767201966E-14,0.));
#1894=DIRECTION('',(0.,0.,1.));
#1895=DIRECTION('center_axis',(0.866025403784432,-0.500000000000012,0.));
#1896=DIRECTION('ref_axis',(0.,0.,1.));
#1897=DIRECTION('',(0.,0.,-1.));
#1898=DIRECTION('',(-0.500000000000012,-0.866025403784432,0.));
#1899=DIRECTION('center_axis',(0.,0.,-1.));
#1900=DIRECTION('ref_axis',(0.,1.,0.));
#1901=DIRECTION('',(1.,0.,0.));
#1902=DIRECTION('',(0.,-1.,0.));
#1903=DIRECTION('center_axis',(-1.,0.,0.));
#1904=DIRECTION('ref_axis',(0.,0.,1.));
#1905=DIRECTION('',(0.,0.,-1.));
#1906=DIRECTION('center_axis',(-0.500000000000012,-0.866025403784432,-1.11022302462516E-15));
#1907=DIRECTION('ref_axis',(-2.22044604925026E-15,0.,1.));
#1908=DIRECTION('',(-5.55111512312591E-16,-9.61481343191774E-16,1.));
#1909=DIRECTION('',(0.866025403784431,-0.500000000000012,0.));
#1910=DIRECTION('center_axis',(-0.866025403784432,0.500000000000012,9.86076131526265E-32));
#1911=DIRECTION('ref_axis',(-8.18446756081963E-16,-1.41759136482385E-15,
1.));
#1912=DIRECTION('',(0.500000000000012,0.866025403784432,8.32667268468867E-16));
#1913=DIRECTION('',(0.,0.,1.));
#1914=DIRECTION('center_axis',(0.,0.,-1.));
#1915=DIRECTION('ref_axis',(1.,0.,0.));
#1916=DIRECTION('',(0.500000000000012,0.866025403784432,8.32667268468867E-16));
#1917=DIRECTION('',(3.63997895864641E-14,1.,0.));
#1918=DIRECTION('center_axis',(0.,0.,-1.));
#1919=DIRECTION('ref_axis',(0.965925826289077,0.258819045102489,0.));
#1920=DIRECTION('center_axis',(0.,0.,-1.));
#1921=DIRECTION('ref_axis',(0.913769864038866,-0.406232243395809,0.));
#1922=DIRECTION('',(0.499999999999955,-0.866025403784464,0.));
#1923=DIRECTION('center_axis',(0.,0.,-1.));
#1924=DIRECTION('ref_axis',(0.10507748940251,0.994464037168195,0.));
#1925=DIRECTION('center_axis',(0.,0.,-1.));
#1926=DIRECTION('ref_axis',(0.70710678118658,0.707106781186515,0.));
#1927=DIRECTION('',(-0.866025403784413,0.500000000000044,-9.47911187147491E-17));
#1928=DIRECTION('',(0.50303713796947,0.864264796126444,0.));
#1929=DIRECTION('center_axis',(0.866025403784432,-0.500000000000012,0.));
#1930=DIRECTION('ref_axis',(0.,0.,-1.));
#1931=DIRECTION('center_axis',(0.,1.,0.));
#1932=DIRECTION('ref_axis',(0.,0.,1.));
#1933=DIRECTION('center_axis',(0.500000000000032,0.86602540378442,4.9303806576313E-32));
#1934=DIRECTION('ref_axis',(0.866025403784423,-0.500000000000027,0.));
#1935=DIRECTION('',(0.500000000000032,0.86602540378442,4.9303806576313E-32));
#1936=DIRECTION('center_axis',(-0.499999999999714,-0.866025403784604,-3.61389857279864E-13));
#1937=DIRECTION('ref_axis',(1.8947806286936E-13,3.0790185216271E-13,-1.));
#1938=DIRECTION('',(-0.500000000000032,-0.86602540378442,-4.9303806576313E-32));
#1939=DIRECTION('center_axis',(2.46519032881579E-32,4.26983489983605E-32,
-1.));
#1940=DIRECTION('ref_axis',(0.866025403784485,-0.499999999999919,0.));
#1941=DIRECTION('center_axis',(-2.46519032881579E-32,-4.26983489983605E-32,
1.));
#1942=DIRECTION('ref_axis',(0.866025403784482,-0.499999999999925,5.93909700700167E-45));
#1943=DIRECTION('center_axis',(2.46519032881579E-32,4.26983489983605E-32,
-1.));
#1944=DIRECTION('ref_axis',(0.866025403784484,-0.499999999999921,0.));
#1945=DIRECTION('center_axis',(0.,0.,1.));
#1946=DIRECTION('ref_axis',(1.,0.,0.));
#1947=DIRECTION('center_axis',(0.499999999999962,-0.866025403784461,0.));
#1948=DIRECTION('ref_axis',(-0.866025403784461,-0.499999999999962,0.));
#1949=DIRECTION('center_axis',(-2.46519032881579E-32,-4.26983489983605E-32,
1.));
#1950=DIRECTION('ref_axis',(1.,0.,2.46519032881579E-32));
#1951=DIRECTION('center_axis',(-2.46519032881579E-32,-4.26983489983605E-32,
1.));
#1952=DIRECTION('ref_axis',(0.258819045102491,-0.965925826289076,0.));
#1953=DIRECTION('',(0.866025403784422,-0.500000000000029,0.));
#1954=DIRECTION('center_axis',(-2.46519032881579E-32,-4.26983489983605E-32,
1.));
#1955=DIRECTION('ref_axis',(-0.965925826289076,-0.258819045102491,0.));
#1956=DIRECTION('',(-0.500000000000032,-0.86602540378442,0.));
#1957=DIRECTION('',(-0.866025403784413,0.500000000000045,8.78548451266145E-46));
#1958=DIRECTION('center_axis',(2.46519032881579E-32,4.26983489983605E-32,
-1.));
#1959=DIRECTION('ref_axis',(0.70710678118658,0.707106781186515,0.));
#1960=DIRECTION('',(-0.499999999999955,0.866025403784464,2.46519032881573E-32));
#1961=DIRECTION('center_axis',(0.,0.,-1.));
#1962=DIRECTION('ref_axis',(1.,0.,0.));
#1963=DIRECTION('center_axis',(2.13491744991803E-32,-1.23259516440791E-32,
-1.));
#1964=DIRECTION('ref_axis',(1.,0.,2.13491744991804E-32));
#1965=DIRECTION('center_axis',(-1.,3.37507799486046E-14,0.));
#1966=DIRECTION('ref_axis',(4.73695157173405E-14,1.,0.));
#1967=DIRECTION('',(1.,-3.37507799486046E-14,0.));
#1968=DIRECTION('center_axis',(-1.,0.,4.736951571734E-14));
#1969=DIRECTION('ref_axis',(0.,1.,0.));
#1970=DIRECTION('',(-1.,3.37507799486046E-14,0.));
#1971=DIRECTION('center_axis',(0.,0.,-1.));
#1972=DIRECTION('ref_axis',(9.47390314346796E-15,1.,0.));
#1973=DIRECTION('center_axis',(0.,0.,-1.));
#1974=DIRECTION('ref_axis',(1.57898385724466E-14,1.,0.));
#1975=DIRECTION('center_axis',(0.,0.,1.));
#1976=DIRECTION('ref_axis',(2.36847578586697E-14,1.,0.));
#1977=DIRECTION('center_axis',(0.,0.,1.));
#1978=DIRECTION('ref_axis',(1.,0.,0.));
#1979=DIRECTION('center_axis',(-0.499999999999962,0.866025403784461,0.));
#1980=DIRECTION('ref_axis',(0.,0.,-1.));
#1981=DIRECTION('center_axis',(0.,0.,1.));
#1982=DIRECTION('ref_axis',(0.866025403784403,-0.500000000000062,0.));
#1983=DIRECTION('',(0.,0.,1.));
#1984=DIRECTION('',(0.,0.,-1.));
#1985=DIRECTION('center_axis',(3.37507799486046E-14,1.,0.));
#1986=DIRECTION('ref_axis',(-1.,3.37507799486046E-14,0.));
#1987=DIRECTION('',(0.,0.,-1.));
#1988=DIRECTION('',(-1.,3.37507799486046E-14,0.));
#1989=DIRECTION('center_axis',(-0.499999999999955,0.866025403784464,0.));
#1990=DIRECTION('ref_axis',(-0.61237243569581,-0.353553390593238,-0.707106781186552));
#1991=DIRECTION('',(-0.499999999999955,0.866025403784464,0.));
#1992=DIRECTION('center_axis',(0.,0.,1.));
#1993=DIRECTION('ref_axis',(1.,0.,0.));
#1994=DIRECTION('',(-0.499999999999955,0.866025403784464,0.));
#1995=DIRECTION('center_axis',(0.,0.,-1.));
#1996=DIRECTION('ref_axis',(0.965925826289077,0.258819045102489,0.));
#1997=DIRECTION('',(3.63997895864641E-14,1.,0.));
#1998=DIRECTION('center_axis',(0.,0.,1.));
#1999=DIRECTION('ref_axis',(-0.707106781186589,-0.707106781186506,0.));
#2000=DIRECTION('',(-7.93484602164248E-14,-1.,-1.72059545900055E-31));
#2001=DIRECTION('center_axis',(0.,0.,1.));
#2002=DIRECTION('ref_axis',(-0.707106781186506,0.707106781186589,0.));
#2003=DIRECTION('center_axis',(4.0655074405559E-34,1.41001227646769E-35,
-1.));
#2004=DIRECTION('ref_axis',(0.0346614791721487,-0.999399110396642,2.91358103683409E-48));
#2005=DIRECTION('',(-0.99983504175233,-0.0181628545145649,0.));
#2006=DIRECTION('center_axis',(2.13491744991803E-32,-1.23259516440791E-32,
-1.));
#2007=DIRECTION('ref_axis',(1.,0.,2.13491744991804E-32));
#2008=DIRECTION('center_axis',(0.,0.,1.));
#2009=DIRECTION('ref_axis',(0.965925826289077,0.258819045102489,0.));
#2010=DIRECTION('',(0.,0.,1.));
#2011=DIRECTION('',(0.,0.,-1.));
#2012=DIRECTION('center_axis',(0.,0.,1.));
#2013=DIRECTION('ref_axis',(0.70710678118658,0.707106781186515,0.));
#2014=DIRECTION('',(0.,0.,1.));
#2015=DIRECTION('',(0.,0.,-1.));
#2016=DIRECTION('center_axis',(-0.866025403784464,-0.499999999999955,0.));
#2017=DIRECTION('ref_axis',(0.499999999999955,-0.866025403784464,-8.98468290795423E-17));
#2018=DIRECTION('',(0.,0.,1.));
#2019=DIRECTION('center_axis',(0.,0.,1.));
#2020=DIRECTION('ref_axis',(-0.707106781186589,-0.707106781186506,0.));
#2021=DIRECTION('center_axis',(0.,0.,-1.));
#2022=DIRECTION('ref_axis',(-0.707106781186589,-0.707106781186506,0.));
#2023=DIRECTION('',(0.,0.,-1.));
#2024=DIRECTION('center_axis',(-1.,7.93484602164248E-14,0.));
#2025=DIRECTION('ref_axis',(-7.93484602164248E-14,-1.,-1.72059545900055E-31));
#2026=DIRECTION('',(-3.63997895864641E-14,-1.,0.));
#2027=DIRECTION('',(0.,0.,-1.));
#2028=DIRECTION('',(-7.93484602164248E-14,-1.,-1.72059545900055E-31));
#2029=DIRECTION('',(0.,0.,-1.));
#2030=DIRECTION('',(-3.63997895864641E-14,-1.,0.));
#2031=DIRECTION('',(0.,0.,1.));
#2032=DIRECTION('center_axis',(0.,0.,1.));
#2033=DIRECTION('ref_axis',(4.73695157173405E-14,1.,0.));
#2034=DIRECTION('',(0.,0.,-1.));
#2035=DIRECTION('center_axis',(0.,0.,1.));
#2036=DIRECTION('ref_axis',(0.258819045102491,-0.965925826289076,0.));
#2037=DIRECTION('',(0.,0.,1.));
#2038=DIRECTION('center_axis',(0.,0.,-1.));
#2039=DIRECTION('ref_axis',(0.258819045102491,-0.965925826289076,0.));
#2040=DIRECTION('',(0.,0.,-1.));
#2041=DIRECTION('center_axis',(-0.500000000000029,-0.866025403784422,0.));
#2042=DIRECTION('ref_axis',(0.866025403784422,-0.500000000000029,0.));
#2043=DIRECTION('',(0.866025403784422,-0.500000000000029,0.));
#2044=DIRECTION('',(0.,0.,-1.));
#2045=DIRECTION('',(0.866025403784422,-0.500000000000029,0.));
#2046=DIRECTION('',(0.,0.,-1.));
#2047=DIRECTION('',(0.866025403784422,-0.500000000000029,0.));
#2048=DIRECTION('',(0.,0.,1.));
#2049=DIRECTION('center_axis',(0.,0.,1.));
#2050=DIRECTION('ref_axis',(-0.707106781186506,0.707106781186589,0.));
#2051=DIRECTION('center_axis',(0.,0.,-1.));
#2052=DIRECTION('ref_axis',(-0.707106781186506,0.707106781186589,0.));
#2053=DIRECTION('center_axis',(0.,0.,1.));
#2054=DIRECTION('ref_axis',(-0.965925826289076,-0.258819045102491,0.));
#2055=DIRECTION('center_axis',(0.,0.,-1.));
#2056=DIRECTION('ref_axis',(-0.965925826289076,-0.258819045102491,0.));
#2057=DIRECTION('',(0.,0.,-1.));
#2058=DIRECTION('center_axis',(0.,0.,-1.));
#2059=DIRECTION('ref_axis',(-1.,0.,0.));
#2060=DIRECTION('center_axis',(0.,0.,1.));
#2061=DIRECTION('ref_axis',(-1.,0.,0.));
#2062=DIRECTION('center_axis',(0.,0.,1.));
#2063=DIRECTION('ref_axis',(-1.,0.,0.));
#2064=DIRECTION('',(0.,0.,-1.));
#2065=DIRECTION('center_axis',(0.,0.,1.));
#2066=DIRECTION('ref_axis',(-1.,0.,0.));
#2067=DIRECTION('center_axis',(0.,0.,1.));
#2068=DIRECTION('ref_axis',(-1.,0.,0.));
#2069=DIRECTION('center_axis',(0.,0.,1.));
#2070=DIRECTION('ref_axis',(1.,0.,0.));
#2071=DIRECTION('center_axis',(0.,0.,1.));
#2072=DIRECTION('ref_axis',(-1.,0.,0.));
#2073=DIRECTION('center_axis',(0.,0.,1.));
#2074=DIRECTION('ref_axis',(-1.,0.,0.));
#2075=DIRECTION('center_axis',(4.0655074405559E-34,1.41001227646769E-35,
-1.));
#2076=DIRECTION('ref_axis',(0.0346614791721487,-0.999399110396642,2.91358103683409E-48));
#2077=DIRECTION('',(-0.99983504175233,-0.0181628545145649,0.));
#2078=DIRECTION('center_axis',(2.13491744991803E-32,-1.23259516440791E-32,
-1.));
#2079=DIRECTION('ref_axis',(1.,0.,2.13491744991804E-32));
#2080=DIRECTION('center_axis',(0.,0.,-1.));
#2081=DIRECTION('ref_axis',(0.866025403784425,-0.500000000000024,0.));
#2082=DIRECTION('center_axis',(0.,0.,1.));
#2083=DIRECTION('ref_axis',(-1.,0.,0.));
#2084=DIRECTION('',(0.,0.,-1.));
#2085=DIRECTION('center_axis',(-2.46519032881579E-32,-4.26983489983605E-32,
1.));
#2086=DIRECTION('ref_axis',(-1.,0.,0.));
#2087=DIRECTION('center_axis',(0.,0.,1.));
#2088=DIRECTION('ref_axis',(-1.,0.,0.));
#2089=DIRECTION('',(0.500000000000032,0.86602540378442,0.));
#2090=DIRECTION('center_axis',(0.,0.,1.));
#2091=DIRECTION('ref_axis',(-1.,0.,0.));
#2092=DIRECTION('center_axis',(-2.46519032881579E-32,-4.26983489983605E-32,
1.));
#2093=DIRECTION('ref_axis',(1.,0.,2.46519032881579E-32));
#2094=DIRECTION('center_axis',(-2.46519032881579E-32,-4.26983489983605E-32,
1.));
#2095=DIRECTION('ref_axis',(-1.,0.,0.));
#2096=DIRECTION('center_axis',(-2.46519032881579E-32,-4.26983489983605E-32,
1.));
#2097=DIRECTION('ref_axis',(-1.,0.,0.));
#2098=DIRECTION('center_axis',(0.,0.,-1.));
#2099=DIRECTION('ref_axis',(1.,0.,0.));
#2100=DIRECTION('center_axis',(2.13491744991803E-32,-1.23259516440791E-32,
-1.));
#2101=DIRECTION('ref_axis',(1.,0.,2.13491744991804E-32));
#2102=DIRECTION('center_axis',(0.,0.,-1.));
#2103=DIRECTION('ref_axis',(-1.,0.,0.));
#2104=DIRECTION('center_axis',(0.,0.,1.));
#2105=DIRECTION('ref_axis',(-1.,0.,0.));
#2106=DIRECTION('',(0.,0.,-1.));
#2107=DIRECTION('center_axis',(0.,0.,1.));
#2108=DIRECTION('ref_axis',(-1.,0.,0.));
#2109=DIRECTION('center_axis',(0.,0.,1.));
#2110=DIRECTION('ref_axis',(-1.,0.,0.));
#2111=DIRECTION('',(-0.500000000000032,-0.86602540378442,0.));
#2112=DIRECTION('center_axis',(0.,0.,-1.));
#2113=DIRECTION('ref_axis',(-1.,0.,0.));
#2114=DIRECTION('center_axis',(0.,0.,1.));
#2115=DIRECTION('ref_axis',(-1.,0.,0.));
#2116=DIRECTION('',(0.,0.,-1.));
#2117=DIRECTION('center_axis',(0.,0.,1.));
#2118=DIRECTION('ref_axis',(-1.,0.,0.));
#2119=DIRECTION('center_axis',(0.,0.,1.));
#2120=DIRECTION('ref_axis',(-1.,0.,0.));
#2121=DIRECTION('center_axis',(0.,0.,-1.));
#2122=DIRECTION('ref_axis',(0.999965912067483,0.00825679738434939,0.));
#2123=DIRECTION('center_axis',(0.,0.,-1.));
#2124=DIRECTION('ref_axis',(0.50000000000003,0.866025403784422,0.));
#2125=DIRECTION('center_axis',(-0.864264796126444,0.50303713796947,0.));
#2126=DIRECTION('ref_axis',(-0.50303713796947,-0.864264796126444,0.));
#2127=DIRECTION('',(0.,0.,1.));
#2128=DIRECTION('',(0.,0.,1.));
#2129=DIRECTION('center_axis',(-0.500000000000045,-0.866025403784413,0.));
#2130=DIRECTION('ref_axis',(0.866025403784413,-0.500000000000045,9.47911187147491E-17));
#2131=DIRECTION('center_axis',(-1.,3.63997895864641E-14,0.));
#2132=DIRECTION('ref_axis',(-3.63997895864641E-14,-1.,0.));
#2133=DIRECTION('center_axis',(-0.86602540378442,0.500000000000032,0.));
#2134=DIRECTION('ref_axis',(-0.500000000000032,-0.86602540378442,0.));
#2135=DIRECTION('center_axis',(0.86602540378442,-0.500000000000032,0.));
#2136=DIRECTION('ref_axis',(0.500000000000032,0.86602540378442,4.9303806576313E-32));
#2137=DIRECTION('center_axis',(0.,0.,1.));
#2138=DIRECTION('ref_axis',(1.,0.,0.));
#2139=DIRECTION('',(0.,0.,-1.));
#2140=DIRECTION('center_axis',(0.,0.,1.));
#2141=DIRECTION('ref_axis',(1.,0.,0.));
#2142=DIRECTION('',(0.,0.,-1.));
#2143=DIRECTION('center_axis',(0.,0.,1.));
#2144=DIRECTION('ref_axis',(1.,0.,0.));
#2145=DIRECTION('',(0.,0.,-1.));
#2146=DIRECTION('center_axis',(0.,0.,1.));
#2147=DIRECTION('ref_axis',(-0.0181628545145745,0.99983504175233,0.));
#2148=DIRECTION('',(0.,0.,1.));
#2149=DIRECTION('',(0.,0.,1.));
#2150=DIRECTION('center_axis',(-0.0181628545145649,0.99983504175233,0.));
#2151=DIRECTION('ref_axis',(-0.99983504175233,-0.0181628545145649,0.));
#2152=CARTESIAN_POINT('',(0.,0.,0.));
#2153=CARTESIAN_POINT('Origin',(-80.1201308624933,-18.2322112469441,15.7118423703213));
#2154=CARTESIAN_POINT('',(-81.1201308624933,-19.9642620545129,15.7118423703213));
#2155=CARTESIAN_POINT('',(-78.3880800549245,-19.232211246944,15.7118423703213));
#2156=CARTESIAN_POINT('Origin',(-80.1201308624933,-18.2322112469441,15.7118423703213));
#2157=CARTESIAN_POINT('',(-78.3880800549245,-19.232211246944,10.2858423703213));
#2158=CARTESIAN_POINT('',(-78.3880800549245,-19.232211246944,15.7118423703213));
#2159=CARTESIAN_POINT('',(-81.1201308624933,-19.9642620545129,10.2858423703213));
#2160=CARTESIAN_POINT('Origin',(-80.1201308624933,-18.2322112469441,10.2858423703213));
#2161=CARTESIAN_POINT('',(-81.1201308624933,-19.9642620545129,15.7118423703213));
#2162=CARTESIAN_POINT('Origin',(-75.3880800549245,-14.0360588242374,15.7118423703213));
#2163=CARTESIAN_POINT('',(-76.3880800549245,-15.7681096318063,15.7118423703213));
#2164=CARTESIAN_POINT('',(-53.7158715777142,23.5013073705156,15.7118423703213));
#2165=CARTESIAN_POINT('',(-76.3880800549245,-15.7681096318063,10.2858423703213));
#2166=CARTESIAN_POINT('',(-76.3880800549245,-15.7681096318063,15.7118423703213));
#2167=CARTESIAN_POINT('',(-53.7158715777142,23.5013073705156,10.2858423703213));
#2168=CARTESIAN_POINT('Origin',(-78.1201308624933,-14.7681096318063,15.7118423703213));
#2169=CARTESIAN_POINT('',(-77.1201308624933,-13.0360588242374,15.7118423703213));
#2170=CARTESIAN_POINT('Origin',(-78.1201308624933,-14.7681096318063,15.7118423703213));
#2171=CARTESIAN_POINT('',(-77.1201308624933,-13.0360588242374,10.2858423703213));
#2172=CARTESIAN_POINT('',(-77.1201308624933,-13.0360588242374,15.7118423703213));
#2173=CARTESIAN_POINT('Origin',(-78.1201308624933,-14.7681096318063,10.2858423703213));
#2174=CARTESIAN_POINT('Origin',(-101.80185487035,1.21394117576261,15.7118423703213));
#2175=CARTESIAN_POINT('',(-100.069804062781,0.2139411757626,15.7118423703213));
#2176=CARTESIAN_POINT('',(-72.5731359123888,-15.6612675826841,15.7118423703213));
#2177=CARTESIAN_POINT('',(-100.069804062781,0.2139411757626,10.2858423703213));
#2178=CARTESIAN_POINT('',(-100.069804062781,0.213941175762595,15.7118423703213));
#2179=CARTESIAN_POINT('',(-72.5731359123888,-15.6612675826841,10.2858423703213));
#2180=CARTESIAN_POINT('Origin',(-101.069804062781,-1.51810963180628,15.7118423703213));
#2181=CARTESIAN_POINT('',(-102.80185487035,-0.518109631806274,15.7118423703213));
#2182=CARTESIAN_POINT('Origin',(-101.069804062781,-1.51810963180628,15.7118423703213));
#2183=CARTESIAN_POINT('',(-102.80185487035,-0.518109631806274,10.2858423703213));
#2184=CARTESIAN_POINT('',(-102.80185487035,-0.51810963180627,15.7118423703213));
#2185=CARTESIAN_POINT('Origin',(-101.069804062781,-1.51810963180628,10.2858423703213));
#2186=CARTESIAN_POINT('Origin',(-105.80185487035,-5.7142620545129,15.7118423703213));
#2187=CARTESIAN_POINT('',(-104.80185487035,-3.98221124694403,15.7118423703213));
#2188=CARTESIAN_POINT('',(-82.1296463931396,35.2872057553779,15.7118423703213));
#2189=CARTESIAN_POINT('',(-104.80185487035,-3.98221124694403,10.2858423703213));
#2190=CARTESIAN_POINT('',(-104.80185487035,-3.98221124694402,15.7118423703213));
#2191=CARTESIAN_POINT('',(-82.1296463931396,35.2872057553779,10.2858423703213));
#2192=CARTESIAN_POINT('Origin',(-103.069804062781,-4.98221124694403,15.7118423703213));
#2193=CARTESIAN_POINT('',(-104.069804062781,-6.71426205451291,15.7118423703213));
#2194=CARTESIAN_POINT('Origin',(-103.069804062781,-4.98221124694403,15.7118423703213));
#2195=CARTESIAN_POINT('',(-104.069804062781,-6.71426205451291,10.2858423703213));
#2196=CARTESIAN_POINT('',(-104.069804062781,-6.71426205451291,15.7118423703213));
#2197=CARTESIAN_POINT('Origin',(-103.069804062781,-4.98221124694403,10.2858423703213));
#2198=CARTESIAN_POINT('Origin',(-79.3880800549245,-20.9642620545129,15.7118423703213));
#2199=CARTESIAN_POINT('',(-63.3662485046762,-30.2144708129597,10.2858423703213));
#2200=CARTESIAN_POINT('',(-63.3662485046762,-30.2144708129597,15.7118423703213));
#2201=CARTESIAN_POINT('Origin',(-87.256981889272,36.4064001686251,15.8000029999998));
#2202=CARTESIAN_POINT('',(-88.1230072930564,36.9064001686251,15.7118423703213));
#2203=CARTESIAN_POINT('',(-87.756981889272,35.5403747648407,15.7118423703213));
#2204=CARTESIAN_POINT('Origin',(-87.256981889272,36.4064001686251,15.7118423703213));
#2205=CARTESIAN_POINT('',(-87.756981889272,35.5403747648407,10.2858423703213));
#2206=CARTESIAN_POINT('',(-87.756981889272,35.5403747648407,15.8000029999998));
#2207=CARTESIAN_POINT('',(-88.1230072930564,36.9064001686251,10.2858423703213));
#2208=CARTESIAN_POINT('Origin',(-87.256981889272,36.4064001686251,10.2858423703213));
#2209=CARTESIAN_POINT('',(-88.1230072930564,36.9064001686251,15.8000029999998));
#2210=CARTESIAN_POINT('Origin',(-82.5608294665654,32.5403747648407,15.8000029999998));
#2211=CARTESIAN_POINT('',(-83.4268548703498,33.0403747648407,15.7118423703213));
#2212=CARTESIAN_POINT('',(-53.7651232104965,15.915166006394,15.7118423703213));
#2213=CARTESIAN_POINT('',(-83.4268548703498,33.0403747648407,10.2858423703213));
#2214=CARTESIAN_POINT('',(-83.4268548703498,33.0403747648407,15.8000029999998));
#2215=CARTESIAN_POINT('',(-53.7651232104965,15.915166006394,10.2858423703213));
#2216=CARTESIAN_POINT('Origin',(-82.9268548703498,33.9064001686251,15.8000029999998));
#2217=CARTESIAN_POINT('',(-82.0608294665654,33.4064001686251,15.7118423703213));
#2218=CARTESIAN_POINT('Origin',(-82.9268548703498,33.9064001686251,15.7118423703213));
#2219=CARTESIAN_POINT('',(-82.0608294665654,33.4064001686251,10.2858423703213));
#2220=CARTESIAN_POINT('',(-82.0608294665654,33.4064001686251,15.8000029999998));
#2221=CARTESIAN_POINT('Origin',(-82.9268548703498,33.9064001686251,10.2858423703213));
#2222=CARTESIAN_POINT('Origin',(-68.8108569665653,56.3560257375155,15.8000029999998));
#2223=CARTESIAN_POINT('',(-80.0110176974325,36.9567782987159,15.7118423703213));
#2224=CARTESIAN_POINT('',(-63.2011347393551,66.0723496513921,15.7118423703213));
#2225=CARTESIAN_POINT('',(-80.0110176974335,36.9567782987141,12.9988423703213));
#2226=CARTESIAN_POINT('',(-80.0110176974325,36.9567782987159,14.7559226851606));
#2227=CARTESIAN_POINT('',(-72.0110176974325,50.8131847592669,12.9988423703213));
#2228=CARTESIAN_POINT('',(-72.4109373319987,50.1205036332538,12.9988423703213));
#2229=CARTESIAN_POINT('',(-72.0110176974325,50.8131847592669,10.2858423703213));
#2230=CARTESIAN_POINT('',(-72.0110176974325,50.8131847592669,13.7211726851606));
#2231=CARTESIAN_POINT('',(-63.2011347393551,66.0723496513921,10.2858423703213));
#2232=CARTESIAN_POINT('Origin',(-88.6230072930564,36.0403747648407,15.8000029999998));
#2233=CARTESIAN_POINT('',(-78.0731955239235,54.313184759267,10.2858423703213));
#2234=CARTESIAN_POINT('',(-76.1382988158462,57.6645241650547,10.2858423703213));
#2235=CARTESIAN_POINT('',(-78.0731955239235,54.313184759267,12.9988423703213));
#2236=CARTESIAN_POINT('',(-78.0731955239235,54.313184759267,13.7211726851606));
#2237=CARTESIAN_POINT('',(-86.0731955239246,40.4567782987142,12.9988423703213));
#2238=CARTESIAN_POINT('',(-85.3481014084898,41.7126781469164,12.9988423703213));
#2239=CARTESIAN_POINT('',(-86.0731955239235,40.456778298716,15.7118423703213));
#2240=CARTESIAN_POINT('',(-86.0731955239235,40.456778298716,14.7559226851606));
#2241=CARTESIAN_POINT('',(-76.1382988158462,57.6645241650547,15.7118423703213));
#2242=CARTESIAN_POINT('Origin',(-7.28306304154103E-12,42.5382560483751,
15.7118423703213));
#2243=CARTESIAN_POINT('',(-126.120237635025,63.5779488418096,15.7118423703213));
#2244=CARTESIAN_POINT('',(-13.209802592648,-1.61092122422674,15.7118423703213));
#2245=CARTESIAN_POINT('',(-212.643158517693,-85.0765120967416,15.7118423703213));
#2246=CARTESIAN_POINT('',(-212.643158517693,-85.0765120967416,15.7118423703213));
#2247=CARTESIAN_POINT('',(-205.372281323284,-89.2743550021791,15.7118423703213));
#2248=CARTESIAN_POINT('',(-192.356841482336,-96.7888226979721,15.7118423703213));
#2249=CARTESIAN_POINT('',(-199.627718676746,-92.5909797925348,15.7118423703213));
#2250=CARTESIAN_POINT('Origin',(-205.000000000015,-95.262794416279,15.7118423703213));
#2251=CARTESIAN_POINT('',(-192.356841482336,-96.7888226979721,15.7118423703213));
#2252=CARTESIAN_POINT('',(-192.356841482336,-96.7888226979721,15.7118423703213));
#2253=CARTESIAN_POINT('',(-193.655879588013,-99.038822697972,15.7118423703213));
#2254=CARTESIAN_POINT('',(-143.147038889688,-11.5549443770781,15.7118423703213));
#2255=CARTESIAN_POINT('',(-191.05780337666,-99.0388226979722,15.7118423703213));
#2256=CARTESIAN_POINT('Origin',(-192.356841482337,-99.7888226979721,15.7118423703213));
#2257=CARTESIAN_POINT('',(-181.299038105692,-115.941499966428,15.7118423703213));
#2258=CARTESIAN_POINT('',(-180.000000000016,-118.191499966429,15.7118423703213));
#2259=CARTESIAN_POINT('',(-182.598076211369,-118.191499966428,15.7118423703213));
#2260=CARTESIAN_POINT('Origin',(-182.598076211369,-116.691499966428,15.7118423703213));
#2261=CARTESIAN_POINT('',(-180.000000000016,-118.191499966429,15.7118423703213));
#2262=CARTESIAN_POINT('',(-90.0000000000143,-118.191499966431,15.7118423703213));
#2263=CARTESIAN_POINT('',(-180.000000000016,-126.587185777302,15.7118423703213));
#2264=CARTESIAN_POINT('',(-180.000000000017,-141.616121168887,15.7118423703213));
#2265=CARTESIAN_POINT('',(-180.000000000016,-133.220435358013,15.7118423703213));
#2266=CARTESIAN_POINT('Origin',(-185.000000000016,-129.903810567658,15.7118423703213));
#2267=CARTESIAN_POINT('',(-180.000000000017,-141.616121168887,15.7118423703213));
#2268=CARTESIAN_POINT('',(-180.000000000017,-141.616121168887,15.7118423703213));
#2269=CARTESIAN_POINT('',(7.99999999999574,-141.616121168891,15.7118423703213));
#2270=CARTESIAN_POINT('',(180.,-141.616121168895,15.7118423703213));
#2271=CARTESIAN_POINT('',(7.99999999999574,0.,15.7118423703213));
#2272=CARTESIAN_POINT('',(7.99999999999574,-14.1349022680353,15.7118423703213));
#2273=CARTESIAN_POINT('',(0.,0.,15.7118423703213));
#2274=CARTESIAN_POINT('',(-4.2632564145606E-12,0.,15.7118423703213));
#2275=CARTESIAN_POINT('',(-4.0000000000001,-6.92820323027545,15.7118423703213));
#2276=CARTESIAN_POINT('',(9.20980259264421,15.9518460181388,15.7118423703213));
#2277=CARTESIAN_POINT('',(-13.209802592648,-1.61092122422674,15.7118423703213));
#2278=CARTESIAN_POINT('',(-111.226923473917,5.5668935630063,15.7118423703213));
#2279=CARTESIAN_POINT('Origin',(-112.876923473917,5.5668935630063,15.7118423703213));
#2280=CARTESIAN_POINT('',(-42.3471306078206,-34.2008733899601,15.7118423703213));
#2281=CARTESIAN_POINT('Origin',(-43.9971306078206,-34.2008733899601,15.7118423703213));
#2282=CARTESIAN_POINT('Origin',(-57.0479578667528,42.1742581381233,11.6423423703213));
#2283=CARTESIAN_POINT('',(-118.095915733506,77.4203130459712,10.2858423703213));
#2284=CARTESIAN_POINT('',(-35.7337815260242,29.8685126902481,10.2858423703213));
#2285=CARTESIAN_POINT('',(-118.095915733506,77.4203130459712,12.9988423703213));
#2286=CARTESIAN_POINT('',(-118.095915733506,77.4203130459712,10.9640923703213));
#2287=CARTESIAN_POINT('',(-87.5719368001293,59.7972855920472,12.9988423703213));
#2288=CARTESIAN_POINT('Origin',(-4.0000000000001,-6.92820323027545,13.7118423703213));
#2289=CARTESIAN_POINT('',(-126.120237635025,63.5779488418096,12.9988423703213));
#2290=CARTESIAN_POINT('',(-65.0479578667541,28.3178516775706,12.9988423703213));
#2291=CARTESIAN_POINT('',(-126.120237635025,63.5779488418096,11.6423423703213));
#2292=CARTESIAN_POINT('Origin',(-4.0000000000001,-6.92820323027545,13.7118423703213));
#2293=CARTESIAN_POINT('',(-4.00000000000436,-6.92820323027545,12.9988423703213));
#2294=CARTESIAN_POINT('',(-4.0000000000001,-6.92820323027545,13.7118423703213));
#2295=CARTESIAN_POINT('',(-8.00000000000853,-4.61880215351202,12.9988423703213));
#2296=CARTESIAN_POINT('',(-65.0479578667541,28.3178516775706,12.9988423703213));
#2297=CARTESIAN_POINT('',(-65.0479578667541,28.3178516775706,12.9988423703213));
#2298=CARTESIAN_POINT('Origin',(-122.095915733506,70.4921098156957,12.9988423703213));
#2299=CARTESIAN_POINT('',(-122.095915733506,70.4921098156957,12.9988423703213));
#2300=CARTESIAN_POINT('',(-122.095915733506,70.4921098156957,12.9988423703213));
#2301=CARTESIAN_POINT('',(-76.8222943414123,148.276420771914,12.9988423703213));
#2302=CARTESIAN_POINT('Origin',(-122.095915733506,70.4921098156957,12.9988423703213));
#2303=CARTESIAN_POINT('',(-8.00000000000426,0.,12.9988423703213));
#2304=CARTESIAN_POINT('',(-8.00000000000853,-0.157975384374996,12.9988423703213));
#2305=CARTESIAN_POINT('',(-4.2632564145606E-12,0.,12.9988423703213));
#2306=CARTESIAN_POINT('',(-61.0479578667529,0.,12.9988423703213));
#2307=CARTESIAN_POINT('',(4.00000000000005,6.9282032302754,12.9988423703213));
#2308=CARTESIAN_POINT('',(-3.19980991014222E-12,1.8474111129763E-12,12.9988423703213));
#2309=CARTESIAN_POINT('',(-87.5719368001293,59.7972855920472,12.9988423703213));
#2310=CARTESIAN_POINT('Origin',(-75.9991444448396,-32.8293433854201,10.2858423703213));
#2311=CARTESIAN_POINT('',(-78.3991444448396,-32.8293433667677,10.2858423703213));
#2312=CARTESIAN_POINT('Origin',(-75.9991444448396,-32.8293433854201,10.2858423703213));
#2313=CARTESIAN_POINT('',(-78.3991444448396,-32.8293433667677,14.4858423703213));
#2314=CARTESIAN_POINT('',(-78.3991444448396,-32.8293433667677,10.2858423703213));
#2315=CARTESIAN_POINT('Origin',(-75.9991444448396,-32.8293433854201,14.4858423703213));
#2316=CARTESIAN_POINT('Origin',(-75.9991444448396,-32.8293433854201,14.4858423703213));
#2317=CARTESIAN_POINT('Origin',(-56.0350544386599,-67.4081616966629,10.2858423703213));
#2318=CARTESIAN_POINT('',(-58.4350544386599,-67.4081616780106,10.2858423703213));
#2319=CARTESIAN_POINT('Origin',(-56.0350544386599,-67.4081616966629,10.2858423703213));
#2320=CARTESIAN_POINT('',(-58.4350544386599,-67.4081616780106,14.4858423703213));
#2321=CARTESIAN_POINT('',(-58.4350544386599,-67.4081616780106,10.2858423703213));
#2322=CARTESIAN_POINT('Origin',(-56.0350544386599,-67.4081616966629,14.4858423703213));
#2323=CARTESIAN_POINT('Origin',(-56.0350544386599,-67.4081616966629,14.4858423703213));
#2324=CARTESIAN_POINT('Origin',(-43.9971306078206,-34.2008733899601,15.7118423703213));
#2325=CARTESIAN_POINT('',(-42.3471306078206,-34.2008733899601,12.5118423703213));
#2326=CARTESIAN_POINT('',(-42.3471306078206,-34.2008733899601,15.7118423703213));
#2327=CARTESIAN_POINT('Origin',(-43.9971306078206,-34.2008733899601,12.5118423703213));
#2328=CARTESIAN_POINT('Origin',(-43.9971306078206,-34.2008733899601,12.5118423703213));
#2329=CARTESIAN_POINT('Origin',(-112.876923473917,5.5668935630063,15.7118423703213));
#2330=CARTESIAN_POINT('',(-111.226923473917,5.5668935630063,12.5118423703213));
#2331=CARTESIAN_POINT('',(-111.226923473917,5.5668935630063,15.7118423703213));
#2332=CARTESIAN_POINT('Origin',(-112.876923473917,5.5668935630063,12.5118423703213));
#2333=CARTESIAN_POINT('Origin',(-112.876923473917,5.5668935630063,12.5118423703213));
#2334=CARTESIAN_POINT('Origin',(0.,0.,12.9988423703213));
#2335=CARTESIAN_POINT('',(0.,0.,10.2858423703213));
#2336=CARTESIAN_POINT('',(0.,0.,13.7118423703213));
#2337=CARTESIAN_POINT('',(-8.,0.,10.2858423703213));
#2338=CARTESIAN_POINT('',(-8.,0.,13.7118423703213));
#2339=CARTESIAN_POINT('',(-3.64153152077051E-12,0.,10.2858423703213));
#2340=CARTESIAN_POINT('Origin',(-8.00000000000853,-70.8080605844457,11.6423423703213));
#2341=CARTESIAN_POINT('',(-8.00000000000853,-141.616121168891,10.2858423703213));
#2342=CARTESIAN_POINT('',(-8.00000000000853,-14.1349022680353,10.2858423703213));
#2343=CARTESIAN_POINT('',(-8.00000000000853,-141.616121168891,12.9988423703213));
#2344=CARTESIAN_POINT('',(-8.00000000000853,-106.212090876669,12.9988423703213));
#2345=CARTESIAN_POINT('',(-8.00000000000853,-141.616121168891,10.9640923703213));
#2346=CARTESIAN_POINT('Origin',(-180.000000000017,-141.616121168887,10.2858423703213));
#2347=CARTESIAN_POINT('',(-198.500000000018,-141.616121168886,15.7123106012294));
#2348=CARTESIAN_POINT('',(-200.000000000017,-141.616121168886,15.7123106012294));
#2349=CARTESIAN_POINT('',(-198.500000000018,-141.616121168886,11.7123106012294));
#2350=CARTESIAN_POINT('',(-198.500000000018,-141.616121168887,10.9990764857753));
#2351=CARTESIAN_POINT('',(-180.000000000017,-141.616121168887,11.7123106012294));
#2352=CARTESIAN_POINT('',(-200.000000000017,-141.616121168886,11.7123106012294));
#2353=CARTESIAN_POINT('',(-180.000000000017,-141.616121168887,10.2858423703213));
#2354=CARTESIAN_POINT('',(-180.000000000017,-141.616121168887,10.2858423703213));
#2355=CARTESIAN_POINT('',(180.,-141.616121168895,10.2858423703213));
#2356=CARTESIAN_POINT('',(7.99999999999574,-141.616121168891,12.9988423703213));
#2357=CARTESIAN_POINT('',(-90.0000000000126,-141.616121168889,12.9988423703213));
#2358=CARTESIAN_POINT('',(7.99999999999574,-141.616121168892,12.3205923703213));
#2359=CARTESIAN_POINT('Origin',(0.,0.,12.9988423703213));
#2360=CARTESIAN_POINT('',(0.,0.,13.7118423703213));
#2361=CARTESIAN_POINT('',(-4.2632564145606E-12,0.,12.9988423703213));
#2362=CARTESIAN_POINT('Origin',(-4.2632564145606E-12,-141.616121168891,
12.9988423703213));
#2363=CARTESIAN_POINT('',(7.99999999999574,0.,12.9988423703213));
#2364=CARTESIAN_POINT('',(-4.2632564145606E-12,0.,12.9988423703213));
#2365=CARTESIAN_POINT('',(7.99999999999574,-106.212090876669,12.9988423703213));
#2366=CARTESIAN_POINT('Origin',(7.99999999999574,-70.8080605844457,14.3553423703213));
#2367=CARTESIAN_POINT('',(7.99999999999574,0.,13.6770923703213));
#2368=CARTESIAN_POINT('Origin',(-57.0479578667528,42.1742581381233,11.6423423703213));
#2369=CARTESIAN_POINT('',(4.00000000000006,6.9282032302754,10.2858423703213));
#2370=CARTESIAN_POINT('',(4.00000000000006,6.92820323027541,12.3205923703213));
#2371=CARTESIAN_POINT('',(-35.7337815260242,29.8685126902481,10.2858423703213));
#2372=CARTESIAN_POINT('Origin',(-122.095915733506,70.4921098156957,10.2858423703213));
#2373=CARTESIAN_POINT('',(-122.095915733506,70.4921098156957,10.2858423703213));
#2374=CARTESIAN_POINT('',(-122.095915733506,70.4921098156957,10.2858423703213));
#2375=CARTESIAN_POINT('',(-122.095915733506,70.4921098156957,11.9988423703213));
#2376=CARTESIAN_POINT('Origin',(-7.28306304154103E-12,42.5382560483751,
10.2858423703213));
#2377=CARTESIAN_POINT('',(0.,0.,10.2858423703213));
#2378=CARTESIAN_POINT('',(-180.000000000016,-118.727398351291,10.2858423703213));
#2379=CARTESIAN_POINT('',(-180.000000000017,-141.616121168887,10.2858423703213));
#2380=CARTESIAN_POINT('',(-180.051347926068,-118.277115001943,10.2858423703213));
#2381=CARTESIAN_POINT('Origin',(-182.000000000016,-118.727398351291,10.2858423703213));
#2382=CARTESIAN_POINT('',(-180.000000000016,-115.191499966429,10.2858423703213));
#2383=CARTESIAN_POINT('Origin',(-182.598076211369,-116.691499966428,10.2858423703213));
#2384=CARTESIAN_POINT('',(-189.758765270983,-98.2888226979722,10.2858423703213));
#2385=CARTESIAN_POINT('',(-197.178395598724,-85.4376459969447,10.2858423703213));
#2386=CARTESIAN_POINT('',(-192.456660241064,-96.7904837886081,10.2858423703213));
#2387=CARTESIAN_POINT('Origin',(-192.356841482337,-99.7888226979721,10.2858423703213));
#2388=CARTESIAN_POINT('',(-192.820943097474,-96.520873505541,10.2858423703213));
#2389=CARTESIAN_POINT('Origin',(-193.820943097474,-98.2529243131099,10.2858423703213));
#2390=CARTESIAN_POINT('',(-212.643158517693,-85.0765120967416,10.2858423703213));
#2391=CARTESIAN_POINT('',(-192.356841482336,-96.7888226979721,10.2858423703213));
#2392=CARTESIAN_POINT('',(-212.643158517693,-85.0765120967416,10.2858423703213));
#2393=CARTESIAN_POINT('Origin',(0.,0.,12.9988423703213));
#2394=CARTESIAN_POINT('Origin',(-4.2632564145606E-12,0.,12.9988423703213));
#2395=CARTESIAN_POINT('Origin',(-203.006360535175,-113.73433077366,12.4623106012294));
#2396=CARTESIAN_POINT('',(-201.606841482337,-112.810292667984,12.4623106012294));
#2397=CARTESIAN_POINT('',(-202.905879588014,-113.560292667984,11.7123106012294));
#2398=CARTESIAN_POINT('Ctrl Pts',(-201.606841482337,-112.810292667984,12.4623106012294));
#2399=CARTESIAN_POINT('Ctrl Pts',(-201.674742169619,-112.927900108226,12.3662845283803));
#2400=CARTESIAN_POINT('Ctrl Pts',(-201.765450590778,-113.046234755526,12.2616054071358));
#2401=CARTESIAN_POINT('Ctrl Pts',(-201.984108632489,-113.253187737008,12.0643084017541));
#2402=CARTESIAN_POINT('Ctrl Pts',(-202.11217473227,-113.341831881365,11.9718467301836));
#2403=CARTESIAN_POINT('Ctrl Pts',(-202.33775390765,-113.452268090512,11.8488212493636));
#2404=CARTESIAN_POINT('Ctrl Pts',(-202.445066433799,-113.492529027858,11.8008621929515));
#2405=CARTESIAN_POINT('Ctrl Pts',(-202.672387357034,-113.546607323954,11.7324392468464));
#2406=CARTESIAN_POINT('Ctrl Pts',(-202.792527905168,-113.560292667984,11.7123106012294));
#2407=CARTESIAN_POINT('Ctrl Pts',(-202.905879588014,-113.560292667984,11.7123106012294));
#2408=CARTESIAN_POINT('',(-194.305398640852,-98.663822697972,11.7123106012294));
#2409=CARTESIAN_POINT('',(-203.006360535175,-113.73433077366,11.7123106012294));
#2410=CARTESIAN_POINT('',(-193.655879588013,-99.038822697972,12.4623106012294));
#2411=CARTESIAN_POINT('Origin',(-194.305398640852,-98.6638226979723,12.4623106012294));
#2412=CARTESIAN_POINT('',(-202.356841482337,-114.10933077366,12.4623106012294));
#2413=CARTESIAN_POINT('Origin',(-192.356841482337,-99.7888226979721,12.4623106012294));
#2414=CARTESIAN_POINT('',(-191.05780337666,-99.0388226979722,12.4623106012294));
#2415=CARTESIAN_POINT('',(-191.896328868222,-97.5864539431443,11.7123106012294));
#2416=CARTESIAN_POINT('Ctrl Pts',(-191.05780337666,-99.0388226979722,12.4623106012294));
#2417=CARTESIAN_POINT('Ctrl Pts',(-191.206496312893,-98.7812789776905,12.25202703418));
#2418=CARTESIAN_POINT('Ctrl Pts',(-191.386080072013,-98.4702307826805,12.00297775137));
#2419=CARTESIAN_POINT('Ctrl Pts',(-191.656599631659,-98.0016771609325,11.7780977793512));
#2420=CARTESIAN_POINT('Ctrl Pts',(-191.785483156891,-97.7784443469715,11.7123106012294));
#2421=CARTESIAN_POINT('Ctrl Pts',(-191.896328868222,-97.5864539431443,11.7123106012294));
#2422=CARTESIAN_POINT('Origin',(-192.356841482337,-99.7888226979721,12.4623106012294));
#2423=CARTESIAN_POINT('Origin',(-192.356841482337,-99.7888226979721,11.7123106012294));
#2424=CARTESIAN_POINT('Origin',(-192.356841482337,-99.7888226979721,11.7858423703213));
#2425=CARTESIAN_POINT('',(-191.094591368942,-98.9751040262304,11.7123106012294));
#2426=CARTESIAN_POINT('',(-191.05780337666,-99.0388226979722,11.7858423703213));
#2427=CARTESIAN_POINT('Ctrl Pts',(-191.094591368942,-98.9751040262304,11.7123106012294));
#2428=CARTESIAN_POINT('Ctrl Pts',(-191.082192033805,-98.9965803046694,11.7370645900784));
#2429=CARTESIAN_POINT('Ctrl Pts',(-191.069927061029,-99.0178238606704,11.7615950015836));
#2430=CARTESIAN_POINT('Ctrl Pts',(-191.05780337666,-99.0388226979722,11.7858423703213));
#2431=CARTESIAN_POINT('',(-192.088892289905,-97.25292431311,10.3549287962549));
#2432=CARTESIAN_POINT('Ctrl Pts',(-191.094591368942,-98.9751040262304,11.7123106012294));
#2433=CARTESIAN_POINT('Ctrl Pts',(-191.294740893778,-98.6284348801038,11.3127327971926));
#2434=CARTESIAN_POINT('Ctrl Pts',(-191.534318505416,-98.2134742843917,10.8637218140214));
#2435=CARTESIAN_POINT('Ctrl Pts',(-191.862187869629,-97.6455878873282,10.5107957365585));
#2436=CARTESIAN_POINT('Ctrl Pts',(-191.958509476967,-97.4787539695536,10.4277140666065));
#2437=CARTESIAN_POINT('Ctrl Pts',(-192.068442167076,-97.2883449648705,10.365619369269));
#2438=CARTESIAN_POINT('Ctrl Pts',(-192.078655477746,-97.2706549918772,10.3601354961144));
#2439=CARTESIAN_POINT('Ctrl Pts',(-192.088892289905,-97.25292431311,10.3549287962549));
#2440=CARTESIAN_POINT('Ctrl Pts',(-192.088892289905,-97.25292431311,10.3549287962549));
#2441=CARTESIAN_POINT('Ctrl Pts',(-192.175066970671,-97.1036653876971,10.3110981885168));
#2442=CARTESIAN_POINT('Ctrl Pts',(-192.282412148385,-96.9626954450594,10.2906582522415));
#2443=CARTESIAN_POINT('Ctrl Pts',(-192.424377921301,-96.8211067422521,10.2860889142808));
#2444=CARTESIAN_POINT('Ctrl Pts',(-192.440397091762,-96.8056553702292,10.2858423703213));
#2445=CARTESIAN_POINT('Ctrl Pts',(-192.456660241064,-96.7904837886081,10.2858423703213));
#2446=CARTESIAN_POINT('Origin',(-189.758765270983,-98.2888226979722,11.7858423703213));
#2447=CARTESIAN_POINT('Origin',(-207.500000000015,-99.5929214352011,11.7123106012294));
#2448=CARTESIAN_POINT('',(-203.655879588014,-113.35933077366,11.7123106012294));
#2449=CARTESIAN_POINT('Origin',(-202.905879588014,-112.060292667984,11.7123106012294));
#2450=CARTESIAN_POINT('',(-221.344120412017,-103.14702017243,11.7123106012294));
#2451=CARTESIAN_POINT('',(-222.643158517694,-102.39702017243,11.7123106012294));
#2452=CARTESIAN_POINT('',(-221.893158517693,-101.097982066754,11.7123106012294));
#2453=CARTESIAN_POINT('Origin',(-220.594120412017,-101.847982066754,11.7123106012294));
#2454=CARTESIAN_POINT('',(-212.643158517693,-85.0765120967419,11.7123106012294));
#2455=CARTESIAN_POINT('',(-212.643158517693,-85.0765120967419,11.7123106012294));
#2456=CARTESIAN_POINT('',(-192.820943097474,-96.520873505541,11.7123106012294));
#2457=CARTESIAN_POINT('',(-207.571579258854,-88.0045897470493,11.7123106012294));
#2458=CARTESIAN_POINT('',(-192.088892289905,-97.25292431311,11.7123106012294));
#2459=CARTESIAN_POINT('Origin',(-193.820943097474,-98.2529243131099,11.7123106012294));
#2460=CARTESIAN_POINT('',(-193.642631111756,-94.5617697319722,11.7123106012294));
#2461=CARTESIAN_POINT('',(-212.5004873384,-103.923048454123,11.7123106012294));
#2462=CARTESIAN_POINT('Origin',(-210.000000000015,-103.923048454123,11.7123106012294));
#2463=CARTESIAN_POINT('',(-207.500487338399,-95.262794416279,11.7123106012294));
#2464=CARTESIAN_POINT('Origin',(-205.000000000015,-95.262794416279,11.7123106012294));
#2465=CARTESIAN_POINT('Origin',(-180.000000000016,-118.941499966428,12.4623106012294));
#2466=CARTESIAN_POINT('',(-199.799038105693,-118.941499966428,11.7123106012294));
#2467=CARTESIAN_POINT('',(-198.500000000016,-118.191499966428,12.4623106012294));
#2468=CARTESIAN_POINT('Ctrl Pts',(-199.799038105693,-118.941499966428,11.7123106012294));
#2469=CARTESIAN_POINT('Ctrl Pts',(-199.74236226427,-118.843334529522,11.7123106012294));
#2470=CARTESIAN_POINT('Ctrl Pts',(-199.670440134613,-118.746132434827,11.7324392468464));
#2471=CARTESIAN_POINT('Ctrl Pts',(-199.509946494783,-118.576305888542,11.8008621929515));
#2472=CARTESIAN_POINT('Ctrl Pts',(-199.421423237187,-118.503500983426,11.8488212493636));
#2473=CARTESIAN_POINT('Ctrl Pts',(-199.212993086878,-118.363361791556,11.9718467301836));
#2474=CARTESIAN_POINT('Ctrl Pts',(-199.072191956078,-118.29677536796,12.0643084017541));
#2475=CARTESIAN_POINT('Ctrl Pts',(-198.78363639587,-118.210888439838,12.2616054071357));
#2476=CARTESIAN_POINT('Ctrl Pts',(-198.635801374581,-118.191499966428,12.3662845283803));
#2477=CARTESIAN_POINT('Ctrl Pts',(-198.500000000016,-118.191499966428,12.4623106012294));
#2478=CARTESIAN_POINT('',(-182.598076211369,-118.191499966428,12.4623106012294));
#2479=CARTESIAN_POINT('',(-180.000000000016,-118.191499966428,12.4623106012294));
#2480=CARTESIAN_POINT('',(-182.598076211369,-118.941499966428,11.7123106012294));
#2481=CARTESIAN_POINT('Origin',(-182.598076211369,-118.941499966428,12.4623106012294));
#2482=CARTESIAN_POINT('',(-180.000000000016,-118.941499966428,11.7123106012294));
#2483=CARTESIAN_POINT('Origin',(-182.598076211369,-116.691499966428,12.4623106012294));
#2484=CARTESIAN_POINT('',(-181.299038105692,-115.941499966428,12.4623106012294));
#2485=CARTESIAN_POINT('',(-180.46051261413,-117.393868721256,11.7123106012294));
#2486=CARTESIAN_POINT('Ctrl Pts',(-180.46051261413,-117.393868721256,11.7123106012294));
#2487=CARTESIAN_POINT('Ctrl Pts',(-180.571358325462,-117.201878317429,11.7123106012294));
#2488=CARTESIAN_POINT('Ctrl Pts',(-180.700241850694,-116.978645503468,11.7780977793512));
#2489=CARTESIAN_POINT('Ctrl Pts',(-180.97076141034,-116.51009188172,12.00297775137));
#2490=CARTESIAN_POINT('Ctrl Pts',(-181.15034516946,-116.19904368671,12.25202703418));
#2491=CARTESIAN_POINT('Ctrl Pts',(-181.299038105692,-115.941499966428,12.4623106012294));
#2492=CARTESIAN_POINT('Origin',(-182.598076211369,-116.691499966428,11.7123106012294));
#2493=CARTESIAN_POINT('Origin',(-182.598076211369,-116.691499966428,12.4623106012294));
#2494=CARTESIAN_POINT('Origin',(-182.598076211369,-116.691499966428,11.7858423703213));
#2495=CARTESIAN_POINT('',(-181.299038105692,-115.941499966428,11.7858423703213));
#2496=CARTESIAN_POINT('',(-181.26225011341,-116.00521863817,11.7123106012294));
#2497=CARTESIAN_POINT('Ctrl Pts',(-181.299038105692,-115.941499966428,11.7858423703213));
#2498=CARTESIAN_POINT('Ctrl Pts',(-181.286914421324,-115.96249880373,11.7615950015836));
#2499=CARTESIAN_POINT('Ctrl Pts',(-181.274649448548,-115.983742359731,11.7370645900785));
#2500=CARTESIAN_POINT('Ctrl Pts',(-181.26225011341,-116.00521863817,11.7123106012294));
#2501=CARTESIAN_POINT('Origin',(-180.000000000016,-115.191499966429,11.7858423703213));
#2502=CARTESIAN_POINT('',(-180.267949192447,-117.727398351291,10.3549287962548));
#2503=CARTESIAN_POINT('Ctrl Pts',(-180.051347926068,-118.277115001943,10.2858423703213));
#2504=CARTESIAN_POINT('Ctrl Pts',(-180.056390084212,-118.25529449284,10.2858423703213));
#2505=CARTESIAN_POINT('Ctrl Pts',(-180.061801606405,-118.233546401426,10.2860923476556));
#2506=CARTESIAN_POINT('Ctrl Pts',(-180.113482229101,-118.039821108862,10.2906941994206));
#2507=CARTESIAN_POINT('Ctrl Pts',(-180.181849983093,-117.876526556384,10.311136575173));
#2508=CARTESIAN_POINT('Ctrl Pts',(-180.267949192447,-117.727398351291,10.3549287962548));
#2509=CARTESIAN_POINT('Ctrl Pts',(-180.267949192447,-117.727398351291,10.3549287962548));
#2510=CARTESIAN_POINT('Ctrl Pts',(-180.278186004606,-117.709667672524,10.3601354961143));
#2511=CARTESIAN_POINT('Ctrl Pts',(-180.288399315276,-117.69197769953,10.365619369269));
#2512=CARTESIAN_POINT('Ctrl Pts',(-180.398332005386,-117.501568694847,10.4277140666065));
#2513=CARTESIAN_POINT('Ctrl Pts',(-180.494653612723,-117.334734777072,10.5107957365585));
#2514=CARTESIAN_POINT('Ctrl Pts',(-180.822522976937,-116.766848380009,10.8637218140213));
#2515=CARTESIAN_POINT('Ctrl Pts',(-181.062100588574,-116.351887784296,11.3127327971921));
#2516=CARTESIAN_POINT('Ctrl Pts',(-181.26225011341,-116.00521863817,11.7123106012294));
#2517=CARTESIAN_POINT('Origin',(-182.598076211369,-116.691499966428,10.9990764857753));
#2518=CARTESIAN_POINT('',(-182.598076211369,-118.191499966428,10.9990764857753));
#2519=CARTESIAN_POINT('',(-181.299038105692,-115.941499966428,10.9990764857753));
#2520=CARTESIAN_POINT('Origin',(-180.000000000016,-118.191499966428,11.7123106012294));
#2521=CARTESIAN_POINT('',(-198.500000000016,-118.191499966428,15.7123106012294));
#2522=CARTESIAN_POINT('',(-198.500000000016,-118.191499966428,11.7123106012294));
#2523=CARTESIAN_POINT('',(-180.000000000016,-118.191499966428,15.7123106012294));
#2524=CARTESIAN_POINT('Origin',(-197.178395598724,-85.4376459969447,11.7858423703213));
#2525=CARTESIAN_POINT('',(-198.477433704401,-86.1876459969447,11.7858423703213));
#2526=CARTESIAN_POINT('Origin',(-190.000000000016,-129.903810567657,11.7123106012294));
#2527=CARTESIAN_POINT('',(-180.267949192447,-117.727398351291,11.7123106012294));
#2528=CARTESIAN_POINT('',(-184.892631111757,-109.7172142982,11.7123106012294));
#2529=CARTESIAN_POINT('',(-180.000000000016,-118.727398351291,11.7123106012294));
#2530=CARTESIAN_POINT('Origin',(-182.000000000016,-118.727398351291,11.7123106012294));
#2531=CARTESIAN_POINT('',(-180.000000000016,-124.047655267043,11.7123106012294));
#2532=CARTESIAN_POINT('',(-200.000000000018,-140.116121168887,11.7123106012294));
#2533=CARTESIAN_POINT('Origin',(-198.500000000018,-140.116121168887,11.7123106012294));
#2534=CARTESIAN_POINT('',(-200.000000000016,-119.691499966428,11.7123106012294));
#2535=CARTESIAN_POINT('',(-200.000000000016,-118.191499966428,11.7123106012294));
#2536=CARTESIAN_POINT('Origin',(-198.500000000016,-119.691499966428,11.7123106012294));
#2537=CARTESIAN_POINT('',(-194.907738383456,-132.567983065467,11.7123106012294));
#2538=CARTESIAN_POINT('',(-194.82251576469,-132.566434924063,11.7123106012294));
#2539=CARTESIAN_POINT('Origin',(-194.91202320097,-129.985654924802,11.7123106012294));
#2540=CARTESIAN_POINT('',(-194.82251576469,-132.566434924063,11.7123106012294));
#2541=CARTESIAN_POINT('',(-187.500487338401,-129.903810567658,11.7123106012294));
#2542=CARTESIAN_POINT('Origin',(-185.000000000016,-129.903810567658,11.7123106012294));
#2543=CARTESIAN_POINT('Origin',(-182.000000000016,-118.727398351291,10.2858423703213));
#2544=CARTESIAN_POINT('',(-180.000000000016,-118.727398351291,10.2858423703213));
#2545=CARTESIAN_POINT('',(-180.267949192447,-117.727398351291,10.2858423703213));
#2546=CARTESIAN_POINT('Origin',(-193.820943097474,-98.2529243131099,10.2858423703213));
#2547=CARTESIAN_POINT('',(-192.088892289905,-97.25292431311,10.2858423703213));
#2548=CARTESIAN_POINT('',(-192.820943097474,-96.520873505541,10.2858423703213));
#2549=CARTESIAN_POINT('Origin',(-192.356841482336,-96.7888226979721,10.2858423703213));
#2550=CARTESIAN_POINT('',(-191.05780337666,-99.0388226979722,10.9990764857753));
#2551=CARTESIAN_POINT('Origin',(-198.500000000018,-140.116121168887,10.9990764857753));
#2552=CARTESIAN_POINT('',(-200.000000000017,-140.116121168887,15.7123106012294));
#2553=CARTESIAN_POINT('Origin',(-198.500000000018,-140.116121168887,15.7123106012294));
#2554=CARTESIAN_POINT('',(-200.000000000018,-140.116121168887,10.9990764857753));
#2555=CARTESIAN_POINT('Origin',(-200.000000000016,-118.191499966428,11.7123106012294));
#2556=CARTESIAN_POINT('',(-200.000000000016,-133.165669404702,15.7123106012294));
#2557=CARTESIAN_POINT('',(-200.000000000016,-118.191499966428,15.7123106012294));
#2558=CARTESIAN_POINT('',(-200.000000000016,-133.165669404702,13.7123106012294));
#2559=CARTESIAN_POINT('',(-200.000000000016,-133.165669404702,15.7123106012294));
#2560=CARTESIAN_POINT('',(-200.000000000016,-126.805640444901,13.7123106012294));
#2561=CARTESIAN_POINT('',(-200.000000000016,-118.191499966428,13.7123106012294));
#2562=CARTESIAN_POINT('',(-200.000000000016,-126.805640444901,15.7123106012294));
#2563=CARTESIAN_POINT('',(-200.000000000016,-126.805640444901,15.7123106012294));
#2564=CARTESIAN_POINT('',(-200.000000000016,-119.691499966428,15.7123106012294));
#2565=CARTESIAN_POINT('',(-200.000000000016,-118.191499966428,15.7123106012294));
#2566=CARTESIAN_POINT('',(-200.000000000016,-119.691499966428,11.7123106012294));
#2567=CARTESIAN_POINT('Origin',(-192.356841482337,-99.7888226979721,10.9990764857753));
#2568=CARTESIAN_POINT('',(-193.655879588013,-99.038822697972,10.9990764857753));
#2569=CARTESIAN_POINT('Origin',(-202.905879588014,-112.060292667984,11.7123106012294));
#2570=CARTESIAN_POINT('',(-201.606841482337,-112.810292667984,15.7123106012294));
#2571=CARTESIAN_POINT('',(-201.606841482337,-112.810292667984,11.7123106012294));
#2572=CARTESIAN_POINT('',(-203.655879588014,-113.35933077366,15.7123106012294));
#2573=CARTESIAN_POINT('Origin',(-202.905879588014,-112.060292667984,15.7123106012294));
#2574=CARTESIAN_POINT('',(-203.655879588014,-113.35933077366,11.7123106012294));
#2575=CARTESIAN_POINT('Origin',(-222.643158517694,-102.39702017243,11.7123106012294));
#2576=CARTESIAN_POINT('',(-209.627718676746,-109.911487868223,15.7123106012294));
#2577=CARTESIAN_POINT('',(-222.643158517694,-102.39702017243,15.7123106012294));
#2578=CARTESIAN_POINT('',(-209.627718676746,-109.911487868223,13.7123106012294));
#2579=CARTESIAN_POINT('',(-209.627718676746,-109.911487868223,15.7123106012294));
#2580=CARTESIAN_POINT('',(-215.372281323284,-106.594863077868,13.7123106012294));
#2581=CARTESIAN_POINT('',(-222.643158517694,-102.39702017243,13.7123106012294));
#2582=CARTESIAN_POINT('',(-215.372281323284,-106.594863077868,15.7123106012294));
#2583=CARTESIAN_POINT('',(-215.372281323284,-106.594863077868,15.7123106012294));
#2584=CARTESIAN_POINT('',(-221.344120412017,-103.14702017243,15.7123106012294));
#2585=CARTESIAN_POINT('',(-222.643158517694,-102.39702017243,15.7123106012294));
#2586=CARTESIAN_POINT('',(-221.344120412017,-103.14702017243,11.7123106012294));
#2587=CARTESIAN_POINT('Origin',(-198.500000000016,-119.691499966428,11.7123106012294));
#2588=CARTESIAN_POINT('Origin',(-198.500000000016,-119.691499966428,15.7123106012294));
#2589=CARTESIAN_POINT('Origin',(-220.594120412017,-101.847982066754,11.7123106012294));
#2590=CARTESIAN_POINT('',(-221.893158517693,-101.097982066754,15.7123106012294));
#2591=CARTESIAN_POINT('Origin',(-220.594120412017,-101.847982066754,15.7123106012294));
#2592=CARTESIAN_POINT('',(-221.893158517693,-101.097982066754,11.7123106012294));
#2593=CARTESIAN_POINT('Origin',(-194.912023200971,-129.985654924802,15.7123106012294));
#2594=CARTESIAN_POINT('',(-189.983934075502,-126.563091912755,15.7123106012294));
#2595=CARTESIAN_POINT('Origin',(-194.912023200971,-129.985654924802,15.7123106012294));
#2596=CARTESIAN_POINT('',(-189.983934075502,-126.563091912755,13.7123106012294));
#2597=CARTESIAN_POINT('Origin',(-194.912023200971,-129.985654924802,13.7123106012294));
#2598=CARTESIAN_POINT('',(-189.983934075502,-126.563091912755,15.7123106012294));
#2599=CARTESIAN_POINT('Origin',(-190.000000000016,-122.498570205665,15.7123106012294));
#2600=CARTESIAN_POINT('Origin',(-185.000000000016,-129.903810567658,15.7123106012294));
#2601=CARTESIAN_POINT('Origin',(-190.000000000016,-129.903810567657,13.7123106012294));
#2602=CARTESIAN_POINT('',(-189.928089125485,-133.326373579705,13.7123106012294));
#2603=CARTESIAN_POINT('Origin',(-185.000000000016,-129.903810567658,13.7123106012294));
#2604=CARTESIAN_POINT('Origin',(-194.912023200971,-129.985654924802,13.7123106012294));
#2605=CARTESIAN_POINT('',(-194.907738383456,-132.567983065467,13.7123106012294));
#2606=CARTESIAN_POINT('',(-194.82251576469,-132.566434924063,13.7123106012294));
#2607=CARTESIAN_POINT('Origin',(-194.91202320097,-129.985654924802,13.7123106012294));
#2608=CARTESIAN_POINT('',(-194.82251576469,-132.566434924063,13.7123106012294));
#2609=CARTESIAN_POINT('',(-187.500487338401,-129.903810567658,13.7123106012294));
#2610=CARTESIAN_POINT('Origin',(-185.000000000016,-129.903810567658,13.7123106012294));
#2611=CARTESIAN_POINT('Origin',(-210.000000000015,-103.923048454123,15.7123106012294));
#2612=CARTESIAN_POINT('',(-204.627718676746,-101.251233830379,15.7123106012294));
#2613=CARTESIAN_POINT('Origin',(-210.000000000015,-103.923048454123,15.7123106012294));
#2614=CARTESIAN_POINT('',(-204.627718676746,-101.251233830379,13.7123106012294));
#2615=CARTESIAN_POINT('',(-204.627718676746,-101.251233830379,15.7123106012294));
#2616=CARTESIAN_POINT('Origin',(-210.000000000015,-103.923048454123,13.7123106012294));
#2617=CARTESIAN_POINT('Origin',(-200.992280079541,-103.350155283098,15.7123106012294));
#2618=CARTESIAN_POINT('',(-202.356841482337,-114.10933077366,15.7123106012294));
#2619=CARTESIAN_POINT('Origin',(-205.000000000015,-95.262794416279,15.7123106012294));
#2620=CARTESIAN_POINT('Origin',(-207.500000000015,-99.5929214352011,13.7123106012294));
#2621=CARTESIAN_POINT('',(-210.372281323284,-97.9346090400233,13.7123106012294));
#2622=CARTESIAN_POINT('Origin',(-205.000000000015,-95.262794416279,13.7123106012294));
#2623=CARTESIAN_POINT('Origin',(-210.000000000015,-103.923048454123,13.7123106012294));
#2624=CARTESIAN_POINT('',(-212.5004873384,-103.923048454123,13.7123106012294));
#2625=CARTESIAN_POINT('Origin',(-210.000000000015,-103.923048454123,13.7123106012294));
#2626=CARTESIAN_POINT('',(-207.500487338399,-95.262794416279,13.7123106012294));
#2627=CARTESIAN_POINT('Origin',(-205.000000000015,-95.262794416279,13.7123106012294));
#2628=CARTESIAN_POINT('Origin',(-210.000000000015,-103.923048454123,15.7123106012294));
#2629=CARTESIAN_POINT('',(-210.372281323284,-97.9346090400233,15.7123106012294));
#2630=CARTESIAN_POINT('Origin',(-210.000000000015,-103.923048454123,15.7123106012294));
#2631=CARTESIAN_POINT('',(-210.372281323284,-97.9346090400233,15.7123106012294));
#2632=CARTESIAN_POINT('Origin',(-214.007719920489,-95.8356875873047,15.7123106012294));
#2633=CARTESIAN_POINT('Origin',(-205.000000000015,-95.262794416279,15.7123106012294));
#2634=CARTESIAN_POINT('',(-212.643158517693,-85.0765120967419,15.7123106012294));
#2635=CARTESIAN_POINT('Origin',(-194.912023200971,-129.985654924802,15.7123106012294));
#2636=CARTESIAN_POINT('',(-189.928089125485,-133.326373579705,15.7123106012294));
#2637=CARTESIAN_POINT('Origin',(-194.912023200971,-129.985654924802,15.7123106012294));
#2638=CARTESIAN_POINT('',(-189.928089125485,-133.326373579705,15.7123106012294));
#2639=CARTESIAN_POINT('Origin',(-190.000000000017,-137.390895286794,15.7123106012294));
#2640=CARTESIAN_POINT('Origin',(-185.000000000016,-129.903810567658,15.7123106012294));
#2641=CARTESIAN_POINT('Origin',(-185.000000000016,-129.903810567658,15.7123106012294));
#2642=CARTESIAN_POINT('Origin',(-205.000000000015,-95.262794416279,15.7123106012294));
#2643=CARTESIAN_POINT('Origin',(-31.5486729493188,226.060731728133,10.2858423703213));
#2644=CARTESIAN_POINT('',(-212.643158517693,-85.0765120967416,10.2858423703213));
#2645=CARTESIAN_POINT('',(-212.643158517693,-85.0765120967416,10.2858423703213));
#2646=CARTESIAN_POINT('Origin',(-212.643158517693,-85.0765120967416,10.2858423703213));
#2647=CARTESIAN_POINT('Origin',(-180.000000000016,-118.191499966429,10.2858423703213));
#2648=CARTESIAN_POINT('Origin',(-212.643158517693,-85.0765120967419,11.7123106012294));
#2649=CARTESIAN_POINT('Origin',(-202.356841482337,-114.10933077366,11.7123106012294));
#2650=CARTESIAN_POINT('Origin',(-210.000000000015,-103.923048454123,11.7123106012294));
#2651=CARTESIAN_POINT('',(-212.5004873384,-103.923048454123,11.7123106012294));
#2652=CARTESIAN_POINT('Origin',(-205.000000000015,-95.262794416279,11.7123106012294));
#2653=CARTESIAN_POINT('',(-207.500487338399,-95.262794416279,11.7123106012294));
#2654=CARTESIAN_POINT('Origin',(-185.000000000016,-129.903810567658,11.7123106012294));
#2655=CARTESIAN_POINT('',(-187.500487338401,-129.903810567658,11.7123106012294));
#2656=CARTESIAN_POINT('Origin',(-194.91202320097,-129.985654924802,11.7123106012294));
#2657=CARTESIAN_POINT('',(-194.82251576469,-132.566434924063,11.7123106012294));
#2658=CARTESIAN_POINT('',(-194.907738383456,-132.567983065467,11.7123106012294));
#2659=CARTESIAN_POINT('Origin',(-194.82251576469,-132.566434924063,11.7123106012294));
#2660=UNCERTAINTY_MEASURE_WITH_UNIT(LENGTH_MEASURE(0.01),#2664,
'DISTANCE_ACCURACY_VALUE',
'Maximum model space distance between geometric entities at asserted c
onnectivities');
#2661=UNCERTAINTY_MEASURE_WITH_UNIT(LENGTH_MEASURE(0.01),#2664,
'DISTANCE_ACCURACY_VALUE',
'Maximum model space distance between geometric entities at asserted c
onnectivities');
#2662=(
GEOMETRIC_REPRESENTATION_CONTEXT(3)
GLOBAL_UNCERTAINTY_ASSIGNED_CONTEXT((#2660))
GLOBAL_UNIT_ASSIGNED_CONTEXT((#2664,#2666,#2667))
REPRESENTATION_CONTEXT('','3D')
);
#2663=(
GEOMETRIC_REPRESENTATION_CONTEXT(3)
GLOBAL_UNCERTAINTY_ASSIGNED_CONTEXT((#2661))
GLOBAL_UNIT_ASSIGNED_CONTEXT((#2664,#2666,#2667))
REPRESENTATION_CONTEXT('','3D')
);
#2664=(
LENGTH_UNIT()
NAMED_UNIT(*)
SI_UNIT(.MILLI.,.METRE.)
);
#2665=(
LENGTH_UNIT()
NAMED_UNIT(*)
SI_UNIT($,.METRE.)
);
#2666=(
NAMED_UNIT(*)
PLANE_ANGLE_UNIT()
SI_UNIT($,.RADIAN.)
);
#2667=(
NAMED_UNIT(*)
SI_UNIT($,.STERADIAN.)
SOLID_ANGLE_UNIT()
);
#2668=SHAPE_DEFINITION_REPRESENTATION(#2669,#2670);
#2669=PRODUCT_DEFINITION_SHAPE('',$,#2672);
#2670=SHAPE_REPRESENTATION('',(#1558),#2662);
#2671=PRODUCT_DEFINITION_CONTEXT('part definition',#2676,'design');
#2672=PRODUCT_DEFINITION('2026-08-29-22-45-59-427',
'Front_Left_Base_Plate',#2673,#2671);
#2673=PRODUCT_DEFINITION_FORMATION('',$,#2678);
#2674=PRODUCT_RELATED_PRODUCT_CATEGORY('Front_Left_Base_Plate',
'Front_Left_Base_Plate',(#2678));
#2675=APPLICATION_PROTOCOL_DEFINITION('international standard',
'automotive_design',2009,#2676);
#2676=APPLICATION_CONTEXT(
'Core Data for Automotive Mechanical Design Process');
#2677=PRODUCT_CONTEXT('part definition',#2676,'mechanical');
#2678=PRODUCT('2026-08-29-22-45-59-427','Front_Left_Base_Plate',$,(#2677));
#2679=PRESENTATION_STYLE_ASSIGNMENT((#2681));
#2680=PRESENTATION_STYLE_ASSIGNMENT((#2682));
#2681=SURFACE_STYLE_USAGE(.BOTH.,#2683);
#2682=SURFACE_STYLE_USAGE(.BOTH.,#2684);
#2683=SURFACE_SIDE_STYLE('',(#2685));
#2684=SURFACE_SIDE_STYLE('',(#2686));
#2685=SURFACE_STYLE_FILL_AREA(#2687);
#2686=SURFACE_STYLE_FILL_AREA(#2688);
#2687=FILL_AREA_STYLE('Steel - Satin',(#2689));
#2688=FILL_AREA_STYLE('Plastic - Translucent Glossy (White)',(#2690));
#2689=FILL_AREA_STYLE_COLOUR('Steel - Satin',#2691);
#2690=FILL_AREA_STYLE_COLOUR('Plastic - Translucent Glossy (White)',#2692);
#2691=COLOUR_RGB('Steel - Satin',0.627450980392157,0.627450980392157,0.627450980392157);
#2692=COLOUR_RGB('Plastic - Translucent Glossy (White)',1.,1.,1.);
ENDSEC;
END-ISO-10303-21;
