ISO-10303-21;
HEADER;
/* Generated by software containing ST-Developer
 * from STEP Tools, Inc. (www.steptools.com) 
 */

FILE_DESCRIPTION(
/* description */ (''),
/* implementation_level */ '2;1');

FILE_NAME(
/* name */ 'Lidar_Mounting_Plate.step',
/* time_stamp */ '2026-08-29T22:48:00-05:00',
/* author */ (''),
/* organization */ (''),
/* preprocessor_version */ 'ST-DEVELOPER v20.1',
/* originating_system */ 'Autodesk Translation Framework v15.8.0.0',
/* authorisation */ '');

FILE_SCHEMA (('AUTOMOTIVE_DESIGN { 1 0 10303 214 3 1 1 }'));
ENDSEC;

DATA;
#10=MECHANICAL_DESIGN_GEOMETRIC_PRESENTATION_REPRESENTATION('',(#13),#2638);
#11=SHAPE_REPRESENTATION_RELATIONSHIP('SRR','None',#2645,#12);
#12=ADVANCED_BREP_SHAPE_REPRESENTATION('',(#14),#2637);
#13=STYLED_ITEM('',(#2655),#14);
#14=MANIFOLD_SOLID_BREP('Body1',#1510);
#15=(
BOUNDED_SURFACE()
B_SPLINE_SURFACE(1,2,((#2615,#2616,#2617),(#2618,#2619,#2620)),
 .UNSPECIFIED.,.F.,.F.,.F.)
B_SPLINE_SURFACE_WITH_KNOTS((2,2),(3,3),(-2.49482347665964,28.2746660688093),
(2.5028452036395,3.98433671448621),.UNSPECIFIED.)
GEOMETRIC_REPRESENTATION_ITEM()
RATIONAL_B_SPLINE_SURFACE(((1.,0.73796549955914,1.),(1.,0.73796549955914,
1.)))
REPRESENTATION_ITEM('')
SURFACE()
);
#16=(
BOUNDED_SURFACE()
B_SPLINE_SURFACE(1,2,((#2625,#2626,#2627),(#2628,#2629,#2630)),
 .UNSPECIFIED.,.F.,.F.,.F.)
B_SPLINE_SURFACE_WITH_KNOTS((2,2),(3,3),(-2.49482283701804,28.2746588195378),
(2.30128810974255,3.78277861276618),.UNSPECIFIED.)
GEOMETRIC_REPRESENTATION_ITEM()
RATIONAL_B_SPLINE_SURFACE(((1.,0.737965839617924,1.),(1.,0.737965839617924,
1.)))
REPRESENTATION_ITEM('')
SURFACE()
);
#17=SPHERICAL_SURFACE('',#1639,2.5);
#18=SPHERICAL_SURFACE('',#1651,2.5);
#19=B_SPLINE_CURVE_WITH_KNOTS('',3,(#2459,#2460,#2461,#2462,#2463,#2464,
#2465,#2466,#2467,#2468,#2469,#2470,#2471,#2472),.UNSPECIFIED.,.F.,.F.,
(4,2,2,2,2,2,4),(3.17256827561277,3.24002615696889,3.33246024302035,3.48088531172733,
3.55509784608082,3.59220411325756,3.6293103804343),.UNSPECIFIED.);
#20=B_SPLINE_CURVE_WITH_KNOTS('',3,(#2487,#2488,#2489,#2490,#2491,#2492,
#2493,#2494,#2495,#2496,#2497,#2498,#2499,#2500),.UNSPECIFIED.,.F.,.F.,
(4,2,2,2,2,2,4),(0.,0.0371062671767436,0.0742125343534873,0.148425068706975,
0.296850137413949,0.389284223465417,0.456742104821538),.UNSPECIFIED.);
#21=CYLINDRICAL_SURFACE('',#1560,2.);
#22=CYLINDRICAL_SURFACE('',#1571,1.15);
#23=CYLINDRICAL_SURFACE('',#1572,5.42720420239976);
#24=CYLINDRICAL_SURFACE('',#1573,2.36325870977528);
#25=CYLINDRICAL_SURFACE('',#1574,5.42720420239974);
#26=CYLINDRICAL_SURFACE('',#1575,45.0679043688913);
#27=CYLINDRICAL_SURFACE('',#1584,1.15);
#28=CYLINDRICAL_SURFACE('',#1585,5.42720420239975);
#29=CYLINDRICAL_SURFACE('',#1586,2.36325870977528);
#30=CYLINDRICAL_SURFACE('',#1587,5.42720420239977);
#31=CYLINDRICAL_SURFACE('',#1588,2.);
#32=CYLINDRICAL_SURFACE('',#1596,1.15);
#33=CYLINDRICAL_SURFACE('',#1597,5.42720420239991);
#34=CYLINDRICAL_SURFACE('',#1598,2.36325870977529);
#35=CYLINDRICAL_SURFACE('',#1599,5.42720420239977);
#36=CYLINDRICAL_SURFACE('',#1600,2.);
#37=CYLINDRICAL_SURFACE('',#1603,2.);
#38=CYLINDRICAL_SURFACE('',#1614,1.15);
#39=CYLINDRICAL_SURFACE('',#1615,45.0679043688945);
#40=CYLINDRICAL_SURFACE('',#1616,5.42720420239973);
#41=CYLINDRICAL_SURFACE('',#1617,2.36325870977528);
#42=CYLINDRICAL_SURFACE('',#1618,5.42720420239974);
#43=CYLINDRICAL_SURFACE('',#1634,2.5);
#44=CYLINDRICAL_SURFACE('',#1637,2.5);
#45=CYLINDRICAL_SURFACE('',#1643,2.5);
#46=CYLINDRICAL_SURFACE('',#1645,2.5);
#47=CYLINDRICAL_SURFACE('',#1647,2.5);
#48=CYLINDRICAL_SURFACE('',#1650,2.5);
#49=CYLINDRICAL_SURFACE('',#1655,2.5);
#50=CYLINDRICAL_SURFACE('',#1657,2.5);
#51=CYLINDRICAL_SURFACE('',#1659,2.5);
#52=CYLINDRICAL_SURFACE('',#1663,2.);
#53=CYLINDRICAL_SURFACE('',#1665,2.);
#54=CYLINDRICAL_SURFACE('',#1667,2.);
#55=CYLINDRICAL_SURFACE('',#1668,45.0679043688945);
#56=CYLINDRICAL_SURFACE('',#1675,45.0679043688913);
#57=CYLINDRICAL_SURFACE('',#1677,3.33158875454102);
#58=CYLINDRICAL_SURFACE('',#1678,5.);
#59=CYLINDRICAL_SURFACE('',#1680,5.);
#60=CYLINDRICAL_SURFACE('',#1681,2.601234551832);
#61=CYLINDRICAL_SURFACE('',#1684,1.65);
#62=CYLINDRICAL_SURFACE('',#1685,1.65);
#63=CYLINDRICAL_SURFACE('',#1686,1.65);
#64=CYLINDRICAL_SURFACE('',#1691,3.331588754542);
#65=FACE_BOUND('',#426,.T.);
#66=FACE_BOUND('',#427,.T.);
#67=FACE_BOUND('',#428,.T.);
#68=FACE_BOUND('',#429,.T.);
#69=FACE_BOUND('',#430,.T.);
#70=FACE_BOUND('',#431,.T.);
#71=FACE_BOUND('',#432,.T.);
#72=FACE_BOUND('',#433,.T.);
#73=FACE_BOUND('',#436,.T.);
#74=FACE_BOUND('',#446,.T.);
#75=FACE_BOUND('',#453,.T.);
#76=FACE_BOUND('',#463,.T.);
#77=FACE_BOUND('',#471,.T.);
#78=FACE_BOUND('',#472,.T.);
#79=FACE_BOUND('',#473,.T.);
#80=ELLIPSE('',#1536,1.20249019508968,1.19996537833579);
#81=ELLIPSE('',#1539,1.2024898867862,1.19996346633401);
#82=ELLIPSE('',#1624,1.2024898867862,1.19996346633401);
#83=ELLIPSE('',#1627,1.20249019508968,1.19996537833579);
#84=ELLIPSE('',#1635,3.53553390593274,2.5);
#85=ELLIPSE('',#1638,3.53553390593274,2.5);
#86=ELLIPSE('',#1664,2.82842712474619,2.);
#87=ELLIPSE('',#1666,2.82842712474619,2.);
#88=LINE('',#2180,#215);
#89=LINE('',#2184,#216);
#90=LINE('',#2188,#217);
#91=LINE('',#2192,#218);
#92=LINE('',#2196,#219);
#93=LINE('',#2208,#220);
#94=LINE('',#2216,#221);
#95=LINE('',#2223,#222);
#96=LINE('',#2229,#223);
#97=LINE('',#2234,#224);
#98=LINE('',#2236,#225);
#99=LINE('',#2238,#226);
#100=LINE('',#2240,#227);
#101=LINE('',#2242,#228);
#102=LINE('',#2243,#229);
#103=LINE('',#2252,#230);
#104=LINE('',#2260,#231);
#105=LINE('',#2264,#232);
#106=LINE('',#2268,#233);
#107=LINE('',#2269,#234);
#108=LINE('',#2272,#235);
#109=LINE('',#2274,#236);
#110=LINE('',#2286,#237);
#111=LINE('',#2288,#238);
#112=LINE('',#2290,#239);
#113=LINE('',#2291,#240);
#114=LINE('',#2293,#241);
#115=LINE('',#2295,#242);
#116=LINE('',#2299,#243);
#117=LINE('',#2301,#244);
#118=LINE('',#2303,#245);
#119=LINE('',#2304,#246);
#120=LINE('',#2307,#247);
#121=LINE('',#2309,#248);
#122=LINE('',#2311,#249);
#123=LINE('',#2313,#250);
#124=LINE('',#2315,#251);
#125=LINE('',#2317,#252);
#126=LINE('',#2318,#253);
#127=LINE('',#2322,#254);
#128=LINE('',#2332,#255);
#129=LINE('',#2334,#256);
#130=LINE('',#2335,#257);
#131=LINE('',#2337,#258);
#132=LINE('',#2341,#259);
#133=LINE('',#2347,#260);
#134=LINE('',#2356,#261);
#135=LINE('',#2358,#262);
#136=LINE('',#2360,#263);
#137=LINE('',#2362,#264);
#138=LINE('',#2366,#265);
#139=LINE('',#2369,#266);
#140=LINE('',#2370,#267);
#141=LINE('',#2373,#268);
#142=LINE('',#2375,#269);
#143=LINE('',#2377,#270);
#144=LINE('',#2381,#271);
#145=LINE('',#2385,#272);
#146=LINE('',#2386,#273);
#147=LINE('',#2389,#274);
#148=LINE('',#2401,#275);
#149=LINE('',#2404,#276);
#150=LINE('',#2405,#277);
#151=LINE('',#2407,#278);
#152=LINE('',#2409,#279);
#153=LINE('',#2411,#280);
#154=LINE('',#2420,#281);
#155=LINE('',#2424,#282);
#156=LINE('',#2428,#283);
#157=LINE('',#2432,#284);
#158=LINE('',#2436,#285);
#159=LINE('',#2443,#286);
#160=LINE('',#2445,#287);
#161=LINE('',#2447,#288);
#162=LINE('',#2449,#289);
#163=LINE('',#2450,#290);
#164=LINE('',#2474,#291);
#165=LINE('',#2478,#292);
#166=LINE('',#2480,#293);
#167=LINE('',#2481,#294);
#168=LINE('',#2486,#295);
#169=LINE('',#2510,#296);
#170=LINE('',#2514,#297);
#171=LINE('',#2519,#298);
#172=LINE('',#2520,#299);
#173=LINE('',#2523,#300);
#174=LINE('',#2524,#301);
#175=LINE('',#2526,#302);
#176=LINE('',#2537,#303);
#177=LINE('',#2538,#304);
#178=LINE('',#2543,#305);
#179=LINE('',#2544,#306);
#180=LINE('',#2549,#307);
#181=LINE('',#2550,#308);
#182=LINE('',#2553,#309);
#183=LINE('',#2554,#310);
#184=LINE('',#2556,#311);
#185=LINE('',#2559,#312);
#186=LINE('',#2564,#313);
#187=LINE('',#2566,#314);
#188=LINE('',#2568,#315);
#189=LINE('',#2571,#316);
#190=LINE('',#2573,#317);
#191=LINE('',#2574,#318);
#192=LINE('',#2577,#319);
#193=LINE('',#2578,#320);
#194=LINE('',#2580,#321);
#195=LINE('',#2582,#322);
#196=LINE('',#2583,#323);
#197=LINE('',#2585,#324);
#198=LINE('',#2587,#325);
#199=LINE('',#2589,#326);
#200=LINE('',#2591,#327);
#201=LINE('',#2594,#328);
#202=LINE('',#2596,#329);
#203=LINE('',#2597,#330);
#204=LINE('',#2599,#331);
#205=LINE('',#2601,#332);
#206=LINE('',#2604,#333);
#207=LINE('',#2608,#334);
#208=LINE('',#2610,#335);
#209=LINE('',#2612,#336);
#210=LINE('',#2614,#337);
#211=LINE('',#2621,#338);
#212=LINE('',#2624,#339);
#213=LINE('',#2631,#340);
#214=LINE('',#2633,#341);
#215=VECTOR('',#1718,10.);
#216=VECTOR('',#1721,10.);
#217=VECTOR('',#1724,10.);
#218=VECTOR('',#1727,10.);
#219=VECTOR('',#1730,10.);
#220=VECTOR('',#1741,10.);
#221=VECTOR('',#1748,10.);
#222=VECTOR('',#1755,10.);
#223=VECTOR('',#1760,10.);
#224=VECTOR('',#1763,10.);
#225=VECTOR('',#1764,10.);
#226=VECTOR('',#1765,10.);
#227=VECTOR('',#1766,10.);
#228=VECTOR('',#1767,10.);
#229=VECTOR('',#1768,10.);
#230=VECTOR('',#1775,10.);
#231=VECTOR('',#1784,10.);
#232=VECTOR('',#1787,10.);
#233=VECTOR('',#1790,10.);
#234=VECTOR('',#1791,10.);
#235=VECTOR('',#1794,10.);
#236=VECTOR('',#1795,10.);
#237=VECTOR('',#1810,10.);
#238=VECTOR('',#1813,1.15);
#239=VECTOR('',#1816,10.);
#240=VECTOR('',#1817,10.);
#241=VECTOR('',#1820,10.);
#242=VECTOR('',#1823,10.);
#243=VECTOR('',#1828,10.);
#244=VECTOR('',#1829,10.);
#245=VECTOR('',#1830,10.);
#246=VECTOR('',#1831,10.);
#247=VECTOR('',#1834,10.);
#248=VECTOR('',#1835,10.);
#249=VECTOR('',#1836,10.);
#250=VECTOR('',#1837,10.);
#251=VECTOR('',#1838,10.);
#252=VECTOR('',#1839,10.);
#253=VECTOR('',#1840,10.);
#254=VECTOR('',#1843,10.);
#255=VECTOR('',#1856,1.15);
#256=VECTOR('',#1859,10.);
#257=VECTOR('',#1860,10.);
#258=VECTOR('',#1863,10.);
#259=VECTOR('',#1868,10.);
#260=VECTOR('',#1875,10.);
#261=VECTOR('',#1886,1.15);
#262=VECTOR('',#1889,10.);
#263=VECTOR('',#1892,10.);
#264=VECTOR('',#1895,10.);
#265=VECTOR('',#1900,10.);
#266=VECTOR('',#1903,10.);
#267=VECTOR('',#1904,10.);
#268=VECTOR('',#1907,10.);
#269=VECTOR('',#1908,10.);
#270=VECTOR('',#1909,10.);
#271=VECTOR('',#1912,10.);
#272=VECTOR('',#1917,10.);
#273=VECTOR('',#1918,10.);
#274=VECTOR('',#1921,10.);
#275=VECTOR('',#1936,1.15);
#276=VECTOR('',#1941,10.);
#277=VECTOR('',#1942,10.);
#278=VECTOR('',#1945,10.);
#279=VECTOR('',#1948,10.);
#280=VECTOR('',#1951,10.);
#281=VECTOR('',#1960,10.);
#282=VECTOR('',#1963,10.);
#283=VECTOR('',#1966,10.);
#284=VECTOR('',#1969,10.);
#285=VECTOR('',#1972,10.);
#286=VECTOR('',#1979,10.);
#287=VECTOR('',#1980,10.);
#288=VECTOR('',#1981,10.);
#289=VECTOR('',#1982,10.);
#290=VECTOR('',#1983,10.);
#291=VECTOR('',#1992,2.5);
#292=VECTOR('',#1997,10.);
#293=VECTOR('',#1998,10.);
#294=VECTOR('',#1999,10.);
#295=VECTOR('',#2004,2.5);
#296=VECTOR('',#2017,10.);
#297=VECTOR('',#2022,10.);
#298=VECTOR('',#2027,10.);
#299=VECTOR('',#2028,10.);
#300=VECTOR('',#2031,10.);
#301=VECTOR('',#2032,10.);
#302=VECTOR('',#2035,10.);
#303=VECTOR('',#2048,10.);
#304=VECTOR('',#2049,10.);
#305=VECTOR('',#2054,10.);
#306=VECTOR('',#2055,10.);
#307=VECTOR('',#2060,10.);
#308=VECTOR('',#2061,10.);
#309=VECTOR('',#2064,10.);
#310=VECTOR('',#2065,10.);
#311=VECTOR('',#2068,10.);
#312=VECTOR('',#2071,10.);
#313=VECTOR('',#2078,10.);
#314=VECTOR('',#2081,10.);
#315=VECTOR('',#2084,10.);
#316=VECTOR('',#2087,10.);
#317=VECTOR('',#2088,10.);
#318=VECTOR('',#2089,10.);
#319=VECTOR('',#2092,10.);
#320=VECTOR('',#2093,10.);
#321=VECTOR('',#2096,10.);
#322=VECTOR('',#2097,10.);
#323=VECTOR('',#2098,10.);
#324=VECTOR('',#2101,10.);
#325=VECTOR('',#2104,10.);
#326=VECTOR('',#2107,10.);
#327=VECTOR('',#2110,10.);
#328=VECTOR('',#2115,10.);
#329=VECTOR('',#2118,10.);
#330=VECTOR('',#2119,10.);
#331=VECTOR('',#2122,10.);
#332=VECTOR('',#2125,10.);
#333=VECTOR('',#2128,2.601234551832);
#334=VECTOR('',#2135,1.65);
#335=VECTOR('',#2138,1.65);
#336=VECTOR('',#2141,1.65);
#337=VECTOR('',#2144,10.);
#338=VECTOR('',#2145,10.);
#339=VECTOR('',#2150,10.);
#340=VECTOR('',#2151,10.);
#341=VECTOR('',#2154,10.);
#342=FACE_OUTER_BOUND('',#422,.T.);
#343=FACE_OUTER_BOUND('',#423,.T.);
#344=FACE_OUTER_BOUND('',#424,.T.);
#345=FACE_OUTER_BOUND('',#425,.T.);
#346=FACE_OUTER_BOUND('',#434,.T.);
#347=FACE_OUTER_BOUND('',#435,.T.);
#348=FACE_OUTER_BOUND('',#437,.T.);
#349=FACE_OUTER_BOUND('',#438,.T.);
#350=FACE_OUTER_BOUND('',#439,.T.);
#351=FACE_OUTER_BOUND('',#440,.T.);
#352=FACE_OUTER_BOUND('',#441,.T.);
#353=FACE_OUTER_BOUND('',#442,.T.);
#354=FACE_OUTER_BOUND('',#443,.T.);
#355=FACE_OUTER_BOUND('',#444,.T.);
#356=FACE_OUTER_BOUND('',#445,.T.);
#357=FACE_OUTER_BOUND('',#447,.T.);
#358=FACE_OUTER_BOUND('',#448,.T.);
#359=FACE_OUTER_BOUND('',#449,.T.);
#360=FACE_OUTER_BOUND('',#450,.T.);
#361=FACE_OUTER_BOUND('',#451,.T.);
#362=FACE_OUTER_BOUND('',#452,.T.);
#363=FACE_OUTER_BOUND('',#454,.T.);
#364=FACE_OUTER_BOUND('',#455,.T.);
#365=FACE_OUTER_BOUND('',#456,.T.);
#366=FACE_OUTER_BOUND('',#457,.T.);
#367=FACE_OUTER_BOUND('',#458,.T.);
#368=FACE_OUTER_BOUND('',#459,.T.);
#369=FACE_OUTER_BOUND('',#460,.T.);
#370=FACE_OUTER_BOUND('',#461,.T.);
#371=FACE_OUTER_BOUND('',#462,.T.);
#372=FACE_OUTER_BOUND('',#464,.T.);
#373=FACE_OUTER_BOUND('',#465,.T.);
#374=FACE_OUTER_BOUND('',#466,.T.);
#375=FACE_OUTER_BOUND('',#467,.T.);
#376=FACE_OUTER_BOUND('',#468,.T.);
#377=FACE_OUTER_BOUND('',#469,.T.);
#378=FACE_OUTER_BOUND('',#470,.T.);
#379=FACE_OUTER_BOUND('',#474,.T.);
#380=FACE_OUTER_BOUND('',#475,.T.);
#381=FACE_OUTER_BOUND('',#476,.T.);
#382=FACE_OUTER_BOUND('',#477,.T.);
#383=FACE_OUTER_BOUND('',#478,.T.);
#384=FACE_OUTER_BOUND('',#479,.T.);
#385=FACE_OUTER_BOUND('',#480,.T.);
#386=FACE_OUTER_BOUND('',#481,.T.);
#387=FACE_OUTER_BOUND('',#482,.T.);
#388=FACE_OUTER_BOUND('',#483,.T.);
#389=FACE_OUTER_BOUND('',#484,.T.);
#390=FACE_OUTER_BOUND('',#485,.T.);
#391=FACE_OUTER_BOUND('',#486,.T.);
#392=FACE_OUTER_BOUND('',#487,.T.);
#393=FACE_OUTER_BOUND('',#488,.T.);
#394=FACE_OUTER_BOUND('',#489,.T.);
#395=FACE_OUTER_BOUND('',#490,.T.);
#396=FACE_OUTER_BOUND('',#491,.T.);
#397=FACE_OUTER_BOUND('',#492,.T.);
#398=FACE_OUTER_BOUND('',#493,.T.);
#399=FACE_OUTER_BOUND('',#494,.T.);
#400=FACE_OUTER_BOUND('',#495,.T.);
#401=FACE_OUTER_BOUND('',#496,.T.);
#402=FACE_OUTER_BOUND('',#497,.T.);
#403=FACE_OUTER_BOUND('',#498,.T.);
#404=FACE_OUTER_BOUND('',#499,.T.);
#405=FACE_OUTER_BOUND('',#500,.T.);
#406=FACE_OUTER_BOUND('',#501,.T.);
#407=FACE_OUTER_BOUND('',#502,.T.);
#408=FACE_OUTER_BOUND('',#503,.T.);
#409=FACE_OUTER_BOUND('',#504,.T.);
#410=FACE_OUTER_BOUND('',#505,.T.);
#411=FACE_OUTER_BOUND('',#506,.T.);
#412=FACE_OUTER_BOUND('',#507,.T.);
#413=FACE_OUTER_BOUND('',#508,.T.);
#414=FACE_OUTER_BOUND('',#509,.T.);
#415=FACE_OUTER_BOUND('',#510,.T.);
#416=FACE_OUTER_BOUND('',#511,.T.);
#417=FACE_OUTER_BOUND('',#512,.T.);
#418=FACE_OUTER_BOUND('',#513,.T.);
#419=FACE_OUTER_BOUND('',#514,.T.);
#420=FACE_OUTER_BOUND('',#515,.T.);
#421=FACE_OUTER_BOUND('',#516,.T.);
#422=EDGE_LOOP('',(#960));
#423=EDGE_LOOP('',(#961));
#424=EDGE_LOOP('',(#962));
#425=EDGE_LOOP('',(#963,#964,#965,#966,#967,#968,#969,#970,#971,#972,#973,
#974,#975,#976,#977,#978,#979,#980,#981,#982,#983,#984,#985,#986,#987,#988,
#989,#990));
#426=EDGE_LOOP('',(#991,#992,#993));
#427=EDGE_LOOP('',(#994));
#428=EDGE_LOOP('',(#995,#996,#997,#998,#999,#1000));
#429=EDGE_LOOP('',(#1001));
#430=EDGE_LOOP('',(#1002));
#431=EDGE_LOOP('',(#1003,#1004,#1005));
#432=EDGE_LOOP('',(#1006));
#433=EDGE_LOOP('',(#1007));
#434=EDGE_LOOP('',(#1008,#1009,#1010,#1011,#1012,#1013,#1014));
#435=EDGE_LOOP('',(#1015,#1016,#1017,#1018,#1019,#1020,#1021,#1022));
#436=EDGE_LOOP('',(#1023));
#437=EDGE_LOOP('',(#1024,#1025,#1026,#1027));
#438=EDGE_LOOP('',(#1028,#1029,#1030,#1031));
#439=EDGE_LOOP('',(#1032,#1033,#1034,#1035));
#440=EDGE_LOOP('',(#1036,#1037,#1038,#1039));
#441=EDGE_LOOP('',(#1040,#1041,#1042,#1043));
#442=EDGE_LOOP('',(#1044,#1045,#1046,#1047));
#443=EDGE_LOOP('',(#1048,#1049,#1050,#1051,#1052,#1053,#1054,#1055));
#444=EDGE_LOOP('',(#1056,#1057,#1058,#1059,#1060,#1061,#1062,#1063));
#445=EDGE_LOOP('',(#1064,#1065,#1066,#1067,#1068,#1069));
#446=EDGE_LOOP('',(#1070));
#447=EDGE_LOOP('',(#1071,#1072,#1073,#1074));
#448=EDGE_LOOP('',(#1075,#1076,#1077,#1078));
#449=EDGE_LOOP('',(#1079,#1080,#1081,#1082));
#450=EDGE_LOOP('',(#1083,#1084,#1085,#1086));
#451=EDGE_LOOP('',(#1087,#1088,#1089,#1090));
#452=EDGE_LOOP('',(#1091,#1092,#1093,#1094,#1095,#1096));
#453=EDGE_LOOP('',(#1097));
#454=EDGE_LOOP('',(#1098,#1099,#1100,#1101));
#455=EDGE_LOOP('',(#1102,#1103,#1104,#1105));
#456=EDGE_LOOP('',(#1106,#1107,#1108,#1109));
#457=EDGE_LOOP('',(#1110,#1111,#1112,#1113,#1114));
#458=EDGE_LOOP('',(#1115,#1116,#1117,#1118));
#459=EDGE_LOOP('',(#1119,#1120,#1121,#1122));
#460=EDGE_LOOP('',(#1123,#1124,#1125,#1126,#1127,#1128,#1129));
#461=EDGE_LOOP('',(#1130,#1131,#1132,#1133));
#462=EDGE_LOOP('',(#1134,#1135,#1136,#1137,#1138,#1139,#1140,#1141));
#463=EDGE_LOOP('',(#1142));
#464=EDGE_LOOP('',(#1143,#1144,#1145,#1146));
#465=EDGE_LOOP('',(#1147,#1148,#1149,#1150));
#466=EDGE_LOOP('',(#1151,#1152,#1153,#1154));
#467=EDGE_LOOP('',(#1155,#1156,#1157,#1158));
#468=EDGE_LOOP('',(#1159,#1160,#1161,#1162));
#469=EDGE_LOOP('',(#1163,#1164,#1165,#1166,#1167,#1168,#1169,#1170));
#470=EDGE_LOOP('',(#1171,#1172,#1173,#1174,#1175,#1176,#1177,#1178,#1179,
#1180,#1181,#1182,#1183,#1184,#1185,#1186,#1187,#1188,#1189,#1190,#1191,
#1192,#1193,#1194,#1195,#1196,#1197,#1198));
#471=EDGE_LOOP('',(#1199));
#472=EDGE_LOOP('',(#1200));
#473=EDGE_LOOP('',(#1201));
#474=EDGE_LOOP('',(#1202,#1203,#1204,#1205));
#475=EDGE_LOOP('',(#1206,#1207,#1208,#1209));
#476=EDGE_LOOP('',(#1210,#1211,#1212,#1213));
#477=EDGE_LOOP('',(#1214,#1215,#1216));
#478=EDGE_LOOP('',(#1217,#1218,#1219,#1220,#1221));
#479=EDGE_LOOP('',(#1222,#1223,#1224,#1225));
#480=EDGE_LOOP('',(#1226,#1227,#1228,#1229));
#481=EDGE_LOOP('',(#1230,#1231,#1232,#1233));
#482=EDGE_LOOP('',(#1234,#1235,#1236,#1237));
#483=EDGE_LOOP('',(#1238,#1239,#1240));
#484=EDGE_LOOP('',(#1241,#1242,#1243,#1244,#1245));
#485=EDGE_LOOP('',(#1246,#1247,#1248,#1249));
#486=EDGE_LOOP('',(#1250,#1251,#1252,#1253));
#487=EDGE_LOOP('',(#1254,#1255,#1256,#1257));
#488=EDGE_LOOP('',(#1258,#1259,#1260,#1261));
#489=EDGE_LOOP('',(#1262,#1263,#1264,#1265,#1266));
#490=EDGE_LOOP('',(#1267,#1268,#1269,#1270));
#491=EDGE_LOOP('',(#1271,#1272,#1273,#1274));
#492=EDGE_LOOP('',(#1275,#1276,#1277,#1278,#1279,#1280));
#493=EDGE_LOOP('',(#1281,#1282,#1283,#1284,#1285,#1286,#1287,#1288,#1289,
#1290));
#494=EDGE_LOOP('',(#1291,#1292,#1293,#1294));
#495=EDGE_LOOP('',(#1295,#1296,#1297,#1298,#1299,#1300,#1301,#1302,#1303,
#1304));
#496=EDGE_LOOP('',(#1305,#1306,#1307,#1308));
#497=EDGE_LOOP('',(#1309,#1310,#1311,#1312,#1313,#1314,#1315,#1316,#1317,
#1318,#1319));
#498=EDGE_LOOP('',(#1320,#1321,#1322,#1323,#1324,#1325,#1326));
#499=EDGE_LOOP('',(#1327,#1328,#1329,#1330,#1331,#1332));
#500=EDGE_LOOP('',(#1333,#1334,#1335,#1336));
#501=EDGE_LOOP('',(#1337,#1338,#1339,#1340));
#502=EDGE_LOOP('',(#1341,#1342,#1343,#1344));
#503=EDGE_LOOP('',(#1345,#1346,#1347,#1348));
#504=EDGE_LOOP('',(#1349,#1350,#1351,#1352));
#505=EDGE_LOOP('',(#1353,#1354,#1355,#1356));
#506=EDGE_LOOP('',(#1357));
#507=EDGE_LOOP('',(#1358,#1359,#1360,#1361));
#508=EDGE_LOOP('',(#1362,#1363,#1364,#1365));
#509=EDGE_LOOP('',(#1366,#1367,#1368,#1369));
#510=EDGE_LOOP('',(#1370,#1371,#1372,#1373));
#511=EDGE_LOOP('',(#1374,#1375,#1376,#1377));
#512=EDGE_LOOP('',(#1378,#1379,#1380,#1381));
#513=EDGE_LOOP('',(#1382,#1383,#1384,#1385));
#514=EDGE_LOOP('',(#1386,#1387,#1388,#1389));
#515=EDGE_LOOP('',(#1390,#1391,#1392,#1393));
#516=EDGE_LOOP('',(#1394,#1395,#1396,#1397));
#517=CIRCLE('',#1525,1.65);
#518=CIRCLE('',#1527,1.65);
#519=CIRCLE('',#1529,1.65);
#520=CIRCLE('',#1531,5.42720420239976);
#521=CIRCLE('',#1532,2.36325870977528);
#522=CIRCLE('',#1533,5.42720420239974);
#523=CIRCLE('',#1534,45.0679043688913);
#524=CIRCLE('',#1535,3.331588754542);
#525=CIRCLE('',#1537,5.);
#526=CIRCLE('',#1538,5.);
#527=CIRCLE('',#1540,3.33158875454102);
#528=CIRCLE('',#1541,45.0679043688945);
#529=CIRCLE('',#1542,5.42720420239973);
#530=CIRCLE('',#1543,2.36325870977528);
#531=CIRCLE('',#1544,5.42720420239974);
#532=CIRCLE('',#1545,5.42720420239975);
#533=CIRCLE('',#1546,2.36325870977528);
#534=CIRCLE('',#1547,5.42720420239977);
#535=CIRCLE('',#1548,5.42720420239991);
#536=CIRCLE('',#1549,2.36325870977529);
#537=CIRCLE('',#1550,5.42720420239977);
#538=CIRCLE('',#1551,2.);
#539=CIRCLE('',#1552,45.0679043688913);
#540=CIRCLE('',#1553,1.15);
#541=CIRCLE('',#1554,2.601234551832);
#542=CIRCLE('',#1555,1.15);
#543=CIRCLE('',#1556,2.);
#544=CIRCLE('',#1557,45.0679043688945);
#545=CIRCLE('',#1558,1.15);
#546=CIRCLE('',#1559,1.15);
#547=CIRCLE('',#1561,2.);
#548=CIRCLE('',#1562,2.);
#549=CIRCLE('',#1564,45.0679043688913);
#550=CIRCLE('',#1565,45.0679043688913);
#551=CIRCLE('',#1566,5.42720420239974);
#552=CIRCLE('',#1567,2.36325870977528);
#553=CIRCLE('',#1568,5.42720420239976);
#554=CIRCLE('',#1569,1.15);
#555=CIRCLE('',#1579,2.);
#556=CIRCLE('',#1580,5.42720420239977);
#557=CIRCLE('',#1581,2.36325870977528);
#558=CIRCLE('',#1582,5.42720420239975);
#559=CIRCLE('',#1583,1.15);
#560=CIRCLE('',#1589,2.);
#561=CIRCLE('',#1591,2.);
#562=CIRCLE('',#1592,5.42720420239977);
#563=CIRCLE('',#1593,2.36325870977529);
#564=CIRCLE('',#1594,5.42720420239991);
#565=CIRCLE('',#1595,1.15);
#566=CIRCLE('',#1601,2.);
#567=CIRCLE('',#1604,2.);
#568=CIRCLE('',#1605,2.);
#569=CIRCLE('',#1608,5.42720420239974);
#570=CIRCLE('',#1609,2.36325870977528);
#571=CIRCLE('',#1610,5.42720420239973);
#572=CIRCLE('',#1611,45.0679043688945);
#573=CIRCLE('',#1612,45.0679043688945);
#574=CIRCLE('',#1613,1.15);
#575=CIRCLE('',#1621,2.);
#576=CIRCLE('',#1622,45.0679043688945);
#577=CIRCLE('',#1623,3.33158875454102);
#578=CIRCLE('',#1625,5.);
#579=CIRCLE('',#1626,5.);
#580=CIRCLE('',#1628,3.331588754542);
#581=CIRCLE('',#1629,45.0679043688913);
#582=CIRCLE('',#1630,2.);
#583=CIRCLE('',#1631,1.65);
#584=CIRCLE('',#1632,1.65);
#585=CIRCLE('',#1633,1.65);
#586=CIRCLE('',#1640,2.5);
#587=CIRCLE('',#1641,2.5);
#588=CIRCLE('',#1642,2.5);
#589=CIRCLE('',#1644,2.5);
#590=CIRCLE('',#1646,2.5);
#591=CIRCLE('',#1648,2.5);
#592=CIRCLE('',#1652,2.5);
#593=CIRCLE('',#1653,2.5);
#594=CIRCLE('',#1654,2.5);
#595=CIRCLE('',#1656,2.5);
#596=CIRCLE('',#1658,2.5);
#597=CIRCLE('',#1660,2.5);
#598=CIRCLE('',#1682,2.601234551832);
#599=VERTEX_POINT('',#2159);
#600=VERTEX_POINT('',#2162);
#601=VERTEX_POINT('',#2165);
#602=VERTEX_POINT('',#2168);
#603=VERTEX_POINT('',#2169);
#604=VERTEX_POINT('',#2171);
#605=VERTEX_POINT('',#2173);
#606=VERTEX_POINT('',#2175);
#607=VERTEX_POINT('',#2177);
#608=VERTEX_POINT('',#2179);
#609=VERTEX_POINT('',#2181);
#610=VERTEX_POINT('',#2183);
#611=VERTEX_POINT('',#2185);
#612=VERTEX_POINT('',#2187);
#613=VERTEX_POINT('',#2189);
#614=VERTEX_POINT('',#2191);
#615=VERTEX_POINT('',#2193);
#616=VERTEX_POINT('',#2195);
#617=VERTEX_POINT('',#2197);
#618=VERTEX_POINT('',#2199);
#619=VERTEX_POINT('',#2201);
#620=VERTEX_POINT('',#2203);
#621=VERTEX_POINT('',#2205);
#622=VERTEX_POINT('',#2207);
#623=VERTEX_POINT('',#2209);
#624=VERTEX_POINT('',#2211);
#625=VERTEX_POINT('',#2213);
#626=VERTEX_POINT('',#2215);
#627=VERTEX_POINT('',#2217);
#628=VERTEX_POINT('',#2219);
#629=VERTEX_POINT('',#2221);
#630=VERTEX_POINT('',#2224);
#631=VERTEX_POINT('',#2225);
#632=VERTEX_POINT('',#2227);
#633=VERTEX_POINT('',#2230);
#634=VERTEX_POINT('',#2232);
#635=VERTEX_POINT('',#2233);
#636=VERTEX_POINT('',#2235);
#637=VERTEX_POINT('',#2237);
#638=VERTEX_POINT('',#2239);
#639=VERTEX_POINT('',#2241);
#640=VERTEX_POINT('',#2244);
#641=VERTEX_POINT('',#2246);
#642=VERTEX_POINT('',#2248);
#643=VERTEX_POINT('',#2249);
#644=VERTEX_POINT('',#2251);
#645=VERTEX_POINT('',#2254);
#646=VERTEX_POINT('',#2256);
#647=VERTEX_POINT('',#2259);
#648=VERTEX_POINT('',#2261);
#649=VERTEX_POINT('',#2263);
#650=VERTEX_POINT('',#2265);
#651=VERTEX_POINT('',#2267);
#652=VERTEX_POINT('',#2271);
#653=VERTEX_POINT('',#2273);
#654=VERTEX_POINT('',#2276);
#655=VERTEX_POINT('',#2278);
#656=VERTEX_POINT('',#2280);
#657=VERTEX_POINT('',#2283);
#658=VERTEX_POINT('',#2298);
#659=VERTEX_POINT('',#2300);
#660=VERTEX_POINT('',#2302);
#661=VERTEX_POINT('',#2306);
#662=VERTEX_POINT('',#2308);
#663=VERTEX_POINT('',#2310);
#664=VERTEX_POINT('',#2312);
#665=VERTEX_POINT('',#2314);
#666=VERTEX_POINT('',#2316);
#667=VERTEX_POINT('',#2320);
#668=VERTEX_POINT('',#2321);
#669=VERTEX_POINT('',#2324);
#670=VERTEX_POINT('',#2326);
#671=VERTEX_POINT('',#2329);
#672=VERTEX_POINT('',#2340);
#673=VERTEX_POINT('',#2344);
#674=VERTEX_POINT('',#2346);
#675=VERTEX_POINT('',#2348);
#676=VERTEX_POINT('',#2350);
#677=VERTEX_POINT('',#2353);
#678=VERTEX_POINT('',#2364);
#679=VERTEX_POINT('',#2368);
#680=VERTEX_POINT('',#2372);
#681=VERTEX_POINT('',#2374);
#682=VERTEX_POINT('',#2376);
#683=VERTEX_POINT('',#2378);
#684=VERTEX_POINT('',#2380);
#685=VERTEX_POINT('',#2384);
#686=VERTEX_POINT('',#2388);
#687=VERTEX_POINT('',#2390);
#688=VERTEX_POINT('',#2392);
#689=VERTEX_POINT('',#2394);
#690=VERTEX_POINT('',#2398);
#691=VERTEX_POINT('',#2413);
#692=VERTEX_POINT('',#2415);
#693=VERTEX_POINT('',#2417);
#694=VERTEX_POINT('',#2419);
#695=VERTEX_POINT('',#2421);
#696=VERTEX_POINT('',#2423);
#697=VERTEX_POINT('',#2425);
#698=VERTEX_POINT('',#2427);
#699=VERTEX_POINT('',#2429);
#700=VERTEX_POINT('',#2431);
#701=VERTEX_POINT('',#2433);
#702=VERTEX_POINT('',#2435);
#703=VERTEX_POINT('',#2437);
#704=VERTEX_POINT('',#2440);
#705=VERTEX_POINT('',#2442);
#706=VERTEX_POINT('',#2444);
#707=VERTEX_POINT('',#2446);
#708=VERTEX_POINT('',#2448);
#709=VERTEX_POINT('',#2451);
#710=VERTEX_POINT('',#2453);
#711=VERTEX_POINT('',#2455);
#712=VERTEX_POINT('',#2458);
#713=VERTEX_POINT('',#2473);
#714=VERTEX_POINT('',#2477);
#715=VERTEX_POINT('',#2479);
#716=VERTEX_POINT('',#2483);
#717=VERTEX_POINT('',#2485);
#718=VERTEX_POINT('',#2502);
#719=VERTEX_POINT('',#2503);
#720=VERTEX_POINT('',#2508);
#721=VERTEX_POINT('',#2512);
#722=VERTEX_POINT('',#2516);
#723=VERTEX_POINT('',#2517);
#724=VERTEX_POINT('',#2522);
#725=VERTEX_POINT('',#2528);
#726=VERTEX_POINT('',#2529);
#727=VERTEX_POINT('',#2531);
#728=VERTEX_POINT('',#2535);
#729=VERTEX_POINT('',#2540);
#730=VERTEX_POINT('',#2541);
#731=VERTEX_POINT('',#2546);
#732=VERTEX_POINT('',#2547);
#733=VERTEX_POINT('',#2552);
#734=VERTEX_POINT('',#2558);
#735=VERTEX_POINT('',#2562);
#736=VERTEX_POINT('',#2570);
#737=VERTEX_POINT('',#2572);
#738=VERTEX_POINT('',#2576);
#739=VERTEX_POINT('',#2581);
#740=VERTEX_POINT('',#2603);
#741=EDGE_CURVE('',#599,#599,#517,.T.);
#742=EDGE_CURVE('',#600,#600,#518,.T.);
#743=EDGE_CURVE('',#601,#601,#519,.T.);
#744=EDGE_CURVE('',#602,#603,#520,.T.);
#745=EDGE_CURVE('',#603,#604,#521,.T.);
#746=EDGE_CURVE('',#604,#605,#522,.T.);
#747=EDGE_CURVE('',#605,#606,#523,.T.);
#748=EDGE_CURVE('',#606,#607,#524,.T.);
#749=EDGE_CURVE('',#607,#608,#88,.T.);
#750=EDGE_CURVE('',#608,#609,#80,.T.);
#751=EDGE_CURVE('',#609,#610,#89,.T.);
#752=EDGE_CURVE('',#610,#611,#525,.T.);
#753=EDGE_CURVE('',#611,#612,#90,.T.);
#754=EDGE_CURVE('',#612,#613,#526,.T.);
#755=EDGE_CURVE('',#613,#614,#91,.T.);
#756=EDGE_CURVE('',#614,#615,#81,.T.);
#757=EDGE_CURVE('',#615,#616,#92,.T.);
#758=EDGE_CURVE('',#616,#617,#527,.T.);
#759=EDGE_CURVE('',#617,#618,#528,.T.);
#760=EDGE_CURVE('',#618,#619,#529,.T.);
#761=EDGE_CURVE('',#619,#620,#530,.T.);
#762=EDGE_CURVE('',#620,#621,#531,.T.);
#763=EDGE_CURVE('',#621,#622,#93,.T.);
#764=EDGE_CURVE('',#622,#623,#532,.T.);
#765=EDGE_CURVE('',#623,#624,#533,.T.);
#766=EDGE_CURVE('',#624,#625,#534,.T.);
#767=EDGE_CURVE('',#625,#626,#94,.T.);
#768=EDGE_CURVE('',#626,#627,#535,.T.);
#769=EDGE_CURVE('',#627,#628,#536,.T.);
#770=EDGE_CURVE('',#628,#629,#537,.T.);
#771=EDGE_CURVE('',#629,#602,#95,.T.);
#772=EDGE_CURVE('',#630,#631,#538,.T.);
#773=EDGE_CURVE('',#630,#632,#539,.T.);
#774=EDGE_CURVE('',#632,#631,#96,.T.);
#775=EDGE_CURVE('',#633,#633,#540,.T.);
#776=EDGE_CURVE('',#634,#635,#97,.T.);
#777=EDGE_CURVE('',#635,#636,#98,.T.);
#778=EDGE_CURVE('',#636,#637,#99,.T.);
#779=EDGE_CURVE('',#637,#638,#100,.T.);
#780=EDGE_CURVE('',#638,#639,#101,.T.);
#781=EDGE_CURVE('',#639,#634,#102,.T.);
#782=EDGE_CURVE('',#640,#640,#541,.T.);
#783=EDGE_CURVE('',#641,#641,#542,.T.);
#784=EDGE_CURVE('',#642,#643,#543,.T.);
#785=EDGE_CURVE('',#642,#644,#103,.T.);
#786=EDGE_CURVE('',#644,#643,#544,.T.);
#787=EDGE_CURVE('',#645,#645,#545,.T.);
#788=EDGE_CURVE('',#646,#646,#546,.T.);
#789=EDGE_CURVE('',#631,#647,#104,.T.);
#790=EDGE_CURVE('',#647,#648,#547,.T.);
#791=EDGE_CURVE('',#648,#649,#105,.T.);
#792=EDGE_CURVE('',#650,#649,#548,.T.);
#793=EDGE_CURVE('',#650,#651,#106,.T.);
#794=EDGE_CURVE('',#651,#630,#107,.T.);
#795=EDGE_CURVE('',#648,#652,#108,.T.);
#796=EDGE_CURVE('',#647,#653,#109,.T.);
#797=EDGE_CURVE('',#653,#651,#549,.T.);
#798=EDGE_CURVE('',#654,#651,#550,.T.);
#799=EDGE_CURVE('',#654,#655,#551,.T.);
#800=EDGE_CURVE('',#655,#656,#552,.T.);
#801=EDGE_CURVE('',#656,#652,#553,.T.);
#802=EDGE_CURVE('',#657,#657,#554,.T.);
#803=EDGE_CURVE('',#653,#632,#110,.T.);
#804=EDGE_CURVE('',#657,#633,#111,.T.);
#805=EDGE_CURVE('',#652,#602,#112,.T.);
#806=EDGE_CURVE('',#656,#603,#113,.T.);
#807=EDGE_CURVE('',#655,#604,#114,.T.);
#808=EDGE_CURVE('',#605,#654,#115,.T.);
#809=EDGE_CURVE('',#658,#629,#116,.T.);
#810=EDGE_CURVE('',#659,#658,#117,.T.);
#811=EDGE_CURVE('',#660,#659,#118,.T.);
#812=EDGE_CURVE('',#649,#660,#119,.T.);
#813=EDGE_CURVE('',#661,#625,#120,.T.);
#814=EDGE_CURVE('',#661,#662,#121,.T.);
#815=EDGE_CURVE('',#663,#662,#122,.T.);
#816=EDGE_CURVE('',#664,#663,#123,.T.);
#817=EDGE_CURVE('',#665,#664,#124,.T.);
#818=EDGE_CURVE('',#665,#666,#125,.T.);
#819=EDGE_CURVE('',#666,#626,#126,.T.);
#820=EDGE_CURVE('',#667,#668,#127,.T.);
#821=EDGE_CURVE('',#662,#667,#555,.T.);
#822=EDGE_CURVE('',#661,#669,#556,.T.);
#823=EDGE_CURVE('',#669,#670,#557,.T.);
#824=EDGE_CURVE('',#670,#668,#558,.T.);
#825=EDGE_CURVE('',#671,#671,#559,.T.);
#826=EDGE_CURVE('',#671,#646,#128,.T.);
#827=EDGE_CURVE('',#668,#622,#129,.T.);
#828=EDGE_CURVE('',#670,#623,#130,.T.);
#829=EDGE_CURVE('',#669,#624,#131,.T.);
#830=EDGE_CURVE('',#667,#672,#132,.T.);
#831=EDGE_CURVE('',#663,#672,#560,.T.);
#832=EDGE_CURVE('',#673,#665,#561,.T.);
#833=EDGE_CURVE('',#674,#673,#133,.T.);
#834=EDGE_CURVE('',#674,#675,#562,.T.);
#835=EDGE_CURVE('',#675,#676,#563,.T.);
#836=EDGE_CURVE('',#676,#666,#564,.T.);
#837=EDGE_CURVE('',#677,#677,#565,.T.);
#838=EDGE_CURVE('',#677,#645,#134,.T.);
#839=EDGE_CURVE('',#676,#627,#135,.T.);
#840=EDGE_CURVE('',#675,#628,#136,.T.);
#841=EDGE_CURVE('',#658,#674,#137,.T.);
#842=EDGE_CURVE('',#678,#664,#566,.T.);
#843=EDGE_CURVE('',#678,#673,#138,.T.);
#844=EDGE_CURVE('',#679,#678,#139,.T.);
#845=EDGE_CURVE('',#674,#679,#140,.T.);
#846=EDGE_CURVE('',#680,#642,#141,.T.);
#847=EDGE_CURVE('',#643,#681,#142,.T.);
#848=EDGE_CURVE('',#681,#682,#143,.T.);
#849=EDGE_CURVE('',#683,#682,#567,.T.);
#850=EDGE_CURVE('',#683,#684,#144,.T.);
#851=EDGE_CURVE('',#684,#680,#568,.T.);
#852=EDGE_CURVE('',#685,#680,#145,.T.);
#853=EDGE_CURVE('',#685,#644,#146,.T.);
#854=EDGE_CURVE('',#686,#684,#147,.T.);
#855=EDGE_CURVE('',#686,#687,#569,.T.);
#856=EDGE_CURVE('',#687,#688,#570,.T.);
#857=EDGE_CURVE('',#688,#689,#571,.T.);
#858=EDGE_CURVE('',#681,#689,#572,.T.);
#859=EDGE_CURVE('',#681,#685,#573,.T.);
#860=EDGE_CURVE('',#690,#690,#574,.T.);
#861=EDGE_CURVE('',#690,#641,#148,.T.);
#862=EDGE_CURVE('',#689,#618,#149,.T.);
#863=EDGE_CURVE('',#688,#619,#150,.T.);
#864=EDGE_CURVE('',#687,#620,#151,.T.);
#865=EDGE_CURVE('',#686,#621,#152,.T.);
#866=EDGE_CURVE('',#672,#683,#153,.T.);
#867=EDGE_CURVE('',#691,#679,#575,.T.);
#868=EDGE_CURVE('',#682,#692,#576,.T.);
#869=EDGE_CURVE('',#692,#693,#577,.T.);
#870=EDGE_CURVE('',#693,#694,#154,.T.);
#871=EDGE_CURVE('',#694,#695,#82,.T.);
#872=EDGE_CURVE('',#695,#696,#155,.T.);
#873=EDGE_CURVE('',#696,#697,#578,.T.);
#874=EDGE_CURVE('',#697,#698,#156,.T.);
#875=EDGE_CURVE('',#698,#699,#579,.T.);
#876=EDGE_CURVE('',#699,#700,#157,.T.);
#877=EDGE_CURVE('',#700,#701,#83,.T.);
#878=EDGE_CURVE('',#701,#702,#158,.T.);
#879=EDGE_CURVE('',#702,#703,#580,.T.);
#880=EDGE_CURVE('',#703,#650,#581,.T.);
#881=EDGE_CURVE('',#660,#704,#582,.T.);
#882=EDGE_CURVE('',#704,#705,#159,.T.);
#883=EDGE_CURVE('',#705,#706,#160,.T.);
#884=EDGE_CURVE('',#706,#707,#161,.T.);
#885=EDGE_CURVE('',#707,#708,#162,.T.);
#886=EDGE_CURVE('',#708,#691,#163,.T.);
#887=EDGE_CURVE('',#709,#709,#583,.T.);
#888=EDGE_CURVE('',#710,#710,#584,.T.);
#889=EDGE_CURVE('',#711,#711,#585,.T.);
#890=EDGE_CURVE('',#635,#712,#19,.F.);
#891=EDGE_CURVE('',#712,#713,#164,.T.);
#892=EDGE_CURVE('',#713,#636,#84,.F.);
#893=EDGE_CURVE('',#635,#714,#165,.T.);
#894=EDGE_CURVE('',#715,#634,#166,.T.);
#895=EDGE_CURVE('',#714,#715,#167,.T.);
#896=EDGE_CURVE('',#716,#637,#85,.T.);
#897=EDGE_CURVE('',#716,#717,#168,.T.);
#898=EDGE_CURVE('',#638,#717,#20,.T.);
#899=EDGE_CURVE('',#718,#719,#586,.F.);
#900=EDGE_CURVE('',#714,#718,#587,.F.);
#901=EDGE_CURVE('',#719,#714,#588,.F.);
#902=EDGE_CURVE('',#720,#712,#589,.F.);
#903=EDGE_CURVE('',#718,#720,#169,.T.);
#904=EDGE_CURVE('',#715,#721,#590,.F.);
#905=EDGE_CURVE('',#721,#719,#170,.T.);
#906=EDGE_CURVE('',#722,#723,#591,.F.);
#907=EDGE_CURVE('',#723,#718,#171,.T.);
#908=EDGE_CURVE('',#719,#722,#172,.T.);
#909=EDGE_CURVE('',#724,#723,#173,.T.);
#910=EDGE_CURVE('',#724,#720,#174,.T.);
#911=EDGE_CURVE('',#713,#716,#175,.T.);
#912=EDGE_CURVE('',#725,#726,#592,.F.);
#913=EDGE_CURVE('',#727,#725,#593,.F.);
#914=EDGE_CURVE('',#726,#727,#594,.F.);
#915=EDGE_CURVE('',#717,#728,#595,.F.);
#916=EDGE_CURVE('',#728,#727,#176,.T.);
#917=EDGE_CURVE('',#638,#725,#177,.T.);
#918=EDGE_CURVE('',#729,#730,#596,.F.);
#919=EDGE_CURVE('',#730,#726,#178,.T.);
#920=EDGE_CURVE('',#727,#729,#179,.T.);
#921=EDGE_CURVE('',#731,#732,#597,.F.);
#922=EDGE_CURVE('',#732,#725,#180,.T.);
#923=EDGE_CURVE('',#726,#731,#181,.T.);
#924=EDGE_CURVE('',#728,#733,#182,.T.);
#925=EDGE_CURVE('',#729,#733,#183,.T.);
#926=EDGE_CURVE('',#639,#732,#184,.T.);
#927=EDGE_CURVE('',#691,#734,#185,.T.);
#928=EDGE_CURVE('',#734,#658,#86,.T.);
#929=EDGE_CURVE('',#659,#735,#87,.T.);
#930=EDGE_CURVE('',#735,#704,#186,.T.);
#931=EDGE_CURVE('',#734,#735,#187,.T.);
#932=EDGE_CURVE('',#692,#617,#188,.T.);
#933=EDGE_CURVE('',#724,#736,#189,.T.);
#934=EDGE_CURVE('',#736,#737,#190,.T.);
#935=EDGE_CURVE('',#737,#733,#191,.T.);
#936=EDGE_CURVE('',#738,#730,#192,.T.);
#937=EDGE_CURVE('',#731,#738,#193,.T.);
#938=EDGE_CURVE('',#738,#706,#194,.T.);
#939=EDGE_CURVE('',#739,#705,#195,.T.);
#940=EDGE_CURVE('',#739,#721,#196,.T.);
#941=EDGE_CURVE('',#722,#739,#197,.T.);
#942=EDGE_CURVE('',#736,#708,#198,.T.);
#943=EDGE_CURVE('',#737,#707,#199,.T.);
#944=EDGE_CURVE('',#606,#703,#200,.T.);
#945=EDGE_CURVE('',#693,#616,#201,.T.);
#946=EDGE_CURVE('',#610,#699,#202,.T.);
#947=EDGE_CURVE('',#611,#698,#203,.T.);
#948=EDGE_CURVE('',#612,#697,#204,.T.);
#949=EDGE_CURVE('',#696,#613,#205,.T.);
#950=EDGE_CURVE('',#640,#740,#206,.T.);
#951=EDGE_CURVE('',#740,#740,#598,.T.);
#952=EDGE_CURVE('',#709,#601,#207,.T.);
#953=EDGE_CURVE('',#710,#599,#208,.T.);
#954=EDGE_CURVE('',#711,#600,#209,.T.);
#955=EDGE_CURVE('',#694,#615,#210,.T.);
#956=EDGE_CURVE('',#695,#614,#211,.T.);
#957=EDGE_CURVE('',#700,#609,#212,.T.);
#958=EDGE_CURVE('',#701,#608,#213,.T.);
#959=EDGE_CURVE('',#702,#607,#214,.T.);
#960=ORIENTED_EDGE('',*,*,#741,.F.);
#961=ORIENTED_EDGE('',*,*,#742,.F.);
#962=ORIENTED_EDGE('',*,*,#743,.F.);
#963=ORIENTED_EDGE('',*,*,#744,.T.);
#964=ORIENTED_EDGE('',*,*,#745,.T.);
#965=ORIENTED_EDGE('',*,*,#746,.T.);
#966=ORIENTED_EDGE('',*,*,#747,.T.);
#967=ORIENTED_EDGE('',*,*,#748,.T.);
#968=ORIENTED_EDGE('',*,*,#749,.T.);
#969=ORIENTED_EDGE('',*,*,#750,.T.);
#970=ORIENTED_EDGE('',*,*,#751,.T.);
#971=ORIENTED_EDGE('',*,*,#752,.T.);
#972=ORIENTED_EDGE('',*,*,#753,.T.);
#973=ORIENTED_EDGE('',*,*,#754,.T.);
#974=ORIENTED_EDGE('',*,*,#755,.T.);
#975=ORIENTED_EDGE('',*,*,#756,.T.);
#976=ORIENTED_EDGE('',*,*,#757,.T.);
#977=ORIENTED_EDGE('',*,*,#758,.T.);
#978=ORIENTED_EDGE('',*,*,#759,.T.);
#979=ORIENTED_EDGE('',*,*,#760,.T.);
#980=ORIENTED_EDGE('',*,*,#761,.T.);
#981=ORIENTED_EDGE('',*,*,#762,.T.);
#982=ORIENTED_EDGE('',*,*,#763,.T.);
#983=ORIENTED_EDGE('',*,*,#764,.T.);
#984=ORIENTED_EDGE('',*,*,#765,.T.);
#985=ORIENTED_EDGE('',*,*,#766,.T.);
#986=ORIENTED_EDGE('',*,*,#767,.T.);
#987=ORIENTED_EDGE('',*,*,#768,.T.);
#988=ORIENTED_EDGE('',*,*,#769,.T.);
#989=ORIENTED_EDGE('',*,*,#770,.T.);
#990=ORIENTED_EDGE('',*,*,#771,.T.);
#991=ORIENTED_EDGE('',*,*,#772,.F.);
#992=ORIENTED_EDGE('',*,*,#773,.T.);
#993=ORIENTED_EDGE('',*,*,#774,.T.);
#994=ORIENTED_EDGE('',*,*,#775,.T.);
#995=ORIENTED_EDGE('',*,*,#776,.T.);
#996=ORIENTED_EDGE('',*,*,#777,.T.);
#997=ORIENTED_EDGE('',*,*,#778,.T.);
#998=ORIENTED_EDGE('',*,*,#779,.T.);
#999=ORIENTED_EDGE('',*,*,#780,.T.);
#1000=ORIENTED_EDGE('',*,*,#781,.T.);
#1001=ORIENTED_EDGE('',*,*,#782,.T.);
#1002=ORIENTED_EDGE('',*,*,#783,.T.);
#1003=ORIENTED_EDGE('',*,*,#784,.F.);
#1004=ORIENTED_EDGE('',*,*,#785,.T.);
#1005=ORIENTED_EDGE('',*,*,#786,.T.);
#1006=ORIENTED_EDGE('',*,*,#787,.T.);
#1007=ORIENTED_EDGE('',*,*,#788,.T.);
#1008=ORIENTED_EDGE('',*,*,#789,.T.);
#1009=ORIENTED_EDGE('',*,*,#790,.T.);
#1010=ORIENTED_EDGE('',*,*,#791,.T.);
#1011=ORIENTED_EDGE('',*,*,#792,.F.);
#1012=ORIENTED_EDGE('',*,*,#793,.T.);
#1013=ORIENTED_EDGE('',*,*,#794,.T.);
#1014=ORIENTED_EDGE('',*,*,#772,.T.);
#1015=ORIENTED_EDGE('',*,*,#795,.F.);
#1016=ORIENTED_EDGE('',*,*,#790,.F.);
#1017=ORIENTED_EDGE('',*,*,#796,.T.);
#1018=ORIENTED_EDGE('',*,*,#797,.T.);
#1019=ORIENTED_EDGE('',*,*,#798,.F.);
#1020=ORIENTED_EDGE('',*,*,#799,.T.);
#1021=ORIENTED_EDGE('',*,*,#800,.T.);
#1022=ORIENTED_EDGE('',*,*,#801,.T.);
#1023=ORIENTED_EDGE('',*,*,#802,.T.);
#1024=ORIENTED_EDGE('',*,*,#789,.F.);
#1025=ORIENTED_EDGE('',*,*,#774,.F.);
#1026=ORIENTED_EDGE('',*,*,#803,.F.);
#1027=ORIENTED_EDGE('',*,*,#796,.F.);
#1028=ORIENTED_EDGE('',*,*,#802,.F.);
#1029=ORIENTED_EDGE('',*,*,#804,.T.);
#1030=ORIENTED_EDGE('',*,*,#775,.F.);
#1031=ORIENTED_EDGE('',*,*,#804,.F.);
#1032=ORIENTED_EDGE('',*,*,#805,.F.);
#1033=ORIENTED_EDGE('',*,*,#801,.F.);
#1034=ORIENTED_EDGE('',*,*,#806,.T.);
#1035=ORIENTED_EDGE('',*,*,#744,.F.);
#1036=ORIENTED_EDGE('',*,*,#806,.F.);
#1037=ORIENTED_EDGE('',*,*,#800,.F.);
#1038=ORIENTED_EDGE('',*,*,#807,.T.);
#1039=ORIENTED_EDGE('',*,*,#745,.F.);
#1040=ORIENTED_EDGE('',*,*,#807,.F.);
#1041=ORIENTED_EDGE('',*,*,#799,.F.);
#1042=ORIENTED_EDGE('',*,*,#808,.F.);
#1043=ORIENTED_EDGE('',*,*,#746,.F.);
#1044=ORIENTED_EDGE('',*,*,#794,.F.);
#1045=ORIENTED_EDGE('',*,*,#797,.F.);
#1046=ORIENTED_EDGE('',*,*,#803,.T.);
#1047=ORIENTED_EDGE('',*,*,#773,.F.);
#1048=ORIENTED_EDGE('',*,*,#805,.T.);
#1049=ORIENTED_EDGE('',*,*,#771,.F.);
#1050=ORIENTED_EDGE('',*,*,#809,.F.);
#1051=ORIENTED_EDGE('',*,*,#810,.F.);
#1052=ORIENTED_EDGE('',*,*,#811,.F.);
#1053=ORIENTED_EDGE('',*,*,#812,.F.);
#1054=ORIENTED_EDGE('',*,*,#791,.F.);
#1055=ORIENTED_EDGE('',*,*,#795,.T.);
#1056=ORIENTED_EDGE('',*,*,#813,.F.);
#1057=ORIENTED_EDGE('',*,*,#814,.T.);
#1058=ORIENTED_EDGE('',*,*,#815,.F.);
#1059=ORIENTED_EDGE('',*,*,#816,.F.);
#1060=ORIENTED_EDGE('',*,*,#817,.F.);
#1061=ORIENTED_EDGE('',*,*,#818,.T.);
#1062=ORIENTED_EDGE('',*,*,#819,.T.);
#1063=ORIENTED_EDGE('',*,*,#767,.F.);
#1064=ORIENTED_EDGE('',*,*,#820,.F.);
#1065=ORIENTED_EDGE('',*,*,#821,.F.);
#1066=ORIENTED_EDGE('',*,*,#814,.F.);
#1067=ORIENTED_EDGE('',*,*,#822,.T.);
#1068=ORIENTED_EDGE('',*,*,#823,.T.);
#1069=ORIENTED_EDGE('',*,*,#824,.T.);
#1070=ORIENTED_EDGE('',*,*,#825,.T.);
#1071=ORIENTED_EDGE('',*,*,#825,.F.);
#1072=ORIENTED_EDGE('',*,*,#826,.T.);
#1073=ORIENTED_EDGE('',*,*,#788,.F.);
#1074=ORIENTED_EDGE('',*,*,#826,.F.);
#1075=ORIENTED_EDGE('',*,*,#827,.F.);
#1076=ORIENTED_EDGE('',*,*,#824,.F.);
#1077=ORIENTED_EDGE('',*,*,#828,.T.);
#1078=ORIENTED_EDGE('',*,*,#764,.F.);
#1079=ORIENTED_EDGE('',*,*,#828,.F.);
#1080=ORIENTED_EDGE('',*,*,#823,.F.);
#1081=ORIENTED_EDGE('',*,*,#829,.T.);
#1082=ORIENTED_EDGE('',*,*,#765,.F.);
#1083=ORIENTED_EDGE('',*,*,#829,.F.);
#1084=ORIENTED_EDGE('',*,*,#822,.F.);
#1085=ORIENTED_EDGE('',*,*,#813,.T.);
#1086=ORIENTED_EDGE('',*,*,#766,.F.);
#1087=ORIENTED_EDGE('',*,*,#821,.T.);
#1088=ORIENTED_EDGE('',*,*,#830,.T.);
#1089=ORIENTED_EDGE('',*,*,#831,.F.);
#1090=ORIENTED_EDGE('',*,*,#815,.T.);
#1091=ORIENTED_EDGE('',*,*,#818,.F.);
#1092=ORIENTED_EDGE('',*,*,#832,.F.);
#1093=ORIENTED_EDGE('',*,*,#833,.F.);
#1094=ORIENTED_EDGE('',*,*,#834,.T.);
#1095=ORIENTED_EDGE('',*,*,#835,.T.);
#1096=ORIENTED_EDGE('',*,*,#836,.T.);
#1097=ORIENTED_EDGE('',*,*,#837,.T.);
#1098=ORIENTED_EDGE('',*,*,#837,.F.);
#1099=ORIENTED_EDGE('',*,*,#838,.T.);
#1100=ORIENTED_EDGE('',*,*,#787,.F.);
#1101=ORIENTED_EDGE('',*,*,#838,.F.);
#1102=ORIENTED_EDGE('',*,*,#819,.F.);
#1103=ORIENTED_EDGE('',*,*,#836,.F.);
#1104=ORIENTED_EDGE('',*,*,#839,.T.);
#1105=ORIENTED_EDGE('',*,*,#768,.F.);
#1106=ORIENTED_EDGE('',*,*,#839,.F.);
#1107=ORIENTED_EDGE('',*,*,#835,.F.);
#1108=ORIENTED_EDGE('',*,*,#840,.T.);
#1109=ORIENTED_EDGE('',*,*,#769,.F.);
#1110=ORIENTED_EDGE('',*,*,#840,.F.);
#1111=ORIENTED_EDGE('',*,*,#834,.F.);
#1112=ORIENTED_EDGE('',*,*,#841,.F.);
#1113=ORIENTED_EDGE('',*,*,#809,.T.);
#1114=ORIENTED_EDGE('',*,*,#770,.F.);
#1115=ORIENTED_EDGE('',*,*,#832,.T.);
#1116=ORIENTED_EDGE('',*,*,#817,.T.);
#1117=ORIENTED_EDGE('',*,*,#842,.F.);
#1118=ORIENTED_EDGE('',*,*,#843,.T.);
#1119=ORIENTED_EDGE('',*,*,#833,.T.);
#1120=ORIENTED_EDGE('',*,*,#843,.F.);
#1121=ORIENTED_EDGE('',*,*,#844,.F.);
#1122=ORIENTED_EDGE('',*,*,#845,.F.);
#1123=ORIENTED_EDGE('',*,*,#846,.T.);
#1124=ORIENTED_EDGE('',*,*,#784,.T.);
#1125=ORIENTED_EDGE('',*,*,#847,.T.);
#1126=ORIENTED_EDGE('',*,*,#848,.T.);
#1127=ORIENTED_EDGE('',*,*,#849,.F.);
#1128=ORIENTED_EDGE('',*,*,#850,.T.);
#1129=ORIENTED_EDGE('',*,*,#851,.T.);
#1130=ORIENTED_EDGE('',*,*,#846,.F.);
#1131=ORIENTED_EDGE('',*,*,#852,.F.);
#1132=ORIENTED_EDGE('',*,*,#853,.T.);
#1133=ORIENTED_EDGE('',*,*,#785,.F.);
#1134=ORIENTED_EDGE('',*,*,#851,.F.);
#1135=ORIENTED_EDGE('',*,*,#854,.F.);
#1136=ORIENTED_EDGE('',*,*,#855,.T.);
#1137=ORIENTED_EDGE('',*,*,#856,.T.);
#1138=ORIENTED_EDGE('',*,*,#857,.T.);
#1139=ORIENTED_EDGE('',*,*,#858,.F.);
#1140=ORIENTED_EDGE('',*,*,#859,.T.);
#1141=ORIENTED_EDGE('',*,*,#852,.T.);
#1142=ORIENTED_EDGE('',*,*,#860,.T.);
#1143=ORIENTED_EDGE('',*,*,#860,.F.);
#1144=ORIENTED_EDGE('',*,*,#861,.T.);
#1145=ORIENTED_EDGE('',*,*,#783,.F.);
#1146=ORIENTED_EDGE('',*,*,#861,.F.);
#1147=ORIENTED_EDGE('',*,*,#847,.F.);
#1148=ORIENTED_EDGE('',*,*,#786,.F.);
#1149=ORIENTED_EDGE('',*,*,#853,.F.);
#1150=ORIENTED_EDGE('',*,*,#859,.F.);
#1151=ORIENTED_EDGE('',*,*,#862,.F.);
#1152=ORIENTED_EDGE('',*,*,#857,.F.);
#1153=ORIENTED_EDGE('',*,*,#863,.T.);
#1154=ORIENTED_EDGE('',*,*,#760,.F.);
#1155=ORIENTED_EDGE('',*,*,#863,.F.);
#1156=ORIENTED_EDGE('',*,*,#856,.F.);
#1157=ORIENTED_EDGE('',*,*,#864,.T.);
#1158=ORIENTED_EDGE('',*,*,#761,.F.);
#1159=ORIENTED_EDGE('',*,*,#864,.F.);
#1160=ORIENTED_EDGE('',*,*,#855,.F.);
#1161=ORIENTED_EDGE('',*,*,#865,.T.);
#1162=ORIENTED_EDGE('',*,*,#762,.F.);
#1163=ORIENTED_EDGE('',*,*,#827,.T.);
#1164=ORIENTED_EDGE('',*,*,#763,.F.);
#1165=ORIENTED_EDGE('',*,*,#865,.F.);
#1166=ORIENTED_EDGE('',*,*,#854,.T.);
#1167=ORIENTED_EDGE('',*,*,#850,.F.);
#1168=ORIENTED_EDGE('',*,*,#866,.F.);
#1169=ORIENTED_EDGE('',*,*,#830,.F.);
#1170=ORIENTED_EDGE('',*,*,#820,.T.);
#1171=ORIENTED_EDGE('',*,*,#867,.T.);
#1172=ORIENTED_EDGE('',*,*,#844,.T.);
#1173=ORIENTED_EDGE('',*,*,#842,.T.);
#1174=ORIENTED_EDGE('',*,*,#816,.T.);
#1175=ORIENTED_EDGE('',*,*,#831,.T.);
#1176=ORIENTED_EDGE('',*,*,#866,.T.);
#1177=ORIENTED_EDGE('',*,*,#849,.T.);
#1178=ORIENTED_EDGE('',*,*,#868,.T.);
#1179=ORIENTED_EDGE('',*,*,#869,.T.);
#1180=ORIENTED_EDGE('',*,*,#870,.T.);
#1181=ORIENTED_EDGE('',*,*,#871,.T.);
#1182=ORIENTED_EDGE('',*,*,#872,.T.);
#1183=ORIENTED_EDGE('',*,*,#873,.T.);
#1184=ORIENTED_EDGE('',*,*,#874,.T.);
#1185=ORIENTED_EDGE('',*,*,#875,.T.);
#1186=ORIENTED_EDGE('',*,*,#876,.T.);
#1187=ORIENTED_EDGE('',*,*,#877,.T.);
#1188=ORIENTED_EDGE('',*,*,#878,.T.);
#1189=ORIENTED_EDGE('',*,*,#879,.T.);
#1190=ORIENTED_EDGE('',*,*,#880,.T.);
#1191=ORIENTED_EDGE('',*,*,#792,.T.);
#1192=ORIENTED_EDGE('',*,*,#812,.T.);
#1193=ORIENTED_EDGE('',*,*,#881,.T.);
#1194=ORIENTED_EDGE('',*,*,#882,.T.);
#1195=ORIENTED_EDGE('',*,*,#883,.T.);
#1196=ORIENTED_EDGE('',*,*,#884,.T.);
#1197=ORIENTED_EDGE('',*,*,#885,.T.);
#1198=ORIENTED_EDGE('',*,*,#886,.T.);
#1199=ORIENTED_EDGE('',*,*,#887,.T.);
#1200=ORIENTED_EDGE('',*,*,#888,.T.);
#1201=ORIENTED_EDGE('',*,*,#889,.T.);
#1202=ORIENTED_EDGE('',*,*,#890,.T.);
#1203=ORIENTED_EDGE('',*,*,#891,.T.);
#1204=ORIENTED_EDGE('',*,*,#892,.T.);
#1205=ORIENTED_EDGE('',*,*,#777,.F.);
#1206=ORIENTED_EDGE('',*,*,#893,.F.);
#1207=ORIENTED_EDGE('',*,*,#776,.F.);
#1208=ORIENTED_EDGE('',*,*,#894,.F.);
#1209=ORIENTED_EDGE('',*,*,#895,.F.);
#1210=ORIENTED_EDGE('',*,*,#896,.F.);
#1211=ORIENTED_EDGE('',*,*,#897,.T.);
#1212=ORIENTED_EDGE('',*,*,#898,.F.);
#1213=ORIENTED_EDGE('',*,*,#779,.F.);
#1214=ORIENTED_EDGE('',*,*,#899,.F.);
#1215=ORIENTED_EDGE('',*,*,#900,.F.);
#1216=ORIENTED_EDGE('',*,*,#901,.F.);
#1217=ORIENTED_EDGE('',*,*,#902,.T.);
#1218=ORIENTED_EDGE('',*,*,#890,.F.);
#1219=ORIENTED_EDGE('',*,*,#893,.T.);
#1220=ORIENTED_EDGE('',*,*,#900,.T.);
#1221=ORIENTED_EDGE('',*,*,#903,.T.);
#1222=ORIENTED_EDGE('',*,*,#904,.T.);
#1223=ORIENTED_EDGE('',*,*,#905,.T.);
#1224=ORIENTED_EDGE('',*,*,#901,.T.);
#1225=ORIENTED_EDGE('',*,*,#895,.T.);
#1226=ORIENTED_EDGE('',*,*,#906,.T.);
#1227=ORIENTED_EDGE('',*,*,#907,.T.);
#1228=ORIENTED_EDGE('',*,*,#899,.T.);
#1229=ORIENTED_EDGE('',*,*,#908,.T.);
#1230=ORIENTED_EDGE('',*,*,#903,.F.);
#1231=ORIENTED_EDGE('',*,*,#907,.F.);
#1232=ORIENTED_EDGE('',*,*,#909,.F.);
#1233=ORIENTED_EDGE('',*,*,#910,.T.);
#1234=ORIENTED_EDGE('',*,*,#911,.T.);
#1235=ORIENTED_EDGE('',*,*,#896,.T.);
#1236=ORIENTED_EDGE('',*,*,#778,.F.);
#1237=ORIENTED_EDGE('',*,*,#892,.F.);
#1238=ORIENTED_EDGE('',*,*,#912,.F.);
#1239=ORIENTED_EDGE('',*,*,#913,.F.);
#1240=ORIENTED_EDGE('',*,*,#914,.F.);
#1241=ORIENTED_EDGE('',*,*,#915,.T.);
#1242=ORIENTED_EDGE('',*,*,#916,.T.);
#1243=ORIENTED_EDGE('',*,*,#913,.T.);
#1244=ORIENTED_EDGE('',*,*,#917,.F.);
#1245=ORIENTED_EDGE('',*,*,#898,.T.);
#1246=ORIENTED_EDGE('',*,*,#918,.T.);
#1247=ORIENTED_EDGE('',*,*,#919,.T.);
#1248=ORIENTED_EDGE('',*,*,#914,.T.);
#1249=ORIENTED_EDGE('',*,*,#920,.T.);
#1250=ORIENTED_EDGE('',*,*,#921,.T.);
#1251=ORIENTED_EDGE('',*,*,#922,.T.);
#1252=ORIENTED_EDGE('',*,*,#912,.T.);
#1253=ORIENTED_EDGE('',*,*,#923,.T.);
#1254=ORIENTED_EDGE('',*,*,#920,.F.);
#1255=ORIENTED_EDGE('',*,*,#916,.F.);
#1256=ORIENTED_EDGE('',*,*,#924,.T.);
#1257=ORIENTED_EDGE('',*,*,#925,.F.);
#1258=ORIENTED_EDGE('',*,*,#917,.T.);
#1259=ORIENTED_EDGE('',*,*,#922,.F.);
#1260=ORIENTED_EDGE('',*,*,#926,.F.);
#1261=ORIENTED_EDGE('',*,*,#780,.F.);
#1262=ORIENTED_EDGE('',*,*,#841,.T.);
#1263=ORIENTED_EDGE('',*,*,#845,.T.);
#1264=ORIENTED_EDGE('',*,*,#867,.F.);
#1265=ORIENTED_EDGE('',*,*,#927,.T.);
#1266=ORIENTED_EDGE('',*,*,#928,.T.);
#1267=ORIENTED_EDGE('',*,*,#811,.T.);
#1268=ORIENTED_EDGE('',*,*,#929,.T.);
#1269=ORIENTED_EDGE('',*,*,#930,.T.);
#1270=ORIENTED_EDGE('',*,*,#881,.F.);
#1271=ORIENTED_EDGE('',*,*,#929,.F.);
#1272=ORIENTED_EDGE('',*,*,#810,.T.);
#1273=ORIENTED_EDGE('',*,*,#928,.F.);
#1274=ORIENTED_EDGE('',*,*,#931,.T.);
#1275=ORIENTED_EDGE('',*,*,#862,.T.);
#1276=ORIENTED_EDGE('',*,*,#759,.F.);
#1277=ORIENTED_EDGE('',*,*,#932,.F.);
#1278=ORIENTED_EDGE('',*,*,#868,.F.);
#1279=ORIENTED_EDGE('',*,*,#848,.F.);
#1280=ORIENTED_EDGE('',*,*,#858,.T.);
#1281=ORIENTED_EDGE('',*,*,#891,.F.);
#1282=ORIENTED_EDGE('',*,*,#902,.F.);
#1283=ORIENTED_EDGE('',*,*,#910,.F.);
#1284=ORIENTED_EDGE('',*,*,#933,.T.);
#1285=ORIENTED_EDGE('',*,*,#934,.T.);
#1286=ORIENTED_EDGE('',*,*,#935,.T.);
#1287=ORIENTED_EDGE('',*,*,#924,.F.);
#1288=ORIENTED_EDGE('',*,*,#915,.F.);
#1289=ORIENTED_EDGE('',*,*,#897,.F.);
#1290=ORIENTED_EDGE('',*,*,#911,.F.);
#1291=ORIENTED_EDGE('',*,*,#919,.F.);
#1292=ORIENTED_EDGE('',*,*,#936,.F.);
#1293=ORIENTED_EDGE('',*,*,#937,.F.);
#1294=ORIENTED_EDGE('',*,*,#923,.F.);
#1295=ORIENTED_EDGE('',*,*,#926,.T.);
#1296=ORIENTED_EDGE('',*,*,#921,.F.);
#1297=ORIENTED_EDGE('',*,*,#937,.T.);
#1298=ORIENTED_EDGE('',*,*,#938,.T.);
#1299=ORIENTED_EDGE('',*,*,#883,.F.);
#1300=ORIENTED_EDGE('',*,*,#939,.F.);
#1301=ORIENTED_EDGE('',*,*,#940,.T.);
#1302=ORIENTED_EDGE('',*,*,#904,.F.);
#1303=ORIENTED_EDGE('',*,*,#894,.T.);
#1304=ORIENTED_EDGE('',*,*,#781,.F.);
#1305=ORIENTED_EDGE('',*,*,#905,.F.);
#1306=ORIENTED_EDGE('',*,*,#940,.F.);
#1307=ORIENTED_EDGE('',*,*,#941,.F.);
#1308=ORIENTED_EDGE('',*,*,#908,.F.);
#1309=ORIENTED_EDGE('',*,*,#927,.F.);
#1310=ORIENTED_EDGE('',*,*,#886,.F.);
#1311=ORIENTED_EDGE('',*,*,#942,.F.);
#1312=ORIENTED_EDGE('',*,*,#933,.F.);
#1313=ORIENTED_EDGE('',*,*,#909,.T.);
#1314=ORIENTED_EDGE('',*,*,#906,.F.);
#1315=ORIENTED_EDGE('',*,*,#941,.T.);
#1316=ORIENTED_EDGE('',*,*,#939,.T.);
#1317=ORIENTED_EDGE('',*,*,#882,.F.);
#1318=ORIENTED_EDGE('',*,*,#930,.F.);
#1319=ORIENTED_EDGE('',*,*,#931,.F.);
#1320=ORIENTED_EDGE('',*,*,#925,.T.);
#1321=ORIENTED_EDGE('',*,*,#935,.F.);
#1322=ORIENTED_EDGE('',*,*,#943,.T.);
#1323=ORIENTED_EDGE('',*,*,#884,.F.);
#1324=ORIENTED_EDGE('',*,*,#938,.F.);
#1325=ORIENTED_EDGE('',*,*,#936,.T.);
#1326=ORIENTED_EDGE('',*,*,#918,.F.);
#1327=ORIENTED_EDGE('',*,*,#808,.T.);
#1328=ORIENTED_EDGE('',*,*,#798,.T.);
#1329=ORIENTED_EDGE('',*,*,#793,.F.);
#1330=ORIENTED_EDGE('',*,*,#880,.F.);
#1331=ORIENTED_EDGE('',*,*,#944,.F.);
#1332=ORIENTED_EDGE('',*,*,#747,.F.);
#1333=ORIENTED_EDGE('',*,*,#934,.F.);
#1334=ORIENTED_EDGE('',*,*,#942,.T.);
#1335=ORIENTED_EDGE('',*,*,#885,.F.);
#1336=ORIENTED_EDGE('',*,*,#943,.F.);
#1337=ORIENTED_EDGE('',*,*,#932,.T.);
#1338=ORIENTED_EDGE('',*,*,#758,.F.);
#1339=ORIENTED_EDGE('',*,*,#945,.F.);
#1340=ORIENTED_EDGE('',*,*,#869,.F.);
#1341=ORIENTED_EDGE('',*,*,#946,.T.);
#1342=ORIENTED_EDGE('',*,*,#875,.F.);
#1343=ORIENTED_EDGE('',*,*,#947,.F.);
#1344=ORIENTED_EDGE('',*,*,#752,.F.);
#1345=ORIENTED_EDGE('',*,*,#947,.T.);
#1346=ORIENTED_EDGE('',*,*,#874,.F.);
#1347=ORIENTED_EDGE('',*,*,#948,.F.);
#1348=ORIENTED_EDGE('',*,*,#753,.F.);
#1349=ORIENTED_EDGE('',*,*,#948,.T.);
#1350=ORIENTED_EDGE('',*,*,#873,.F.);
#1351=ORIENTED_EDGE('',*,*,#949,.T.);
#1352=ORIENTED_EDGE('',*,*,#754,.F.);
#1353=ORIENTED_EDGE('',*,*,#782,.F.);
#1354=ORIENTED_EDGE('',*,*,#950,.T.);
#1355=ORIENTED_EDGE('',*,*,#951,.F.);
#1356=ORIENTED_EDGE('',*,*,#950,.F.);
#1357=ORIENTED_EDGE('',*,*,#951,.T.);
#1358=ORIENTED_EDGE('',*,*,#887,.F.);
#1359=ORIENTED_EDGE('',*,*,#952,.T.);
#1360=ORIENTED_EDGE('',*,*,#743,.T.);
#1361=ORIENTED_EDGE('',*,*,#952,.F.);
#1362=ORIENTED_EDGE('',*,*,#888,.F.);
#1363=ORIENTED_EDGE('',*,*,#953,.T.);
#1364=ORIENTED_EDGE('',*,*,#741,.T.);
#1365=ORIENTED_EDGE('',*,*,#953,.F.);
#1366=ORIENTED_EDGE('',*,*,#889,.F.);
#1367=ORIENTED_EDGE('',*,*,#954,.T.);
#1368=ORIENTED_EDGE('',*,*,#742,.T.);
#1369=ORIENTED_EDGE('',*,*,#954,.F.);
#1370=ORIENTED_EDGE('',*,*,#945,.T.);
#1371=ORIENTED_EDGE('',*,*,#757,.F.);
#1372=ORIENTED_EDGE('',*,*,#955,.F.);
#1373=ORIENTED_EDGE('',*,*,#870,.F.);
#1374=ORIENTED_EDGE('',*,*,#955,.T.);
#1375=ORIENTED_EDGE('',*,*,#756,.F.);
#1376=ORIENTED_EDGE('',*,*,#956,.F.);
#1377=ORIENTED_EDGE('',*,*,#871,.F.);
#1378=ORIENTED_EDGE('',*,*,#949,.F.);
#1379=ORIENTED_EDGE('',*,*,#872,.F.);
#1380=ORIENTED_EDGE('',*,*,#956,.T.);
#1381=ORIENTED_EDGE('',*,*,#755,.F.);
#1382=ORIENTED_EDGE('',*,*,#946,.F.);
#1383=ORIENTED_EDGE('',*,*,#751,.F.);
#1384=ORIENTED_EDGE('',*,*,#957,.F.);
#1385=ORIENTED_EDGE('',*,*,#876,.F.);
#1386=ORIENTED_EDGE('',*,*,#957,.T.);
#1387=ORIENTED_EDGE('',*,*,#750,.F.);
#1388=ORIENTED_EDGE('',*,*,#958,.F.);
#1389=ORIENTED_EDGE('',*,*,#877,.F.);
#1390=ORIENTED_EDGE('',*,*,#958,.T.);
#1391=ORIENTED_EDGE('',*,*,#749,.F.);
#1392=ORIENTED_EDGE('',*,*,#959,.F.);
#1393=ORIENTED_EDGE('',*,*,#878,.F.);
#1394=ORIENTED_EDGE('',*,*,#944,.T.);
#1395=ORIENTED_EDGE('',*,*,#879,.F.);
#1396=ORIENTED_EDGE('',*,*,#959,.T.);
#1397=ORIENTED_EDGE('',*,*,#748,.F.);
#1398=PLANE('',#1524);
#1399=PLANE('',#1526);
#1400=PLANE('',#1528);
#1401=PLANE('',#1530);
#1402=PLANE('',#1563);
#1403=PLANE('',#1570);
#1404=PLANE('',#1576);
#1405=PLANE('',#1577);
#1406=PLANE('',#1578);
#1407=PLANE('',#1590);
#1408=PLANE('',#1602);
#1409=PLANE('',#1606);
#1410=PLANE('',#1607);
#1411=PLANE('',#1619);
#1412=PLANE('',#1620);
#1413=PLANE('',#1636);
#1414=PLANE('',#1649);
#1415=PLANE('',#1661);
#1416=PLANE('',#1662);
#1417=PLANE('',#1669);
#1418=PLANE('',#1670);
#1419=PLANE('',#1671);
#1420=PLANE('',#1672);
#1421=PLANE('',#1673);
#1422=PLANE('',#1674);
#1423=PLANE('',#1676);
#1424=PLANE('',#1679);
#1425=PLANE('',#1683);
#1426=PLANE('',#1687);
#1427=PLANE('',#1688);
#1428=PLANE('',#1689);
#1429=PLANE('',#1690);
#1430=ADVANCED_FACE('',(#342),#1398,.F.);
#1431=ADVANCED_FACE('',(#343),#1399,.F.);
#1432=ADVANCED_FACE('',(#344),#1400,.F.);
#1433=ADVANCED_FACE('',(#345,#65,#66,#67,#68,#69,#70,#71,#72),#1401,.T.);
#1434=ADVANCED_FACE('',(#346),#21,.T.);
#1435=ADVANCED_FACE('',(#347,#73),#1402,.F.);
#1436=ADVANCED_FACE('',(#348),#1403,.T.);
#1437=ADVANCED_FACE('',(#349),#22,.F.);
#1438=ADVANCED_FACE('',(#350),#23,.F.);
#1439=ADVANCED_FACE('',(#351),#24,.T.);
#1440=ADVANCED_FACE('',(#352),#25,.F.);
#1441=ADVANCED_FACE('',(#353),#26,.T.);
#1442=ADVANCED_FACE('',(#354),#1404,.T.);
#1443=ADVANCED_FACE('',(#355),#1405,.T.);
#1444=ADVANCED_FACE('',(#356,#74),#1406,.F.);
#1445=ADVANCED_FACE('',(#357),#27,.F.);
#1446=ADVANCED_FACE('',(#358),#28,.F.);
#1447=ADVANCED_FACE('',(#359),#29,.T.);
#1448=ADVANCED_FACE('',(#360),#30,.F.);
#1449=ADVANCED_FACE('',(#361),#31,.T.);
#1450=ADVANCED_FACE('',(#362,#75),#1407,.F.);
#1451=ADVANCED_FACE('',(#363),#32,.F.);
#1452=ADVANCED_FACE('',(#364),#33,.F.);
#1453=ADVANCED_FACE('',(#365),#34,.T.);
#1454=ADVANCED_FACE('',(#366),#35,.F.);
#1455=ADVANCED_FACE('',(#367),#36,.T.);
#1456=ADVANCED_FACE('',(#368),#1408,.T.);
#1457=ADVANCED_FACE('',(#369),#37,.T.);
#1458=ADVANCED_FACE('',(#370),#1409,.T.);
#1459=ADVANCED_FACE('',(#371,#76),#1410,.F.);
#1460=ADVANCED_FACE('',(#372),#38,.F.);
#1461=ADVANCED_FACE('',(#373),#39,.T.);
#1462=ADVANCED_FACE('',(#374),#40,.F.);
#1463=ADVANCED_FACE('',(#375),#41,.T.);
#1464=ADVANCED_FACE('',(#376),#42,.F.);
#1465=ADVANCED_FACE('',(#377),#1411,.T.);
#1466=ADVANCED_FACE('',(#378,#77,#78,#79),#1412,.F.);
#1467=ADVANCED_FACE('',(#379),#43,.T.);
#1468=ADVANCED_FACE('',(#380),#1413,.T.);
#1469=ADVANCED_FACE('',(#381),#44,.T.);
#1470=ADVANCED_FACE('',(#382),#17,.T.);
#1471=ADVANCED_FACE('',(#383),#45,.T.);
#1472=ADVANCED_FACE('',(#384),#46,.T.);
#1473=ADVANCED_FACE('',(#385),#47,.T.);
#1474=ADVANCED_FACE('',(#386),#1414,.T.);
#1475=ADVANCED_FACE('',(#387),#48,.T.);
#1476=ADVANCED_FACE('',(#388),#18,.T.);
#1477=ADVANCED_FACE('',(#389),#49,.T.);
#1478=ADVANCED_FACE('',(#390),#50,.T.);
#1479=ADVANCED_FACE('',(#391),#51,.T.);
#1480=ADVANCED_FACE('',(#392),#1415,.T.);
#1481=ADVANCED_FACE('',(#393),#1416,.T.);
#1482=ADVANCED_FACE('',(#394),#52,.T.);
#1483=ADVANCED_FACE('',(#395),#53,.T.);
#1484=ADVANCED_FACE('',(#396),#54,.T.);
#1485=ADVANCED_FACE('',(#397),#55,.F.);
#1486=ADVANCED_FACE('',(#398),#1417,.F.);
#1487=ADVANCED_FACE('',(#399),#1418,.T.);
#1488=ADVANCED_FACE('',(#400),#1419,.T.);
#1489=ADVANCED_FACE('',(#401),#1420,.T.);
#1490=ADVANCED_FACE('',(#402),#1421,.T.);
#1491=ADVANCED_FACE('',(#403),#1422,.T.);
#1492=ADVANCED_FACE('',(#404),#56,.F.);
#1493=ADVANCED_FACE('',(#405),#1423,.T.);
#1494=ADVANCED_FACE('',(#406),#57,.T.);
#1495=ADVANCED_FACE('',(#407),#58,.T.);
#1496=ADVANCED_FACE('',(#408),#1424,.T.);
#1497=ADVANCED_FACE('',(#409),#59,.T.);
#1498=ADVANCED_FACE('',(#410),#60,.F.);
#1499=ADVANCED_FACE('',(#411),#1425,.T.);
#1500=ADVANCED_FACE('',(#412),#61,.F.);
#1501=ADVANCED_FACE('',(#413),#62,.F.);
#1502=ADVANCED_FACE('',(#414),#63,.F.);
#1503=ADVANCED_FACE('',(#415),#1426,.T.);
#1504=ADVANCED_FACE('',(#416),#15,.T.);
#1505=ADVANCED_FACE('',(#417),#1427,.T.);
#1506=ADVANCED_FACE('',(#418),#1428,.T.);
#1507=ADVANCED_FACE('',(#419),#16,.T.);
#1508=ADVANCED_FACE('',(#420),#1429,.T.);
#1509=ADVANCED_FACE('',(#421),#64,.T.);
#1510=CLOSED_SHELL('',(#1430,#1431,#1432,#1433,#1434,#1435,#1436,#1437,
#1438,#1439,#1440,#1441,#1442,#1443,#1444,#1445,#1446,#1447,#1448,#1449,
#1450,#1451,#1452,#1453,#1454,#1455,#1456,#1457,#1458,#1459,#1460,#1461,
#1462,#1463,#1464,#1465,#1466,#1467,#1468,#1469,#1470,#1471,#1472,#1473,
#1474,#1475,#1476,#1477,#1478,#1479,#1480,#1481,#1482,#1483,#1484,#1485,
#1486,#1487,#1488,#1489,#1490,#1491,#1492,#1493,#1494,#1495,#1496,#1497,
#1498,#1499,#1500,#1501,#1502,#1503,#1504,#1505,#1506,#1507,#1508,#1509));
#1511=DERIVED_UNIT_ELEMENT(#1513,1.);
#1512=DERIVED_UNIT_ELEMENT(#2640,-3.);
#1513=(
MASS_UNIT()
NAMED_UNIT(*)
SI_UNIT(.KILO.,.GRAM.)
);
#1514=DERIVED_UNIT((#1511,#1512));
#1515=MEASURE_REPRESENTATION_ITEM('density measure',
POSITIVE_RATIO_MEASURE(7850.),#1514);
#1516=PROPERTY_DEFINITION_REPRESENTATION(#1521,#1518);
#1517=PROPERTY_DEFINITION_REPRESENTATION(#1522,#1519);
#1518=REPRESENTATION('material name',(#1520),#2637);
#1519=REPRESENTATION('density',(#1515),#2637);
#1520=DESCRIPTIVE_REPRESENTATION_ITEM('Steel','Steel');
#1521=PROPERTY_DEFINITION('material property','material name',#2647);
#1522=PROPERTY_DEFINITION('material property','density of part',#2647);
#1523=AXIS2_PLACEMENT_3D('',#2157,#1692,#1693);
#1524=AXIS2_PLACEMENT_3D('',#2158,#1694,#1695);
#1525=AXIS2_PLACEMENT_3D('',#2160,#1696,#1697);
#1526=AXIS2_PLACEMENT_3D('',#2161,#1698,#1699);
#1527=AXIS2_PLACEMENT_3D('',#2163,#1700,#1701);
#1528=AXIS2_PLACEMENT_3D('',#2164,#1702,#1703);
#1529=AXIS2_PLACEMENT_3D('',#2166,#1704,#1705);
#1530=AXIS2_PLACEMENT_3D('',#2167,#1706,#1707);
#1531=AXIS2_PLACEMENT_3D('',#2170,#1708,#1709);
#1532=AXIS2_PLACEMENT_3D('',#2172,#1710,#1711);
#1533=AXIS2_PLACEMENT_3D('',#2174,#1712,#1713);
#1534=AXIS2_PLACEMENT_3D('',#2176,#1714,#1715);
#1535=AXIS2_PLACEMENT_3D('',#2178,#1716,#1717);
#1536=AXIS2_PLACEMENT_3D('',#2182,#1719,#1720);
#1537=AXIS2_PLACEMENT_3D('',#2186,#1722,#1723);
#1538=AXIS2_PLACEMENT_3D('',#2190,#1725,#1726);
#1539=AXIS2_PLACEMENT_3D('',#2194,#1728,#1729);
#1540=AXIS2_PLACEMENT_3D('',#2198,#1731,#1732);
#1541=AXIS2_PLACEMENT_3D('',#2200,#1733,#1734);
#1542=AXIS2_PLACEMENT_3D('',#2202,#1735,#1736);
#1543=AXIS2_PLACEMENT_3D('',#2204,#1737,#1738);
#1544=AXIS2_PLACEMENT_3D('',#2206,#1739,#1740);
#1545=AXIS2_PLACEMENT_3D('',#2210,#1742,#1743);
#1546=AXIS2_PLACEMENT_3D('',#2212,#1744,#1745);
#1547=AXIS2_PLACEMENT_3D('',#2214,#1746,#1747);
#1548=AXIS2_PLACEMENT_3D('',#2218,#1749,#1750);
#1549=AXIS2_PLACEMENT_3D('',#2220,#1751,#1752);
#1550=AXIS2_PLACEMENT_3D('',#2222,#1753,#1754);
#1551=AXIS2_PLACEMENT_3D('',#2226,#1756,#1757);
#1552=AXIS2_PLACEMENT_3D('',#2228,#1758,#1759);
#1553=AXIS2_PLACEMENT_3D('',#2231,#1761,#1762);
#1554=AXIS2_PLACEMENT_3D('',#2245,#1769,#1770);
#1555=AXIS2_PLACEMENT_3D('',#2247,#1771,#1772);
#1556=AXIS2_PLACEMENT_3D('',#2250,#1773,#1774);
#1557=AXIS2_PLACEMENT_3D('',#2253,#1776,#1777);
#1558=AXIS2_PLACEMENT_3D('',#2255,#1778,#1779);
#1559=AXIS2_PLACEMENT_3D('',#2257,#1780,#1781);
#1560=AXIS2_PLACEMENT_3D('',#2258,#1782,#1783);
#1561=AXIS2_PLACEMENT_3D('',#2262,#1785,#1786);
#1562=AXIS2_PLACEMENT_3D('',#2266,#1788,#1789);
#1563=AXIS2_PLACEMENT_3D('',#2270,#1792,#1793);
#1564=AXIS2_PLACEMENT_3D('',#2275,#1796,#1797);
#1565=AXIS2_PLACEMENT_3D('',#2277,#1798,#1799);
#1566=AXIS2_PLACEMENT_3D('',#2279,#1800,#1801);
#1567=AXIS2_PLACEMENT_3D('',#2281,#1802,#1803);
#1568=AXIS2_PLACEMENT_3D('',#2282,#1804,#1805);
#1569=AXIS2_PLACEMENT_3D('',#2284,#1806,#1807);
#1570=AXIS2_PLACEMENT_3D('',#2285,#1808,#1809);
#1571=AXIS2_PLACEMENT_3D('',#2287,#1811,#1812);
#1572=AXIS2_PLACEMENT_3D('',#2289,#1814,#1815);
#1573=AXIS2_PLACEMENT_3D('',#2292,#1818,#1819);
#1574=AXIS2_PLACEMENT_3D('',#2294,#1821,#1822);
#1575=AXIS2_PLACEMENT_3D('',#2296,#1824,#1825);
#1576=AXIS2_PLACEMENT_3D('',#2297,#1826,#1827);
#1577=AXIS2_PLACEMENT_3D('',#2305,#1832,#1833);
#1578=AXIS2_PLACEMENT_3D('',#2319,#1841,#1842);
#1579=AXIS2_PLACEMENT_3D('',#2323,#1844,#1845);
#1580=AXIS2_PLACEMENT_3D('',#2325,#1846,#1847);
#1581=AXIS2_PLACEMENT_3D('',#2327,#1848,#1849);
#1582=AXIS2_PLACEMENT_3D('',#2328,#1850,#1851);
#1583=AXIS2_PLACEMENT_3D('',#2330,#1852,#1853);
#1584=AXIS2_PLACEMENT_3D('',#2331,#1854,#1855);
#1585=AXIS2_PLACEMENT_3D('',#2333,#1857,#1858);
#1586=AXIS2_PLACEMENT_3D('',#2336,#1861,#1862);
#1587=AXIS2_PLACEMENT_3D('',#2338,#1864,#1865);
#1588=AXIS2_PLACEMENT_3D('',#2339,#1866,#1867);
#1589=AXIS2_PLACEMENT_3D('',#2342,#1869,#1870);
#1590=AXIS2_PLACEMENT_3D('',#2343,#1871,#1872);
#1591=AXIS2_PLACEMENT_3D('',#2345,#1873,#1874);
#1592=AXIS2_PLACEMENT_3D('',#2349,#1876,#1877);
#1593=AXIS2_PLACEMENT_3D('',#2351,#1878,#1879);
#1594=AXIS2_PLACEMENT_3D('',#2352,#1880,#1881);
#1595=AXIS2_PLACEMENT_3D('',#2354,#1882,#1883);
#1596=AXIS2_PLACEMENT_3D('',#2355,#1884,#1885);
#1597=AXIS2_PLACEMENT_3D('',#2357,#1887,#1888);
#1598=AXIS2_PLACEMENT_3D('',#2359,#1890,#1891);
#1599=AXIS2_PLACEMENT_3D('',#2361,#1893,#1894);
#1600=AXIS2_PLACEMENT_3D('',#2363,#1896,#1897);
#1601=AXIS2_PLACEMENT_3D('',#2365,#1898,#1899);
#1602=AXIS2_PLACEMENT_3D('',#2367,#1901,#1902);
#1603=AXIS2_PLACEMENT_3D('',#2371,#1905,#1906);
#1604=AXIS2_PLACEMENT_3D('',#2379,#1910,#1911);
#1605=AXIS2_PLACEMENT_3D('',#2382,#1913,#1914);
#1606=AXIS2_PLACEMENT_3D('',#2383,#1915,#1916);
#1607=AXIS2_PLACEMENT_3D('',#2387,#1919,#1920);
#1608=AXIS2_PLACEMENT_3D('',#2391,#1922,#1923);
#1609=AXIS2_PLACEMENT_3D('',#2393,#1924,#1925);
#1610=AXIS2_PLACEMENT_3D('',#2395,#1926,#1927);
#1611=AXIS2_PLACEMENT_3D('',#2396,#1928,#1929);
#1612=AXIS2_PLACEMENT_3D('',#2397,#1930,#1931);
#1613=AXIS2_PLACEMENT_3D('',#2399,#1932,#1933);
#1614=AXIS2_PLACEMENT_3D('',#2400,#1934,#1935);
#1615=AXIS2_PLACEMENT_3D('',#2402,#1937,#1938);
#1616=AXIS2_PLACEMENT_3D('',#2403,#1939,#1940);
#1617=AXIS2_PLACEMENT_3D('',#2406,#1943,#1944);
#1618=AXIS2_PLACEMENT_3D('',#2408,#1946,#1947);
#1619=AXIS2_PLACEMENT_3D('',#2410,#1949,#1950);
#1620=AXIS2_PLACEMENT_3D('',#2412,#1952,#1953);
#1621=AXIS2_PLACEMENT_3D('',#2414,#1954,#1955);
#1622=AXIS2_PLACEMENT_3D('',#2416,#1956,#1957);
#1623=AXIS2_PLACEMENT_3D('',#2418,#1958,#1959);
#1624=AXIS2_PLACEMENT_3D('',#2422,#1961,#1962);
#1625=AXIS2_PLACEMENT_3D('',#2426,#1964,#1965);
#1626=AXIS2_PLACEMENT_3D('',#2430,#1967,#1968);
#1627=AXIS2_PLACEMENT_3D('',#2434,#1970,#1971);
#1628=AXIS2_PLACEMENT_3D('',#2438,#1973,#1974);
#1629=AXIS2_PLACEMENT_3D('',#2439,#1975,#1976);
#1630=AXIS2_PLACEMENT_3D('',#2441,#1977,#1978);
#1631=AXIS2_PLACEMENT_3D('',#2452,#1984,#1985);
#1632=AXIS2_PLACEMENT_3D('',#2454,#1986,#1987);
#1633=AXIS2_PLACEMENT_3D('',#2456,#1988,#1989);
#1634=AXIS2_PLACEMENT_3D('',#2457,#1990,#1991);
#1635=AXIS2_PLACEMENT_3D('',#2475,#1993,#1994);
#1636=AXIS2_PLACEMENT_3D('',#2476,#1995,#1996);
#1637=AXIS2_PLACEMENT_3D('',#2482,#2000,#2001);
#1638=AXIS2_PLACEMENT_3D('',#2484,#2002,#2003);
#1639=AXIS2_PLACEMENT_3D('',#2501,#2005,#2006);
#1640=AXIS2_PLACEMENT_3D('',#2504,#2007,#2008);
#1641=AXIS2_PLACEMENT_3D('',#2505,#2009,#2010);
#1642=AXIS2_PLACEMENT_3D('',#2506,#2011,#2012);
#1643=AXIS2_PLACEMENT_3D('',#2507,#2013,#2014);
#1644=AXIS2_PLACEMENT_3D('',#2509,#2015,#2016);
#1645=AXIS2_PLACEMENT_3D('',#2511,#2018,#2019);
#1646=AXIS2_PLACEMENT_3D('',#2513,#2020,#2021);
#1647=AXIS2_PLACEMENT_3D('',#2515,#2023,#2024);
#1648=AXIS2_PLACEMENT_3D('',#2518,#2025,#2026);
#1649=AXIS2_PLACEMENT_3D('',#2521,#2029,#2030);
#1650=AXIS2_PLACEMENT_3D('',#2525,#2033,#2034);
#1651=AXIS2_PLACEMENT_3D('',#2527,#2036,#2037);
#1652=AXIS2_PLACEMENT_3D('',#2530,#2038,#2039);
#1653=AXIS2_PLACEMENT_3D('',#2532,#2040,#2041);
#1654=AXIS2_PLACEMENT_3D('',#2533,#2042,#2043);
#1655=AXIS2_PLACEMENT_3D('',#2534,#2044,#2045);
#1656=AXIS2_PLACEMENT_3D('',#2536,#2046,#2047);
#1657=AXIS2_PLACEMENT_3D('',#2539,#2050,#2051);
#1658=AXIS2_PLACEMENT_3D('',#2542,#2052,#2053);
#1659=AXIS2_PLACEMENT_3D('',#2545,#2056,#2057);
#1660=AXIS2_PLACEMENT_3D('',#2548,#2058,#2059);
#1661=AXIS2_PLACEMENT_3D('',#2551,#2062,#2063);
#1662=AXIS2_PLACEMENT_3D('',#2555,#2066,#2067);
#1663=AXIS2_PLACEMENT_3D('',#2557,#2069,#2070);
#1664=AXIS2_PLACEMENT_3D('',#2560,#2072,#2073);
#1665=AXIS2_PLACEMENT_3D('',#2561,#2074,#2075);
#1666=AXIS2_PLACEMENT_3D('',#2563,#2076,#2077);
#1667=AXIS2_PLACEMENT_3D('',#2565,#2079,#2080);
#1668=AXIS2_PLACEMENT_3D('',#2567,#2082,#2083);
#1669=AXIS2_PLACEMENT_3D('',#2569,#2085,#2086);
#1670=AXIS2_PLACEMENT_3D('',#2575,#2090,#2091);
#1671=AXIS2_PLACEMENT_3D('',#2579,#2094,#2095);
#1672=AXIS2_PLACEMENT_3D('',#2584,#2099,#2100);
#1673=AXIS2_PLACEMENT_3D('',#2586,#2102,#2103);
#1674=AXIS2_PLACEMENT_3D('',#2588,#2105,#2106);
#1675=AXIS2_PLACEMENT_3D('',#2590,#2108,#2109);
#1676=AXIS2_PLACEMENT_3D('',#2592,#2111,#2112);
#1677=AXIS2_PLACEMENT_3D('',#2593,#2113,#2114);
#1678=AXIS2_PLACEMENT_3D('',#2595,#2116,#2117);
#1679=AXIS2_PLACEMENT_3D('',#2598,#2120,#2121);
#1680=AXIS2_PLACEMENT_3D('',#2600,#2123,#2124);
#1681=AXIS2_PLACEMENT_3D('',#2602,#2126,#2127);
#1682=AXIS2_PLACEMENT_3D('',#2605,#2129,#2130);
#1683=AXIS2_PLACEMENT_3D('',#2606,#2131,#2132);
#1684=AXIS2_PLACEMENT_3D('',#2607,#2133,#2134);
#1685=AXIS2_PLACEMENT_3D('',#2609,#2136,#2137);
#1686=AXIS2_PLACEMENT_3D('',#2611,#2139,#2140);
#1687=AXIS2_PLACEMENT_3D('',#2613,#2142,#2143);
#1688=AXIS2_PLACEMENT_3D('',#2622,#2146,#2147);
#1689=AXIS2_PLACEMENT_3D('',#2623,#2148,#2149);
#1690=AXIS2_PLACEMENT_3D('',#2632,#2152,#2153);
#1691=AXIS2_PLACEMENT_3D('',#2634,#2155,#2156);
#1692=DIRECTION('axis',(0.,0.,1.));
#1693=DIRECTION('refdir',(1.,0.,0.));
#1694=DIRECTION('center_axis',(0.,0.,-1.));
#1695=DIRECTION('ref_axis',(1.,0.,0.));
#1696=DIRECTION('center_axis',(0.,0.,-1.));
#1697=DIRECTION('ref_axis',(1.,0.,0.));
#1698=DIRECTION('center_axis',(0.,0.,-1.));
#1699=DIRECTION('ref_axis',(1.,0.,0.));
#1700=DIRECTION('center_axis',(0.,0.,-1.));
#1701=DIRECTION('ref_axis',(1.,0.,0.));
#1702=DIRECTION('center_axis',(0.,0.,-1.));
#1703=DIRECTION('ref_axis',(1.,0.,0.));
#1704=DIRECTION('center_axis',(0.,0.,-1.));
#1705=DIRECTION('ref_axis',(1.,0.,0.));
#1706=DIRECTION('center_axis',(0.,0.,-1.));
#1707=DIRECTION('ref_axis',(1.,0.,0.));
#1708=DIRECTION('center_axis',(0.,0.,1.));
#1709=DIRECTION('ref_axis',(-0.388888888888891,-0.92128466398761,0.));
#1710=DIRECTION('center_axis',(0.,0.,-1.));
#1711=DIRECTION('ref_axis',(0.614476585993844,0.788935057698256,0.));
#1712=DIRECTION('center_axis',(0.,0.,1.));
#1713=DIRECTION('ref_axis',(-1.63653031390895E-15,1.,0.));
#1714=DIRECTION('center_axis',(-8.00128378046181E-64,-3.97507401941767E-63,
1.));
#1715=DIRECTION('ref_axis',(-0.527391519048854,0.849622378257154,2.95533092139399E-63));
#1716=DIRECTION('center_axis',(-5.67566054621844E-65,4.96555955812112E-66,
-1.));
#1717=DIRECTION('ref_axis',(0.0871557427470736,0.996194698091797,7.91078875570866E-82));
#1718=DIRECTION('',(-0.996194698091769,-0.0871557427473901,9.22534856256664E-66));
#1719=DIRECTION('center_axis',(0.,0.,1.));
#1720=DIRECTION('ref_axis',(0.666464205391216,-0.745537029886682,0.));
#1721=DIRECTION('',(0.,-1.,0.));
#1722=DIRECTION('center_axis',(0.,0.,-1.));
#1723=DIRECTION('ref_axis',(1.,-8.88178419700124E-16,0.));
#1724=DIRECTION('',(-1.,0.,0.));
#1725=DIRECTION('center_axis',(-5.69734064744897E-65,8.43375835461511E-81,
-1.));
#1726=DIRECTION('ref_axis',(4.44089209850063E-16,-1.,-3.37350334183377E-80));
#1727=DIRECTION('',(-2.86640766417013E-13,1.,-1.12047287013125E-65));
#1728=DIRECTION('center_axis',(-1.2537760033348E-65,2.14494050412301E-64,
1.));
#1729=DIRECTION('ref_axis',(-0.664639992396505,-0.7471637574904,1.51929083932157E-64));
#1730=DIRECTION('',(-0.996194698091745,0.0871557427476643,3.04216548320339E-65));
#1731=DIRECTION('center_axis',(-1.89188684873947E-65,1.65518651937472E-66,
-1.));
#1732=DIRECTION('ref_axis',(-0.0871557427471273,-0.996194698091792,0.));
#1733=DIRECTION('center_axis',(-2.32628390022309E-66,1.14173512775123E-66,
1.));
#1734=DIRECTION('ref_axis',(0.,1.,-1.14173512775123E-66));
#1735=DIRECTION('center_axis',(0.,0.,1.));
#1736=DIRECTION('ref_axis',(-0.921284663987611,0.388888888888888,0.));
#1737=DIRECTION('center_axis',(0.,0.,-1.));
#1738=DIRECTION('ref_axis',(0.788935057698255,-0.614476585993845,0.));
#1739=DIRECTION('center_axis',(0.,0.,1.));
#1740=DIRECTION('ref_axis',(1.,1.63653031390896E-15,0.));
#1741=DIRECTION('',(1.1686558153949E-16,1.,6.37642960969934E-64));
#1742=DIRECTION('center_axis',(0.,0.,1.));
#1743=DIRECTION('ref_axis',(0.388888888888892,0.92128466398761,0.));
#1744=DIRECTION('center_axis',(0.,0.,-1.));
#1745=DIRECTION('ref_axis',(-0.614476585993842,-0.788935057698257,0.));
#1746=DIRECTION('center_axis',(0.,0.,1.));
#1747=DIRECTION('ref_axis',(-4.90959094172684E-15,-1.,0.));
#1748=DIRECTION('',(1.,0.,-2.665615589841E-65));
#1749=DIRECTION('center_axis',(0.,0.,1.));
#1750=DIRECTION('ref_axis',(0.921284663987603,-0.388888888888908,0.));
#1751=DIRECTION('center_axis',(0.,0.,-1.));
#1752=DIRECTION('ref_axis',(-0.788935057698257,0.614476585993842,0.));
#1753=DIRECTION('center_axis',(0.,0.,1.));
#1754=DIRECTION('ref_axis',(-1.,3.27306062781789E-15,0.));
#1755=DIRECTION('',(-1.1686558153949E-16,-1.,0.));
#1756=DIRECTION('center_axis',(0.,0.,1.));
#1757=DIRECTION('ref_axis',(0.721973614631829,-0.691920587766726,0.));
#1758=DIRECTION('center_axis',(8.00128378046181E-64,3.97507401941767E-63,
-1.));
#1759=DIRECTION('ref_axis',(-0.527391519048854,0.849622378257154,2.95533092139399E-63));
#1760=DIRECTION('',(-1.,0.,-6.76962925003828E-64));
#1761=DIRECTION('center_axis',(0.,0.,1.));
#1762=DIRECTION('ref_axis',(1.,0.,0.));
#1763=DIRECTION('',(0.,1.,0.));
#1764=DIRECTION('',(0.,1.,0.));
#1765=DIRECTION('',(-1.,0.,0.));
#1766=DIRECTION('',(0.,-1.,0.));
#1767=DIRECTION('',(0.,-1.,0.));
#1768=DIRECTION('',(1.,0.,7.59645419660784E-64));
#1769=DIRECTION('center_axis',(-2.95637944515346E-65,0.,1.));
#1770=DIRECTION('ref_axis',(1.,0.,2.95637944515346E-65));
#1771=DIRECTION('center_axis',(0.,0.,1.));
#1772=DIRECTION('ref_axis',(1.,0.,0.));
#1773=DIRECTION('center_axis',(0.,0.,1.));
#1774=DIRECTION('ref_axis',(-0.721973614631826,-0.691920587766729,0.));
#1775=DIRECTION('',(-1.,-1.20840601319745E-16,0.));
#1776=DIRECTION('center_axis',(2.32628390022309E-66,-1.14173512775123E-66,
-1.));
#1777=DIRECTION('ref_axis',(0.,1.,-1.14173512775123E-66));
#1778=DIRECTION('center_axis',(0.,0.,1.));
#1779=DIRECTION('ref_axis',(1.,0.,0.));
#1780=DIRECTION('center_axis',(0.,0.,1.));
#1781=DIRECTION('ref_axis',(1.,0.,0.));
#1782=DIRECTION('center_axis',(0.,0.,-1.));
#1783=DIRECTION('ref_axis',(0.721973614631829,-0.691920587766726,0.));
#1784=DIRECTION('',(0.,0.,1.));
#1785=DIRECTION('center_axis',(-8.00128378046181E-64,-3.97507401941767E-63,
1.));
#1786=DIRECTION('ref_axis',(0.721973614631829,-0.691920587766726,0.));
#1787=DIRECTION('',(0.,0.,1.));
#1788=DIRECTION('center_axis',(3.06976191919167E-33,-2.68569367651045E-34,
1.));
#1789=DIRECTION('ref_axis',(0.721973614631829,-0.691920587766726,0.));
#1790=DIRECTION('',(0.,0.,-1.));
#1791=DIRECTION('',(0.,0.,-1.));
#1792=DIRECTION('center_axis',(8.00128378046181E-64,3.97507401941767E-63,
-1.));
#1793=DIRECTION('ref_axis',(1.,0.,8.00128378046181E-64));
#1794=DIRECTION('',(1.1686558153949E-16,1.,3.97507401941767E-63));
#1795=DIRECTION('',(1.,0.,6.76962925003828E-64));
#1796=DIRECTION('center_axis',(-8.00128378046181E-64,-3.97507401941767E-63,
1.));
#1797=DIRECTION('ref_axis',(-0.527391519048854,0.849622378257154,2.95533092139399E-63));
#1798=DIRECTION('center_axis',(8.00128378046181E-64,3.97507401941767E-63,
-1.));
#1799=DIRECTION('ref_axis',(-0.527391519048854,0.849622378257154,0.));
#1800=DIRECTION('center_axis',(0.,0.,-1.));
#1801=DIRECTION('ref_axis',(-1.63653031390895E-15,1.,0.));
#1802=DIRECTION('center_axis',(0.,0.,1.));
#1803=DIRECTION('ref_axis',(0.614476585993844,0.788935057698256,0.));
#1804=DIRECTION('center_axis',(0.,0.,-1.));
#1805=DIRECTION('ref_axis',(-0.388888888888891,-0.92128466398761,0.));
#1806=DIRECTION('center_axis',(0.,0.,-1.));
#1807=DIRECTION('ref_axis',(1.,0.,0.));
#1808=DIRECTION('center_axis',(0.,-1.,0.));
#1809=DIRECTION('ref_axis',(1.,0.,6.76962925003828E-64));
#1810=DIRECTION('',(0.,0.,-1.));
#1811=DIRECTION('center_axis',(0.,0.,1.));
#1812=DIRECTION('ref_axis',(1.,0.,0.));
#1813=DIRECTION('',(0.,0.,-1.));
#1814=DIRECTION('center_axis',(0.,0.,1.));
#1815=DIRECTION('ref_axis',(-0.388888888888891,-0.92128466398761,0.));
#1816=DIRECTION('',(0.,0.,-1.));
#1817=DIRECTION('',(0.,0.,-1.));
#1818=DIRECTION('center_axis',(0.,0.,1.));
#1819=DIRECTION('ref_axis',(0.707106781186548,-0.707106781186547,0.));
#1820=DIRECTION('',(0.,0.,-1.));
#1821=DIRECTION('center_axis',(0.,0.,1.));
#1822=DIRECTION('ref_axis',(-1.63653031390895E-15,1.,0.));
#1823=DIRECTION('',(0.,0.,1.));
#1824=DIRECTION('center_axis',(0.,0.,1.));
#1825=DIRECTION('ref_axis',(-0.527391519048854,0.849622378257154,0.));
#1826=DIRECTION('center_axis',(1.,-1.1686558153949E-16,0.));
#1827=DIRECTION('ref_axis',(1.1686558153949E-16,1.,0.));
#1828=DIRECTION('',(0.,0.,-1.));
#1829=DIRECTION('',(1.1686558153949E-16,1.,0.));
#1830=DIRECTION('',(0.,0.,-1.));
#1831=DIRECTION('',(1.1686558153949E-16,1.,0.));
#1832=DIRECTION('center_axis',(0.,1.,0.));
#1833=DIRECTION('ref_axis',(-1.,0.,2.665615589841E-65));
#1834=DIRECTION('',(0.,0.,-1.));
#1835=DIRECTION('',(-1.,0.,0.));
#1836=DIRECTION('',(0.,0.,-1.));
#1837=DIRECTION('',(-1.,0.,2.665615589841E-65));
#1838=DIRECTION('',(0.,0.,1.));
#1839=DIRECTION('',(-1.,0.,0.));
#1840=DIRECTION('',(0.,0.,-1.));
#1841=DIRECTION('center_axis',(0.,0.,-1.));
#1842=DIRECTION('ref_axis',(1.,0.,0.));
#1843=DIRECTION('',(-1.1686558153949E-16,-1.,0.));
#1844=DIRECTION('center_axis',(0.,0.,1.));
#1845=DIRECTION('ref_axis',(-0.707106781186548,0.707106781186548,0.));
#1846=DIRECTION('center_axis',(0.,0.,-1.));
#1847=DIRECTION('ref_axis',(-4.90959094172684E-15,-1.,0.));
#1848=DIRECTION('center_axis',(0.,0.,1.));
#1849=DIRECTION('ref_axis',(-0.614476585993842,-0.788935057698257,0.));
#1850=DIRECTION('center_axis',(0.,0.,-1.));
#1851=DIRECTION('ref_axis',(0.388888888888892,0.92128466398761,0.));
#1852=DIRECTION('center_axis',(0.,0.,-1.));
#1853=DIRECTION('ref_axis',(1.,0.,0.));
#1854=DIRECTION('center_axis',(0.,0.,1.));
#1855=DIRECTION('ref_axis',(1.,0.,0.));
#1856=DIRECTION('',(0.,0.,-1.));
#1857=DIRECTION('center_axis',(0.,0.,1.));
#1858=DIRECTION('ref_axis',(0.388888888888892,0.92128466398761,0.));
#1859=DIRECTION('',(0.,0.,-1.));
#1860=DIRECTION('',(0.,0.,-1.));
#1861=DIRECTION('center_axis',(0.,0.,1.));
#1862=DIRECTION('ref_axis',(-0.70710678118655,0.707106781186545,0.));
#1863=DIRECTION('',(0.,0.,-1.));
#1864=DIRECTION('center_axis',(0.,0.,1.));
#1865=DIRECTION('ref_axis',(-4.90959094172684E-15,-1.,0.));
#1866=DIRECTION('center_axis',(0.,0.,-1.));
#1867=DIRECTION('ref_axis',(-0.707106781186548,0.707106781186548,0.));
#1868=DIRECTION('',(0.,0.,1.));
#1869=DIRECTION('center_axis',(3.06976191919167E-33,-2.68569367651045E-34,
1.));
#1870=DIRECTION('ref_axis',(-0.707106781186548,0.707106781186548,0.));
#1871=DIRECTION('center_axis',(0.,0.,-1.));
#1872=DIRECTION('ref_axis',(1.,0.,0.));
#1873=DIRECTION('center_axis',(0.,0.,1.));
#1874=DIRECTION('ref_axis',(0.707106781186548,0.707106781186548,0.));
#1875=DIRECTION('',(1.1686558153949E-16,1.,0.));
#1876=DIRECTION('center_axis',(0.,0.,-1.));
#1877=DIRECTION('ref_axis',(-1.,3.27306062781789E-15,0.));
#1878=DIRECTION('center_axis',(0.,0.,1.));
#1879=DIRECTION('ref_axis',(-0.788935057698257,0.614476585993842,0.));
#1880=DIRECTION('center_axis',(0.,0.,-1.));
#1881=DIRECTION('ref_axis',(0.921284663987603,-0.388888888888908,0.));
#1882=DIRECTION('center_axis',(0.,0.,-1.));
#1883=DIRECTION('ref_axis',(1.,0.,0.));
#1884=DIRECTION('center_axis',(0.,0.,1.));
#1885=DIRECTION('ref_axis',(1.,0.,0.));
#1886=DIRECTION('',(0.,0.,-1.));
#1887=DIRECTION('center_axis',(0.,0.,1.));
#1888=DIRECTION('ref_axis',(0.921284663987603,-0.388888888888908,0.));
#1889=DIRECTION('',(0.,0.,-1.));
#1890=DIRECTION('center_axis',(0.,0.,1.));
#1891=DIRECTION('ref_axis',(0.707106781186548,0.707106781186547,0.));
#1892=DIRECTION('',(0.,0.,-1.));
#1893=DIRECTION('center_axis',(0.,0.,1.));
#1894=DIRECTION('ref_axis',(-1.,3.27306062781789E-15,0.));
#1895=DIRECTION('',(0.,0.,1.));
#1896=DIRECTION('center_axis',(0.,0.,-1.));
#1897=DIRECTION('ref_axis',(0.707106781186548,0.707106781186548,0.));
#1898=DIRECTION('center_axis',(3.06976191919167E-33,-2.68569367651045E-34,
1.));
#1899=DIRECTION('ref_axis',(0.707106781186548,0.707106781186548,0.));
#1900=DIRECTION('',(0.,0.,-1.));
#1901=DIRECTION('center_axis',(1.,-1.1686558153949E-16,0.));
#1902=DIRECTION('ref_axis',(1.1686558153949E-16,1.,0.));
#1903=DIRECTION('',(1.1686558153949E-16,1.,0.));
#1904=DIRECTION('',(0.,0.,1.));
#1905=DIRECTION('center_axis',(0.,0.,-1.));
#1906=DIRECTION('ref_axis',(-0.721973614631826,-0.691920587766729,0.));
#1907=DIRECTION('',(0.,0.,-1.));
#1908=DIRECTION('',(0.,0.,1.));
#1909=DIRECTION('',(0.,0.,1.));
#1910=DIRECTION('center_axis',(3.06976191919167E-33,-2.68569367651045E-34,
1.));
#1911=DIRECTION('ref_axis',(-0.721973614631826,-0.691920587766729,0.));
#1912=DIRECTION('',(0.,0.,-1.));
#1913=DIRECTION('center_axis',(-2.32628390022309E-66,1.14173512775123E-66,
1.));
#1914=DIRECTION('ref_axis',(-0.721973614631826,-0.691920587766729,0.));
#1915=DIRECTION('center_axis',(1.20840601319745E-16,-1.,0.));
#1916=DIRECTION('ref_axis',(1.,1.20840601319745E-16,0.));
#1917=DIRECTION('',(1.,1.20840601319745E-16,0.));
#1918=DIRECTION('',(0.,0.,-1.));
#1919=DIRECTION('center_axis',(2.32628390022309E-66,-1.14173512775123E-66,
-1.));
#1920=DIRECTION('ref_axis',(1.,0.,2.32628390022309E-66));
#1921=DIRECTION('',(-1.1686558153949E-16,-1.,1.14173512775123E-66));
#1922=DIRECTION('center_axis',(0.,0.,-1.));
#1923=DIRECTION('ref_axis',(1.,1.63653031390896E-15,0.));
#1924=DIRECTION('center_axis',(0.,0.,1.));
#1925=DIRECTION('ref_axis',(0.788935057698255,-0.614476585993845,0.));
#1926=DIRECTION('center_axis',(0.,0.,-1.));
#1927=DIRECTION('ref_axis',(-0.921284663987611,0.388888888888888,0.));
#1928=DIRECTION('center_axis',(2.32628390022309E-66,-1.14173512775123E-66,
-1.));
#1929=DIRECTION('ref_axis',(0.,1.,0.));
#1930=DIRECTION('center_axis',(-2.32628390022309E-66,1.14173512775123E-66,
1.));
#1931=DIRECTION('ref_axis',(0.,1.,-1.14173512775123E-66));
#1932=DIRECTION('center_axis',(0.,0.,-1.));
#1933=DIRECTION('ref_axis',(1.,0.,0.));
#1934=DIRECTION('center_axis',(0.,0.,1.));
#1935=DIRECTION('ref_axis',(1.,0.,0.));
#1936=DIRECTION('',(0.,0.,-1.));
#1937=DIRECTION('center_axis',(0.,0.,1.));
#1938=DIRECTION('ref_axis',(0.,1.,0.));
#1939=DIRECTION('center_axis',(0.,0.,1.));
#1940=DIRECTION('ref_axis',(-0.921284663987611,0.388888888888888,0.));
#1941=DIRECTION('',(0.,0.,-1.));
#1942=DIRECTION('',(0.,0.,-1.));
#1943=DIRECTION('center_axis',(0.,0.,1.));
#1944=DIRECTION('ref_axis',(-0.707106781186548,-0.707106781186547,0.));
#1945=DIRECTION('',(0.,0.,-1.));
#1946=DIRECTION('center_axis',(0.,0.,1.));
#1947=DIRECTION('ref_axis',(1.,1.63653031390896E-15,0.));
#1948=DIRECTION('',(0.,0.,-1.));
#1949=DIRECTION('center_axis',(-1.,1.1686558153949E-16,0.));
#1950=DIRECTION('ref_axis',(-1.1686558153949E-16,-1.,-6.37642960969934E-64));
#1951=DIRECTION('',(-1.1686558153949E-16,-1.,-6.37642960969934E-64));
#1952=DIRECTION('center_axis',(-3.06976191919167E-33,2.68569367651045E-34,
-1.));
#1953=DIRECTION('ref_axis',(1.,0.,-3.06976191919167E-33));
#1954=DIRECTION('center_axis',(3.06976191919167E-33,-2.68569367651045E-34,
1.));
#1955=DIRECTION('ref_axis',(-0.707106781186551,-0.707106781186544,0.));
#1956=DIRECTION('center_axis',(2.32628390022309E-66,-1.14173512775123E-66,
-1.));
#1957=DIRECTION('ref_axis',(0.,1.,-1.14173512775123E-66));
#1958=DIRECTION('center_axis',(0.,0.,1.));
#1959=DIRECTION('ref_axis',(-0.0871557427471273,-0.996194698091792,0.));
#1960=DIRECTION('',(0.996194698091745,-0.0871557427476645,0.));
#1961=DIRECTION('center_axis',(0.,0.,-1.));
#1962=DIRECTION('ref_axis',(-0.664639992396505,-0.7471637574904,0.));
#1963=DIRECTION('',(2.95225465181748E-13,-1.,2.51464659989528E-49));
#1964=DIRECTION('center_axis',(3.06976191919167E-33,-2.68569367651045E-34,
1.));
#1965=DIRECTION('ref_axis',(-0.707106781186447,-0.707106781186648,0.));
#1966=DIRECTION('',(1.,0.,-8.68307418685641E-34));
#1967=DIRECTION('center_axis',(3.06976191919167E-33,-2.68569367651045E-34,
1.));
#1968=DIRECTION('ref_axis',(0.707106781186547,-0.707106781186547,0.));
#1969=DIRECTION('',(0.,1.,1.26323249650661E-33));
#1970=DIRECTION('center_axis',(-1.8378906758506E-32,-1.64296111363224E-32,
-1.));
#1971=DIRECTION('ref_axis',(0.666464205391216,-0.745537029886682,0.));
#1972=DIRECTION('',(0.996194698091769,0.0871557427473913,-4.98966128753157E-34));
#1973=DIRECTION('center_axis',(3.06976191919167E-33,-2.68569367651044E-34,
1.));
#1974=DIRECTION('ref_axis',(0.087155742747075,0.996194698091797,5.45529516626234E-49));
#1975=DIRECTION('center_axis',(8.00128378046181E-64,3.97507401941767E-63,
-1.));
#1976=DIRECTION('ref_axis',(-0.527391519048854,0.849622378257154,2.95533092139399E-63));
#1977=DIRECTION('center_axis',(3.06976191919167E-33,-2.68569367651045E-34,
1.));
#1978=DIRECTION('ref_axis',(-0.707106781186549,0.707106781186546,0.));
#1979=DIRECTION('',(0.,-1.,0.));
#1980=DIRECTION('',(-1.,0.,0.));
#1981=DIRECTION('',(1.30614473485313E-16,1.,6.73067569912708E-64));
#1982=DIRECTION('',(1.,0.,0.));
#1983=DIRECTION('',(0.,-1.,0.));
#1984=DIRECTION('center_axis',(0.,0.,-1.));
#1985=DIRECTION('ref_axis',(1.,0.,0.));
#1986=DIRECTION('center_axis',(0.,0.,-1.));
#1987=DIRECTION('ref_axis',(1.,0.,0.));
#1988=DIRECTION('center_axis',(0.,0.,-1.));
#1989=DIRECTION('ref_axis',(1.,0.,0.));
#1990=DIRECTION('center_axis',(0.,1.,0.));
#1991=DIRECTION('ref_axis',(-0.979795897113271,0.,0.2));
#1992=DIRECTION('',(0.,1.,0.));
#1993=DIRECTION('center_axis',(-0.707106781186548,0.707106781186548,0.));
#1994=DIRECTION('ref_axis',(-0.707106781186547,-0.707106781186547,1.96261557335472E-17));
#1995=DIRECTION('center_axis',(-1.,0.,0.));
#1996=DIRECTION('ref_axis',(0.,-1.,0.));
#1997=DIRECTION('',(0.,0.,1.));
#1998=DIRECTION('',(0.,0.,-1.));
#1999=DIRECTION('',(0.,-1.,0.));
#2000=DIRECTION('center_axis',(0.,-1.,0.));
#2001=DIRECTION('ref_axis',(0.979795897113271,0.,0.2));
#2002=DIRECTION('center_axis',(0.707106781186548,0.707106781186548,0.));
#2003=DIRECTION('ref_axis',(0.707106781186547,-0.707106781186547,1.96261557335472E-17));
#2004=DIRECTION('',(0.,-1.,0.));
#2005=DIRECTION('center_axis',(-0.816496580927726,-0.408248290463864,-0.408248290463862));
#2006=DIRECTION('ref_axis',(-0.577350269189626,0.577350269189627,0.577350269189625));
#2007=DIRECTION('center_axis',(-1.,0.,0.));
#2008=DIRECTION('ref_axis',(0.,1.,0.));
#2009=DIRECTION('center_axis',(0.,0.,1.));
#2010=DIRECTION('ref_axis',(-1.,0.,0.));
#2011=DIRECTION('center_axis',(-1.77635683940025E-15,1.,0.));
#2012=DIRECTION('ref_axis',(0.,0.,1.));
#2013=DIRECTION('center_axis',(0.,0.,1.));
#2014=DIRECTION('ref_axis',(-0.707106781186547,0.707106781186547,0.));
#2015=DIRECTION('center_axis',(0.,0.,-1.));
#2016=DIRECTION('ref_axis',(-0.707106781186547,0.707106781186547,0.));
#2017=DIRECTION('',(0.,0.,-1.));
#2018=DIRECTION('center_axis',(0.,-1.,0.));
#2019=DIRECTION('ref_axis',(-0.707106781186547,0.,0.707106781186547));
#2020=DIRECTION('center_axis',(0.,-1.,0.));
#2021=DIRECTION('ref_axis',(-0.707106781186547,0.,0.707106781186547));
#2022=DIRECTION('',(0.,1.,0.));
#2023=DIRECTION('center_axis',(-1.,1.43254668543104E-16,0.));
#2024=DIRECTION('ref_axis',(0.,0.707106781186547,0.707106781186547));
#2025=DIRECTION('center_axis',(1.,0.,0.));
#2026=DIRECTION('ref_axis',(0.,0.707106781186547,0.707106781186547));
#2027=DIRECTION('',(-1.,1.43254668543104E-16,0.));
#2028=DIRECTION('',(1.,-1.43254668543104E-16,0.));
#2029=DIRECTION('center_axis',(1.43254668543104E-16,1.,0.));
#2030=DIRECTION('ref_axis',(-1.,1.43254668543104E-16,0.));
#2031=DIRECTION('',(0.,0.,1.));
#2032=DIRECTION('',(-1.,1.43254668543104E-16,0.));
#2033=DIRECTION('center_axis',(-1.,0.,0.));
#2034=DIRECTION('ref_axis',(0.,-0.979795897113271,0.2));
#2035=DIRECTION('',(-1.,0.,0.));
#2036=DIRECTION('center_axis',(0.408248290463863,-0.816496580927726,0.408248290463863));
#2037=DIRECTION('ref_axis',(0.577350269189626,0.577350269189626,0.577350269189626));
#2038=DIRECTION('center_axis',(0.,1.,0.));
#2039=DIRECTION('ref_axis',(1.,0.,0.));
#2040=DIRECTION('center_axis',(0.,0.,1.));
#2041=DIRECTION('ref_axis',(0.,1.,0.));
#2042=DIRECTION('center_axis',(1.,-8.88178419700125E-16,0.));
#2043=DIRECTION('ref_axis',(0.,0.,1.));
#2044=DIRECTION('center_axis',(0.,0.,1.));
#2045=DIRECTION('ref_axis',(0.707106781186547,0.707106781186547,0.));
#2046=DIRECTION('center_axis',(0.,0.,-1.));
#2047=DIRECTION('ref_axis',(0.707106781186547,0.707106781186547,0.));
#2048=DIRECTION('',(0.,0.,1.));
#2049=DIRECTION('',(0.,0.,1.));
#2050=DIRECTION('center_axis',(-1.,1.43254668543104E-16,0.));
#2051=DIRECTION('ref_axis',(0.,0.707106781186547,0.707106781186547));
#2052=DIRECTION('center_axis',(-1.,1.30614473485313E-16,0.));
#2053=DIRECTION('ref_axis',(0.,0.707106781186547,0.707106781186547));
#2054=DIRECTION('',(1.,-1.43254668543104E-16,0.));
#2055=DIRECTION('',(-1.,1.43254668543104E-16,0.));
#2056=DIRECTION('center_axis',(0.,1.,0.));
#2057=DIRECTION('ref_axis',(0.707106781186547,0.,0.707106781186547));
#2058=DIRECTION('center_axis',(0.,-1.,0.));
#2059=DIRECTION('ref_axis',(0.707106781186547,0.,0.707106781186547));
#2060=DIRECTION('',(0.,1.,0.));
#2061=DIRECTION('',(0.,-1.,0.));
#2062=DIRECTION('center_axis',(1.43254668543104E-16,1.,0.));
#2063=DIRECTION('ref_axis',(-1.,1.43254668543104E-16,0.));
#2064=DIRECTION('',(-1.,1.43254668543104E-16,0.));
#2065=DIRECTION('',(0.,0.,-1.));
#2066=DIRECTION('center_axis',(1.,0.,0.));
#2067=DIRECTION('ref_axis',(0.,1.,0.));
#2068=DIRECTION('',(0.,0.,1.));
#2069=DIRECTION('center_axis',(0.,0.,1.));
#2070=DIRECTION('ref_axis',(0.707106781186548,-0.707106781186548,0.));
#2071=DIRECTION('',(0.,0.,-1.));
#2072=DIRECTION('center_axis',(0.,0.707106781186549,0.707106781186546));
#2073=DIRECTION('ref_axis',(0.,0.707106781186546,-0.707106781186549));
#2074=DIRECTION('center_axis',(0.,0.,1.));
#2075=DIRECTION('ref_axis',(0.707106781186546,0.707106781186549,0.));
#2076=DIRECTION('center_axis',(0.,-0.707106781186547,0.707106781186548));
#2077=DIRECTION('ref_axis',(0.,-0.707106781186548,-0.707106781186547));
#2078=DIRECTION('',(0.,0.,1.));
#2079=DIRECTION('center_axis',(1.1686558153949E-16,1.,0.));
#2080=DIRECTION('ref_axis',(0.707106781186549,0.,0.707106781186546));
#2081=DIRECTION('',(0.,-1.,0.));
#2082=DIRECTION('center_axis',(0.,0.,1.));
#2083=DIRECTION('ref_axis',(0.,1.,0.));
#2084=DIRECTION('',(0.,0.,-1.));
#2085=DIRECTION('center_axis',(0.,0.,-1.));
#2086=DIRECTION('ref_axis',(1.,0.,0.));
#2087=DIRECTION('',(0.,1.,0.));
#2088=DIRECTION('',(-1.,0.,0.));
#2089=DIRECTION('',(-1.30614473485313E-16,-1.,-6.73067569912708E-64));
#2090=DIRECTION('center_axis',(0.,0.,1.));
#2091=DIRECTION('ref_axis',(1.,0.,0.));
#2092=DIRECTION('',(1.30614473485313E-16,1.,0.));
#2093=DIRECTION('',(-1.,0.,0.));
#2094=DIRECTION('center_axis',(0.,1.,0.));
#2095=DIRECTION('ref_axis',(-1.,0.,0.));
#2096=DIRECTION('',(0.,0.,1.));
#2097=DIRECTION('',(0.,0.,1.));
#2098=DIRECTION('',(-1.,0.,0.));
#2099=DIRECTION('center_axis',(0.,0.,1.));
#2100=DIRECTION('ref_axis',(1.,0.,0.));
#2101=DIRECTION('',(0.,-1.,0.));
#2102=DIRECTION('center_axis',(-1.,0.,0.));
#2103=DIRECTION('ref_axis',(0.,-1.,0.));
#2104=DIRECTION('',(0.,0.,1.));
#2105=DIRECTION('center_axis',(1.,-1.30614473485313E-16,0.));
#2106=DIRECTION('ref_axis',(1.30614473485313E-16,1.,6.73067569912708E-64));
#2107=DIRECTION('',(0.,0.,1.));
#2108=DIRECTION('center_axis',(0.,0.,1.));
#2109=DIRECTION('ref_axis',(-0.527391519048854,0.849622378257154,0.));
#2110=DIRECTION('',(0.,0.,1.));
#2111=DIRECTION('center_axis',(0.,-1.,0.));
#2112=DIRECTION('ref_axis',(1.,0.,0.));
#2113=DIRECTION('center_axis',(0.,0.,-1.));
#2114=DIRECTION('ref_axis',(-0.0871557427471273,-0.996194698091792,0.));
#2115=DIRECTION('',(0.,0.,-1.));
#2116=DIRECTION('center_axis',(0.,0.,-1.));
#2117=DIRECTION('ref_axis',(0.707106781186547,-0.707106781186547,0.));
#2118=DIRECTION('',(0.,0.,1.));
#2119=DIRECTION('',(0.,0.,1.));
#2120=DIRECTION('center_axis',(0.,-1.,0.));
#2121=DIRECTION('ref_axis',(-1.,0.,8.68307418685641E-34));
#2122=DIRECTION('',(0.,0.,1.));
#2123=DIRECTION('center_axis',(0.,0.,-1.));
#2124=DIRECTION('ref_axis',(-0.707106781186447,-0.707106781186648,0.));
#2125=DIRECTION('',(0.,0.,-1.));
#2126=DIRECTION('center_axis',(0.,0.,-1.));
#2127=DIRECTION('ref_axis',(1.,0.,0.));
#2128=DIRECTION('',(0.,0.,1.));
#2129=DIRECTION('center_axis',(-3.06976191919167E-33,2.68569367651045E-34,
-1.));
#2130=DIRECTION('ref_axis',(1.,0.,0.));
#2131=DIRECTION('center_axis',(-3.06976191919167E-33,2.68569367651045E-34,
-1.));
#2132=DIRECTION('ref_axis',(1.,0.,-3.06976191919167E-33));
#2133=DIRECTION('center_axis',(0.,0.,1.));
#2134=DIRECTION('ref_axis',(1.,0.,0.));
#2135=DIRECTION('',(0.,0.,-1.));
#2136=DIRECTION('center_axis',(0.,0.,1.));
#2137=DIRECTION('ref_axis',(1.,0.,0.));
#2138=DIRECTION('',(0.,0.,-1.));
#2139=DIRECTION('center_axis',(0.,0.,1.));
#2140=DIRECTION('ref_axis',(1.,0.,0.));
#2141=DIRECTION('',(0.,0.,-1.));
#2142=DIRECTION('center_axis',(-0.0871557427476645,-0.996194698091745,0.));
#2143=DIRECTION('ref_axis',(-0.996194698091745,0.0871557427476645,0.));
#2144=DIRECTION('',(0.,0.,-1.));
#2145=DIRECTION('',(0.,0.,-1.));
#2146=DIRECTION('center_axis',(-1.,-2.86685700688748E-13,0.));
#2147=DIRECTION('ref_axis',(-2.86685700688748E-13,1.,0.));
#2148=DIRECTION('center_axis',(1.,0.,0.));
#2149=DIRECTION('ref_axis',(0.,-1.,-1.26323249650661E-33));
#2150=DIRECTION('',(0.,0.,-1.));
#2151=DIRECTION('',(0.,0.,-1.));
#2152=DIRECTION('center_axis',(0.0871557427473913,-0.996194698091769,0.));
#2153=DIRECTION('ref_axis',(-0.996194698091769,-0.0871557427473913,4.98966128753157E-34));
#2154=DIRECTION('',(0.,0.,-1.));
#2155=DIRECTION('center_axis',(0.,0.,-1.));
#2156=DIRECTION('ref_axis',(0.087155742747075,0.996194698091797,0.));
#2157=CARTESIAN_POINT('',(0.,0.,0.));
#2158=CARTESIAN_POINT('Origin',(0.,-23.3999532,23.600003));
#2159=CARTESIAN_POINT('',(-1.65,-23.3999532,23.600003));
#2160=CARTESIAN_POINT('Origin',(-4.85022475325141E-32,-23.3999532,23.600003));
#2161=CARTESIAN_POINT('Origin',(23.3999532,8.516886448022,23.600003));
#2162=CARTESIAN_POINT('',(21.7499532,8.516886448022,23.600003));
#2163=CARTESIAN_POINT('Origin',(23.3999532,8.516886448022,23.600003));
#2164=CARTESIAN_POINT('Origin',(-23.3999532,8.516886448022,23.600003));
#2165=CARTESIAN_POINT('',(-25.0499532,8.516886448022,23.600003));
#2166=CARTESIAN_POINT('Origin',(-23.3999532,8.516886448022,23.600003));
#2167=CARTESIAN_POINT('Origin',(0.,32.2812743847045,-9.199997));
#2168=CARTESIAN_POINT('',(50.4999725,20.29409072395,-9.199997));
#2169=CARTESIAN_POINT('',(53.8165972903554,15.29409072395,-9.199997));
#2170=CARTESIAN_POINT('Origin',(55.9271767023998,20.29409072395,-9.199997));
#2171=CARTESIAN_POINT('',(50.4999725,11.9774659335946,-9.199997));
#2172=CARTESIAN_POINT('Origin',(52.3644301465525,13.4296330773975,-9.199997));
#2173=CARTESIAN_POINT('',(46.7820845521668,15.1404748767629,-9.199997));
#2174=CARTESIAN_POINT('Origin',(45.4999725,9.86688652155026,-9.199997));
#2175=CARTESIAN_POINT('',(26.731541954542,8.5168864480221,-9.199997));
#2176=CARTESIAN_POINT('Origin',(50.4999725000001,-29.7738136449413,-9.199997));
#2177=CARTESIAN_POINT('',(23.6903202924301,5.19797539452503,-9.199997));
#2178=CARTESIAN_POINT('Origin',(23.3999532,8.516886448022,-9.199997));
#2179=CARTESIAN_POINT('',(20.13109690608,4.88658369726401,-9.199997));
#2180=CARTESIAN_POINT('',(23.6903202924301,5.19797539452503,-9.199997));
#2181=CARTESIAN_POINT('',(19.03714147504,3.69228043029401,-9.199997));
#2182=CARTESIAN_POINT('Origin',(20.2382289678024,3.68978162955472,-9.199997));
#2183=CARTESIAN_POINT('',(19.03714147504,-21.731541954541,-9.199997));
#2184=CARTESIAN_POINT('',(19.03714147504,3.69228043029401,-9.199997));
#2185=CARTESIAN_POINT('',(14.03714147504,-26.731541954541,-9.199997));
#2186=CARTESIAN_POINT('Origin',(14.03714147504,-21.731541954541,-9.199997));
#2187=CARTESIAN_POINT('',(-14.0371414750327,-26.731541954541,-9.199997));
#2188=CARTESIAN_POINT('',(14.03714147504,-26.731541954541,-9.199997));
#2189=CARTESIAN_POINT('',(-19.0371414750327,-21.7315419545425,-9.199997));
#2190=CARTESIAN_POINT('Origin',(-14.0371414750327,-21.731541954541,-9.199997));
#2191=CARTESIAN_POINT('',(-19.03714147504,3.692280430294,-9.199997));
#2192=CARTESIAN_POINT('',(-19.0371414750327,-21.7315419545425,-9.199997));
#2193=CARTESIAN_POINT('',(-20.13109690608,4.88658369726401,-9.199997));
#2194=CARTESIAN_POINT('Origin',(-20.2382216335601,3.68977593414163,-9.199997));
#2195=CARTESIAN_POINT('',(-23.69032029243,5.197975394526,-9.199997));
#2196=CARTESIAN_POINT('',(-20.13109690608,4.88658369726401,-9.199997));
#2197=CARTESIAN_POINT('',(-26.731541954541,8.51688644802209,-9.199997));
#2198=CARTESIAN_POINT('Origin',(-23.3999532,8.516886448022,-9.199997));
#2199=CARTESIAN_POINT('',(-46.7820845521667,15.1404748767629,-9.199997));
#2200=CARTESIAN_POINT('Origin',(-50.4999725,-29.7738136449445,-9.199997));
#2201=CARTESIAN_POINT('',(-50.4999725,11.9774659335946,-9.199997));
#2202=CARTESIAN_POINT('Origin',(-45.4999725,9.86688652155026,-9.199997));
#2203=CARTESIAN_POINT('',(-53.8165972903554,15.29409072395,-9.199997));
#2204=CARTESIAN_POINT('Origin',(-52.3644301465525,13.4296330773975,-9.199997));
#2205=CARTESIAN_POINT('',(-50.4999725,20.29409072395,-9.199997));
#2206=CARTESIAN_POINT('Origin',(-55.9271767023997,20.29409072395,-9.199997));
#2207=CARTESIAN_POINT('',(-50.4999725,86.29409072395,-9.199997));
#2208=CARTESIAN_POINT('',(-50.4999725,91.29409072395,-9.199997));
#2209=CARTESIAN_POINT('',(-53.8165972903554,91.29409072395,-9.199997));
#2210=CARTESIAN_POINT('Origin',(-55.9271767023998,86.29409072395,-9.199997));
#2211=CARTESIAN_POINT('',(-50.4999725,94.6107155143054,-9.199997));
#2212=CARTESIAN_POINT('Origin',(-52.3644301465525,93.1585483705025,-9.199997));
#2213=CARTESIAN_POINT('',(-45.4999725,91.29409072395,-9.199997));
#2214=CARTESIAN_POINT('Origin',(-45.4999725,96.7212949263498,-9.199997));
#2215=CARTESIAN_POINT('',(45.4999725,91.29409072395,-9.199997));
#2216=CARTESIAN_POINT('',(50.4999725,91.29409072395,-9.199997));
#2217=CARTESIAN_POINT('',(50.4999725,94.6107155143054,-9.199997));
#2218=CARTESIAN_POINT('Origin',(45.4999724999999,96.7212949263499,-9.199997));
#2219=CARTESIAN_POINT('',(53.8165972903554,91.29409072395,-9.199997));
#2220=CARTESIAN_POINT('Origin',(52.3644301465525,93.1585483705025,-9.199997));
#2221=CARTESIAN_POINT('',(50.4999725,86.29409072395,-9.199997));
#2222=CARTESIAN_POINT('Origin',(55.9271767023998,86.29409072395,-9.199997));
#2223=CARTESIAN_POINT('',(50.4999725,15.29409072395,-9.199997));
#2224=CARTESIAN_POINT('',(48.5849561008982,15.2533860947128,-9.199997));
#2225=CARTESIAN_POINT('',(48.910139304338,15.29409072395,-9.199997));
#2226=CARTESIAN_POINT('Origin',(48.4999725,17.2515797258652,-9.199997));
#2227=CARTESIAN_POINT('',(50.4999725,15.29409072395,-9.199997));
#2228=CARTESIAN_POINT('Origin',(50.4999725000001,-29.7738136449413,-9.199997));
#2229=CARTESIAN_POINT('',(13.7499725,15.29409072395,-9.199997));
#2230=CARTESIAN_POINT('',(51.1177394529664,13.5263237709836,-9.199997));
#2231=CARTESIAN_POINT('Origin',(52.2677394529664,13.5263237709836,-9.199997));
#2232=CARTESIAN_POINT('',(13.7499725,19.29409072395,-9.199997));
#2233=CARTESIAN_POINT('',(13.7499725,21.79409072395,-9.199997));
#2234=CARTESIAN_POINT('',(13.7499725,19.29409072395,-9.199997));
#2235=CARTESIAN_POINT('',(13.7499725,26.29409072395,-9.199997));
#2236=CARTESIAN_POINT('',(13.7499725,19.29409072395,-9.199997));
#2237=CARTESIAN_POINT('',(-13.7499725,26.29409072395,-9.199997));
#2238=CARTESIAN_POINT('',(6.87498625,26.29409072395,-9.199997));
#2239=CARTESIAN_POINT('',(-13.7499725,21.79409072395,-9.199997));
#2240=CARTESIAN_POINT('',(-13.7499725,28.2876825543273,-9.199997));
#2241=CARTESIAN_POINT('',(-13.7499725,19.29409072395,-9.199997));
#2242=CARTESIAN_POINT('',(-13.7499725,28.2876825543273,-9.199997));
#2243=CARTESIAN_POINT('',(-13.7499725,19.29409072395,-9.199997));
#2244=CARTESIAN_POINT('',(-2.601234551832,-23.3999532,-9.199997));
#2245=CARTESIAN_POINT('Origin',(-4.85022475325141E-32,-23.3999532,-9.199997));
#2246=CARTESIAN_POINT('',(-53.4177394529664,13.5263237709836,-9.199997));
#2247=CARTESIAN_POINT('Origin',(-52.2677394529664,13.5263237709836,-9.199997));
#2248=CARTESIAN_POINT('',(-48.9101393043379,15.29409072395,-9.199997));
#2249=CARTESIAN_POINT('',(-48.5849561008982,15.2533860947128,-9.199997));
#2250=CARTESIAN_POINT('Origin',(-48.4999725,17.2515797258653,-9.199997));
#2251=CARTESIAN_POINT('',(-50.4999725,15.29409072395,-9.199997));
#2252=CARTESIAN_POINT('',(-13.7499725,15.29409072395,-9.199997));
#2253=CARTESIAN_POINT('Origin',(-50.4999725,-29.7738136449445,-9.199997));
#2254=CARTESIAN_POINT('',(51.1177394529664,93.0618576769164,-9.199997));
#2255=CARTESIAN_POINT('Origin',(52.2677394529664,93.0618576769164,-9.199997));
#2256=CARTESIAN_POINT('',(-53.4177394529664,93.0618576769164,-9.199997));
#2257=CARTESIAN_POINT('Origin',(-52.2677394529664,93.0618576769164,-9.199997));
#2258=CARTESIAN_POINT('Origin',(48.4999725,17.2515797258652,-7.199997));
#2259=CARTESIAN_POINT('',(48.910139304338,15.29409072395,-3.199997));
#2260=CARTESIAN_POINT('',(48.910139304338,15.29409072395,-7.199997));
#2261=CARTESIAN_POINT('',(50.4999725,17.2515797258652,-3.199997));
#2262=CARTESIAN_POINT('Origin',(48.4999725,17.2515797258652,-3.199997));
#2263=CARTESIAN_POINT('',(50.4999725,17.2515797258652,27.800003));
#2264=CARTESIAN_POINT('',(50.4999725,17.2515797258652,-7.199997));
#2265=CARTESIAN_POINT('',(48.5849561008982,15.2533860947127,27.800003));
#2266=CARTESIAN_POINT('Origin',(48.4999725,17.2515797258652,27.800003));
#2267=CARTESIAN_POINT('',(48.5849561008982,15.2533860947127,-3.199997));
#2268=CARTESIAN_POINT('',(48.5849561008982,15.2533860947127,-7.199997));
#2269=CARTESIAN_POINT('',(48.5849561008982,15.2533860947127,-7.199997));
#2270=CARTESIAN_POINT('Origin',(50.1138306781639,15.6802325457861,-3.199997));
#2271=CARTESIAN_POINT('',(50.4999725,20.29409072395,-3.199997));
#2272=CARTESIAN_POINT('',(50.4999725,15.4871616348681,-3.199997));
#2273=CARTESIAN_POINT('',(50.4999725,15.29409072395,-3.199997));
#2274=CARTESIAN_POINT('',(13.7499725,15.29409072395,-3.199997));
#2275=CARTESIAN_POINT('Origin',(50.4999725000001,-29.7738136449413,-3.199997));
#2276=CARTESIAN_POINT('',(46.7820845521668,15.1404748767629,-3.199997));
#2277=CARTESIAN_POINT('Origin',(50.4999725000001,-29.7738136449413,-3.199997));
#2278=CARTESIAN_POINT('',(50.4999725,11.9774659335946,-3.199997));
#2279=CARTESIAN_POINT('Origin',(45.4999725,9.86688652155026,-3.199997));
#2280=CARTESIAN_POINT('',(53.8165972903554,15.29409072395,-3.199997));
#2281=CARTESIAN_POINT('Origin',(52.3644301465525,13.4296330773975,-3.199997));
#2282=CARTESIAN_POINT('Origin',(55.9271767023998,20.29409072395,-3.199997));
#2283=CARTESIAN_POINT('',(51.1177394529664,13.5263237709836,-3.199997));
#2284=CARTESIAN_POINT('Origin',(52.2677394529664,13.5263237709836,-3.199997));
#2285=CARTESIAN_POINT('Origin',(45.4999725,15.29409072395,-7.199997));
#2286=CARTESIAN_POINT('',(50.4999725,15.29409072395,-7.199997));
#2287=CARTESIAN_POINT('Origin',(52.2677394529664,13.5263237709836,-7.199997));
#2288=CARTESIAN_POINT('',(51.1177394529664,13.5263237709836,-7.199997));
#2289=CARTESIAN_POINT('Origin',(55.9271767023998,20.29409072395,-7.199997));
#2290=CARTESIAN_POINT('',(50.4999725,20.29409072395,-7.199997));
#2291=CARTESIAN_POINT('',(53.8165972903554,15.29409072395,-7.199997));
#2292=CARTESIAN_POINT('Origin',(52.3644301465525,13.4296330773975,-7.199997));
#2293=CARTESIAN_POINT('',(50.4999725,11.9774659335946,-7.199997));
#2294=CARTESIAN_POINT('Origin',(45.4999725,9.86688652155026,-7.199997));
#2295=CARTESIAN_POINT('',(46.7820845521668,15.1404748767629,-7.199997));
#2296=CARTESIAN_POINT('Origin',(50.4999725000001,-29.7738136449413,-7.199997));
#2297=CARTESIAN_POINT('Origin',(50.4999725,15.29409072395,-7.199997));
#2298=CARTESIAN_POINT('',(50.4999725,86.29409072395,-5.199997));
#2299=CARTESIAN_POINT('',(50.4999725,86.29409072395,-7.199997));
#2300=CARTESIAN_POINT('',(50.4999725,25.29409072395,-5.199997));
#2301=CARTESIAN_POINT('',(50.4999725,35.54409072395,-5.199997));
#2302=CARTESIAN_POINT('',(50.4999725,25.29409072395,27.800003));
#2303=CARTESIAN_POINT('',(50.4999725,25.29409072395,-7.199997));
#2304=CARTESIAN_POINT('',(50.4999725,15.29409072395,27.800003));
#2305=CARTESIAN_POINT('Origin',(50.4999725,91.29409072395,-7.199997));
#2306=CARTESIAN_POINT('',(-45.4999725,91.29409072395,-3.199997));
#2307=CARTESIAN_POINT('',(-45.4999725,91.29409072395,-7.199997));
#2308=CARTESIAN_POINT('',(-48.4999725,91.29409072395,-3.199997));
#2309=CARTESIAN_POINT('',(0.193070910918069,91.29409072395,-3.199997));
#2310=CARTESIAN_POINT('',(-48.4999725,91.29409072395,27.800003));
#2311=CARTESIAN_POINT('',(-48.4999725,91.29409072395,-7.199997));
#2312=CARTESIAN_POINT('',(48.4999725,91.29409072395,27.800003));
#2313=CARTESIAN_POINT('',(50.4999725,91.29409072395,27.800003));
#2314=CARTESIAN_POINT('',(48.4999725,91.29409072395,-3.199997));
#2315=CARTESIAN_POINT('',(48.4999725,91.29409072395,-7.199997));
#2316=CARTESIAN_POINT('',(45.4999725,91.29409072395,-3.199997));
#2317=CARTESIAN_POINT('',(50.3069015890819,91.29409072395,-3.199997));
#2318=CARTESIAN_POINT('',(45.4999724999999,91.29409072395,-7.199997));
#2319=CARTESIAN_POINT('Origin',(-50.1138306781639,90.9079489021139,-3.199997));
#2320=CARTESIAN_POINT('',(-50.4999725,89.29409072395,-3.199997));
#2321=CARTESIAN_POINT('',(-50.4999725,86.29409072395,-3.199997));
#2322=CARTESIAN_POINT('',(-50.4999725,91.101019813032,-3.199997));
#2323=CARTESIAN_POINT('Origin',(-48.4999725,89.29409072395,-3.199997));
#2324=CARTESIAN_POINT('',(-50.4999725,94.6107155143054,-3.199997));
#2325=CARTESIAN_POINT('Origin',(-45.4999725,96.7212949263498,-3.199997));
#2326=CARTESIAN_POINT('',(-53.8165972903554,91.29409072395,-3.199997));
#2327=CARTESIAN_POINT('Origin',(-52.3644301465525,93.1585483705025,-3.199997));
#2328=CARTESIAN_POINT('Origin',(-55.9271767023998,86.29409072395,-3.199997));
#2329=CARTESIAN_POINT('',(-53.4177394529664,93.0618576769164,-3.199997));
#2330=CARTESIAN_POINT('Origin',(-52.2677394529664,93.0618576769164,-3.199997));
#2331=CARTESIAN_POINT('Origin',(-52.2677394529664,93.0618576769164,-7.199997));
#2332=CARTESIAN_POINT('',(-53.4177394529664,93.0618576769164,-7.199997));
#2333=CARTESIAN_POINT('Origin',(-55.9271767023998,86.29409072395,-7.199997));
#2334=CARTESIAN_POINT('',(-50.4999725,86.29409072395,-7.199997));
#2335=CARTESIAN_POINT('',(-53.8165972903554,91.29409072395,-7.199997));
#2336=CARTESIAN_POINT('Origin',(-52.3644301465525,93.1585483705025,-7.199997));
#2337=CARTESIAN_POINT('',(-50.4999725,94.6107155143054,-7.199997));
#2338=CARTESIAN_POINT('Origin',(-45.4999725,96.7212949263498,-7.199997));
#2339=CARTESIAN_POINT('Origin',(-48.4999725,89.29409072395,-7.199997));
#2340=CARTESIAN_POINT('',(-50.4999725,89.29409072395,27.800003));
#2341=CARTESIAN_POINT('',(-50.4999725,89.29409072395,-7.199997));
#2342=CARTESIAN_POINT('Origin',(-48.4999725,89.29409072395,27.800003));
#2343=CARTESIAN_POINT('Origin',(50.1138306781639,90.9079489021139,-3.199997));
#2344=CARTESIAN_POINT('',(50.4999725,89.29409072395,-3.199997));
#2345=CARTESIAN_POINT('Origin',(48.4999725,89.29409072395,-3.199997));
#2346=CARTESIAN_POINT('',(50.4999725,86.29409072395,-3.199997));
#2347=CARTESIAN_POINT('',(50.4999725,53.1010198130319,-3.199997));
#2348=CARTESIAN_POINT('',(53.8165972903554,91.29409072395,-3.199997));
#2349=CARTESIAN_POINT('Origin',(55.9271767023998,86.29409072395,-3.199997));
#2350=CARTESIAN_POINT('',(50.4999725,94.6107155143054,-3.199997));
#2351=CARTESIAN_POINT('Origin',(52.3644301465525,93.1585483705025,-3.199997));
#2352=CARTESIAN_POINT('Origin',(45.4999724999999,96.7212949263499,-3.199997));
#2353=CARTESIAN_POINT('',(51.1177394529664,93.0618576769164,-3.199997));
#2354=CARTESIAN_POINT('Origin',(52.2677394529664,93.0618576769164,-3.199997));
#2355=CARTESIAN_POINT('Origin',(52.2677394529664,93.0618576769164,-7.199997));
#2356=CARTESIAN_POINT('',(51.1177394529664,93.0618576769164,-7.199997));
#2357=CARTESIAN_POINT('Origin',(45.4999724999999,96.7212949263499,-7.199997));
#2358=CARTESIAN_POINT('',(50.4999725,94.6107155143054,-7.199997));
#2359=CARTESIAN_POINT('Origin',(52.3644301465525,93.1585483705025,-7.199997));
#2360=CARTESIAN_POINT('',(53.8165972903554,91.29409072395,-7.199997));
#2361=CARTESIAN_POINT('Origin',(55.9271767023998,86.29409072395,-7.199997));
#2362=CARTESIAN_POINT('',(50.4999725,86.29409072395,-7.199997));
#2363=CARTESIAN_POINT('Origin',(48.4999725,89.29409072395,-7.199997));
#2364=CARTESIAN_POINT('',(50.4999725,89.29409072395,27.800003));
#2365=CARTESIAN_POINT('Origin',(48.4999725,89.29409072395,27.800003));
#2366=CARTESIAN_POINT('',(50.4999725,89.29409072395,-7.199997));
#2367=CARTESIAN_POINT('Origin',(50.4999725,15.29409072395,-7.199997));
#2368=CARTESIAN_POINT('',(50.4999725,86.29409072395,27.800003));
#2369=CARTESIAN_POINT('',(50.4999725,15.29409072395,27.800003));
#2370=CARTESIAN_POINT('',(50.4999725,86.29409072395,-7.199997));
#2371=CARTESIAN_POINT('Origin',(-48.4999725,17.2515797258653,-7.199997));
#2372=CARTESIAN_POINT('',(-48.9101393043379,15.29409072395,-3.199997));
#2373=CARTESIAN_POINT('',(-48.9101393043379,15.29409072395,-7.199997));
#2374=CARTESIAN_POINT('',(-48.5849561008982,15.2533860947128,-3.199997));
#2375=CARTESIAN_POINT('',(-48.5849561008982,15.2533860947128,-7.199997));
#2376=CARTESIAN_POINT('',(-48.5849561008982,15.2533860947128,27.800003));
#2377=CARTESIAN_POINT('',(-48.5849561008982,15.2533860947128,-7.199997));
#2378=CARTESIAN_POINT('',(-50.4999725,17.2515797258653,27.800003));
#2379=CARTESIAN_POINT('Origin',(-48.4999725,17.2515797258653,27.800003));
#2380=CARTESIAN_POINT('',(-50.4999725,17.2515797258653,-3.199997));
#2381=CARTESIAN_POINT('',(-50.4999725,17.2515797258653,-7.199997));
#2382=CARTESIAN_POINT('Origin',(-48.4999725,17.2515797258653,-3.199997));
#2383=CARTESIAN_POINT('Origin',(-50.4999725,15.29409072395,-7.199997));
#2384=CARTESIAN_POINT('',(-50.4999725,15.29409072395,-3.199997));
#2385=CARTESIAN_POINT('',(-13.7499725,15.29409072395,-3.199997));
#2386=CARTESIAN_POINT('',(-50.4999725,15.29409072395,-7.199997));
#2387=CARTESIAN_POINT('Origin',(-50.1138306781639,15.6802325457861,-3.199997));
#2388=CARTESIAN_POINT('',(-50.4999725,20.29409072395,-3.199997));
#2389=CARTESIAN_POINT('',(-50.4999725,53.4871616348681,-3.199997));
#2390=CARTESIAN_POINT('',(-53.8165972903554,15.29409072395,-3.199997));
#2391=CARTESIAN_POINT('Origin',(-55.9271767023997,20.29409072395,-3.199997));
#2392=CARTESIAN_POINT('',(-50.4999725,11.9774659335946,-3.199997));
#2393=CARTESIAN_POINT('Origin',(-52.3644301465525,13.4296330773975,-3.199997));
#2394=CARTESIAN_POINT('',(-46.7820845521667,15.1404748767629,-3.199997));
#2395=CARTESIAN_POINT('Origin',(-45.4999725,9.86688652155026,-3.199997));
#2396=CARTESIAN_POINT('Origin',(-50.4999725,-29.7738136449445,-3.199997));
#2397=CARTESIAN_POINT('Origin',(-50.4999725,-29.7738136449445,-3.199997));
#2398=CARTESIAN_POINT('',(-53.4177394529664,13.5263237709836,-3.199997));
#2399=CARTESIAN_POINT('Origin',(-52.2677394529664,13.5263237709836,-3.199997));
#2400=CARTESIAN_POINT('Origin',(-52.2677394529664,13.5263237709836,-7.199997));
#2401=CARTESIAN_POINT('',(-53.4177394529664,13.5263237709836,-7.199997));
#2402=CARTESIAN_POINT('Origin',(-50.4999725,-29.7738136449445,-7.199997));
#2403=CARTESIAN_POINT('Origin',(-45.4999725,9.86688652155026,-7.199997));
#2404=CARTESIAN_POINT('',(-46.7820845521667,15.1404748767629,-7.199997));
#2405=CARTESIAN_POINT('',(-50.4999725,11.9774659335946,-7.199997));
#2406=CARTESIAN_POINT('Origin',(-52.3644301465525,13.4296330773975,-7.199997));
#2407=CARTESIAN_POINT('',(-53.8165972903554,15.29409072395,-7.199997));
#2408=CARTESIAN_POINT('Origin',(-55.9271767023997,20.29409072395,-7.199997));
#2409=CARTESIAN_POINT('',(-50.4999725,20.29409072395,-7.199997));
#2410=CARTESIAN_POINT('Origin',(-50.4999725,91.29409072395,-7.199997));
#2411=CARTESIAN_POINT('',(-50.4999725,91.29409072395,27.800003));
#2412=CARTESIAN_POINT('Origin',(4.88498130835069E-13,-3.84720023975051,
27.800003));
#2413=CARTESIAN_POINT('',(46.4999725,86.29409072395,27.800003));
#2414=CARTESIAN_POINT('Origin',(48.4999725,86.29409072395,27.800003));
#2415=CARTESIAN_POINT('',(-26.731541954541,8.51688644802209,27.800003));
#2416=CARTESIAN_POINT('Origin',(-50.4999725,-29.7738136449445,27.800003));
#2417=CARTESIAN_POINT('',(-23.69032029243,5.197975394526,27.800003));
#2418=CARTESIAN_POINT('Origin',(-23.3999532,8.516886448022,27.800003));
#2419=CARTESIAN_POINT('',(-20.13109690608,4.88658369726402,27.800003));
#2420=CARTESIAN_POINT('',(-20.13109690608,4.88658369726401,27.800003));
#2421=CARTESIAN_POINT('',(-19.03714147504,3.692280430294,27.800003));
#2422=CARTESIAN_POINT('Origin',(-20.2382216335601,3.68977593414163,27.800003));
#2423=CARTESIAN_POINT('',(-19.0371414750326,-21.7315419545425,27.800003));
#2424=CARTESIAN_POINT('',(-19.037141475035,-13.7499725,27.800003));
#2425=CARTESIAN_POINT('',(-14.0371414750327,-26.731541954541,27.800003));
#2426=CARTESIAN_POINT('Origin',(-14.0371414750327,-21.731541954541,27.800003));
#2427=CARTESIAN_POINT('',(14.03714147504,-26.731541954541,27.800003));
#2428=CARTESIAN_POINT('',(19.03714147504,-26.731541954541,27.800003));
#2429=CARTESIAN_POINT('',(19.03714147504,-21.731541954541,27.800003));
#2430=CARTESIAN_POINT('Origin',(14.03714147504,-21.731541954541,27.800003));
#2431=CARTESIAN_POINT('',(19.03714147504,3.692280430294,27.800003));
#2432=CARTESIAN_POINT('',(19.03714147504,3.69228043029401,27.800003));
#2433=CARTESIAN_POINT('',(20.13109690608,4.88658369726402,27.800003));
#2434=CARTESIAN_POINT('Origin',(20.2382289678024,3.68978162955472,27.800003));
#2435=CARTESIAN_POINT('',(23.6903202924301,5.19797539452503,27.800003));
#2436=CARTESIAN_POINT('',(23.6903202924301,5.19797539452503,27.800003));
#2437=CARTESIAN_POINT('',(26.731541954542,8.5168864480221,27.800003));
#2438=CARTESIAN_POINT('Origin',(23.3999532,8.516886448022,27.800003));
#2439=CARTESIAN_POINT('Origin',(50.4999725000001,-29.7738136449413,27.800003));
#2440=CARTESIAN_POINT('',(46.4999725,25.29409072395,27.800003));
#2441=CARTESIAN_POINT('Origin',(48.4999725,25.29409072395,27.800003));
#2442=CARTESIAN_POINT('',(46.4999725,19.29409072395,27.800003));
#2443=CARTESIAN_POINT('',(46.4999725,19.29409072395,27.800003));
#2444=CARTESIAN_POINT('',(-46.4999725,19.29409072395,27.800003));
#2445=CARTESIAN_POINT('',(-13.7499725,19.29409072395,27.800003));
#2446=CARTESIAN_POINT('',(-46.4999725,87.29409072395,27.800003));
#2447=CARTESIAN_POINT('',(-46.4999725,87.29409072395,27.800003));
#2448=CARTESIAN_POINT('',(46.4999725,87.29409072395,27.800003));
#2449=CARTESIAN_POINT('',(46.4999725,87.29409072395,27.800003));
#2450=CARTESIAN_POINT('',(46.4999725,87.29409072395,27.800003));
#2451=CARTESIAN_POINT('',(-25.0499532,8.516886448022,27.800003));
#2452=CARTESIAN_POINT('Origin',(-23.3999532,8.516886448022,27.800003));
#2453=CARTESIAN_POINT('',(-1.65,-23.3999532,27.800003));
#2454=CARTESIAN_POINT('Origin',(-4.85022475325141E-32,-23.3999532,27.800003));
#2455=CARTESIAN_POINT('',(21.7499532,8.516886448022,27.800003));
#2456=CARTESIAN_POINT('Origin',(23.3999532,8.516886448022,27.800003));
#2457=CARTESIAN_POINT('Origin',(16.1994622427832,19.29409072395,-9.699997));
#2458=CARTESIAN_POINT('',(16.1994622427832,24.2935804146501,-7.199997));
#2459=CARTESIAN_POINT('Ctrl Pts',(16.1994622427846,24.2935804146501,-7.199997));
#2460=CARTESIAN_POINT('Ctrl Pts',(15.9709172233855,24.2889619248207,-7.19999699999987));
#2461=CARTESIAN_POINT('Ctrl Pts',(15.7385053295117,24.2517144027664,-7.2325287793182));
#2462=CARTESIAN_POINT('Ctrl Pts',(15.2238962157906,24.094935451748,-7.37754072672098));
#2463=CARTESIAN_POINT('Ctrl Pts',(14.9546247223219,23.9489855806846,-7.51612900205457));
#2464=CARTESIAN_POINT('Ctrl Pts',(14.3990239093771,23.5285471154027,-7.91503951070333));
#2465=CARTESIAN_POINT('Ctrl Pts',(14.1508103402406,23.2012407966875,-8.2278472108331));
#2466=CARTESIAN_POINT('Ctrl Pts',(13.9128142504252,22.7006388860744,-8.67540396887807));
#2467=CARTESIAN_POINT('Ctrl Pts',(13.8559864163233,22.5351272069994,-8.81941573172385));
#2468=CARTESIAN_POINT('Ctrl Pts',(13.7963294349593,22.2811015196362,-9.00768030532665));
#2469=CARTESIAN_POINT('Ctrl Pts',(13.7808777629302,22.1966156322465,-9.06531495818938));
#2470=CARTESIAN_POINT('Ctrl Pts',(13.7579820317932,22.0141680856521,-9.16004241593261));
#2471=CARTESIAN_POINT('Ctrl Pts',(13.7499725,21.9177782812058,-9.199997));
#2472=CARTESIAN_POINT('Ctrl Pts',(13.7499725,21.79409072395,-9.199997));
#2473=CARTESIAN_POINT('',(16.1994622427832,28.7435804667332,-7.199997));
#2474=CARTESIAN_POINT('',(16.1994622427832,19.29409072395,-7.199997));
#2475=CARTESIAN_POINT('Origin',(16.1994622427832,28.7435804667332,-9.699997));
#2476=CARTESIAN_POINT('Origin',(13.7499725,24.29409072395,-7.199997));
#2477=CARTESIAN_POINT('',(13.7499725,21.79409072395,-2.699997));
#2478=CARTESIAN_POINT('',(13.7499725,21.79409072395,-7.199997));
#2479=CARTESIAN_POINT('',(13.7499725,19.29409072395,-2.699997));
#2480=CARTESIAN_POINT('',(13.7499725,19.29409072395,-7.199997));
#2481=CARTESIAN_POINT('',(13.7499725,23.04409072395,-2.699997));
#2482=CARTESIAN_POINT('Origin',(-16.1994622427832,28.2876825543273,-9.699997));
#2483=CARTESIAN_POINT('',(-16.1994622427832,28.7435804667332,-7.199997));
#2484=CARTESIAN_POINT('Origin',(-16.1994622427832,28.7435804667332,-9.699997));
#2485=CARTESIAN_POINT('',(-16.1994622427832,24.2935804146501,-7.199997));
#2486=CARTESIAN_POINT('',(-16.1994622427832,28.2876825543273,-7.199997));
#2487=CARTESIAN_POINT('Ctrl Pts',(-13.7499725,21.79409072395,-9.19999700000001));
#2488=CARTESIAN_POINT('Ctrl Pts',(-13.7499725,21.9177782812058,-9.19999700000001));
#2489=CARTESIAN_POINT('Ctrl Pts',(-13.7579820317932,22.0141680856522,-9.16004241593262));
#2490=CARTESIAN_POINT('Ctrl Pts',(-13.7808777629302,22.1966156322466,-9.06531495818939));
#2491=CARTESIAN_POINT('Ctrl Pts',(-13.7963294349593,22.2811015196362,-9.00768030532666));
#2492=CARTESIAN_POINT('Ctrl Pts',(-13.8559864163233,22.5351272069995,-8.81941573172386));
#2493=CARTESIAN_POINT('Ctrl Pts',(-13.9128142504252,22.7006388860744,-8.67540396887808));
#2494=CARTESIAN_POINT('Ctrl Pts',(-14.1508103402406,23.2012407966875,-8.22784721083311));
#2495=CARTESIAN_POINT('Ctrl Pts',(-14.3990239093771,23.5285471154028,-7.91503951070334));
#2496=CARTESIAN_POINT('Ctrl Pts',(-14.9546247223219,23.9489855806846,-7.51612900205458));
#2497=CARTESIAN_POINT('Ctrl Pts',(-15.2238962157906,24.094935451748,-7.37754072672098));
#2498=CARTESIAN_POINT('Ctrl Pts',(-15.7385053295117,24.2517144027665,-7.2325287793182));
#2499=CARTESIAN_POINT('Ctrl Pts',(-15.9709172233855,24.2889619248207,-7.19999699999987));
#2500=CARTESIAN_POINT('Ctrl Pts',(-16.1994622427846,24.2935804146501,-7.199997));
#2501=CARTESIAN_POINT('Origin',(16.2499725,21.79409072395,-2.699997));
#2502=CARTESIAN_POINT('',(16.2499725,24.29409072395,-2.699997));
#2503=CARTESIAN_POINT('',(16.2499725,21.79409072395,-0.199997000000002));
#2504=CARTESIAN_POINT('Origin',(16.2499725,21.79409072395,-2.699997));
#2505=CARTESIAN_POINT('Origin',(16.2499725,21.79409072395,-2.699997));
#2506=CARTESIAN_POINT('Origin',(16.2499725,21.79409072395,-2.699997));
#2507=CARTESIAN_POINT('Origin',(16.2499725,21.79409072395,-7.199997));
#2508=CARTESIAN_POINT('',(16.2499725,24.29409072395,-7.199997));
#2509=CARTESIAN_POINT('Origin',(16.2499725,21.79409072395,-7.199997));
#2510=CARTESIAN_POINT('',(16.2499725,24.29409072395,-7.199997));
#2511=CARTESIAN_POINT('Origin',(16.2499725,23.04409072395,-2.699997));
#2512=CARTESIAN_POINT('',(16.2499725,19.29409072395,-0.199997000000002));
#2513=CARTESIAN_POINT('Origin',(16.2499725,19.29409072395,-2.699997));
#2514=CARTESIAN_POINT('',(16.2499725,23.04409072395,-0.199997000000002));
#2515=CARTESIAN_POINT('Origin',(38.3124725,21.79409072395,-2.699997));
#2516=CARTESIAN_POINT('',(46.4999725,21.79409072395,-0.199997000000002));
#2517=CARTESIAN_POINT('',(46.4999725,24.29409072395,-2.699997));
#2518=CARTESIAN_POINT('Origin',(46.4999725,21.79409072395,-2.699997));
#2519=CARTESIAN_POINT('',(38.3124725,24.29409072395,-2.699997));
#2520=CARTESIAN_POINT('',(38.3124725,21.79409072395,-0.199997000000002));
#2521=CARTESIAN_POINT('Origin',(46.4999725,24.29409072395,-7.199997));
#2522=CARTESIAN_POINT('',(46.4999725,24.29409072395,-7.199997));
#2523=CARTESIAN_POINT('',(46.4999725,24.29409072395,-7.199997));
#2524=CARTESIAN_POINT('',(46.4999725,24.29409072395,-7.199997));
#2525=CARTESIAN_POINT('Origin',(6.87498625,28.7435804667332,-9.699997));
#2526=CARTESIAN_POINT('',(6.87498625,28.7435804667332,-7.199997));
#2527=CARTESIAN_POINT('Origin',(-16.2499725,21.79409072395,-2.699997));
#2528=CARTESIAN_POINT('',(-13.7499725,21.79409072395,-2.699997));
#2529=CARTESIAN_POINT('',(-16.2499725,21.79409072395,-0.199997000000002));
#2530=CARTESIAN_POINT('Origin',(-16.2499725,21.79409072395,-2.699997));
#2531=CARTESIAN_POINT('',(-16.2499725,24.29409072395,-2.699997));
#2532=CARTESIAN_POINT('Origin',(-16.2499725,21.79409072395,-2.699997));
#2533=CARTESIAN_POINT('Origin',(-16.2499725,21.79409072395,-2.699997));
#2534=CARTESIAN_POINT('Origin',(-16.2499725,21.79409072395,-7.199997));
#2535=CARTESIAN_POINT('',(-16.2499725,24.29409072395,-7.199997));
#2536=CARTESIAN_POINT('Origin',(-16.2499725,21.79409072395,-7.199997));
#2537=CARTESIAN_POINT('',(-16.2499725,24.29409072395,-7.199997));
#2538=CARTESIAN_POINT('',(-13.7499725,21.79409072395,-7.199997));
#2539=CARTESIAN_POINT('Origin',(-21.9374725,21.79409072395,-2.699997));
#2540=CARTESIAN_POINT('',(-46.4999725,24.29409072395,-2.699997));
#2541=CARTESIAN_POINT('',(-46.4999725,21.79409072395,-0.199997000000002));
#2542=CARTESIAN_POINT('Origin',(-46.4999725,21.79409072395,-2.699997));
#2543=CARTESIAN_POINT('',(-21.9374725,21.79409072395,-0.199997000000002));
#2544=CARTESIAN_POINT('',(-21.9374725,24.29409072395,-2.699997));
#2545=CARTESIAN_POINT('Origin',(-16.2499725,20.54409072395,-2.699997));
#2546=CARTESIAN_POINT('',(-16.2499725,19.29409072395,-0.199997000000002));
#2547=CARTESIAN_POINT('',(-13.7499725,19.29409072395,-2.699997));
#2548=CARTESIAN_POINT('Origin',(-16.2499725,19.29409072395,-2.699997));
#2549=CARTESIAN_POINT('',(-13.7499725,20.54409072395,-2.699997));
#2550=CARTESIAN_POINT('',(-16.2499725,20.54409072395,-0.199997000000002));
#2551=CARTESIAN_POINT('Origin',(-13.7499725,24.29409072395,-7.199997));
#2552=CARTESIAN_POINT('',(-46.4999725,24.29409072395,-7.199997));
#2553=CARTESIAN_POINT('',(46.4999725,24.29409072395,-7.199997));
#2554=CARTESIAN_POINT('',(-46.4999725,24.29409072395,-7.199997));
#2555=CARTESIAN_POINT('Origin',(-13.7499725,19.29409072395,-7.199997));
#2556=CARTESIAN_POINT('',(-13.7499725,19.29409072395,-7.199997));
#2557=CARTESIAN_POINT('Origin',(48.4999725,86.29409072395,-7.199997));
#2558=CARTESIAN_POINT('',(46.4999725,86.29409072395,-5.199997));
#2559=CARTESIAN_POINT('',(46.4999725,86.29409072395,-7.199997));
#2560=CARTESIAN_POINT('Origin',(48.4999725,86.29409072395,-5.199997));
#2561=CARTESIAN_POINT('Origin',(48.4999725,25.29409072395,-7.199997));
#2562=CARTESIAN_POINT('',(46.4999725,25.29409072395,-5.199997));
#2563=CARTESIAN_POINT('Origin',(48.4999725,25.29409072395,-5.199997));
#2564=CARTESIAN_POINT('',(46.4999725,25.29409072395,-7.199997));
#2565=CARTESIAN_POINT('Origin',(48.4999725,35.54409072395,-5.199997));
#2566=CARTESIAN_POINT('',(46.4999725,41.54409072395,-5.199997));
#2567=CARTESIAN_POINT('Origin',(-50.4999725,-29.7738136449445,-7.199997));
#2568=CARTESIAN_POINT('',(-26.7315419545411,8.51688644802216,-7.199997));
#2569=CARTESIAN_POINT('Origin',(0.,32.2812743847045,-7.199997));
#2570=CARTESIAN_POINT('',(46.4999725,87.29409072395,-7.199997));
#2571=CARTESIAN_POINT('',(46.4999725,19.29409072395,-7.199997));
#2572=CARTESIAN_POINT('',(-46.4999725,87.29409072395,-7.199997));
#2573=CARTESIAN_POINT('',(46.4999725,87.29409072395,-7.199997));
#2574=CARTESIAN_POINT('',(-46.4999725,87.29409072395,-7.199997));
#2575=CARTESIAN_POINT('Origin',(-30.1249725,21.79409072395,-0.199997000000002));
#2576=CARTESIAN_POINT('',(-46.4999725,19.29409072395,-0.199997000000002));
#2577=CARTESIAN_POINT('',(-46.4999725,20.54409072395,-0.199997000000002));
#2578=CARTESIAN_POINT('',(8.1875,19.29409072395,-0.199997000000002));
#2579=CARTESIAN_POINT('Origin',(46.4999725,19.29409072395,-7.199997));
#2580=CARTESIAN_POINT('',(-46.4999725,19.29409072395,-7.199997));
#2581=CARTESIAN_POINT('',(46.4999725,19.29409072395,-0.199997000000002));
#2582=CARTESIAN_POINT('',(46.4999725,19.29409072395,-7.199997));
#2583=CARTESIAN_POINT('',(38.3124725,19.29409072395,-0.199997000000002));
#2584=CARTESIAN_POINT('Origin',(30.1249725,21.79409072395,-0.199997000000002));
#2585=CARTESIAN_POINT('',(46.4999725,24.54409072395,-0.199997000000002));
#2586=CARTESIAN_POINT('Origin',(46.4999725,27.29409072395,-7.199997));
#2587=CARTESIAN_POINT('',(46.4999725,87.29409072395,-7.199997));
#2588=CARTESIAN_POINT('Origin',(-46.4999725,19.29409072395,-7.199997));
#2589=CARTESIAN_POINT('',(-46.4999725,87.29409072395,-7.199997));
#2590=CARTESIAN_POINT('Origin',(50.4999725000001,-29.7738136449413,-7.199997));
#2591=CARTESIAN_POINT('',(26.731541954542,8.5168864480221,24.800003));
#2592=CARTESIAN_POINT('Origin',(-46.4999725,87.29409072395,-7.199997));
#2593=CARTESIAN_POINT('Origin',(-23.3999532,8.516886448022,24.800003));
#2594=CARTESIAN_POINT('',(-23.69032029243,5.19797539452601,24.800003));
#2595=CARTESIAN_POINT('Origin',(14.03714147504,-21.731541954541,24.800003));
#2596=CARTESIAN_POINT('',(19.03714147504,-21.731541954541,24.800003));
#2597=CARTESIAN_POINT('',(14.03714147504,-26.731541954541,24.800003));
#2598=CARTESIAN_POINT('Origin',(19.03714147504,-26.731541954541,24.800003));
#2599=CARTESIAN_POINT('',(-14.0371414750327,-26.731541954541,24.800003));
#2600=CARTESIAN_POINT('Origin',(-14.0371414750327,-21.731541954541,24.800003));
#2601=CARTESIAN_POINT('',(-19.0371414750327,-21.7315419545425,24.800003));
#2602=CARTESIAN_POINT('Origin',(-4.85022475325141E-32,-23.3999532,15.800003));
#2603=CARTESIAN_POINT('',(-2.601234551832,-23.3999532,15.800003));
#2604=CARTESIAN_POINT('',(-2.601234551832,-23.3999532,15.800003));
#2605=CARTESIAN_POINT('Origin',(-4.85022475325141E-32,-23.3999532,15.800003));
#2606=CARTESIAN_POINT('Origin',(4.88498130835069E-13,-3.84720023975051,
15.800003));
#2607=CARTESIAN_POINT('Origin',(-23.3999532,8.516886448022,15.800003));
#2608=CARTESIAN_POINT('',(-25.0499532,8.516886448022,15.800003));
#2609=CARTESIAN_POINT('Origin',(-4.85022475325141E-32,-23.3999532,15.800003));
#2610=CARTESIAN_POINT('',(-1.65,-23.3999532,15.800003));
#2611=CARTESIAN_POINT('Origin',(23.3999532,8.516886448022,15.800003));
#2612=CARTESIAN_POINT('',(21.7499532,8.516886448022,15.800003));
#2613=CARTESIAN_POINT('Origin',(-20.13109690608,4.88658369726401,24.800003));
#2614=CARTESIAN_POINT('',(-20.13109690608,4.88658369726401,24.800003));
#2615=CARTESIAN_POINT('Ctrl Pts',(-20.13109690608,4.88658369726401,27.800003));
#2616=CARTESIAN_POINT('Ctrl Pts',(-19.0371368809697,4.79088454765076,27.800003));
#2617=CARTESIAN_POINT('Ctrl Pts',(-19.03714147504,3.692280430294,27.800003));
#2618=CARTESIAN_POINT('Ctrl Pts',(-20.13109690608,4.88658369726401,-9.199997));
#2619=CARTESIAN_POINT('Ctrl Pts',(-19.0371368809697,4.79088454765076,-9.199997));
#2620=CARTESIAN_POINT('Ctrl Pts',(-19.03714147504,3.692280430294,-9.199997));
#2621=CARTESIAN_POINT('',(-19.03714147504,3.692280430294,24.800003));
#2622=CARTESIAN_POINT('Origin',(-19.037141475035,-13.7499725,24.800003));
#2623=CARTESIAN_POINT('Origin',(19.03714147504,3.69228043029401,24.800003));
#2624=CARTESIAN_POINT('',(19.03714147504,3.69228043029401,24.800003));
#2625=CARTESIAN_POINT('Ctrl Pts',(19.03714147504,3.69228043029401,27.800003));
#2626=CARTESIAN_POINT('Ctrl Pts',(19.0371318547767,4.79087877017198,27.800003));
#2627=CARTESIAN_POINT('Ctrl Pts',(20.13109690608,4.88658369726401,27.800003));
#2628=CARTESIAN_POINT('Ctrl Pts',(19.03714147504,3.69228043029401,-9.199997));
#2629=CARTESIAN_POINT('Ctrl Pts',(19.0371318547767,4.79087877017198,-9.199997));
#2630=CARTESIAN_POINT('Ctrl Pts',(20.13109690608,4.88658369726401,-9.199997));
#2631=CARTESIAN_POINT('',(20.13109690608,4.88658369726401,24.800003));
#2632=CARTESIAN_POINT('Origin',(23.6903202924301,5.19797539452503,24.800003));
#2633=CARTESIAN_POINT('',(23.6903202924301,5.19797539452503,24.800003));
#2634=CARTESIAN_POINT('Origin',(23.3999532,8.516886448022,24.800003));
#2635=UNCERTAINTY_MEASURE_WITH_UNIT(LENGTH_MEASURE(0.01),#2639,
'DISTANCE_ACCURACY_VALUE',
'Maximum model space distance between geometric entities at asserted c
onnectivities');
#2636=UNCERTAINTY_MEASURE_WITH_UNIT(LENGTH_MEASURE(0.01),#2639,
'DISTANCE_ACCURACY_VALUE',
'Maximum model space distance between geometric entities at asserted c
onnectivities');
#2637=(
GEOMETRIC_REPRESENTATION_CONTEXT(3)
GLOBAL_UNCERTAINTY_ASSIGNED_CONTEXT((#2635))
GLOBAL_UNIT_ASSIGNED_CONTEXT((#2639,#2641,#2642))
REPRESENTATION_CONTEXT('','3D')
);
#2638=(
GEOMETRIC_REPRESENTATION_CONTEXT(3)
GLOBAL_UNCERTAINTY_ASSIGNED_CONTEXT((#2636))
GLOBAL_UNIT_ASSIGNED_CONTEXT((#2639,#2641,#2642))
REPRESENTATION_CONTEXT('','3D')
);
#2639=(
LENGTH_UNIT()
NAMED_UNIT(*)
SI_UNIT(.MILLI.,.METRE.)
);
#2640=(
LENGTH_UNIT()
NAMED_UNIT(*)
SI_UNIT($,.METRE.)
);
#2641=(
NAMED_UNIT(*)
PLANE_ANGLE_UNIT()
SI_UNIT($,.RADIAN.)
);
#2642=(
NAMED_UNIT(*)
SI_UNIT($,.STERADIAN.)
SOLID_ANGLE_UNIT()
);
#2643=SHAPE_DEFINITION_REPRESENTATION(#2644,#2645);
#2644=PRODUCT_DEFINITION_SHAPE('',$,#2647);
#2645=SHAPE_REPRESENTATION('',(#1523),#2637);
#2646=PRODUCT_DEFINITION_CONTEXT('part definition',#2651,'design');
#2647=PRODUCT_DEFINITION('2026-08-29-22-47-59-891',
'Lidar_Mounting_Plate',#2648,#2646);
#2648=PRODUCT_DEFINITION_FORMATION('',$,#2653);
#2649=PRODUCT_RELATED_PRODUCT_CATEGORY('Lidar_Mounting_Plate',
'Lidar_Mounting_Plate',(#2653));
#2650=APPLICATION_PROTOCOL_DEFINITION('international standard',
'automotive_design',2009,#2651);
#2651=APPLICATION_CONTEXT(
'Core Data for Automotive Mechanical Design Process');
#2652=PRODUCT_CONTEXT('part definition',#2651,'mechanical');
#2653=PRODUCT('2026-08-29-22-47-59-891','Lidar_Mounting_Plate',$,(#2652));
#2654=PRESENTATION_STYLE_ASSIGNMENT((#2656));
#2655=PRESENTATION_STYLE_ASSIGNMENT((#2657));
#2656=SURFACE_STYLE_USAGE(.BOTH.,#2658);
#2657=SURFACE_STYLE_USAGE(.BOTH.,#2659);
#2658=SURFACE_SIDE_STYLE('',(#2660));
#2659=SURFACE_SIDE_STYLE('',(#2661));
#2660=SURFACE_STYLE_FILL_AREA(#2662);
#2661=SURFACE_STYLE_FILL_AREA(#2663);
#2662=FILL_AREA_STYLE('Steel - Satin',(#2664));
#2663=FILL_AREA_STYLE('Plastic - Translucent Glossy (White)',(#2665));
#2664=FILL_AREA_STYLE_COLOUR('Steel - Satin',#2666);
#2665=FILL_AREA_STYLE_COLOUR('Plastic - Translucent Glossy (White)',#2667);
#2666=COLOUR_RGB('Steel - Satin',0.627450980392157,0.627450980392157,0.627450980392157);
#2667=COLOUR_RGB('Plastic - Translucent Glossy (White)',1.,1.,1.);
ENDSEC;
END-ISO-10303-21;
