ISO-10303-21;
HEADER;
/* Generated by software containing ST-Developer
 * from STEP Tools, Inc. (www.steptools.com) 
 */

FILE_DESCRIPTION(
/* description */ (''),
/* implementation_level */ '2;1');

FILE_NAME(
/* name */ 'Motor_Mount.step',
/* time_stamp */ '2026-08-29T22:38:19-05:00',
/* author */ (''),
/* organization */ (''),
/* preprocessor_version */ 'ST-DEVELOPER v20.1',
/* originating_system */ 'Autodesk Translation Framework v15.8.0.0',
/* authorisation */ '');

FILE_SCHEMA (('AUTOMOTIVE_DESIGN { 1 0 10303 214 3 1 1 }'));
ENDSEC;

DATA;
#10=MECHANICAL_DESIGN_GEOMETRIC_PRESENTATION_REPRESENTATION('',(#13),#7330);
#11=SHAPE_REPRESENTATION_RELATIONSHIP('SRR','None',#7337,#12);
#12=ADVANCED_BREP_SHAPE_REPRESENTATION('',(#14),#7329);
#13=STYLED_ITEM('',(#7347),#14);
#14=MANIFOLD_SOLID_BREP('Body1',#4096);
#15=CYLINDRICAL_SURFACE('',#4120,2.50045534627464);
#16=CYLINDRICAL_SURFACE('',#4128,0.750000000000073);
#17=CYLINDRICAL_SURFACE('',#4132,1.24999999999997);
#18=CYLINDRICAL_SURFACE('',#4136,2.50045534627464);
#19=CYLINDRICAL_SURFACE('',#4162,0.750000000000026);
#20=CYLINDRICAL_SURFACE('',#4166,1.25000000000001);
#21=CYLINDRICAL_SURFACE('',#4170,2.44999999999998);
#22=CYLINDRICAL_SURFACE('',#4178,2.45000000000001);
#23=CYLINDRICAL_SURFACE('',#4182,1.25000000000004);
#24=CYLINDRICAL_SURFACE('',#4186,0.749999999999999);
#25=CYLINDRICAL_SURFACE('',#4190,0.320091641188153);
#26=CYLINDRICAL_SURFACE('',#4194,2.55000000000001);
#27=CYLINDRICAL_SURFACE('',#4198,2.55);
#28=CYLINDRICAL_SURFACE('',#4202,0.320091641188153);
#29=CYLINDRICAL_SURFACE('',#4206,0.750000000000008);
#30=CYLINDRICAL_SURFACE('',#4210,1.25000000000001);
#31=CYLINDRICAL_SURFACE('',#4214,2.44999999999998);
#32=CYLINDRICAL_SURFACE('',#4221,2.45000000000002);
#33=CYLINDRICAL_SURFACE('',#4225,1.24999999999998);
#34=CYLINDRICAL_SURFACE('',#4229,0.749999999999998);
#35=CYLINDRICAL_SURFACE('',#4233,0.320091641188163);
#36=CYLINDRICAL_SURFACE('',#4237,2.55000000000001);
#37=CYLINDRICAL_SURFACE('',#4241,2.55);
#38=CYLINDRICAL_SURFACE('',#4245,0.320091641188153);
#39=CYLINDRICAL_SURFACE('',#4249,2.5823316955292);
#40=CYLINDRICAL_SURFACE('',#4251,0.749999999999953);
#41=CYLINDRICAL_SURFACE('',#4255,1.25);
#42=CYLINDRICAL_SURFACE('',#4259,2.4500000000001);
#43=CYLINDRICAL_SURFACE('',#4266,1.25000000000005);
#44=CYLINDRICAL_SURFACE('',#4270,2.45000000000006);
#45=CYLINDRICAL_SURFACE('',#4274,1.24999999999996);
#46=CYLINDRICAL_SURFACE('',#4278,0.749999999999981);
#47=CYLINDRICAL_SURFACE('',#4282,0.32009164118815);
#48=CYLINDRICAL_SURFACE('',#4286,2.55000000000001);
#49=CYLINDRICAL_SURFACE('',#4290,2.55);
#50=CYLINDRICAL_SURFACE('',#4294,0.320091641188153);
#51=CYLINDRICAL_SURFACE('',#4298,0.750000000000007);
#52=CYLINDRICAL_SURFACE('',#4302,1.24999999999999);
#53=CYLINDRICAL_SURFACE('',#4306,2.45000000000001);
#54=CYLINDRICAL_SURFACE('',#4313,2.45000000000004);
#55=CYLINDRICAL_SURFACE('',#4317,1.25000000000003);
#56=CYLINDRICAL_SURFACE('',#4321,0.749999999999966);
#57=CYLINDRICAL_SURFACE('',#4325,0.320091641188151);
#58=CYLINDRICAL_SURFACE('',#4329,2.55000000000001);
#59=CYLINDRICAL_SURFACE('',#4333,2.55000000000001);
#60=CYLINDRICAL_SURFACE('',#4337,0.320091641188153);
#61=CYLINDRICAL_SURFACE('',#4341,2.50048733838469);
#62=CYLINDRICAL_SURFACE('',#4343,2.50048733838465);
#63=CYLINDRICAL_SURFACE('',#4346,2.50048733838469);
#64=CYLINDRICAL_SURFACE('',#4348,2.50048733838472);
#65=CYLINDRICAL_SURFACE('',#4350,2.50048733838465);
#66=CYLINDRICAL_SURFACE('',#4352,1.);
#67=CYLINDRICAL_SURFACE('',#4362,1.);
#68=CYLINDRICAL_SURFACE('',#4365,4.);
#69=CYLINDRICAL_SURFACE('',#4371,4.);
#70=CYLINDRICAL_SURFACE('',#4378,4.);
#71=CYLINDRICAL_SURFACE('',#4379,4.);
#72=CYLINDRICAL_SURFACE('',#4380,13.);
#73=CYLINDRICAL_SURFACE('',#4393,4.);
#74=CYLINDRICAL_SURFACE('',#4395,1.6);
#75=CYLINDRICAL_SURFACE('',#4400,1.6);
#76=CYLINDRICAL_SURFACE('',#4401,13.);
#77=CYLINDRICAL_SURFACE('',#4406,2.);
#78=CYLINDRICAL_SURFACE('',#4409,2.);
#79=CYLINDRICAL_SURFACE('',#4412,2.);
#80=CYLINDRICAL_SURFACE('',#4415,2.);
#81=CYLINDRICAL_SURFACE('',#4420,2.44999999999998);
#82=CYLINDRICAL_SURFACE('',#4423,1.25000000000001);
#83=CYLINDRICAL_SURFACE('',#4426,0.750000000000071);
#84=CYLINDRICAL_SURFACE('',#4429,0.320091641188163);
#85=CYLINDRICAL_SURFACE('',#4432,2.55);
#86=CYLINDRICAL_SURFACE('',#4435,2.55000000000002);
#87=CYLINDRICAL_SURFACE('',#4438,0.320091641188179);
#88=CYLINDRICAL_SURFACE('',#4441,0.750000000000051);
#89=CYLINDRICAL_SURFACE('',#4444,1.24999999999991);
#90=CYLINDRICAL_SURFACE('',#4447,2.45000000000005);
#91=CYLINDRICAL_SURFACE('',#4452,2.44999999999998);
#92=CYLINDRICAL_SURFACE('',#4455,1.25);
#93=CYLINDRICAL_SURFACE('',#4459,0.320091641188165);
#94=CYLINDRICAL_SURFACE('',#4462,2.55);
#95=CYLINDRICAL_SURFACE('',#4465,2.54999999999998);
#96=CYLINDRICAL_SURFACE('',#4468,0.32009164118818);
#97=CYLINDRICAL_SURFACE('',#4471,0.749999999999998);
#98=CYLINDRICAL_SURFACE('',#4475,2.45);
#99=FACE_BOUND('',#521,.T.);
#100=FACE_BOUND('',#523,.T.);
#101=FACE_BOUND('',#534,.T.);
#102=FACE_BOUND('',#542,.T.);
#103=FACE_BOUND('',#543,.T.);
#104=FACE_BOUND('',#566,.T.);
#105=FACE_BOUND('',#590,.T.);
#106=FACE_BOUND('',#591,.T.);
#107=FACE_BOUND('',#615,.T.);
#108=FACE_BOUND('',#639,.T.);
#109=FACE_BOUND('',#644,.T.);
#110=FACE_BOUND('',#651,.T.);
#111=FACE_BOUND('',#653,.T.);
#112=FACE_BOUND('',#656,.T.);
#113=FACE_BOUND('',#657,.T.);
#114=FACE_BOUND('',#658,.T.);
#115=FACE_BOUND('',#663,.T.);
#116=FACE_BOUND('',#665,.T.);
#117=FACE_BOUND('',#675,.T.);
#118=FACE_BOUND('',#676,.T.);
#119=FACE_BOUND('',#678,.T.);
#120=FACE_BOUND('',#682,.T.);
#121=FACE_BOUND('',#683,.T.);
#122=FACE_BOUND('',#684,.T.);
#123=FACE_BOUND('',#690,.T.);
#124=FACE_BOUND('',#691,.T.);
#125=FACE_BOUND('',#693,.T.);
#126=FACE_BOUND('',#696,.T.);
#127=FACE_BOUND('',#699,.T.);
#128=FACE_BOUND('',#727,.T.);
#129=FACE_BOUND('',#748,.T.);
#130=ELLIPSE('',#4119,1.15470053837925,1.);
#131=ELLIPSE('',#4122,83.7852549192899,2.50045534627464);
#132=ELLIPSE('',#4124,83.7852549192899,2.50045534627464);
#133=ELLIPSE('',#4125,62.5826027648535,2.50045534627464);
#134=ELLIPSE('',#4126,62.5826027648535,2.50045534627464);
#135=ELLIPSE('',#4138,2.50048733838458,2.50045534627464);
#136=ELLIPSE('',#4264,2.50049135587296,2.50048733838465);
#137=ELLIPSE('',#4265,2.50049135587299,2.50048733838469);
#138=ELLIPSE('',#4354,4.61880215351701,4.);
#139=ELLIPSE('',#4355,4.618802153517,4.);
#140=ELLIPSE('',#4359,4.618802153517,4.);
#141=ELLIPSE('',#4360,4.61880215351701,4.);
#142=ELLIPSE('',#4363,1.15470053837925,1.);
#143=ELLIPSE('',#4366,4.61880215351701,4.);
#144=ELLIPSE('',#4368,4.618802153517,4.);
#145=ELLIPSE('',#4372,4.61880215351701,4.);
#146=ELLIPSE('',#4374,4.618802153517,4.);
#147=CIRCLE('',#4114,2.);
#148=CIRCLE('',#4115,2.);
#149=CIRCLE('',#4116,2.);
#150=CIRCLE('',#4117,2.);
#151=CIRCLE('',#4121,2.50045534627464);
#152=CIRCLE('',#4123,2.50045534627464);
#153=CIRCLE('',#4129,0.750000000000073);
#154=CIRCLE('',#4130,0.750000000000073);
#155=CIRCLE('',#4133,1.24999999999997);
#156=CIRCLE('',#4134,1.24999999999997);
#157=CIRCLE('',#4137,2.50045534627464);
#158=CIRCLE('',#4140,2.44999999999998);
#159=CIRCLE('',#4141,1.25000000000001);
#160=CIRCLE('',#4142,0.750000000000071);
#161=CIRCLE('',#4143,0.320091641188163);
#162=CIRCLE('',#4144,2.55);
#163=CIRCLE('',#4145,2.55000000000002);
#164=CIRCLE('',#4146,0.320091641188179);
#165=CIRCLE('',#4147,0.750000000000051);
#166=CIRCLE('',#4148,1.24999999999991);
#167=CIRCLE('',#4149,2.45000000000005);
#168=CIRCLE('',#4150,2.44999999999998);
#169=CIRCLE('',#4151,1.25);
#170=CIRCLE('',#4152,0.320091641188165);
#171=CIRCLE('',#4153,2.55);
#172=CIRCLE('',#4154,2.54999999999998);
#173=CIRCLE('',#4155,0.32009164118818);
#174=CIRCLE('',#4156,0.749999999999998);
#175=CIRCLE('',#4157,2.45);
#176=CIRCLE('',#4158,2.);
#177=CIRCLE('',#4159,2.);
#178=CIRCLE('',#4160,2.);
#179=CIRCLE('',#4161,2.);
#180=CIRCLE('',#4163,0.750000000000026);
#181=CIRCLE('',#4164,0.750000000000026);
#182=CIRCLE('',#4167,1.25000000000001);
#183=CIRCLE('',#4168,1.25000000000001);
#184=CIRCLE('',#4171,2.44999999999998);
#185=CIRCLE('',#4172,2.44999999999998);
#186=CIRCLE('',#4175,2.50048733838469);
#187=CIRCLE('',#4176,2.5823316955292);
#188=CIRCLE('',#4179,2.45000000000001);
#189=CIRCLE('',#4180,2.45000000000001);
#190=CIRCLE('',#4183,1.25000000000004);
#191=CIRCLE('',#4184,1.25000000000004);
#192=CIRCLE('',#4187,0.749999999999999);
#193=CIRCLE('',#4188,0.749999999999999);
#194=CIRCLE('',#4191,0.320091641188153);
#195=CIRCLE('',#4192,0.320091641188153);
#196=CIRCLE('',#4195,2.55000000000001);
#197=CIRCLE('',#4196,2.55000000000001);
#198=CIRCLE('',#4199,2.55);
#199=CIRCLE('',#4200,2.55);
#200=CIRCLE('',#4203,0.320091641188153);
#201=CIRCLE('',#4204,0.320091641188153);
#202=CIRCLE('',#4207,0.750000000000008);
#203=CIRCLE('',#4208,0.750000000000008);
#204=CIRCLE('',#4211,1.25000000000001);
#205=CIRCLE('',#4212,1.25000000000001);
#206=CIRCLE('',#4215,2.44999999999998);
#207=CIRCLE('',#4216,2.44999999999998);
#208=CIRCLE('',#4219,2.50048733838472);
#209=CIRCLE('',#4222,2.45000000000002);
#210=CIRCLE('',#4223,2.45000000000002);
#211=CIRCLE('',#4226,1.24999999999998);
#212=CIRCLE('',#4227,1.24999999999998);
#213=CIRCLE('',#4230,0.749999999999998);
#214=CIRCLE('',#4231,0.749999999999998);
#215=CIRCLE('',#4234,0.320091641188163);
#216=CIRCLE('',#4235,0.320091641188163);
#217=CIRCLE('',#4238,2.55000000000001);
#218=CIRCLE('',#4239,2.55000000000001);
#219=CIRCLE('',#4242,2.55);
#220=CIRCLE('',#4243,2.55);
#221=CIRCLE('',#4246,0.320091641188153);
#222=CIRCLE('',#4247,0.320091641188153);
#223=CIRCLE('',#4250,2.5823316955292);
#224=CIRCLE('',#4252,0.749999999999953);
#225=CIRCLE('',#4253,0.749999999999953);
#226=CIRCLE('',#4256,1.25);
#227=CIRCLE('',#4257,1.25);
#228=CIRCLE('',#4260,2.4500000000001);
#229=CIRCLE('',#4261,2.4500000000001);
#230=CIRCLE('',#4267,1.25000000000005);
#231=CIRCLE('',#4268,1.25000000000005);
#232=CIRCLE('',#4271,2.45000000000006);
#233=CIRCLE('',#4272,2.45000000000006);
#234=CIRCLE('',#4275,1.24999999999996);
#235=CIRCLE('',#4276,1.24999999999996);
#236=CIRCLE('',#4279,0.749999999999981);
#237=CIRCLE('',#4280,0.749999999999981);
#238=CIRCLE('',#4283,0.32009164118815);
#239=CIRCLE('',#4284,0.32009164118815);
#240=CIRCLE('',#4287,2.55000000000001);
#241=CIRCLE('',#4288,2.55000000000001);
#242=CIRCLE('',#4291,2.55);
#243=CIRCLE('',#4292,2.55);
#244=CIRCLE('',#4295,0.320091641188153);
#245=CIRCLE('',#4296,0.320091641188153);
#246=CIRCLE('',#4299,0.750000000000007);
#247=CIRCLE('',#4300,0.750000000000007);
#248=CIRCLE('',#4303,1.24999999999999);
#249=CIRCLE('',#4304,1.24999999999999);
#250=CIRCLE('',#4307,2.45000000000001);
#251=CIRCLE('',#4308,2.45000000000001);
#252=CIRCLE('',#4311,2.50048733838465);
#253=CIRCLE('',#4314,2.45000000000004);
#254=CIRCLE('',#4315,2.45000000000004);
#255=CIRCLE('',#4318,1.25000000000003);
#256=CIRCLE('',#4319,1.25000000000003);
#257=CIRCLE('',#4322,0.749999999999966);
#258=CIRCLE('',#4323,0.749999999999966);
#259=CIRCLE('',#4326,0.320091641188151);
#260=CIRCLE('',#4327,0.320091641188151);
#261=CIRCLE('',#4330,2.55000000000001);
#262=CIRCLE('',#4331,2.55000000000001);
#263=CIRCLE('',#4334,2.55000000000001);
#264=CIRCLE('',#4335,2.55000000000001);
#265=CIRCLE('',#4338,0.320091641188153);
#266=CIRCLE('',#4339,0.320091641188153);
#267=CIRCLE('',#4342,2.50048733838469);
#268=CIRCLE('',#4344,2.50048733838465);
#269=CIRCLE('',#4347,2.50048733838469);
#270=CIRCLE('',#4349,2.50048733838472);
#271=CIRCLE('',#4351,2.50048733838465);
#272=CIRCLE('',#4356,13.);
#273=CIRCLE('',#4361,13.);
#274=CIRCLE('',#4369,13.);
#275=CIRCLE('',#4375,4.);
#276=CIRCLE('',#4376,1.6);
#277=CIRCLE('',#4377,1.6);
#278=CIRCLE('',#4394,4.);
#279=CIRCLE('',#4396,1.6);
#280=CIRCLE('',#4398,13.);
#281=CIRCLE('',#4399,1.6);
#282=CIRCLE('',#4407,2.);
#283=CIRCLE('',#4410,2.);
#284=CIRCLE('',#4413,2.);
#285=CIRCLE('',#4416,2.);
#286=CIRCLE('',#4421,2.44999999999998);
#287=CIRCLE('',#4424,1.25000000000001);
#288=CIRCLE('',#4427,0.750000000000071);
#289=CIRCLE('',#4430,0.320091641188163);
#290=CIRCLE('',#4433,2.55);
#291=CIRCLE('',#4436,2.55000000000002);
#292=CIRCLE('',#4439,0.320091641188179);
#293=CIRCLE('',#4442,0.750000000000051);
#294=CIRCLE('',#4445,1.24999999999991);
#295=CIRCLE('',#4448,2.45000000000005);
#296=CIRCLE('',#4453,2.44999999999998);
#297=CIRCLE('',#4456,1.25);
#298=CIRCLE('',#4460,0.320091641188165);
#299=CIRCLE('',#4463,2.55);
#300=CIRCLE('',#4466,2.54999999999998);
#301=CIRCLE('',#4469,0.32009164118818);
#302=CIRCLE('',#4472,0.749999999999998);
#303=CIRCLE('',#4476,2.45);
#304=B_SPLINE_SURFACE_WITH_KNOTS('',3,3,((#5664,#5665,#5666,#5667),(#5668,
#5669,#5670,#5671),(#5672,#5673,#5674,#5675),(#5676,#5677,#5678,#5679),
(#5680,#5681,#5682,#5683),(#5684,#5685,#5686,#5687),(#5688,#5689,#5690,
#5691),(#5692,#5693,#5694,#5695),(#5696,#5697,#5698,#5699),(#5700,#5701,
#5702,#5703),(#5704,#5705,#5706,#5707),(#5708,#5709,#5710,#5711),(#5712,
#5713,#5714,#5715),(#5716,#5717,#5718,#5719),(#5720,#5721,#5722,#5723),
(#5724,#5725,#5726,#5727),(#5728,#5729,#5730,#5731),(#5732,#5733,#5734,
#5735),(#5736,#5737,#5738,#5739),(#5740,#5741,#5742,#5743),(#5744,#5745,
#5746,#5747),(#5748,#5749,#5750,#5751),(#5752,#5753,#5754,#5755),(#5756,
#5757,#5758,#5759),(#5760,#5761,#5762,#5763)),.UNSPECIFIED.,.F.,.F.,.F.,
(4,2,1,2,2,1,1,2,1,1,2,1,2,2,1,4),(4,4),(0.,0.0810717003376805,0.111288300034658,
0.141504899731635,0.275687161986803,0.39542053420509,0.485220563368805,
0.515153906423377,0.522708056347621,0.560478805968844,0.575587105817334,
0.649949971915262,0.724312838013191,0.949236112509076,0.974618056254538,
1.),(0.,1.),.UNSPECIFIED.);
#305=B_SPLINE_SURFACE_WITH_KNOTS('',3,3,((#6127,#6128,#6129,#6130),(#6131,
#6132,#6133,#6134),(#6135,#6136,#6137,#6138),(#6139,#6140,#6141,#6142),
(#6143,#6144,#6145,#6146),(#6147,#6148,#6149,#6150)),.UNSPECIFIED.,.F.,
 .F.,.F.,(4,2,4),(4,4),(0.,0.0289060493463938,1.),(0.,1.),.UNSPECIFIED.);
#306=B_SPLINE_SURFACE_WITH_KNOTS('',3,3,((#6158,#6159,#6160,#6161),(#6162,
#6163,#6164,#6165),(#6166,#6167,#6168,#6169),(#6170,#6171,#6172,#6173),
(#6174,#6175,#6176,#6177),(#6178,#6179,#6180,#6181)),.UNSPECIFIED.,.F.,
 .F.,.F.,(4,2,4),(4,4),(0.,0.72512824141162,1.),(0.,1.),.UNSPECIFIED.);
#307=B_SPLINE_SURFACE_WITH_KNOTS('',3,3,((#6195,#6196,#6197,#6198),(#6199,
#6200,#6201,#6202),(#6203,#6204,#6205,#6206),(#6207,#6208,#6209,#6210),
(#6211,#6212,#6213,#6214),(#6215,#6216,#6217,#6218),(#6219,#6220,#6221,
#6222),(#6223,#6224,#6225,#6226),(#6227,#6228,#6229,#6230)),
 .UNSPECIFIED.,.F.,.F.,.F.,(4,1,2,1,1,4),(4,4),(0.,0.0626754964614954,0.125350992922991,
0.300280794338393,0.475210595753794,1.),(0.,1.),.UNSPECIFIED.);
#308=B_SPLINE_SURFACE_WITH_KNOTS('',3,3,((#6902,#6903,#6904,#6905),(#6906,
#6907,#6908,#6909),(#6910,#6911,#6912,#6913),(#6914,#6915,#6916,#6917)),
 .UNSPECIFIED.,.F.,.F.,.F.,(4,4),(4,4),(0.,1.),(0.,1.),.UNSPECIFIED.);
#309=B_SPLINE_SURFACE_WITH_KNOTS('',3,3,((#6923,#6924,#6925,#6926),(#6927,
#6928,#6929,#6930),(#6931,#6932,#6933,#6934),(#6935,#6936,#6937,#6938)),
 .UNSPECIFIED.,.F.,.F.,.F.,(4,4),(4,4),(-1.10538387380359E-15,1.54558459316512),
(0.,1.00000023455701),.UNSPECIFIED.);
#310=B_SPLINE_SURFACE_WITH_KNOTS('',3,3,((#6989,#6990,#6991,#6992),(#6993,
#6994,#6995,#6996),(#6997,#6998,#6999,#7000),(#7001,#7002,#7003,#7004)),
 .UNSPECIFIED.,.F.,.F.,.F.,(4,4),(4,4),(0.,1.),(0.,1.),.UNSPECIFIED.);
#311=B_SPLINE_SURFACE_WITH_KNOTS('',3,3,((#7012,#7013,#7014,#7015),(#7016,
#7017,#7018,#7019),(#7020,#7021,#7022,#7023),(#7024,#7025,#7026,#7027)),
 .UNSPECIFIED.,.F.,.F.,.F.,(4,4),(4,4),(-1.73123210060967E-18,1.54558456873381),
(0.,1.0000008552245),.UNSPECIFIED.);
#312=FACE_OUTER_BOUND('',#515,.T.);
#313=FACE_OUTER_BOUND('',#516,.T.);
#314=FACE_OUTER_BOUND('',#517,.T.);
#315=FACE_OUTER_BOUND('',#518,.T.);
#316=FACE_OUTER_BOUND('',#519,.T.);
#317=FACE_OUTER_BOUND('',#520,.T.);
#318=FACE_OUTER_BOUND('',#522,.T.);
#319=FACE_OUTER_BOUND('',#524,.T.);
#320=FACE_OUTER_BOUND('',#525,.T.);
#321=FACE_OUTER_BOUND('',#526,.T.);
#322=FACE_OUTER_BOUND('',#527,.T.);
#323=FACE_OUTER_BOUND('',#528,.T.);
#324=FACE_OUTER_BOUND('',#529,.T.);
#325=FACE_OUTER_BOUND('',#530,.T.);
#326=FACE_OUTER_BOUND('',#531,.T.);
#327=FACE_OUTER_BOUND('',#532,.T.);
#328=FACE_OUTER_BOUND('',#533,.T.);
#329=FACE_OUTER_BOUND('',#535,.T.);
#330=FACE_OUTER_BOUND('',#536,.T.);
#331=FACE_OUTER_BOUND('',#537,.T.);
#332=FACE_OUTER_BOUND('',#538,.T.);
#333=FACE_OUTER_BOUND('',#539,.T.);
#334=FACE_OUTER_BOUND('',#540,.T.);
#335=FACE_OUTER_BOUND('',#541,.T.);
#336=FACE_OUTER_BOUND('',#544,.T.);
#337=FACE_OUTER_BOUND('',#545,.T.);
#338=FACE_OUTER_BOUND('',#546,.T.);
#339=FACE_OUTER_BOUND('',#547,.T.);
#340=FACE_OUTER_BOUND('',#548,.T.);
#341=FACE_OUTER_BOUND('',#549,.T.);
#342=FACE_OUTER_BOUND('',#550,.T.);
#343=FACE_OUTER_BOUND('',#551,.T.);
#344=FACE_OUTER_BOUND('',#552,.T.);
#345=FACE_OUTER_BOUND('',#553,.T.);
#346=FACE_OUTER_BOUND('',#554,.T.);
#347=FACE_OUTER_BOUND('',#555,.T.);
#348=FACE_OUTER_BOUND('',#556,.T.);
#349=FACE_OUTER_BOUND('',#557,.T.);
#350=FACE_OUTER_BOUND('',#558,.T.);
#351=FACE_OUTER_BOUND('',#559,.T.);
#352=FACE_OUTER_BOUND('',#560,.T.);
#353=FACE_OUTER_BOUND('',#561,.T.);
#354=FACE_OUTER_BOUND('',#562,.T.);
#355=FACE_OUTER_BOUND('',#563,.T.);
#356=FACE_OUTER_BOUND('',#564,.T.);
#357=FACE_OUTER_BOUND('',#565,.T.);
#358=FACE_OUTER_BOUND('',#567,.T.);
#359=FACE_OUTER_BOUND('',#568,.T.);
#360=FACE_OUTER_BOUND('',#569,.T.);
#361=FACE_OUTER_BOUND('',#570,.T.);
#362=FACE_OUTER_BOUND('',#571,.T.);
#363=FACE_OUTER_BOUND('',#572,.T.);
#364=FACE_OUTER_BOUND('',#573,.T.);
#365=FACE_OUTER_BOUND('',#574,.T.);
#366=FACE_OUTER_BOUND('',#575,.T.);
#367=FACE_OUTER_BOUND('',#576,.T.);
#368=FACE_OUTER_BOUND('',#577,.T.);
#369=FACE_OUTER_BOUND('',#578,.T.);
#370=FACE_OUTER_BOUND('',#579,.T.);
#371=FACE_OUTER_BOUND('',#580,.T.);
#372=FACE_OUTER_BOUND('',#581,.T.);
#373=FACE_OUTER_BOUND('',#582,.T.);
#374=FACE_OUTER_BOUND('',#583,.T.);
#375=FACE_OUTER_BOUND('',#584,.T.);
#376=FACE_OUTER_BOUND('',#585,.T.);
#377=FACE_OUTER_BOUND('',#586,.T.);
#378=FACE_OUTER_BOUND('',#587,.T.);
#379=FACE_OUTER_BOUND('',#588,.T.);
#380=FACE_OUTER_BOUND('',#589,.T.);
#381=FACE_OUTER_BOUND('',#592,.T.);
#382=FACE_OUTER_BOUND('',#593,.T.);
#383=FACE_OUTER_BOUND('',#594,.T.);
#384=FACE_OUTER_BOUND('',#595,.T.);
#385=FACE_OUTER_BOUND('',#596,.T.);
#386=FACE_OUTER_BOUND('',#597,.T.);
#387=FACE_OUTER_BOUND('',#598,.T.);
#388=FACE_OUTER_BOUND('',#599,.T.);
#389=FACE_OUTER_BOUND('',#600,.T.);
#390=FACE_OUTER_BOUND('',#601,.T.);
#391=FACE_OUTER_BOUND('',#602,.T.);
#392=FACE_OUTER_BOUND('',#603,.T.);
#393=FACE_OUTER_BOUND('',#604,.T.);
#394=FACE_OUTER_BOUND('',#605,.T.);
#395=FACE_OUTER_BOUND('',#606,.T.);
#396=FACE_OUTER_BOUND('',#607,.T.);
#397=FACE_OUTER_BOUND('',#608,.T.);
#398=FACE_OUTER_BOUND('',#609,.T.);
#399=FACE_OUTER_BOUND('',#610,.T.);
#400=FACE_OUTER_BOUND('',#611,.T.);
#401=FACE_OUTER_BOUND('',#612,.T.);
#402=FACE_OUTER_BOUND('',#613,.T.);
#403=FACE_OUTER_BOUND('',#614,.T.);
#404=FACE_OUTER_BOUND('',#616,.T.);
#405=FACE_OUTER_BOUND('',#617,.T.);
#406=FACE_OUTER_BOUND('',#618,.T.);
#407=FACE_OUTER_BOUND('',#619,.T.);
#408=FACE_OUTER_BOUND('',#620,.T.);
#409=FACE_OUTER_BOUND('',#621,.T.);
#410=FACE_OUTER_BOUND('',#622,.T.);
#411=FACE_OUTER_BOUND('',#623,.T.);
#412=FACE_OUTER_BOUND('',#624,.T.);
#413=FACE_OUTER_BOUND('',#625,.T.);
#414=FACE_OUTER_BOUND('',#626,.T.);
#415=FACE_OUTER_BOUND('',#627,.T.);
#416=FACE_OUTER_BOUND('',#628,.T.);
#417=FACE_OUTER_BOUND('',#629,.T.);
#418=FACE_OUTER_BOUND('',#630,.T.);
#419=FACE_OUTER_BOUND('',#631,.T.);
#420=FACE_OUTER_BOUND('',#632,.T.);
#421=FACE_OUTER_BOUND('',#633,.T.);
#422=FACE_OUTER_BOUND('',#634,.T.);
#423=FACE_OUTER_BOUND('',#635,.T.);
#424=FACE_OUTER_BOUND('',#636,.T.);
#425=FACE_OUTER_BOUND('',#637,.T.);
#426=FACE_OUTER_BOUND('',#638,.T.);
#427=FACE_OUTER_BOUND('',#640,.T.);
#428=FACE_OUTER_BOUND('',#641,.T.);
#429=FACE_OUTER_BOUND('',#642,.T.);
#430=FACE_OUTER_BOUND('',#643,.T.);
#431=FACE_OUTER_BOUND('',#645,.T.);
#432=FACE_OUTER_BOUND('',#646,.T.);
#433=FACE_OUTER_BOUND('',#647,.T.);
#434=FACE_OUTER_BOUND('',#648,.T.);
#435=FACE_OUTER_BOUND('',#649,.T.);
#436=FACE_OUTER_BOUND('',#650,.T.);
#437=FACE_OUTER_BOUND('',#652,.T.);
#438=FACE_OUTER_BOUND('',#654,.T.);
#439=FACE_OUTER_BOUND('',#655,.T.);
#440=FACE_OUTER_BOUND('',#659,.T.);
#441=FACE_OUTER_BOUND('',#660,.T.);
#442=FACE_OUTER_BOUND('',#661,.T.);
#443=FACE_OUTER_BOUND('',#662,.T.);
#444=FACE_OUTER_BOUND('',#664,.T.);
#445=FACE_OUTER_BOUND('',#666,.T.);
#446=FACE_OUTER_BOUND('',#667,.T.);
#447=FACE_OUTER_BOUND('',#668,.T.);
#448=FACE_OUTER_BOUND('',#669,.T.);
#449=FACE_OUTER_BOUND('',#670,.T.);
#450=FACE_OUTER_BOUND('',#671,.T.);
#451=FACE_OUTER_BOUND('',#672,.T.);
#452=FACE_OUTER_BOUND('',#673,.T.);
#453=FACE_OUTER_BOUND('',#674,.T.);
#454=FACE_OUTER_BOUND('',#677,.T.);
#455=FACE_OUTER_BOUND('',#679,.T.);
#456=FACE_OUTER_BOUND('',#680,.T.);
#457=FACE_OUTER_BOUND('',#681,.T.);
#458=FACE_OUTER_BOUND('',#685,.T.);
#459=FACE_OUTER_BOUND('',#686,.T.);
#460=FACE_OUTER_BOUND('',#687,.T.);
#461=FACE_OUTER_BOUND('',#688,.T.);
#462=FACE_OUTER_BOUND('',#689,.T.);
#463=FACE_OUTER_BOUND('',#692,.T.);
#464=FACE_OUTER_BOUND('',#694,.T.);
#465=FACE_OUTER_BOUND('',#695,.T.);
#466=FACE_OUTER_BOUND('',#697,.T.);
#467=FACE_OUTER_BOUND('',#698,.T.);
#468=FACE_OUTER_BOUND('',#700,.T.);
#469=FACE_OUTER_BOUND('',#701,.T.);
#470=FACE_OUTER_BOUND('',#702,.T.);
#471=FACE_OUTER_BOUND('',#703,.T.);
#472=FACE_OUTER_BOUND('',#704,.T.);
#473=FACE_OUTER_BOUND('',#705,.T.);
#474=FACE_OUTER_BOUND('',#706,.T.);
#475=FACE_OUTER_BOUND('',#707,.T.);
#476=FACE_OUTER_BOUND('',#708,.T.);
#477=FACE_OUTER_BOUND('',#709,.T.);
#478=FACE_OUTER_BOUND('',#710,.T.);
#479=FACE_OUTER_BOUND('',#711,.T.);
#480=FACE_OUTER_BOUND('',#712,.T.);
#481=FACE_OUTER_BOUND('',#713,.T.);
#482=FACE_OUTER_BOUND('',#714,.T.);
#483=FACE_OUTER_BOUND('',#715,.T.);
#484=FACE_OUTER_BOUND('',#716,.T.);
#485=FACE_OUTER_BOUND('',#717,.T.);
#486=FACE_OUTER_BOUND('',#718,.T.);
#487=FACE_OUTER_BOUND('',#719,.T.);
#488=FACE_OUTER_BOUND('',#720,.T.);
#489=FACE_OUTER_BOUND('',#721,.T.);
#490=FACE_OUTER_BOUND('',#722,.T.);
#491=FACE_OUTER_BOUND('',#723,.T.);
#492=FACE_OUTER_BOUND('',#724,.T.);
#493=FACE_OUTER_BOUND('',#725,.T.);
#494=FACE_OUTER_BOUND('',#726,.T.);
#495=FACE_OUTER_BOUND('',#728,.T.);
#496=FACE_OUTER_BOUND('',#729,.T.);
#497=FACE_OUTER_BOUND('',#730,.T.);
#498=FACE_OUTER_BOUND('',#731,.T.);
#499=FACE_OUTER_BOUND('',#732,.T.);
#500=FACE_OUTER_BOUND('',#733,.T.);
#501=FACE_OUTER_BOUND('',#734,.T.);
#502=FACE_OUTER_BOUND('',#735,.T.);
#503=FACE_OUTER_BOUND('',#736,.T.);
#504=FACE_OUTER_BOUND('',#737,.T.);
#505=FACE_OUTER_BOUND('',#738,.T.);
#506=FACE_OUTER_BOUND('',#739,.T.);
#507=FACE_OUTER_BOUND('',#740,.T.);
#508=FACE_OUTER_BOUND('',#741,.T.);
#509=FACE_OUTER_BOUND('',#742,.T.);
#510=FACE_OUTER_BOUND('',#743,.T.);
#511=FACE_OUTER_BOUND('',#744,.T.);
#512=FACE_OUTER_BOUND('',#745,.T.);
#513=FACE_OUTER_BOUND('',#746,.T.);
#514=FACE_OUTER_BOUND('',#747,.T.);
#515=EDGE_LOOP('',(#2582,#2583,#2584));
#516=EDGE_LOOP('',(#2585,#2586,#2587,#2588));
#517=EDGE_LOOP('',(#2589,#2590,#2591));
#518=EDGE_LOOP('',(#2592,#2593,#2594,#2595));
#519=EDGE_LOOP('',(#2596,#2597,#2598,#2599,#2600,#2601,#2602,#2603,#2604,
#2605,#2606,#2607,#2608,#2609,#2610,#2611));
#520=EDGE_LOOP('',(#2612,#2613,#2614,#2615,#2616,#2617,#2618,#2619,#2620,
#2621,#2622,#2623));
#521=EDGE_LOOP('',(#2624,#2625,#2626));
#522=EDGE_LOOP('',(#2627,#2628,#2629,#2630,#2631,#2632,#2633,#2634,#2635,
#2636,#2637,#2638));
#523=EDGE_LOOP('',(#2639,#2640,#2641,#2642));
#524=EDGE_LOOP('',(#2643));
#525=EDGE_LOOP('',(#2644,#2645,#2646,#2647,#2648,#2649,#2650));
#526=EDGE_LOOP('',(#2651,#2652,#2653,#2654));
#527=EDGE_LOOP('',(#2655,#2656,#2657,#2658,#2659,#2660));
#528=EDGE_LOOP('',(#2661,#2662,#2663,#2664));
#529=EDGE_LOOP('',(#2665,#2666,#2667,#2668));
#530=EDGE_LOOP('',(#2669,#2670,#2671,#2672,#2673,#2674,#2675,#2676,#2677,
#2678,#2679,#2680,#2681,#2682,#2683,#2684,#2685,#2686,#2687,#2688,#2689,
#2690,#2691,#2692,#2693,#2694,#2695,#2696,#2697,#2698,#2699,#2700,#2701,
#2702,#2703,#2704,#2705,#2706,#2707,#2708,#2709,#2710,#2711,#2712));
#531=EDGE_LOOP('',(#2713,#2714,#2715,#2716,#2717));
#532=EDGE_LOOP('',(#2718,#2719,#2720,#2721,#2722,#2723,#2724,#2725));
#533=EDGE_LOOP('',(#2726,#2727,#2728,#2729,#2730,#2731,#2732));
#534=EDGE_LOOP('',(#2733,#2734,#2735,#2736));
#535=EDGE_LOOP('',(#2737,#2738,#2739,#2740));
#536=EDGE_LOOP('',(#2741,#2742,#2743,#2744));
#537=EDGE_LOOP('',(#2745,#2746,#2747,#2748));
#538=EDGE_LOOP('',(#2749,#2750,#2751,#2752));
#539=EDGE_LOOP('',(#2753,#2754,#2755,#2756));
#540=EDGE_LOOP('',(#2757,#2758,#2759,#2760));
#541=EDGE_LOOP('',(#2761,#2762,#2763,#2764));
#542=EDGE_LOOP('',(#2765));
#543=EDGE_LOOP('',(#2766,#2767));
#544=EDGE_LOOP('',(#2768,#2769,#2770,#2771));
#545=EDGE_LOOP('',(#2772,#2773,#2774,#2775));
#546=EDGE_LOOP('',(#2776,#2777,#2778,#2779));
#547=EDGE_LOOP('',(#2780,#2781,#2782,#2783));
#548=EDGE_LOOP('',(#2784,#2785,#2786,#2787));
#549=EDGE_LOOP('',(#2788,#2789,#2790,#2791));
#550=EDGE_LOOP('',(#2792,#2793,#2794,#2795));
#551=EDGE_LOOP('',(#2796,#2797,#2798,#2799));
#552=EDGE_LOOP('',(#2800,#2801,#2802,#2803));
#553=EDGE_LOOP('',(#2804,#2805,#2806,#2807));
#554=EDGE_LOOP('',(#2808,#2809,#2810,#2811));
#555=EDGE_LOOP('',(#2812,#2813,#2814,#2815));
#556=EDGE_LOOP('',(#2816,#2817,#2818,#2819));
#557=EDGE_LOOP('',(#2820,#2821,#2822,#2823));
#558=EDGE_LOOP('',(#2824,#2825,#2826,#2827));
#559=EDGE_LOOP('',(#2828,#2829,#2830,#2831));
#560=EDGE_LOOP('',(#2832,#2833,#2834,#2835));
#561=EDGE_LOOP('',(#2836,#2837,#2838,#2839));
#562=EDGE_LOOP('',(#2840,#2841,#2842,#2843));
#563=EDGE_LOOP('',(#2844,#2845,#2846,#2847));
#564=EDGE_LOOP('',(#2848,#2849,#2850,#2851));
#565=EDGE_LOOP('',(#2852,#2853,#2854,#2855));
#566=EDGE_LOOP('',(#2856));
#567=EDGE_LOOP('',(#2857,#2858,#2859,#2860));
#568=EDGE_LOOP('',(#2861,#2862,#2863,#2864));
#569=EDGE_LOOP('',(#2865,#2866,#2867,#2868));
#570=EDGE_LOOP('',(#2869,#2870,#2871,#2872));
#571=EDGE_LOOP('',(#2873,#2874,#2875,#2876));
#572=EDGE_LOOP('',(#2877,#2878,#2879,#2880));
#573=EDGE_LOOP('',(#2881,#2882,#2883,#2884));
#574=EDGE_LOOP('',(#2885,#2886,#2887,#2888));
#575=EDGE_LOOP('',(#2889,#2890,#2891,#2892));
#576=EDGE_LOOP('',(#2893,#2894,#2895,#2896));
#577=EDGE_LOOP('',(#2897,#2898,#2899,#2900));
#578=EDGE_LOOP('',(#2901,#2902,#2903,#2904));
#579=EDGE_LOOP('',(#2905,#2906,#2907,#2908));
#580=EDGE_LOOP('',(#2909,#2910,#2911,#2912));
#581=EDGE_LOOP('',(#2913,#2914,#2915,#2916));
#582=EDGE_LOOP('',(#2917,#2918,#2919,#2920));
#583=EDGE_LOOP('',(#2921,#2922,#2923,#2924));
#584=EDGE_LOOP('',(#2925,#2926,#2927,#2928));
#585=EDGE_LOOP('',(#2929,#2930,#2931,#2932));
#586=EDGE_LOOP('',(#2933,#2934,#2935,#2936));
#587=EDGE_LOOP('',(#2937,#2938,#2939,#2940));
#588=EDGE_LOOP('',(#2941,#2942,#2943,#2944));
#589=EDGE_LOOP('',(#2945,#2946,#2947,#2948));
#590=EDGE_LOOP('',(#2949));
#591=EDGE_LOOP('',(#2950));
#592=EDGE_LOOP('',(#2951,#2952,#2953,#2954));
#593=EDGE_LOOP('',(#2955,#2956,#2957,#2958));
#594=EDGE_LOOP('',(#2959,#2960,#2961,#2962));
#595=EDGE_LOOP('',(#2963,#2964,#2965,#2966));
#596=EDGE_LOOP('',(#2967,#2968,#2969,#2970));
#597=EDGE_LOOP('',(#2971,#2972,#2973,#2974));
#598=EDGE_LOOP('',(#2975,#2976,#2977,#2978));
#599=EDGE_LOOP('',(#2979,#2980,#2981,#2982));
#600=EDGE_LOOP('',(#2983,#2984,#2985,#2986));
#601=EDGE_LOOP('',(#2987,#2988,#2989,#2990));
#602=EDGE_LOOP('',(#2991,#2992,#2993,#2994));
#603=EDGE_LOOP('',(#2995,#2996,#2997,#2998));
#604=EDGE_LOOP('',(#2999,#3000,#3001,#3002));
#605=EDGE_LOOP('',(#3003,#3004,#3005,#3006));
#606=EDGE_LOOP('',(#3007,#3008,#3009,#3010));
#607=EDGE_LOOP('',(#3011,#3012,#3013,#3014));
#608=EDGE_LOOP('',(#3015,#3016,#3017,#3018));
#609=EDGE_LOOP('',(#3019,#3020,#3021,#3022));
#610=EDGE_LOOP('',(#3023,#3024,#3025,#3026));
#611=EDGE_LOOP('',(#3027,#3028,#3029,#3030));
#612=EDGE_LOOP('',(#3031,#3032,#3033,#3034));
#613=EDGE_LOOP('',(#3035,#3036,#3037,#3038));
#614=EDGE_LOOP('',(#3039,#3040,#3041,#3042));
#615=EDGE_LOOP('',(#3043));
#616=EDGE_LOOP('',(#3044,#3045,#3046,#3047));
#617=EDGE_LOOP('',(#3048,#3049,#3050,#3051));
#618=EDGE_LOOP('',(#3052,#3053,#3054,#3055));
#619=EDGE_LOOP('',(#3056,#3057,#3058,#3059));
#620=EDGE_LOOP('',(#3060,#3061,#3062,#3063));
#621=EDGE_LOOP('',(#3064,#3065,#3066,#3067));
#622=EDGE_LOOP('',(#3068,#3069,#3070,#3071));
#623=EDGE_LOOP('',(#3072,#3073,#3074,#3075));
#624=EDGE_LOOP('',(#3076,#3077,#3078,#3079));
#625=EDGE_LOOP('',(#3080,#3081,#3082,#3083));
#626=EDGE_LOOP('',(#3084,#3085,#3086,#3087));
#627=EDGE_LOOP('',(#3088,#3089,#3090,#3091));
#628=EDGE_LOOP('',(#3092,#3093,#3094,#3095));
#629=EDGE_LOOP('',(#3096,#3097,#3098,#3099));
#630=EDGE_LOOP('',(#3100,#3101,#3102,#3103));
#631=EDGE_LOOP('',(#3104,#3105,#3106,#3107));
#632=EDGE_LOOP('',(#3108,#3109,#3110,#3111));
#633=EDGE_LOOP('',(#3112,#3113,#3114,#3115));
#634=EDGE_LOOP('',(#3116,#3117,#3118,#3119));
#635=EDGE_LOOP('',(#3120,#3121,#3122,#3123));
#636=EDGE_LOOP('',(#3124,#3125,#3126,#3127));
#637=EDGE_LOOP('',(#3128,#3129,#3130,#3131));
#638=EDGE_LOOP('',(#3132,#3133,#3134,#3135,#3136,#3137,#3138,#3139,#3140,
#3141,#3142,#3143));
#639=EDGE_LOOP('',(#3144));
#640=EDGE_LOOP('',(#3145,#3146,#3147,#3148));
#641=EDGE_LOOP('',(#3149,#3150,#3151,#3152));
#642=EDGE_LOOP('',(#3153,#3154,#3155,#3156,#3157,#3158));
#643=EDGE_LOOP('',(#3159,#3160,#3161,#3162,#3163,#3164,#3165,#3166,#3167,
#3168));
#644=EDGE_LOOP('',(#3169));
#645=EDGE_LOOP('',(#3170,#3171,#3172,#3173));
#646=EDGE_LOOP('',(#3174,#3175,#3176,#3177));
#647=EDGE_LOOP('',(#3178,#3179,#3180,#3181,#3182,#3183));
#648=EDGE_LOOP('',(#3184,#3185,#3186,#3187));
#649=EDGE_LOOP('',(#3188,#3189,#3190,#3191));
#650=EDGE_LOOP('',(#3192,#3193,#3194,#3195,#3196,#3197,#3198,#3199));
#651=EDGE_LOOP('',(#3200));
#652=EDGE_LOOP('',(#3201,#3202,#3203,#3204,#3205,#3206,#3207,#3208,#3209,
#3210,#3211,#3212));
#653=EDGE_LOOP('',(#3213,#3214,#3215));
#654=EDGE_LOOP('',(#3216,#3217,#3218,#3219));
#655=EDGE_LOOP('',(#3220,#3221,#3222,#3223,#3224,#3225,#3226,#3227));
#656=EDGE_LOOP('',(#3228));
#657=EDGE_LOOP('',(#3229));
#658=EDGE_LOOP('',(#3230));
#659=EDGE_LOOP('',(#3231,#3232,#3233,#3234));
#660=EDGE_LOOP('',(#3235,#3236,#3237,#3238));
#661=EDGE_LOOP('',(#3239,#3240,#3241,#3242));
#662=EDGE_LOOP('',(#3243,#3244,#3245,#3246));
#663=EDGE_LOOP('',(#3247));
#664=EDGE_LOOP('',(#3248,#3249,#3250,#3251));
#665=EDGE_LOOP('',(#3252));
#666=EDGE_LOOP('',(#3253,#3254,#3255,#3256));
#667=EDGE_LOOP('',(#3257,#3258,#3259,#3260,#3261));
#668=EDGE_LOOP('',(#3262,#3263,#3264,#3265,#3266));
#669=EDGE_LOOP('',(#3267,#3268,#3269,#3270,#3271,#3272,#3273,#3274));
#670=EDGE_LOOP('',(#3275,#3276,#3277,#3278,#3279,#3280,#3281,#3282,#3283,
#3284,#3285,#3286,#3287,#3288,#3289,#3290,#3291,#3292,#3293,#3294,#3295,
#3296,#3297,#3298,#3299,#3300,#3301,#3302,#3303,#3304,#3305,#3306,#3307,
#3308,#3309,#3310,#3311,#3312,#3313,#3314,#3315,#3316,#3317,#3318));
#671=EDGE_LOOP('',(#3319,#3320,#3321,#3322,#3323,#3324,#3325,#3326,#3327,
#3328,#3329,#3330,#3331,#3332,#3333,#3334,#3335,#3336,#3337,#3338,#3339,
#3340,#3341,#3342,#3343,#3344,#3345,#3346,#3347,#3348,#3349,#3350,#3351,
#3352,#3353,#3354,#3355,#3356,#3357,#3358,#3359,#3360,#3361,#3362,#3363));
#672=EDGE_LOOP('',(#3364,#3365,#3366,#3367,#3368));
#673=EDGE_LOOP('',(#3369,#3370,#3371,#3372));
#674=EDGE_LOOP('',(#3373,#3374,#3375,#3376));
#675=EDGE_LOOP('',(#3377));
#676=EDGE_LOOP('',(#3378));
#677=EDGE_LOOP('',(#3379,#3380,#3381,#3382));
#678=EDGE_LOOP('',(#3383,#3384,#3385,#3386,#3387,#3388,#3389,#3390,#3391,
#3392,#3393,#3394,#3395,#3396,#3397,#3398,#3399,#3400,#3401,#3402,#3403,
#3404,#3405,#3406,#3407,#3408,#3409,#3410,#3411,#3412,#3413,#3414,#3415,
#3416,#3417,#3418,#3419,#3420,#3421,#3422,#3423,#3424,#3425,#3426,#3427));
#679=EDGE_LOOP('',(#3428,#3429,#3430,#3431));
#680=EDGE_LOOP('',(#3432,#3433,#3434,#3435));
#681=EDGE_LOOP('',(#3436));
#682=EDGE_LOOP('',(#3437));
#683=EDGE_LOOP('',(#3438));
#684=EDGE_LOOP('',(#3439));
#685=EDGE_LOOP('',(#3440,#3441,#3442,#3443));
#686=EDGE_LOOP('',(#3444,#3445,#3446,#3447));
#687=EDGE_LOOP('',(#3448,#3449,#3450,#3451));
#688=EDGE_LOOP('',(#3452,#3453,#3454,#3455));
#689=EDGE_LOOP('',(#3456,#3457,#3458,#3459,#3460,#3461));
#690=EDGE_LOOP('',(#3462));
#691=EDGE_LOOP('',(#3463,#3464));
#692=EDGE_LOOP('',(#3465,#3466,#3467,#3468));
#693=EDGE_LOOP('',(#3469,#3470,#3471,#3472,#3473,#3474,#3475,#3476,#3477,
#3478,#3479,#3480,#3481,#3482,#3483,#3484,#3485,#3486,#3487,#3488,#3489,
#3490,#3491,#3492,#3493,#3494,#3495,#3496,#3497,#3498,#3499,#3500,#3501,
#3502,#3503,#3504,#3505,#3506,#3507,#3508,#3509,#3510,#3511,#3512));
#694=EDGE_LOOP('',(#3513,#3514,#3515,#3516,#3517));
#695=EDGE_LOOP('',(#3518,#3519,#3520,#3521,#3522));
#696=EDGE_LOOP('',(#3523));
#697=EDGE_LOOP('',(#3524,#3525,#3526,#3527,#3528));
#698=EDGE_LOOP('',(#3529,#3530,#3531,#3532,#3533));
#699=EDGE_LOOP('',(#3534));
#700=EDGE_LOOP('',(#3535,#3536,#3537,#3538,#3539,#3540));
#701=EDGE_LOOP('',(#3541,#3542,#3543,#3544,#3545,#3546));
#702=EDGE_LOOP('',(#3547,#3548,#3549,#3550));
#703=EDGE_LOOP('',(#3551,#3552,#3553,#3554));
#704=EDGE_LOOP('',(#3555,#3556,#3557,#3558));
#705=EDGE_LOOP('',(#3559,#3560,#3561,#3562));
#706=EDGE_LOOP('',(#3563,#3564,#3565,#3566));
#707=EDGE_LOOP('',(#3567,#3568,#3569,#3570));
#708=EDGE_LOOP('',(#3571,#3572,#3573,#3574));
#709=EDGE_LOOP('',(#3575,#3576,#3577,#3578));
#710=EDGE_LOOP('',(#3579,#3580,#3581,#3582));
#711=EDGE_LOOP('',(#3583,#3584,#3585,#3586));
#712=EDGE_LOOP('',(#3587,#3588,#3589,#3590));
#713=EDGE_LOOP('',(#3591,#3592,#3593,#3594));
#714=EDGE_LOOP('',(#3595,#3596,#3597,#3598));
#715=EDGE_LOOP('',(#3599,#3600,#3601,#3602));
#716=EDGE_LOOP('',(#3603,#3604,#3605,#3606));
#717=EDGE_LOOP('',(#3607,#3608,#3609,#3610));
#718=EDGE_LOOP('',(#3611,#3612,#3613,#3614));
#719=EDGE_LOOP('',(#3615,#3616,#3617,#3618));
#720=EDGE_LOOP('',(#3619,#3620,#3621,#3622));
#721=EDGE_LOOP('',(#3623,#3624,#3625,#3626));
#722=EDGE_LOOP('',(#3627,#3628,#3629,#3630));
#723=EDGE_LOOP('',(#3631,#3632,#3633,#3634));
#724=EDGE_LOOP('',(#3635,#3636,#3637,#3638));
#725=EDGE_LOOP('',(#3639,#3640,#3641,#3642));
#726=EDGE_LOOP('',(#3643,#3644,#3645,#3646));
#727=EDGE_LOOP('',(#3647));
#728=EDGE_LOOP('',(#3648,#3649,#3650,#3651));
#729=EDGE_LOOP('',(#3652,#3653,#3654,#3655));
#730=EDGE_LOOP('',(#3656,#3657,#3658,#3659));
#731=EDGE_LOOP('',(#3660,#3661,#3662,#3663,#3664,#3665,#3666));
#732=EDGE_LOOP('',(#3667,#3668,#3669,#3670));
#733=EDGE_LOOP('',(#3671,#3672,#3673,#3674));
#734=EDGE_LOOP('',(#3675,#3676,#3677,#3678));
#735=EDGE_LOOP('',(#3679,#3680,#3681,#3682));
#736=EDGE_LOOP('',(#3683,#3684,#3685,#3686));
#737=EDGE_LOOP('',(#3687,#3688,#3689,#3690));
#738=EDGE_LOOP('',(#3691,#3692,#3693,#3694));
#739=EDGE_LOOP('',(#3695,#3696,#3697,#3698));
#740=EDGE_LOOP('',(#3699,#3700,#3701,#3702));
#741=EDGE_LOOP('',(#3703,#3704,#3705,#3706));
#742=EDGE_LOOP('',(#3707,#3708,#3709,#3710,#3711,#3712));
#743=EDGE_LOOP('',(#3713,#3714,#3715,#3716));
#744=EDGE_LOOP('',(#3717,#3718,#3719,#3720));
#745=EDGE_LOOP('',(#3721,#3722,#3723,#3724));
#746=EDGE_LOOP('',(#3725,#3726,#3727,#3728,#3729));
#747=EDGE_LOOP('',(#3730,#3731,#3732,#3733,#3734,#3735,#3736,#3737));
#748=EDGE_LOOP('',(#3738,#3739,#3740,#3741,#3742,#3743,#3744,#3745,#3746,
#3747,#3748,#3749,#3750,#3751,#3752,#3753,#3754,#3755,#3756,#3757,#3758,
#3759,#3760,#3761,#3762,#3763,#3764,#3765,#3766,#3767,#3768,#3769,#3770,
#3771,#3772,#3773,#3774,#3775,#3776,#3777,#3778,#3779,#3780,#3781));
#749=LINE('',#5639,#1156);
#750=LINE('',#5640,#1157);
#751=LINE('',#5648,#1158);
#752=LINE('',#5649,#1159);
#753=LINE('',#5658,#1160);
#754=LINE('',#5833,#1161);
#755=LINE('',#5835,#1162);
#756=LINE('',#5837,#1163);
#757=LINE('',#5841,#1164);
#758=LINE('',#5843,#1165);
#759=LINE('',#5849,#1166);
#760=LINE('',#5851,#1167);
#761=LINE('',#5855,#1168);
#762=LINE('',#5857,#1169);
#763=LINE('',#5864,#1170);
#764=LINE('',#5866,#1171);
#765=LINE('',#5868,#1172);
#766=LINE('',#5870,#1173);
#767=LINE('',#5874,#1174);
#768=LINE('',#5876,#1175);
#769=LINE('',#5878,#1176);
#770=LINE('',#5880,#1177);
#771=LINE('',#5882,#1178);
#772=LINE('',#5883,#1179);
#773=LINE('',#5886,#1180);
#774=LINE('',#5888,#1181);
#775=LINE('',#5889,#1182);
#776=LINE('',#5894,#1183);
#777=LINE('',#5933,#1184);
#778=LINE('',#6012,#1185);
#779=LINE('',#6016,#1186);
#780=LINE('',#6019,#1187);
#781=LINE('',#6022,#1188);
#782=LINE('',#6023,#1189);
#783=LINE('',#6026,#1190);
#784=LINE('',#6030,#1191);
#785=LINE('',#6033,#1192);
#786=LINE('',#6036,#1193);
#787=LINE('',#6037,#1194);
#788=LINE('',#6042,#1195);
#789=LINE('',#6047,#1196);
#790=LINE('',#6049,#1197);
#791=LINE('',#6051,#1198);
#792=LINE('',#6055,#1199);
#793=LINE('',#6059,#1200);
#794=LINE('',#6063,#1201);
#795=LINE('',#6067,#1202);
#796=LINE('',#6071,#1203);
#797=LINE('',#6075,#1204);
#798=LINE('',#6079,#1205);
#799=LINE('',#6083,#1206);
#800=LINE('',#6087,#1207);
#801=LINE('',#6091,#1208);
#802=LINE('',#6093,#1209);
#803=LINE('',#6095,#1210);
#804=LINE('',#6099,#1211);
#805=LINE('',#6102,#1212);
#806=LINE('',#6104,#1213);
#807=LINE('',#6108,#1214);
#808=LINE('',#6112,#1215);
#809=LINE('',#6116,#1216);
#810=LINE('',#6120,#1217);
#811=LINE('',#6123,#1218);
#812=LINE('',#6125,#1219);
#813=LINE('',#6154,#1220);
#814=LINE('',#6156,#1221);
#815=LINE('',#6157,#1222);
#816=LINE('',#6183,#1223);
#817=LINE('',#6185,#1224);
#818=LINE('',#6191,#1225);
#819=LINE('',#6193,#1226);
#820=LINE('',#6194,#1227);
#821=LINE('',#6232,#1228);
#822=LINE('',#6235,#1229);
#823=LINE('',#6237,#1230);
#824=LINE('',#6238,#1231);
#825=LINE('',#6244,#1232);
#826=LINE('',#6247,#1233);
#827=LINE('',#6250,#1234);
#828=LINE('',#6252,#1235);
#829=LINE('',#6253,#1236);
#830=LINE('',#6258,#1237);
#831=LINE('',#6262,#1238);
#832=LINE('',#6264,#1239);
#833=LINE('',#6265,#1240);
#834=LINE('',#6270,#1241);
#835=LINE('',#6274,#1242);
#836=LINE('',#6276,#1243);
#837=LINE('',#6277,#1244);
#838=LINE('',#6280,#1245);
#839=LINE('',#6282,#1246);
#840=LINE('',#6283,#1247);
#841=LINE('',#6288,#1248);
#842=LINE('',#6292,#1249);
#843=LINE('',#6294,#1250);
#844=LINE('',#6295,#1251);
#845=LINE('',#6300,#1252);
#846=LINE('',#6304,#1253);
#847=LINE('',#6306,#1254);
#848=LINE('',#6307,#1255);
#849=LINE('',#6312,#1256);
#850=LINE('',#6316,#1257);
#851=LINE('',#6318,#1258);
#852=LINE('',#6319,#1259);
#853=LINE('',#6324,#1260);
#854=LINE('',#6328,#1261);
#855=LINE('',#6330,#1262);
#856=LINE('',#6331,#1263);
#857=LINE('',#6336,#1264);
#858=LINE('',#6340,#1265);
#859=LINE('',#6342,#1266);
#860=LINE('',#6343,#1267);
#861=LINE('',#6348,#1268);
#862=LINE('',#6352,#1269);
#863=LINE('',#6354,#1270);
#864=LINE('',#6355,#1271);
#865=LINE('',#6360,#1272);
#866=LINE('',#6364,#1273);
#867=LINE('',#6366,#1274);
#868=LINE('',#6367,#1275);
#869=LINE('',#6372,#1276);
#870=LINE('',#6376,#1277);
#871=LINE('',#6378,#1278);
#872=LINE('',#6379,#1279);
#873=LINE('',#6384,#1280);
#874=LINE('',#6388,#1281);
#875=LINE('',#6390,#1282);
#876=LINE('',#6391,#1283);
#877=LINE('',#6396,#1284);
#878=LINE('',#6400,#1285);
#879=LINE('',#6402,#1286);
#880=LINE('',#6403,#1287);
#881=LINE('',#6408,#1288);
#882=LINE('',#6412,#1289);
#883=LINE('',#6414,#1290);
#884=LINE('',#6415,#1291);
#885=LINE('',#6418,#1292);
#886=LINE('',#6420,#1293);
#887=LINE('',#6421,#1294);
#888=LINE('',#6426,#1295);
#889=LINE('',#6428,#1296);
#890=LINE('',#6429,#1297);
#891=LINE('',#6434,#1298);
#892=LINE('',#6438,#1299);
#893=LINE('',#6440,#1300);
#894=LINE('',#6441,#1301);
#895=LINE('',#6446,#1302);
#896=LINE('',#6450,#1303);
#897=LINE('',#6452,#1304);
#898=LINE('',#6453,#1305);
#899=LINE('',#6458,#1306);
#900=LINE('',#6462,#1307);
#901=LINE('',#6464,#1308);
#902=LINE('',#6465,#1309);
#903=LINE('',#6470,#1310);
#904=LINE('',#6474,#1311);
#905=LINE('',#6476,#1312);
#906=LINE('',#6477,#1313);
#907=LINE('',#6482,#1314);
#908=LINE('',#6486,#1315);
#909=LINE('',#6488,#1316);
#910=LINE('',#6489,#1317);
#911=LINE('',#6494,#1318);
#912=LINE('',#6498,#1319);
#913=LINE('',#6500,#1320);
#914=LINE('',#6501,#1321);
#915=LINE('',#6506,#1322);
#916=LINE('',#6509,#1323);
#917=LINE('',#6510,#1324);
#918=LINE('',#6513,#1325);
#919=LINE('',#6516,#1326);
#920=LINE('',#6522,#1327);
#921=LINE('',#6525,#1328);
#922=LINE('',#6528,#1329);
#923=LINE('',#6530,#1330);
#924=LINE('',#6531,#1331);
#925=LINE('',#6536,#1332);
#926=LINE('',#6540,#1333);
#927=LINE('',#6542,#1334);
#928=LINE('',#6543,#1335);
#929=LINE('',#6548,#1336);
#930=LINE('',#6552,#1337);
#931=LINE('',#6554,#1338);
#932=LINE('',#6555,#1339);
#933=LINE('',#6558,#1340);
#934=LINE('',#6560,#1341);
#935=LINE('',#6561,#1342);
#936=LINE('',#6570,#1343);
#937=LINE('',#6574,#1344);
#938=LINE('',#6576,#1345);
#939=LINE('',#6577,#1346);
#940=LINE('',#6582,#1347);
#941=LINE('',#6586,#1348);
#942=LINE('',#6588,#1349);
#943=LINE('',#6589,#1350);
#944=LINE('',#6594,#1351);
#945=LINE('',#6598,#1352);
#946=LINE('',#6600,#1353);
#947=LINE('',#6601,#1354);
#948=LINE('',#6606,#1355);
#949=LINE('',#6610,#1356);
#950=LINE('',#6612,#1357);
#951=LINE('',#6613,#1358);
#952=LINE('',#6618,#1359);
#953=LINE('',#6622,#1360);
#954=LINE('',#6624,#1361);
#955=LINE('',#6625,#1362);
#956=LINE('',#6630,#1363);
#957=LINE('',#6634,#1364);
#958=LINE('',#6636,#1365);
#959=LINE('',#6637,#1366);
#960=LINE('',#6642,#1367);
#961=LINE('',#6646,#1368);
#962=LINE('',#6648,#1369);
#963=LINE('',#6649,#1370);
#964=LINE('',#6654,#1371);
#965=LINE('',#6658,#1372);
#966=LINE('',#6660,#1373);
#967=LINE('',#6661,#1374);
#968=LINE('',#6666,#1375);
#969=LINE('',#6670,#1376);
#970=LINE('',#6672,#1377);
#971=LINE('',#6673,#1378);
#972=LINE('',#6678,#1379);
#973=LINE('',#6682,#1380);
#974=LINE('',#6684,#1381);
#975=LINE('',#6685,#1382);
#976=LINE('',#6690,#1383);
#977=LINE('',#6694,#1384);
#978=LINE('',#6696,#1385);
#979=LINE('',#6697,#1386);
#980=LINE('',#6700,#1387);
#981=LINE('',#6702,#1388);
#982=LINE('',#6703,#1389);
#983=LINE('',#6708,#1390);
#984=LINE('',#6710,#1391);
#985=LINE('',#6711,#1392);
#986=LINE('',#6716,#1393);
#987=LINE('',#6720,#1394);
#988=LINE('',#6722,#1395);
#989=LINE('',#6723,#1396);
#990=LINE('',#6728,#1397);
#991=LINE('',#6732,#1398);
#992=LINE('',#6734,#1399);
#993=LINE('',#6735,#1400);
#994=LINE('',#6740,#1401);
#995=LINE('',#6744,#1402);
#996=LINE('',#6746,#1403);
#997=LINE('',#6747,#1404);
#998=LINE('',#6752,#1405);
#999=LINE('',#6756,#1406);
#1000=LINE('',#6758,#1407);
#1001=LINE('',#6759,#1408);
#1002=LINE('',#6764,#1409);
#1003=LINE('',#6768,#1410);
#1004=LINE('',#6770,#1411);
#1005=LINE('',#6771,#1412);
#1006=LINE('',#6776,#1413);
#1007=LINE('',#6780,#1414);
#1008=LINE('',#6782,#1415);
#1009=LINE('',#6783,#1416);
#1010=LINE('',#6788,#1417);
#1011=LINE('',#6791,#1418);
#1012=LINE('',#6792,#1419);
#1013=LINE('',#6796,#1420);
#1014=LINE('',#6800,#1421);
#1015=LINE('',#6802,#1422);
#1016=LINE('',#6806,#1423);
#1017=LINE('',#6810,#1424);
#1018=LINE('',#6814,#1425);
#1019=LINE('',#6838,#1426);
#1020=LINE('',#6839,#1427);
#1021=LINE('',#6865,#1428);
#1022=LINE('',#6867,#1429);
#1023=LINE('',#6869,#1430);
#1024=LINE('',#6888,#1431);
#1025=LINE('',#6890,#1432);
#1026=LINE('',#6894,#1433);
#1027=LINE('',#6900,#1434);
#1028=LINE('',#6901,#1435);
#1029=LINE('',#6919,#1436);
#1030=LINE('',#6921,#1437);
#1031=LINE('',#6922,#1438);
#1032=LINE('',#6943,#1439);
#1033=LINE('',#6948,#1440);
#1034=LINE('',#6952,#1441);
#1035=LINE('',#6954,#1442);
#1036=LINE('',#6960,#1443);
#1037=LINE('',#6987,#1444);
#1038=LINE('',#7006,#1445);
#1039=LINE('',#7008,#1446);
#1040=LINE('',#7010,#1447);
#1041=LINE('',#7011,#1448);
#1042=LINE('',#7028,#1449);
#1043=LINE('',#7029,#1450);
#1044=LINE('',#7031,#1451);
#1045=LINE('',#7036,#1452);
#1046=LINE('',#7037,#1453);
#1047=LINE('',#7040,#1454);
#1048=LINE('',#7043,#1455);
#1049=LINE('',#7045,#1456);
#1050=LINE('',#7047,#1457);
#1051=LINE('',#7048,#1458);
#1052=LINE('',#7053,#1459);
#1053=LINE('',#7055,#1460);
#1054=LINE('',#7056,#1461);
#1055=LINE('',#7058,#1462);
#1056=LINE('',#7059,#1463);
#1057=LINE('',#7061,#1464);
#1058=LINE('',#7062,#1465);
#1059=LINE('',#7066,#1466);
#1060=LINE('',#7069,#1467);
#1061=LINE('',#7078,#1468);
#1062=LINE('',#7080,#1469);
#1063=LINE('',#7082,#1470);
#1064=LINE('',#7085,#1471);
#1065=LINE('',#7086,#1472);
#1066=LINE('',#7089,#1473);
#1067=LINE('',#7090,#1474);
#1068=LINE('',#7093,#1475);
#1069=LINE('',#7095,#1476);
#1070=LINE('',#7100,#1477);
#1071=LINE('',#7101,#1478);
#1072=LINE('',#7104,#1479);
#1073=LINE('',#7105,#1480);
#1074=LINE('',#7107,#1481);
#1075=LINE('',#7112,#1482);
#1076=LINE('',#7116,#1483);
#1077=LINE('',#7123,#1484);
#1078=LINE('',#7125,#1485);
#1079=LINE('',#7129,#1486);
#1080=LINE('',#7130,#1487);
#1081=LINE('',#7132,#1488);
#1082=LINE('',#7138,#1489);
#1083=LINE('',#7139,#1490);
#1084=LINE('',#7142,#1491);
#1085=LINE('',#7143,#1492);
#1086=LINE('',#7147,#1493);
#1087=LINE('',#7150,#1494);
#1088=LINE('',#7151,#1495);
#1089=LINE('',#7156,#1496);
#1090=LINE('',#7157,#1497);
#1091=LINE('',#7159,#1498);
#1092=LINE('',#7163,#1499);
#1093=LINE('',#7166,#1500);
#1094=LINE('',#7168,#1501);
#1095=LINE('',#7169,#1502);
#1096=LINE('',#7172,#1503);
#1097=LINE('',#7173,#1504);
#1098=LINE('',#7176,#1505);
#1099=LINE('',#7177,#1506);
#1100=LINE('',#7181,#1507);
#1101=LINE('',#7184,#1508);
#1102=LINE('',#7185,#1509);
#1103=LINE('',#7189,#1510);
#1104=LINE('',#7192,#1511);
#1105=LINE('',#7193,#1512);
#1106=LINE('',#7197,#1513);
#1107=LINE('',#7200,#1514);
#1108=LINE('',#7201,#1515);
#1109=LINE('',#7205,#1516);
#1110=LINE('',#7208,#1517);
#1111=LINE('',#7209,#1518);
#1112=LINE('',#7213,#1519);
#1113=LINE('',#7216,#1520);
#1114=LINE('',#7217,#1521);
#1115=LINE('',#7221,#1522);
#1116=LINE('',#7224,#1523);
#1117=LINE('',#7225,#1524);
#1118=LINE('',#7229,#1525);
#1119=LINE('',#7232,#1526);
#1120=LINE('',#7233,#1527);
#1121=LINE('',#7237,#1528);
#1122=LINE('',#7240,#1529);
#1123=LINE('',#7241,#1530);
#1124=LINE('',#7245,#1531);
#1125=LINE('',#7248,#1532);
#1126=LINE('',#7249,#1533);
#1127=LINE('',#7253,#1534);
#1128=LINE('',#7256,#1535);
#1129=LINE('',#7257,#1536);
#1130=LINE('',#7260,#1537);
#1131=LINE('',#7261,#1538);
#1132=LINE('',#7264,#1539);
#1133=LINE('',#7265,#1540);
#1134=LINE('',#7269,#1541);
#1135=LINE('',#7272,#1542);
#1136=LINE('',#7273,#1543);
#1137=LINE('',#7275,#1544);
#1138=LINE('',#7280,#1545);
#1139=LINE('',#7281,#1546);
#1140=LINE('',#7285,#1547);
#1141=LINE('',#7288,#1548);
#1142=LINE('',#7289,#1549);
#1143=LINE('',#7293,#1550);
#1144=LINE('',#7296,#1551);
#1145=LINE('',#7297,#1552);
#1146=LINE('',#7301,#1553);
#1147=LINE('',#7304,#1554);
#1148=LINE('',#7305,#1555);
#1149=LINE('',#7309,#1556);
#1150=LINE('',#7312,#1557);
#1151=LINE('',#7313,#1558);
#1152=LINE('',#7315,#1559);
#1153=LINE('',#7320,#1560);
#1154=LINE('',#7321,#1561);
#1155=LINE('',#7325,#1562);
#1156=VECTOR('',#4483,10.);
#1157=VECTOR('',#4484,10.);
#1158=VECTOR('',#4487,10.);
#1159=VECTOR('',#4488,10.);
#1160=VECTOR('',#4491,10.);
#1161=VECTOR('',#4494,10.);
#1162=VECTOR('',#4495,15.3511548477385);
#1163=VECTOR('',#4496,10.);
#1164=VECTOR('',#4499,10.);
#1165=VECTOR('',#4500,10.);
#1166=VECTOR('',#4505,10.);
#1167=VECTOR('',#4506,10.);
#1168=VECTOR('',#4509,14.3983992273506);
#1169=VECTOR('',#4510,10.);
#1170=VECTOR('',#4513,10.);
#1171=VECTOR('',#4514,10.);
#1172=VECTOR('',#4515,10.);
#1173=VECTOR('',#4516,10.);
#1174=VECTOR('',#4519,10.);
#1175=VECTOR('',#4520,10.);
#1176=VECTOR('',#4521,10.);
#1177=VECTOR('',#4522,10.);
#1178=VECTOR('',#4523,10.);
#1179=VECTOR('',#4524,10.);
#1180=VECTOR('',#4525,11.2863170396305);
#1181=VECTOR('',#4526,10.);
#1182=VECTOR('',#4527,10.);
#1183=VECTOR('',#4532,2.50045534627464);
#1184=VECTOR('',#4535,2.50045534627464);
#1185=VECTOR('',#4548,10.);
#1186=VECTOR('',#4551,10.);
#1187=VECTOR('',#4554,10.);
#1188=VECTOR('',#4557,10.);
#1189=VECTOR('',#4558,10.);
#1190=VECTOR('',#4561,10.);
#1191=VECTOR('',#4564,10.);
#1192=VECTOR('',#4567,10.);
#1193=VECTOR('',#4570,10.);
#1194=VECTOR('',#4571,10.);
#1195=VECTOR('',#4576,2.50045534627464);
#1196=VECTOR('',#4581,10.);
#1197=VECTOR('',#4582,10.);
#1198=VECTOR('',#4583,10.);
#1199=VECTOR('',#4586,10.);
#1200=VECTOR('',#4589,10.);
#1201=VECTOR('',#4592,10.);
#1202=VECTOR('',#4595,10.);
#1203=VECTOR('',#4598,10.);
#1204=VECTOR('',#4601,10.);
#1205=VECTOR('',#4604,10.);
#1206=VECTOR('',#4607,10.);
#1207=VECTOR('',#4610,10.);
#1208=VECTOR('',#4613,10.);
#1209=VECTOR('',#4614,10.);
#1210=VECTOR('',#4615,10.);
#1211=VECTOR('',#4618,10.);
#1212=VECTOR('',#4621,10.);
#1213=VECTOR('',#4622,10.);
#1214=VECTOR('',#4625,10.);
#1215=VECTOR('',#4628,10.);
#1216=VECTOR('',#4631,10.);
#1217=VECTOR('',#4634,10.);
#1218=VECTOR('',#4637,10.);
#1219=VECTOR('',#4638,10.);
#1220=VECTOR('',#4643,10.);
#1221=VECTOR('',#4644,6.20951063053045);
#1222=VECTOR('',#4645,10.);
#1223=VECTOR('',#4646,10.);
#1224=VECTOR('',#4647,10.);
#1225=VECTOR('',#4652,5.74288001605909);
#1226=VECTOR('',#4653,10.);
#1227=VECTOR('',#4654,10.);
#1228=VECTOR('',#4655,10.);
#1229=VECTOR('',#4658,10.);
#1230=VECTOR('',#4659,10.);
#1231=VECTOR('',#4660,10.);
#1232=VECTOR('',#4665,10.);
#1233=VECTOR('',#4668,10.);
#1234=VECTOR('',#4671,10.);
#1235=VECTOR('',#4672,10.);
#1236=VECTOR('',#4673,10.);
#1237=VECTOR('',#4678,10.);
#1238=VECTOR('',#4683,10.);
#1239=VECTOR('',#4684,10.);
#1240=VECTOR('',#4685,10.);
#1241=VECTOR('',#4690,10.);
#1242=VECTOR('',#4695,10.);
#1243=VECTOR('',#4696,10.);
#1244=VECTOR('',#4697,10.);
#1245=VECTOR('',#4700,10.);
#1246=VECTOR('',#4701,10.);
#1247=VECTOR('',#4702,10.);
#1248=VECTOR('',#4705,10.);
#1249=VECTOR('',#4710,10.);
#1250=VECTOR('',#4711,10.);
#1251=VECTOR('',#4712,10.);
#1252=VECTOR('',#4717,10.);
#1253=VECTOR('',#4722,10.);
#1254=VECTOR('',#4723,10.);
#1255=VECTOR('',#4724,10.);
#1256=VECTOR('',#4729,10.);
#1257=VECTOR('',#4734,10.);
#1258=VECTOR('',#4735,10.);
#1259=VECTOR('',#4736,10.);
#1260=VECTOR('',#4741,10.);
#1261=VECTOR('',#4746,10.);
#1262=VECTOR('',#4747,10.);
#1263=VECTOR('',#4748,10.);
#1264=VECTOR('',#4753,10.);
#1265=VECTOR('',#4758,10.);
#1266=VECTOR('',#4759,10.);
#1267=VECTOR('',#4760,10.);
#1268=VECTOR('',#4765,10.);
#1269=VECTOR('',#4770,10.);
#1270=VECTOR('',#4771,10.);
#1271=VECTOR('',#4772,10.);
#1272=VECTOR('',#4777,10.);
#1273=VECTOR('',#4782,10.);
#1274=VECTOR('',#4783,10.);
#1275=VECTOR('',#4784,10.);
#1276=VECTOR('',#4789,10.);
#1277=VECTOR('',#4794,10.);
#1278=VECTOR('',#4795,10.);
#1279=VECTOR('',#4796,10.);
#1280=VECTOR('',#4801,10.);
#1281=VECTOR('',#4806,10.);
#1282=VECTOR('',#4807,10.);
#1283=VECTOR('',#4808,10.);
#1284=VECTOR('',#4813,10.);
#1285=VECTOR('',#4818,10.);
#1286=VECTOR('',#4819,10.);
#1287=VECTOR('',#4820,10.);
#1288=VECTOR('',#4825,10.);
#1289=VECTOR('',#4830,10.);
#1290=VECTOR('',#4831,10.);
#1291=VECTOR('',#4832,10.);
#1292=VECTOR('',#4835,10.);
#1293=VECTOR('',#4836,10.);
#1294=VECTOR('',#4837,10.);
#1295=VECTOR('',#4842,10.);
#1296=VECTOR('',#4843,10.);
#1297=VECTOR('',#4844,10.);
#1298=VECTOR('',#4849,10.);
#1299=VECTOR('',#4854,10.);
#1300=VECTOR('',#4855,10.);
#1301=VECTOR('',#4856,10.);
#1302=VECTOR('',#4861,10.);
#1303=VECTOR('',#4866,10.);
#1304=VECTOR('',#4867,10.);
#1305=VECTOR('',#4868,10.);
#1306=VECTOR('',#4873,10.);
#1307=VECTOR('',#4878,10.);
#1308=VECTOR('',#4879,10.);
#1309=VECTOR('',#4880,10.);
#1310=VECTOR('',#4885,10.);
#1311=VECTOR('',#4890,10.);
#1312=VECTOR('',#4891,10.);
#1313=VECTOR('',#4892,10.);
#1314=VECTOR('',#4897,10.);
#1315=VECTOR('',#4902,10.);
#1316=VECTOR('',#4903,10.);
#1317=VECTOR('',#4904,10.);
#1318=VECTOR('',#4909,10.);
#1319=VECTOR('',#4914,10.);
#1320=VECTOR('',#4915,10.);
#1321=VECTOR('',#4916,10.);
#1322=VECTOR('',#4921,10.);
#1323=VECTOR('',#4926,10.);
#1324=VECTOR('',#4927,10.);
#1325=VECTOR('',#4930,10.);
#1326=VECTOR('',#4933,10.);
#1327=VECTOR('',#4938,10.);
#1328=VECTOR('',#4941,10.);
#1329=VECTOR('',#4944,10.);
#1330=VECTOR('',#4945,10.);
#1331=VECTOR('',#4946,10.);
#1332=VECTOR('',#4951,10.);
#1333=VECTOR('',#4956,10.);
#1334=VECTOR('',#4957,10.);
#1335=VECTOR('',#4958,10.);
#1336=VECTOR('',#4963,10.);
#1337=VECTOR('',#4968,10.);
#1338=VECTOR('',#4969,10.);
#1339=VECTOR('',#4970,10.);
#1340=VECTOR('',#4973,10.);
#1341=VECTOR('',#4974,10.);
#1342=VECTOR('',#4975,10.);
#1343=VECTOR('',#4984,10.);
#1344=VECTOR('',#4989,10.);
#1345=VECTOR('',#4990,10.);
#1346=VECTOR('',#4991,10.);
#1347=VECTOR('',#4996,10.);
#1348=VECTOR('',#5001,10.);
#1349=VECTOR('',#5002,10.);
#1350=VECTOR('',#5003,10.);
#1351=VECTOR('',#5008,10.);
#1352=VECTOR('',#5013,10.);
#1353=VECTOR('',#5014,10.);
#1354=VECTOR('',#5015,10.);
#1355=VECTOR('',#5020,10.);
#1356=VECTOR('',#5025,10.);
#1357=VECTOR('',#5026,10.);
#1358=VECTOR('',#5027,10.);
#1359=VECTOR('',#5032,10.);
#1360=VECTOR('',#5037,10.);
#1361=VECTOR('',#5038,10.);
#1362=VECTOR('',#5039,10.);
#1363=VECTOR('',#5044,10.);
#1364=VECTOR('',#5049,10.);
#1365=VECTOR('',#5050,10.);
#1366=VECTOR('',#5051,10.);
#1367=VECTOR('',#5056,10.);
#1368=VECTOR('',#5061,10.);
#1369=VECTOR('',#5062,10.);
#1370=VECTOR('',#5063,10.);
#1371=VECTOR('',#5068,10.);
#1372=VECTOR('',#5073,10.);
#1373=VECTOR('',#5074,10.);
#1374=VECTOR('',#5075,10.);
#1375=VECTOR('',#5080,10.);
#1376=VECTOR('',#5085,10.);
#1377=VECTOR('',#5086,10.);
#1378=VECTOR('',#5087,10.);
#1379=VECTOR('',#5092,10.);
#1380=VECTOR('',#5097,10.);
#1381=VECTOR('',#5098,10.);
#1382=VECTOR('',#5099,10.);
#1383=VECTOR('',#5104,10.);
#1384=VECTOR('',#5109,10.);
#1385=VECTOR('',#5110,10.);
#1386=VECTOR('',#5111,10.);
#1387=VECTOR('',#5114,10.);
#1388=VECTOR('',#5115,10.);
#1389=VECTOR('',#5116,10.);
#1390=VECTOR('',#5121,10.);
#1391=VECTOR('',#5122,10.);
#1392=VECTOR('',#5123,10.);
#1393=VECTOR('',#5128,10.);
#1394=VECTOR('',#5133,10.);
#1395=VECTOR('',#5134,10.);
#1396=VECTOR('',#5135,10.);
#1397=VECTOR('',#5140,10.);
#1398=VECTOR('',#5145,10.);
#1399=VECTOR('',#5146,10.);
#1400=VECTOR('',#5147,10.);
#1401=VECTOR('',#5152,10.);
#1402=VECTOR('',#5157,10.);
#1403=VECTOR('',#5158,10.);
#1404=VECTOR('',#5159,10.);
#1405=VECTOR('',#5164,10.);
#1406=VECTOR('',#5169,10.);
#1407=VECTOR('',#5170,10.);
#1408=VECTOR('',#5171,10.);
#1409=VECTOR('',#5176,10.);
#1410=VECTOR('',#5181,10.);
#1411=VECTOR('',#5182,10.);
#1412=VECTOR('',#5183,10.);
#1413=VECTOR('',#5188,10.);
#1414=VECTOR('',#5193,10.);
#1415=VECTOR('',#5194,10.);
#1416=VECTOR('',#5195,10.);
#1417=VECTOR('',#5200,10.);
#1418=VECTOR('',#5205,10.);
#1419=VECTOR('',#5206,10.);
#1420=VECTOR('',#5211,2.50048733838469);
#1421=VECTOR('',#5216,2.50048733838465);
#1422=VECTOR('',#5219,10.);
#1423=VECTOR('',#5224,2.50048733838469);
#1424=VECTOR('',#5229,2.50048733838472);
#1425=VECTOR('',#5234,2.50048733838465);
#1426=VECTOR('',#5237,10.);
#1427=VECTOR('',#5238,10.);
#1428=VECTOR('',#5241,10.);
#1429=VECTOR('',#5242,10.);
#1430=VECTOR('',#5243,10.);
#1431=VECTOR('',#5244,10.);
#1432=VECTOR('',#5245,10.);
#1433=VECTOR('',#5248,10.);
#1434=VECTOR('',#5255,10.);
#1435=VECTOR('',#5256,28.398911673482);
#1436=VECTOR('',#5257,10.);
#1437=VECTOR('',#5258,10.);
#1438=VECTOR('',#5259,13.2275604318299);
#1439=VECTOR('',#5260,10.);
#1440=VECTOR('',#5265,10.);
#1441=VECTOR('',#5268,10.);
#1442=VECTOR('',#5269,10.);
#1443=VECTOR('',#5270,10.);
#1444=VECTOR('',#5275,10.);
#1445=VECTOR('',#5278,10.);
#1446=VECTOR('',#5279,13.2275604318303);
#1447=VECTOR('',#5280,10.);
#1448=VECTOR('',#5281,11.2863170396309);
#1449=VECTOR('',#5282,10.);
#1450=VECTOR('',#5283,10.);
#1451=VECTOR('',#5286,10.);
#1452=VECTOR('',#5291,10.);
#1453=VECTOR('',#5292,10.);
#1454=VECTOR('',#5295,10.);
#1455=VECTOR('',#5298,10.);
#1456=VECTOR('',#5299,10.);
#1457=VECTOR('',#5300,10.);
#1458=VECTOR('',#5301,10.);
#1459=VECTOR('',#5306,10.);
#1460=VECTOR('',#5307,10.);
#1461=VECTOR('',#5308,10.);
#1462=VECTOR('',#5309,10.);
#1463=VECTOR('',#5310,10.);
#1464=VECTOR('',#5311,10.);
#1465=VECTOR('',#5312,10.);
#1466=VECTOR('',#5317,10.);
#1467=VECTOR('',#5320,10.);
#1468=VECTOR('',#5331,10.);
#1469=VECTOR('',#5334,10.);
#1470=VECTOR('',#5337,13.);
#1471=VECTOR('',#5340,10.);
#1472=VECTOR('',#5341,10.);
#1473=VECTOR('',#5344,10.);
#1474=VECTOR('',#5345,10.);
#1475=VECTOR('',#5350,10.);
#1476=VECTOR('',#5353,10.);
#1477=VECTOR('',#5362,10.);
#1478=VECTOR('',#5363,10.);
#1479=VECTOR('',#5366,10.);
#1480=VECTOR('',#5367,10.);
#1481=VECTOR('',#5370,10.);
#1482=VECTOR('',#5377,4.);
#1483=VECTOR('',#5382,1.6);
#1484=VECTOR('',#5391,1.6);
#1485=VECTOR('',#5394,13.);
#1486=VECTOR('',#5399,10.);
#1487=VECTOR('',#5400,10.);
#1488=VECTOR('',#5403,10.);
#1489=VECTOR('',#5410,10.);
#1490=VECTOR('',#5411,10.);
#1491=VECTOR('',#5414,10.);
#1492=VECTOR('',#5415,10.);
#1493=VECTOR('',#5420,10.);
#1494=VECTOR('',#5423,10.);
#1495=VECTOR('',#5424,10.);
#1496=VECTOR('',#5429,10.);
#1497=VECTOR('',#5430,10.);
#1498=VECTOR('',#5433,10.);
#1499=VECTOR('',#5438,10.);
#1500=VECTOR('',#5441,10.);
#1501=VECTOR('',#5442,10.);
#1502=VECTOR('',#5443,10.);
#1503=VECTOR('',#5446,10.);
#1504=VECTOR('',#5447,10.);
#1505=VECTOR('',#5450,10.);
#1506=VECTOR('',#5451,10.);
#1507=VECTOR('',#5456,10.);
#1508=VECTOR('',#5459,10.);
#1509=VECTOR('',#5460,10.);
#1510=VECTOR('',#5465,10.);
#1511=VECTOR('',#5468,10.);
#1512=VECTOR('',#5469,10.);
#1513=VECTOR('',#5474,10.);
#1514=VECTOR('',#5477,10.);
#1515=VECTOR('',#5478,10.);
#1516=VECTOR('',#5483,10.);
#1517=VECTOR('',#5486,10.);
#1518=VECTOR('',#5487,10.);
#1519=VECTOR('',#5492,10.);
#1520=VECTOR('',#5495,10.);
#1521=VECTOR('',#5496,10.);
#1522=VECTOR('',#5501,10.);
#1523=VECTOR('',#5504,10.);
#1524=VECTOR('',#5505,10.);
#1525=VECTOR('',#5510,10.);
#1526=VECTOR('',#5513,10.);
#1527=VECTOR('',#5514,10.);
#1528=VECTOR('',#5519,10.);
#1529=VECTOR('',#5522,10.);
#1530=VECTOR('',#5523,10.);
#1531=VECTOR('',#5528,10.);
#1532=VECTOR('',#5531,10.);
#1533=VECTOR('',#5532,10.);
#1534=VECTOR('',#5537,10.);
#1535=VECTOR('',#5540,10.);
#1536=VECTOR('',#5541,10.);
#1537=VECTOR('',#5544,10.);
#1538=VECTOR('',#5545,10.);
#1539=VECTOR('',#5548,10.);
#1540=VECTOR('',#5549,10.);
#1541=VECTOR('',#5554,10.);
#1542=VECTOR('',#5557,10.);
#1543=VECTOR('',#5558,10.);
#1544=VECTOR('',#5561,10.);
#1545=VECTOR('',#5568,10.);
#1546=VECTOR('',#5569,10.);
#1547=VECTOR('',#5574,10.);
#1548=VECTOR('',#5577,10.);
#1549=VECTOR('',#5578,10.);
#1550=VECTOR('',#5583,10.);
#1551=VECTOR('',#5586,10.);
#1552=VECTOR('',#5587,10.);
#1553=VECTOR('',#5592,10.);
#1554=VECTOR('',#5595,10.);
#1555=VECTOR('',#5596,10.);
#1556=VECTOR('',#5601,10.);
#1557=VECTOR('',#5604,10.);
#1558=VECTOR('',#5605,10.);
#1559=VECTOR('',#5608,10.);
#1560=VECTOR('',#5615,10.);
#1561=VECTOR('',#5616,10.);
#1562=VECTOR('',#5623,10.);
#1563=B_SPLINE_CURVE_WITH_KNOTS('',3,(#5630,#5631,#5632,#5633,#5634,#5635,
#5636,#5637),.UNSPECIFIED.,.F.,.F.,(4,2,2,4),(-0.557315344371531,-0.329895737405696,
-0.129691795215597,-0.123218690311116),.UNSPECIFIED.);
#1564=B_SPLINE_CURVE_WITH_KNOTS('',3,(#5643,#5644,#5645,#5646),
 .UNSPECIFIED.,.F.,.F.,(4,4),(-0.0505054102697351,-0.0504578789968438),
 .UNSPECIFIED.);
#1565=B_SPLINE_CURVE_WITH_KNOTS('',3,(#5652,#5653,#5654,#5655,#5656,#5657),
 .UNSPECIFIED.,.F.,.F.,(4,2,4),(-2.75542100419484,-2.33119576245089,-1.95250209145258),
 .UNSPECIFIED.);
#1566=B_SPLINE_CURVE_WITH_KNOTS('',3,(#5660,#5661,#5662,#5663),
 .UNSPECIFIED.,.F.,.F.,(4,4),(-0.0630301882573493,-0.0629712181163627),
 .UNSPECIFIED.);
#1567=B_SPLINE_CURVE_WITH_KNOTS('',3,(#5766,#5767,#5768,#5769,#5770,#5771,
#5772,#5773,#5774,#5775,#5776,#5777,#5778,#5779,#5780,#5781,#5782,#5783,
#5784,#5785,#5786,#5787,#5788,#5789,#5790,#5791,#5792,#5793,#5794,#5795,
#5796,#5797,#5798,#5799,#5800,#5801,#5802,#5803,#5804,#5805,#5806,#5807,
#5808,#5809,#5810,#5811,#5812,#5813,#5814,#5815,#5816,#5817,#5818,#5819,
#5820,#5821,#5822,#5823,#5824,#5825,#5826),.UNSPECIFIED.,.F.,.F.,(4,3,3,
3,3,3,3,3,3,3,3,3,3,3,3,3,3,3,3,3,4),(-87.8292108048977,-74.4585620258746,
-66.74901450228,-59.3681144911494,-45.2886326033538,-38.248891659456,-34.7290211875071,
-32.2009006857329,-31.2091507155582,-28.2327375715507,-26.6429064942665,
-24.8390607671558,-24.1746868799164,-21.7569446640119,-11.1703807890193,
-5.87709885152296,-3.23045788277481,-1.90713739840073,-1.50671554704361,
-0.583816914026652,-0.057780323849246),.UNSPECIFIED.);
#1568=B_SPLINE_CURVE_WITH_KNOTS('',3,(#5828,#5829,#5830,#5831),
 .UNSPECIFIED.,.F.,.F.,(4,4),(-0.0649981497048579,0.),.UNSPECIFIED.);
#1569=B_SPLINE_CURVE_WITH_KNOTS('',3,(#5858,#5859,#5860,#5861),
 .UNSPECIFIED.,.F.,.F.,(4,4),(-0.123825248607352,-0.0575773971054216),
 .UNSPECIFIED.);
#1570=B_SPLINE_CURVE_WITH_KNOTS('',3,(#5896,#5897,#5898,#5899,#5900,#5901,
#5902,#5903,#5904,#5905,#5906,#5907,#5908,#5909,#5910,#5911,#5912),
 .UNSPECIFIED.,.F.,.F.,(4,3,2,2,2,2,2,4),(0.757534963543104,0.761251640224616,
0.79653560030287,0.831819560381123,0.871206275854289,0.951564550280771,
1.03192282470725,1.05007587207763),.UNSPECIFIED.);
#1571=B_SPLINE_CURVE_WITH_KNOTS('',3,(#5916,#5917,#5918,#5919,#5920,#5921,
#5922,#5923,#5924,#5925,#5926,#5927,#5928,#5929,#5930,#5931),
 .UNSPECIFIED.,.F.,.F.,(4,2,2,2,2,2,2,4),(0.415294967515913,0.429571207505084,
0.512157337989675,0.594743468474268,0.629852021174382,0.656364235913641,
0.669620343283271,0.680637888850688),.UNSPECIFIED.);
#1572=B_SPLINE_CURVE_WITH_KNOTS('',3,(#5936,#5937,#5938,#5939,#5940,#5941,
#5942,#5943,#5944,#5945),.UNSPECIFIED.,.F.,.F.,(4,2,2,2,4),(0.343676787128657,
0.354694332696078,0.367950440065708,0.394462654804968,0.415294967515913),
 .UNSPECIFIED.);
#1573=B_SPLINE_CURVE_WITH_KNOTS('',3,(#5948,#5949,#5950,#5951,#5952,#5953,
#5954,#5955,#5956,#5957),.UNSPECIFIED.,.F.,.F.,(4,2,2,2,4),(1.05007587207763,
1.07130954018042,1.10659350025867,1.14187746033693,1.14559413701844),
 .UNSPECIFIED.);
#1574=B_SPLINE_CURVE_WITH_KNOTS('',3,(#5960,#5961,#5962,#5963,#5964,#5965,
#5966,#5967,#5968,#5969,#5970,#5971,#5972,#5973,#5974,#5975,#5976,#5977,
#5978,#5979,#5980,#5981),.UNSPECIFIED.,.F.,.F.,(4,2,2,2,2,2,2,2,2,2,4),
(0.341710209282513,0.351867692476721,0.365022777858141,0.39133294862098,
0.426192932054637,0.508068910642953,0.589944889231269,0.624804872664926,
0.651115043427765,0.664270128809184,0.674427612003392),.UNSPECIFIED.);
#1575=B_SPLINE_CURVE_WITH_KNOTS('',3,(#5985,#5986,#5987,#5988,#5989,#5990,
#5991,#5992,#5993,#5994,#5995,#5996,#5997,#5998,#5999,#6000,#6001,#6002,
#6003,#6004,#6005,#6006,#6007),.UNSPECIFIED.,.F.,.F.,(4,3,2,2,2,2,2,2,2,
2,4),(0.75651441404805,0.761485267170912,0.796779752363371,0.832074237555829,
0.871472242239067,0.951856583963641,1.03224092568822,1.07163893037146,1.10693341556391,
1.14222790075637,1.14719875387923),.UNSPECIFIED.);
#1576=B_SPLINE_CURVE_WITH_KNOTS('',3,(#6818,#6819,#6820,#6821,#6822,#6823,
#6824,#6825,#6826,#6827,#6828,#6829,#6830,#6831,#6832,#6833,#6834,#6835,
#6836,#6837),.UNSPECIFIED.,.F.,.F.,(4,2,2,2,2,2,2,2,2,4),(-0.336924541224015,
-0.330944412356088,-0.308258209108734,-0.279895566800119,-0.241099580516372,
-0.178414385974624,-0.105702597663698,-0.0607290142181932,-0.0201798283378011,
-0.0175105004071206),.UNSPECIFIED.);
#1577=B_SPLINE_CURVE_WITH_KNOTS('',3,(#6842,#6843,#6844,#6845,#6846,#6847,
#6848,#6849,#6850,#6851,#6852,#6853,#6854,#6855,#6856,#6857,#6858,#6859,
#6860,#6861,#6862,#6863),.UNSPECIFIED.,.F.,.F.,(4,3,3,3,3,3,3,4),(0.442864697827873,
0.52959318244895,0.592883533057944,0.699161019712277,0.786793152867608,
0.830795258779917,0.920777463109598,0.930836701125964),.UNSPECIFIED.);
#1578=B_SPLINE_CURVE_WITH_KNOTS('',3,(#6871,#6872,#6873,#6874,#6875,#6876,
#6877,#6878,#6879,#6880,#6881,#6882,#6883,#6884,#6885,#6886),
 .UNSPECIFIED.,.F.,.F.,(4,3,3,3,3,4),(0.0998771249935949,0.194803449416557,
0.258162502581038,0.367908172722733,0.476788951543131,0.556684533750053),
 .UNSPECIFIED.);
#1579=B_SPLINE_CURVE_WITH_KNOTS('',3,(#6939,#6940,#6941,#6942),
 .UNSPECIFIED.,.F.,.F.,(4,4),(-1.10538387380359E-15,1.),.UNSPECIFIED.);
#1580=B_SPLINE_CURVE_WITH_KNOTS('',3,(#6956,#6957,#6958,#6959),
 .UNSPECIFIED.,.F.,.F.,(4,4),(-1.,1.73123210060967E-18),.UNSPECIFIED.);
#1581=B_SPLINE_CURVE_WITH_KNOTS('',3,(#6965,#6966,#6967,#6968,#6969,#6970,
#6971,#6972,#6973,#6974,#6975,#6976,#6977,#6978,#6979,#6980,#6981,#6982,
#6983,#6984,#6985),.UNSPECIFIED.,.F.,.F.,(4,2,2,2,2,2,3,2,2,4),(-0.302613684875604,
-0.279074951284989,-0.221759899709058,-0.138645808152652,-0.0720498989170991,
-0.0296665700692318,0.,0.0156753196818481,0.0428109850600418,0.0467914535841414),
 .UNSPECIFIED.);
#1582=VERTEX_POINT('',#5628);
#1583=VERTEX_POINT('',#5629);
#1584=VERTEX_POINT('',#5638);
#1585=VERTEX_POINT('',#5642);
#1586=VERTEX_POINT('',#5647);
#1587=VERTEX_POINT('',#5651);
#1588=VERTEX_POINT('',#5764);
#1589=VERTEX_POINT('',#5765);
#1590=VERTEX_POINT('',#5827);
#1591=VERTEX_POINT('',#5832);
#1592=VERTEX_POINT('',#5834);
#1593=VERTEX_POINT('',#5836);
#1594=VERTEX_POINT('',#5838);
#1595=VERTEX_POINT('',#5840);
#1596=VERTEX_POINT('',#5842);
#1597=VERTEX_POINT('',#5844);
#1598=VERTEX_POINT('',#5846);
#1599=VERTEX_POINT('',#5848);
#1600=VERTEX_POINT('',#5850);
#1601=VERTEX_POINT('',#5852);
#1602=VERTEX_POINT('',#5854);
#1603=VERTEX_POINT('',#5856);
#1604=VERTEX_POINT('',#5863);
#1605=VERTEX_POINT('',#5865);
#1606=VERTEX_POINT('',#5867);
#1607=VERTEX_POINT('',#5869);
#1608=VERTEX_POINT('',#5871);
#1609=VERTEX_POINT('',#5873);
#1610=VERTEX_POINT('',#5875);
#1611=VERTEX_POINT('',#5877);
#1612=VERTEX_POINT('',#5879);
#1613=VERTEX_POINT('',#5881);
#1614=VERTEX_POINT('',#5884);
#1615=VERTEX_POINT('',#5885);
#1616=VERTEX_POINT('',#5887);
#1617=VERTEX_POINT('',#5891);
#1618=VERTEX_POINT('',#5893);
#1619=VERTEX_POINT('',#5895);
#1620=VERTEX_POINT('',#5913);
#1621=VERTEX_POINT('',#5915);
#1622=VERTEX_POINT('',#5932);
#1623=VERTEX_POINT('',#5935);
#1624=VERTEX_POINT('',#5946);
#1625=VERTEX_POINT('',#5958);
#1626=VERTEX_POINT('',#5959);
#1627=VERTEX_POINT('',#5982);
#1628=VERTEX_POINT('',#5984);
#1629=VERTEX_POINT('',#6011);
#1630=VERTEX_POINT('',#6013);
#1631=VERTEX_POINT('',#6015);
#1632=VERTEX_POINT('',#6017);
#1633=VERTEX_POINT('',#6021);
#1634=VERTEX_POINT('',#6025);
#1635=VERTEX_POINT('',#6027);
#1636=VERTEX_POINT('',#6029);
#1637=VERTEX_POINT('',#6031);
#1638=VERTEX_POINT('',#6035);
#1639=VERTEX_POINT('',#6039);
#1640=VERTEX_POINT('',#6041);
#1641=VERTEX_POINT('',#6045);
#1642=VERTEX_POINT('',#6046);
#1643=VERTEX_POINT('',#6048);
#1644=VERTEX_POINT('',#6050);
#1645=VERTEX_POINT('',#6052);
#1646=VERTEX_POINT('',#6054);
#1647=VERTEX_POINT('',#6056);
#1648=VERTEX_POINT('',#6058);
#1649=VERTEX_POINT('',#6060);
#1650=VERTEX_POINT('',#6062);
#1651=VERTEX_POINT('',#6064);
#1652=VERTEX_POINT('',#6066);
#1653=VERTEX_POINT('',#6068);
#1654=VERTEX_POINT('',#6070);
#1655=VERTEX_POINT('',#6072);
#1656=VERTEX_POINT('',#6074);
#1657=VERTEX_POINT('',#6076);
#1658=VERTEX_POINT('',#6078);
#1659=VERTEX_POINT('',#6080);
#1660=VERTEX_POINT('',#6082);
#1661=VERTEX_POINT('',#6084);
#1662=VERTEX_POINT('',#6086);
#1663=VERTEX_POINT('',#6088);
#1664=VERTEX_POINT('',#6090);
#1665=VERTEX_POINT('',#6092);
#1666=VERTEX_POINT('',#6094);
#1667=VERTEX_POINT('',#6096);
#1668=VERTEX_POINT('',#6098);
#1669=VERTEX_POINT('',#6100);
#1670=VERTEX_POINT('',#6103);
#1671=VERTEX_POINT('',#6105);
#1672=VERTEX_POINT('',#6107);
#1673=VERTEX_POINT('',#6109);
#1674=VERTEX_POINT('',#6111);
#1675=VERTEX_POINT('',#6113);
#1676=VERTEX_POINT('',#6115);
#1677=VERTEX_POINT('',#6117);
#1678=VERTEX_POINT('',#6119);
#1679=VERTEX_POINT('',#6121);
#1680=VERTEX_POINT('',#6124);
#1681=VERTEX_POINT('',#6151);
#1682=VERTEX_POINT('',#6153);
#1683=VERTEX_POINT('',#6155);
#1684=VERTEX_POINT('',#6182);
#1685=VERTEX_POINT('',#6184);
#1686=VERTEX_POINT('',#6186);
#1687=VERTEX_POINT('',#6188);
#1688=VERTEX_POINT('',#6190);
#1689=VERTEX_POINT('',#6192);
#1690=VERTEX_POINT('',#6231);
#1691=VERTEX_POINT('',#6233);
#1692=VERTEX_POINT('',#6236);
#1693=VERTEX_POINT('',#6240);
#1694=VERTEX_POINT('',#6241);
#1695=VERTEX_POINT('',#6243);
#1696=VERTEX_POINT('',#6245);
#1697=VERTEX_POINT('',#6249);
#1698=VERTEX_POINT('',#6251);
#1699=VERTEX_POINT('',#6255);
#1700=VERTEX_POINT('',#6257);
#1701=VERTEX_POINT('',#6261);
#1702=VERTEX_POINT('',#6263);
#1703=VERTEX_POINT('',#6267);
#1704=VERTEX_POINT('',#6269);
#1705=VERTEX_POINT('',#6273);
#1706=VERTEX_POINT('',#6275);
#1707=VERTEX_POINT('',#6279);
#1708=VERTEX_POINT('',#6281);
#1709=VERTEX_POINT('',#6284);
#1710=VERTEX_POINT('',#6286);
#1711=VERTEX_POINT('',#6287);
#1712=VERTEX_POINT('',#6291);
#1713=VERTEX_POINT('',#6293);
#1714=VERTEX_POINT('',#6297);
#1715=VERTEX_POINT('',#6299);
#1716=VERTEX_POINT('',#6303);
#1717=VERTEX_POINT('',#6305);
#1718=VERTEX_POINT('',#6309);
#1719=VERTEX_POINT('',#6311);
#1720=VERTEX_POINT('',#6315);
#1721=VERTEX_POINT('',#6317);
#1722=VERTEX_POINT('',#6321);
#1723=VERTEX_POINT('',#6323);
#1724=VERTEX_POINT('',#6327);
#1725=VERTEX_POINT('',#6329);
#1726=VERTEX_POINT('',#6333);
#1727=VERTEX_POINT('',#6335);
#1728=VERTEX_POINT('',#6339);
#1729=VERTEX_POINT('',#6341);
#1730=VERTEX_POINT('',#6345);
#1731=VERTEX_POINT('',#6347);
#1732=VERTEX_POINT('',#6351);
#1733=VERTEX_POINT('',#6353);
#1734=VERTEX_POINT('',#6357);
#1735=VERTEX_POINT('',#6359);
#1736=VERTEX_POINT('',#6363);
#1737=VERTEX_POINT('',#6365);
#1738=VERTEX_POINT('',#6369);
#1739=VERTEX_POINT('',#6371);
#1740=VERTEX_POINT('',#6375);
#1741=VERTEX_POINT('',#6377);
#1742=VERTEX_POINT('',#6381);
#1743=VERTEX_POINT('',#6383);
#1744=VERTEX_POINT('',#6387);
#1745=VERTEX_POINT('',#6389);
#1746=VERTEX_POINT('',#6393);
#1747=VERTEX_POINT('',#6395);
#1748=VERTEX_POINT('',#6399);
#1749=VERTEX_POINT('',#6401);
#1750=VERTEX_POINT('',#6405);
#1751=VERTEX_POINT('',#6407);
#1752=VERTEX_POINT('',#6411);
#1753=VERTEX_POINT('',#6413);
#1754=VERTEX_POINT('',#6417);
#1755=VERTEX_POINT('',#6419);
#1756=VERTEX_POINT('',#6422);
#1757=VERTEX_POINT('',#6425);
#1758=VERTEX_POINT('',#6427);
#1759=VERTEX_POINT('',#6431);
#1760=VERTEX_POINT('',#6433);
#1761=VERTEX_POINT('',#6437);
#1762=VERTEX_POINT('',#6439);
#1763=VERTEX_POINT('',#6443);
#1764=VERTEX_POINT('',#6445);
#1765=VERTEX_POINT('',#6449);
#1766=VERTEX_POINT('',#6451);
#1767=VERTEX_POINT('',#6455);
#1768=VERTEX_POINT('',#6457);
#1769=VERTEX_POINT('',#6461);
#1770=VERTEX_POINT('',#6463);
#1771=VERTEX_POINT('',#6467);
#1772=VERTEX_POINT('',#6469);
#1773=VERTEX_POINT('',#6473);
#1774=VERTEX_POINT('',#6475);
#1775=VERTEX_POINT('',#6479);
#1776=VERTEX_POINT('',#6481);
#1777=VERTEX_POINT('',#6485);
#1778=VERTEX_POINT('',#6487);
#1779=VERTEX_POINT('',#6491);
#1780=VERTEX_POINT('',#6493);
#1781=VERTEX_POINT('',#6497);
#1782=VERTEX_POINT('',#6499);
#1783=VERTEX_POINT('',#6503);
#1784=VERTEX_POINT('',#6505);
#1785=VERTEX_POINT('',#6512);
#1786=VERTEX_POINT('',#6514);
#1787=VERTEX_POINT('',#6518);
#1788=VERTEX_POINT('',#6519);
#1789=VERTEX_POINT('',#6521);
#1790=VERTEX_POINT('',#6523);
#1791=VERTEX_POINT('',#6527);
#1792=VERTEX_POINT('',#6529);
#1793=VERTEX_POINT('',#6533);
#1794=VERTEX_POINT('',#6535);
#1795=VERTEX_POINT('',#6539);
#1796=VERTEX_POINT('',#6541);
#1797=VERTEX_POINT('',#6545);
#1798=VERTEX_POINT('',#6547);
#1799=VERTEX_POINT('',#6551);
#1800=VERTEX_POINT('',#6553);
#1801=VERTEX_POINT('',#6557);
#1802=VERTEX_POINT('',#6559);
#1803=VERTEX_POINT('',#6562);
#1804=VERTEX_POINT('',#6564);
#1805=VERTEX_POINT('',#6567);
#1806=VERTEX_POINT('',#6569);
#1807=VERTEX_POINT('',#6573);
#1808=VERTEX_POINT('',#6575);
#1809=VERTEX_POINT('',#6579);
#1810=VERTEX_POINT('',#6581);
#1811=VERTEX_POINT('',#6585);
#1812=VERTEX_POINT('',#6587);
#1813=VERTEX_POINT('',#6591);
#1814=VERTEX_POINT('',#6593);
#1815=VERTEX_POINT('',#6597);
#1816=VERTEX_POINT('',#6599);
#1817=VERTEX_POINT('',#6603);
#1818=VERTEX_POINT('',#6605);
#1819=VERTEX_POINT('',#6609);
#1820=VERTEX_POINT('',#6611);
#1821=VERTEX_POINT('',#6615);
#1822=VERTEX_POINT('',#6617);
#1823=VERTEX_POINT('',#6621);
#1824=VERTEX_POINT('',#6623);
#1825=VERTEX_POINT('',#6627);
#1826=VERTEX_POINT('',#6629);
#1827=VERTEX_POINT('',#6633);
#1828=VERTEX_POINT('',#6635);
#1829=VERTEX_POINT('',#6639);
#1830=VERTEX_POINT('',#6641);
#1831=VERTEX_POINT('',#6645);
#1832=VERTEX_POINT('',#6647);
#1833=VERTEX_POINT('',#6651);
#1834=VERTEX_POINT('',#6653);
#1835=VERTEX_POINT('',#6657);
#1836=VERTEX_POINT('',#6659);
#1837=VERTEX_POINT('',#6663);
#1838=VERTEX_POINT('',#6665);
#1839=VERTEX_POINT('',#6669);
#1840=VERTEX_POINT('',#6671);
#1841=VERTEX_POINT('',#6675);
#1842=VERTEX_POINT('',#6677);
#1843=VERTEX_POINT('',#6681);
#1844=VERTEX_POINT('',#6683);
#1845=VERTEX_POINT('',#6687);
#1846=VERTEX_POINT('',#6689);
#1847=VERTEX_POINT('',#6693);
#1848=VERTEX_POINT('',#6695);
#1849=VERTEX_POINT('',#6699);
#1850=VERTEX_POINT('',#6701);
#1851=VERTEX_POINT('',#6704);
#1852=VERTEX_POINT('',#6707);
#1853=VERTEX_POINT('',#6709);
#1854=VERTEX_POINT('',#6713);
#1855=VERTEX_POINT('',#6715);
#1856=VERTEX_POINT('',#6719);
#1857=VERTEX_POINT('',#6721);
#1858=VERTEX_POINT('',#6725);
#1859=VERTEX_POINT('',#6727);
#1860=VERTEX_POINT('',#6731);
#1861=VERTEX_POINT('',#6733);
#1862=VERTEX_POINT('',#6737);
#1863=VERTEX_POINT('',#6739);
#1864=VERTEX_POINT('',#6743);
#1865=VERTEX_POINT('',#6745);
#1866=VERTEX_POINT('',#6749);
#1867=VERTEX_POINT('',#6751);
#1868=VERTEX_POINT('',#6755);
#1869=VERTEX_POINT('',#6757);
#1870=VERTEX_POINT('',#6761);
#1871=VERTEX_POINT('',#6763);
#1872=VERTEX_POINT('',#6767);
#1873=VERTEX_POINT('',#6769);
#1874=VERTEX_POINT('',#6773);
#1875=VERTEX_POINT('',#6775);
#1876=VERTEX_POINT('',#6779);
#1877=VERTEX_POINT('',#6781);
#1878=VERTEX_POINT('',#6785);
#1879=VERTEX_POINT('',#6787);
#1880=VERTEX_POINT('',#6794);
#1881=VERTEX_POINT('',#6798);
#1882=VERTEX_POINT('',#6804);
#1883=VERTEX_POINT('',#6808);
#1884=VERTEX_POINT('',#6812);
#1885=VERTEX_POINT('',#6816);
#1886=VERTEX_POINT('',#6817);
#1887=VERTEX_POINT('',#6841);
#1888=VERTEX_POINT('',#6864);
#1889=VERTEX_POINT('',#6866);
#1890=VERTEX_POINT('',#6868);
#1891=VERTEX_POINT('',#6870);
#1892=VERTEX_POINT('',#6887);
#1893=VERTEX_POINT('',#6889);
#1894=VERTEX_POINT('',#6891);
#1895=VERTEX_POINT('',#6893);
#1896=VERTEX_POINT('',#6896);
#1897=VERTEX_POINT('',#6899);
#1898=VERTEX_POINT('',#6918);
#1899=VERTEX_POINT('',#6920);
#1900=VERTEX_POINT('',#6945);
#1901=VERTEX_POINT('',#6947);
#1902=VERTEX_POINT('',#6949);
#1903=VERTEX_POINT('',#6951);
#1904=VERTEX_POINT('',#6953);
#1905=VERTEX_POINT('',#6955);
#1906=VERTEX_POINT('',#6961);
#1907=VERTEX_POINT('',#6964);
#1908=VERTEX_POINT('',#6986);
#1909=VERTEX_POINT('',#7005);
#1910=VERTEX_POINT('',#7007);
#1911=VERTEX_POINT('',#7009);
#1912=VERTEX_POINT('',#7033);
#1913=VERTEX_POINT('',#7034);
#1914=VERTEX_POINT('',#7039);
#1915=VERTEX_POINT('',#7041);
#1916=VERTEX_POINT('',#7044);
#1917=VERTEX_POINT('',#7046);
#1918=VERTEX_POINT('',#7049);
#1919=VERTEX_POINT('',#7052);
#1920=VERTEX_POINT('',#7054);
#1921=VERTEX_POINT('',#7057);
#1922=VERTEX_POINT('',#7060);
#1923=VERTEX_POINT('',#7064);
#1924=VERTEX_POINT('',#7068);
#1925=VERTEX_POINT('',#7071);
#1926=VERTEX_POINT('',#7073);
#1927=VERTEX_POINT('',#7075);
#1928=VERTEX_POINT('',#7084);
#1929=VERTEX_POINT('',#7088);
#1930=VERTEX_POINT('',#7103);
#1931=VERTEX_POINT('',#7110);
#1932=VERTEX_POINT('',#7114);
#1933=VERTEX_POINT('',#7118);
#1934=VERTEX_POINT('',#7120);
#1935=VERTEX_POINT('',#7128);
#1936=VERTEX_POINT('',#7135);
#1937=VERTEX_POINT('',#7136);
#1938=VERTEX_POINT('',#7141);
#1939=VERTEX_POINT('',#7145);
#1940=VERTEX_POINT('',#7149);
#1941=VERTEX_POINT('',#7153);
#1942=VERTEX_POINT('',#7154);
#1943=VERTEX_POINT('',#7161);
#1944=VERTEX_POINT('',#7165);
#1945=VERTEX_POINT('',#7167);
#1946=VERTEX_POINT('',#7171);
#1947=VERTEX_POINT('',#7175);
#1948=VERTEX_POINT('',#7179);
#1949=VERTEX_POINT('',#7183);
#1950=VERTEX_POINT('',#7187);
#1951=VERTEX_POINT('',#7191);
#1952=VERTEX_POINT('',#7195);
#1953=VERTEX_POINT('',#7199);
#1954=VERTEX_POINT('',#7203);
#1955=VERTEX_POINT('',#7207);
#1956=VERTEX_POINT('',#7211);
#1957=VERTEX_POINT('',#7215);
#1958=VERTEX_POINT('',#7219);
#1959=VERTEX_POINT('',#7223);
#1960=VERTEX_POINT('',#7227);
#1961=VERTEX_POINT('',#7231);
#1962=VERTEX_POINT('',#7235);
#1963=VERTEX_POINT('',#7239);
#1964=VERTEX_POINT('',#7243);
#1965=VERTEX_POINT('',#7247);
#1966=VERTEX_POINT('',#7251);
#1967=VERTEX_POINT('',#7255);
#1968=VERTEX_POINT('',#7259);
#1969=VERTEX_POINT('',#7263);
#1970=VERTEX_POINT('',#7267);
#1971=VERTEX_POINT('',#7271);
#1972=VERTEX_POINT('',#7279);
#1973=VERTEX_POINT('',#7283);
#1974=VERTEX_POINT('',#7287);
#1975=VERTEX_POINT('',#7291);
#1976=VERTEX_POINT('',#7295);
#1977=VERTEX_POINT('',#7299);
#1978=VERTEX_POINT('',#7303);
#1979=VERTEX_POINT('',#7307);
#1980=VERTEX_POINT('',#7311);
#1981=VERTEX_POINT('',#7319);
#1982=EDGE_CURVE('',#1582,#1583,#1563,.T.);
#1983=EDGE_CURVE('',#1582,#1584,#749,.T.);
#1984=EDGE_CURVE('',#1583,#1584,#750,.T.);
#1985=EDGE_CURVE('',#1583,#1585,#1564,.T.);
#1986=EDGE_CURVE('',#1584,#1586,#751,.T.);
#1987=EDGE_CURVE('',#1585,#1586,#752,.T.);
#1988=EDGE_CURVE('',#1585,#1587,#1565,.T.);
#1989=EDGE_CURVE('',#1586,#1587,#753,.T.);
#1990=EDGE_CURVE('',#1587,#1582,#1566,.T.);
#1991=EDGE_CURVE('',#1588,#1589,#1567,.T.);
#1992=EDGE_CURVE('',#1589,#1590,#1568,.T.);
#1993=EDGE_CURVE('',#1590,#1591,#754,.T.);
#1994=EDGE_CURVE('',#1592,#1591,#755,.T.);
#1995=EDGE_CURVE('',#1592,#1593,#756,.T.);
#1996=EDGE_CURVE('',#1594,#1593,#147,.T.);
#1997=EDGE_CURVE('',#1594,#1595,#757,.T.);
#1998=EDGE_CURVE('',#1595,#1596,#758,.T.);
#1999=EDGE_CURVE('',#1597,#1596,#148,.T.);
#2000=EDGE_CURVE('',#1598,#1597,#149,.T.);
#2001=EDGE_CURVE('',#1598,#1599,#759,.T.);
#2002=EDGE_CURVE('',#1599,#1600,#760,.T.);
#2003=EDGE_CURVE('',#1601,#1600,#150,.T.);
#2004=EDGE_CURVE('',#1601,#1602,#761,.T.);
#2005=EDGE_CURVE('',#1602,#1603,#762,.T.);
#2006=EDGE_CURVE('',#1603,#1588,#1569,.T.);
#2007=EDGE_CURVE('',#1590,#1604,#763,.T.);
#2008=EDGE_CURVE('',#1605,#1604,#764,.T.);
#2009=EDGE_CURVE('',#1606,#1605,#765,.T.);
#2010=EDGE_CURVE('',#1606,#1607,#766,.T.);
#2011=EDGE_CURVE('',#1608,#1607,#130,.T.);
#2012=EDGE_CURVE('',#1608,#1609,#767,.T.);
#2013=EDGE_CURVE('',#1610,#1609,#768,.T.);
#2014=EDGE_CURVE('',#1610,#1611,#769,.T.);
#2015=EDGE_CURVE('',#1611,#1612,#770,.T.);
#2016=EDGE_CURVE('',#1613,#1612,#771,.T.);
#2017=EDGE_CURVE('',#1591,#1613,#772,.T.);
#2018=EDGE_CURVE('',#1614,#1615,#773,.T.);
#2019=EDGE_CURVE('',#1616,#1614,#774,.T.);
#2020=EDGE_CURVE('',#1616,#1615,#775,.T.);
#2021=EDGE_CURVE('',#1617,#1617,#151,.T.);
#2022=EDGE_CURVE('',#1617,#1618,#776,.T.);
#2023=EDGE_CURVE('',#1619,#1618,#1570,.T.);
#2024=EDGE_CURVE('',#1620,#1619,#131,.T.);
#2025=EDGE_CURVE('',#1621,#1620,#1571,.T.);
#2026=EDGE_CURVE('',#1621,#1622,#777,.T.);
#2027=EDGE_CURVE('',#1622,#1622,#152,.T.);
#2028=EDGE_CURVE('',#1623,#1621,#1572,.T.);
#2029=EDGE_CURVE('',#1624,#1623,#132,.T.);
#2030=EDGE_CURVE('',#1618,#1624,#1573,.T.);
#2031=EDGE_CURVE('',#1625,#1626,#1574,.T.);
#2032=EDGE_CURVE('',#1627,#1625,#133,.T.);
#2033=EDGE_CURVE('',#1628,#1627,#1575,.T.);
#2034=EDGE_CURVE('',#1626,#1628,#134,.T.);
#2035=EDGE_CURVE('',#1620,#1629,#778,.T.);
#2036=EDGE_CURVE('',#1630,#1629,#153,.T.);
#2037=EDGE_CURVE('',#1631,#1630,#779,.T.);
#2038=EDGE_CURVE('',#1632,#1631,#154,.T.);
#2039=EDGE_CURVE('',#1632,#1623,#780,.T.);
#2040=EDGE_CURVE('',#1619,#1633,#781,.T.);
#2041=EDGE_CURVE('',#1629,#1633,#782,.T.);
#2042=EDGE_CURVE('',#1627,#1634,#783,.T.);
#2043=EDGE_CURVE('',#1635,#1634,#155,.T.);
#2044=EDGE_CURVE('',#1636,#1635,#784,.T.);
#2045=EDGE_CURVE('',#1637,#1636,#156,.T.);
#2046=EDGE_CURVE('',#1637,#1628,#785,.T.);
#2047=EDGE_CURVE('',#1625,#1638,#786,.T.);
#2048=EDGE_CURVE('',#1634,#1638,#787,.T.);
#2049=EDGE_CURVE('',#1639,#1639,#157,.T.);
#2050=EDGE_CURVE('',#1639,#1640,#788,.T.);
#2051=EDGE_CURVE('',#1640,#1640,#135,.T.);
#2052=EDGE_CURVE('',#1641,#1642,#789,.T.);
#2053=EDGE_CURVE('',#1642,#1643,#790,.T.);
#2054=EDGE_CURVE('',#1643,#1644,#791,.T.);
#2055=EDGE_CURVE('',#1644,#1645,#158,.T.);
#2056=EDGE_CURVE('',#1645,#1646,#792,.T.);
#2057=EDGE_CURVE('',#1646,#1647,#159,.T.);
#2058=EDGE_CURVE('',#1647,#1648,#793,.T.);
#2059=EDGE_CURVE('',#1648,#1649,#160,.T.);
#2060=EDGE_CURVE('',#1649,#1650,#794,.T.);
#2061=EDGE_CURVE('',#1650,#1651,#161,.T.);
#2062=EDGE_CURVE('',#1651,#1652,#795,.T.);
#2063=EDGE_CURVE('',#1652,#1653,#162,.T.);
#2064=EDGE_CURVE('',#1653,#1654,#796,.T.);
#2065=EDGE_CURVE('',#1654,#1655,#163,.T.);
#2066=EDGE_CURVE('',#1655,#1656,#797,.T.);
#2067=EDGE_CURVE('',#1656,#1657,#164,.T.);
#2068=EDGE_CURVE('',#1657,#1658,#798,.T.);
#2069=EDGE_CURVE('',#1658,#1659,#165,.T.);
#2070=EDGE_CURVE('',#1659,#1660,#799,.T.);
#2071=EDGE_CURVE('',#1660,#1661,#166,.T.);
#2072=EDGE_CURVE('',#1661,#1662,#800,.T.);
#2073=EDGE_CURVE('',#1662,#1663,#167,.T.);
#2074=EDGE_CURVE('',#1663,#1664,#801,.T.);
#2075=EDGE_CURVE('',#1664,#1665,#802,.T.);
#2076=EDGE_CURVE('',#1665,#1666,#803,.T.);
#2077=EDGE_CURVE('',#1666,#1667,#168,.T.);
#2078=EDGE_CURVE('',#1667,#1668,#804,.T.);
#2079=EDGE_CURVE('',#1668,#1669,#169,.T.);
#2080=EDGE_CURVE('',#1669,#1632,#805,.T.);
#2081=EDGE_CURVE('',#1631,#1670,#806,.T.);
#2082=EDGE_CURVE('',#1670,#1671,#170,.T.);
#2083=EDGE_CURVE('',#1671,#1672,#807,.T.);
#2084=EDGE_CURVE('',#1672,#1673,#171,.T.);
#2085=EDGE_CURVE('',#1673,#1674,#808,.T.);
#2086=EDGE_CURVE('',#1674,#1675,#172,.T.);
#2087=EDGE_CURVE('',#1675,#1676,#809,.T.);
#2088=EDGE_CURVE('',#1676,#1677,#173,.T.);
#2089=EDGE_CURVE('',#1677,#1678,#810,.T.);
#2090=EDGE_CURVE('',#1678,#1679,#174,.T.);
#2091=EDGE_CURVE('',#1679,#1637,#811,.T.);
#2092=EDGE_CURVE('',#1636,#1680,#812,.T.);
#2093=EDGE_CURVE('',#1680,#1641,#175,.T.);
#2094=EDGE_CURVE('',#1681,#1601,#176,.T.);
#2095=EDGE_CURVE('',#1681,#1682,#813,.T.);
#2096=EDGE_CURVE('',#1682,#1683,#814,.T.);
#2097=EDGE_CURVE('',#1602,#1683,#815,.T.);
#2098=EDGE_CURVE('',#1682,#1684,#816,.T.);
#2099=EDGE_CURVE('',#1684,#1685,#817,.T.);
#2100=EDGE_CURVE('',#1686,#1685,#177,.T.);
#2101=EDGE_CURVE('',#1687,#1686,#178,.T.);
#2102=EDGE_CURVE('',#1687,#1688,#818,.T.);
#2103=EDGE_CURVE('',#1688,#1689,#819,.T.);
#2104=EDGE_CURVE('',#1689,#1683,#820,.T.);
#2105=EDGE_CURVE('',#1688,#1690,#821,.T.);
#2106=EDGE_CURVE('',#1691,#1687,#179,.T.);
#2107=EDGE_CURVE('',#1691,#1592,#822,.T.);
#2108=EDGE_CURVE('',#1692,#1591,#823,.T.);
#2109=EDGE_CURVE('',#1690,#1692,#824,.T.);
#2110=EDGE_CURVE('',#1693,#1694,#180,.T.);
#2111=EDGE_CURVE('',#1694,#1695,#825,.T.);
#2112=EDGE_CURVE('',#1696,#1695,#181,.T.);
#2113=EDGE_CURVE('',#1693,#1696,#826,.T.);
#2114=EDGE_CURVE('',#1694,#1697,#827,.T.);
#2115=EDGE_CURVE('',#1697,#1698,#828,.T.);
#2116=EDGE_CURVE('',#1695,#1698,#829,.T.);
#2117=EDGE_CURVE('',#1697,#1699,#182,.T.);
#2118=EDGE_CURVE('',#1699,#1700,#830,.T.);
#2119=EDGE_CURVE('',#1698,#1700,#183,.T.);
#2120=EDGE_CURVE('',#1699,#1701,#831,.T.);
#2121=EDGE_CURVE('',#1701,#1702,#832,.T.);
#2122=EDGE_CURVE('',#1700,#1702,#833,.T.);
#2123=EDGE_CURVE('',#1701,#1703,#184,.T.);
#2124=EDGE_CURVE('',#1703,#1704,#834,.T.);
#2125=EDGE_CURVE('',#1702,#1704,#185,.T.);
#2126=EDGE_CURVE('',#1703,#1705,#835,.T.);
#2127=EDGE_CURVE('',#1705,#1706,#836,.T.);
#2128=EDGE_CURVE('',#1704,#1706,#837,.T.);
#2129=EDGE_CURVE('',#1705,#1707,#838,.T.);
#2130=EDGE_CURVE('',#1707,#1708,#839,.T.);
#2131=EDGE_CURVE('',#1706,#1708,#840,.T.);
#2132=EDGE_CURVE('',#1709,#1709,#186,.T.);
#2133=EDGE_CURVE('',#1710,#1711,#841,.T.);
#2134=EDGE_CURVE('',#1711,#1710,#187,.T.);
#2135=EDGE_CURVE('',#1707,#1712,#842,.T.);
#2136=EDGE_CURVE('',#1712,#1713,#843,.T.);
#2137=EDGE_CURVE('',#1708,#1713,#844,.T.);
#2138=EDGE_CURVE('',#1712,#1714,#188,.T.);
#2139=EDGE_CURVE('',#1714,#1715,#845,.T.);
#2140=EDGE_CURVE('',#1713,#1715,#189,.T.);
#2141=EDGE_CURVE('',#1714,#1716,#846,.T.);
#2142=EDGE_CURVE('',#1716,#1717,#847,.T.);
#2143=EDGE_CURVE('',#1715,#1717,#848,.T.);
#2144=EDGE_CURVE('',#1716,#1718,#190,.T.);
#2145=EDGE_CURVE('',#1718,#1719,#849,.T.);
#2146=EDGE_CURVE('',#1717,#1719,#191,.T.);
#2147=EDGE_CURVE('',#1718,#1720,#850,.T.);
#2148=EDGE_CURVE('',#1720,#1721,#851,.T.);
#2149=EDGE_CURVE('',#1719,#1721,#852,.T.);
#2150=EDGE_CURVE('',#1720,#1722,#192,.T.);
#2151=EDGE_CURVE('',#1722,#1723,#853,.T.);
#2152=EDGE_CURVE('',#1721,#1723,#193,.T.);
#2153=EDGE_CURVE('',#1722,#1724,#854,.T.);
#2154=EDGE_CURVE('',#1724,#1725,#855,.T.);
#2155=EDGE_CURVE('',#1723,#1725,#856,.T.);
#2156=EDGE_CURVE('',#1726,#1724,#194,.T.);
#2157=EDGE_CURVE('',#1726,#1727,#857,.T.);
#2158=EDGE_CURVE('',#1725,#1727,#195,.T.);
#2159=EDGE_CURVE('',#1726,#1728,#858,.T.);
#2160=EDGE_CURVE('',#1728,#1729,#859,.T.);
#2161=EDGE_CURVE('',#1727,#1729,#860,.T.);
#2162=EDGE_CURVE('',#1730,#1728,#196,.T.);
#2163=EDGE_CURVE('',#1730,#1731,#861,.T.);
#2164=EDGE_CURVE('',#1729,#1731,#197,.T.);
#2165=EDGE_CURVE('',#1730,#1732,#862,.T.);
#2166=EDGE_CURVE('',#1732,#1733,#863,.T.);
#2167=EDGE_CURVE('',#1731,#1733,#864,.T.);
#2168=EDGE_CURVE('',#1734,#1732,#198,.T.);
#2169=EDGE_CURVE('',#1734,#1735,#865,.T.);
#2170=EDGE_CURVE('',#1733,#1735,#199,.T.);
#2171=EDGE_CURVE('',#1734,#1736,#866,.T.);
#2172=EDGE_CURVE('',#1736,#1737,#867,.T.);
#2173=EDGE_CURVE('',#1735,#1737,#868,.T.);
#2174=EDGE_CURVE('',#1738,#1736,#200,.T.);
#2175=EDGE_CURVE('',#1738,#1739,#869,.T.);
#2176=EDGE_CURVE('',#1737,#1739,#201,.T.);
#2177=EDGE_CURVE('',#1738,#1740,#870,.T.);
#2178=EDGE_CURVE('',#1740,#1741,#871,.T.);
#2179=EDGE_CURVE('',#1739,#1741,#872,.T.);
#2180=EDGE_CURVE('',#1740,#1742,#202,.T.);
#2181=EDGE_CURVE('',#1742,#1743,#873,.T.);
#2182=EDGE_CURVE('',#1741,#1743,#203,.T.);
#2183=EDGE_CURVE('',#1742,#1744,#874,.T.);
#2184=EDGE_CURVE('',#1744,#1745,#875,.T.);
#2185=EDGE_CURVE('',#1743,#1745,#876,.T.);
#2186=EDGE_CURVE('',#1744,#1746,#204,.T.);
#2187=EDGE_CURVE('',#1746,#1747,#877,.T.);
#2188=EDGE_CURVE('',#1745,#1747,#205,.T.);
#2189=EDGE_CURVE('',#1746,#1748,#878,.T.);
#2190=EDGE_CURVE('',#1748,#1749,#879,.T.);
#2191=EDGE_CURVE('',#1747,#1749,#880,.T.);
#2192=EDGE_CURVE('',#1748,#1750,#206,.T.);
#2193=EDGE_CURVE('',#1750,#1751,#881,.T.);
#2194=EDGE_CURVE('',#1749,#1751,#207,.T.);
#2195=EDGE_CURVE('',#1750,#1752,#882,.T.);
#2196=EDGE_CURVE('',#1752,#1753,#883,.T.);
#2197=EDGE_CURVE('',#1751,#1753,#884,.T.);
#2198=EDGE_CURVE('',#1754,#1752,#885,.T.);
#2199=EDGE_CURVE('',#1754,#1755,#886,.T.);
#2200=EDGE_CURVE('',#1753,#1755,#887,.T.);
#2201=EDGE_CURVE('',#1756,#1756,#208,.T.);
#2202=EDGE_CURVE('',#1754,#1757,#888,.T.);
#2203=EDGE_CURVE('',#1757,#1758,#889,.T.);
#2204=EDGE_CURVE('',#1755,#1758,#890,.T.);
#2205=EDGE_CURVE('',#1757,#1759,#209,.T.);
#2206=EDGE_CURVE('',#1759,#1760,#891,.T.);
#2207=EDGE_CURVE('',#1758,#1760,#210,.T.);
#2208=EDGE_CURVE('',#1759,#1761,#892,.T.);
#2209=EDGE_CURVE('',#1761,#1762,#893,.T.);
#2210=EDGE_CURVE('',#1760,#1762,#894,.T.);
#2211=EDGE_CURVE('',#1761,#1763,#211,.T.);
#2212=EDGE_CURVE('',#1763,#1764,#895,.T.);
#2213=EDGE_CURVE('',#1762,#1764,#212,.T.);
#2214=EDGE_CURVE('',#1763,#1765,#896,.T.);
#2215=EDGE_CURVE('',#1765,#1766,#897,.T.);
#2216=EDGE_CURVE('',#1764,#1766,#898,.T.);
#2217=EDGE_CURVE('',#1765,#1767,#213,.T.);
#2218=EDGE_CURVE('',#1767,#1768,#899,.T.);
#2219=EDGE_CURVE('',#1766,#1768,#214,.T.);
#2220=EDGE_CURVE('',#1767,#1769,#900,.T.);
#2221=EDGE_CURVE('',#1769,#1770,#901,.T.);
#2222=EDGE_CURVE('',#1768,#1770,#902,.T.);
#2223=EDGE_CURVE('',#1771,#1769,#215,.T.);
#2224=EDGE_CURVE('',#1771,#1772,#903,.T.);
#2225=EDGE_CURVE('',#1770,#1772,#216,.T.);
#2226=EDGE_CURVE('',#1771,#1773,#904,.T.);
#2227=EDGE_CURVE('',#1773,#1774,#905,.T.);
#2228=EDGE_CURVE('',#1772,#1774,#906,.T.);
#2229=EDGE_CURVE('',#1775,#1773,#217,.T.);
#2230=EDGE_CURVE('',#1775,#1776,#907,.T.);
#2231=EDGE_CURVE('',#1774,#1776,#218,.T.);
#2232=EDGE_CURVE('',#1775,#1777,#908,.T.);
#2233=EDGE_CURVE('',#1777,#1778,#909,.T.);
#2234=EDGE_CURVE('',#1776,#1778,#910,.T.);
#2235=EDGE_CURVE('',#1779,#1777,#219,.T.);
#2236=EDGE_CURVE('',#1779,#1780,#911,.T.);
#2237=EDGE_CURVE('',#1778,#1780,#220,.T.);
#2238=EDGE_CURVE('',#1779,#1781,#912,.T.);
#2239=EDGE_CURVE('',#1781,#1782,#913,.T.);
#2240=EDGE_CURVE('',#1780,#1782,#914,.T.);
#2241=EDGE_CURVE('',#1783,#1781,#221,.T.);
#2242=EDGE_CURVE('',#1783,#1784,#915,.T.);
#2243=EDGE_CURVE('',#1782,#1784,#222,.T.);
#2244=EDGE_CURVE('',#1783,#1693,#916,.T.);
#2245=EDGE_CURVE('',#1784,#1696,#917,.T.);
#2246=EDGE_CURVE('',#1785,#1710,#918,.T.);
#2247=EDGE_CURVE('',#1786,#1785,#223,.T.);
#2248=EDGE_CURVE('',#1786,#1711,#919,.T.);
#2249=EDGE_CURVE('',#1787,#1788,#224,.T.);
#2250=EDGE_CURVE('',#1788,#1789,#920,.T.);
#2251=EDGE_CURVE('',#1790,#1789,#225,.T.);
#2252=EDGE_CURVE('',#1787,#1790,#921,.T.);
#2253=EDGE_CURVE('',#1788,#1791,#922,.T.);
#2254=EDGE_CURVE('',#1791,#1792,#923,.T.);
#2255=EDGE_CURVE('',#1789,#1792,#924,.T.);
#2256=EDGE_CURVE('',#1791,#1793,#226,.T.);
#2257=EDGE_CURVE('',#1793,#1794,#925,.T.);
#2258=EDGE_CURVE('',#1792,#1794,#227,.T.);
#2259=EDGE_CURVE('',#1793,#1795,#926,.T.);
#2260=EDGE_CURVE('',#1795,#1796,#927,.T.);
#2261=EDGE_CURVE('',#1794,#1796,#928,.T.);
#2262=EDGE_CURVE('',#1795,#1797,#228,.T.);
#2263=EDGE_CURVE('',#1797,#1798,#929,.T.);
#2264=EDGE_CURVE('',#1796,#1798,#229,.T.);
#2265=EDGE_CURVE('',#1797,#1799,#930,.T.);
#2266=EDGE_CURVE('',#1799,#1800,#931,.T.);
#2267=EDGE_CURVE('',#1798,#1800,#932,.T.);
#2268=EDGE_CURVE('',#1799,#1801,#933,.T.);
#2269=EDGE_CURVE('',#1801,#1802,#934,.T.);
#2270=EDGE_CURVE('',#1800,#1802,#935,.T.);
#2271=EDGE_CURVE('',#1803,#1803,#136,.T.);
#2272=EDGE_CURVE('',#1804,#1804,#137,.T.);
#2273=EDGE_CURVE('',#1801,#1805,#230,.T.);
#2274=EDGE_CURVE('',#1805,#1806,#936,.T.);
#2275=EDGE_CURVE('',#1802,#1806,#231,.T.);
#2276=EDGE_CURVE('',#1805,#1807,#937,.T.);
#2277=EDGE_CURVE('',#1807,#1808,#938,.T.);
#2278=EDGE_CURVE('',#1806,#1808,#939,.T.);
#2279=EDGE_CURVE('',#1807,#1809,#232,.T.);
#2280=EDGE_CURVE('',#1809,#1810,#940,.T.);
#2281=EDGE_CURVE('',#1808,#1810,#233,.T.);
#2282=EDGE_CURVE('',#1809,#1811,#941,.T.);
#2283=EDGE_CURVE('',#1811,#1812,#942,.T.);
#2284=EDGE_CURVE('',#1810,#1812,#943,.T.);
#2285=EDGE_CURVE('',#1811,#1813,#234,.T.);
#2286=EDGE_CURVE('',#1813,#1814,#944,.T.);
#2287=EDGE_CURVE('',#1812,#1814,#235,.T.);
#2288=EDGE_CURVE('',#1813,#1815,#945,.T.);
#2289=EDGE_CURVE('',#1815,#1816,#946,.T.);
#2290=EDGE_CURVE('',#1814,#1816,#947,.T.);
#2291=EDGE_CURVE('',#1815,#1817,#236,.T.);
#2292=EDGE_CURVE('',#1817,#1818,#948,.T.);
#2293=EDGE_CURVE('',#1816,#1818,#237,.T.);
#2294=EDGE_CURVE('',#1817,#1819,#949,.T.);
#2295=EDGE_CURVE('',#1819,#1820,#950,.T.);
#2296=EDGE_CURVE('',#1818,#1820,#951,.T.);
#2297=EDGE_CURVE('',#1821,#1819,#238,.T.);
#2298=EDGE_CURVE('',#1821,#1822,#952,.T.);
#2299=EDGE_CURVE('',#1820,#1822,#239,.T.);
#2300=EDGE_CURVE('',#1821,#1823,#953,.T.);
#2301=EDGE_CURVE('',#1823,#1824,#954,.T.);
#2302=EDGE_CURVE('',#1822,#1824,#955,.T.);
#2303=EDGE_CURVE('',#1825,#1823,#240,.T.);
#2304=EDGE_CURVE('',#1825,#1826,#956,.T.);
#2305=EDGE_CURVE('',#1824,#1826,#241,.T.);
#2306=EDGE_CURVE('',#1825,#1827,#957,.T.);
#2307=EDGE_CURVE('',#1827,#1828,#958,.T.);
#2308=EDGE_CURVE('',#1826,#1828,#959,.T.);
#2309=EDGE_CURVE('',#1829,#1827,#242,.T.);
#2310=EDGE_CURVE('',#1829,#1830,#960,.T.);
#2311=EDGE_CURVE('',#1828,#1830,#243,.T.);
#2312=EDGE_CURVE('',#1829,#1831,#961,.T.);
#2313=EDGE_CURVE('',#1831,#1832,#962,.T.);
#2314=EDGE_CURVE('',#1830,#1832,#963,.T.);
#2315=EDGE_CURVE('',#1833,#1831,#244,.T.);
#2316=EDGE_CURVE('',#1833,#1834,#964,.T.);
#2317=EDGE_CURVE('',#1832,#1834,#245,.T.);
#2318=EDGE_CURVE('',#1833,#1835,#965,.T.);
#2319=EDGE_CURVE('',#1835,#1836,#966,.T.);
#2320=EDGE_CURVE('',#1834,#1836,#967,.T.);
#2321=EDGE_CURVE('',#1835,#1837,#246,.T.);
#2322=EDGE_CURVE('',#1837,#1838,#968,.T.);
#2323=EDGE_CURVE('',#1836,#1838,#247,.T.);
#2324=EDGE_CURVE('',#1837,#1839,#969,.T.);
#2325=EDGE_CURVE('',#1839,#1840,#970,.T.);
#2326=EDGE_CURVE('',#1838,#1840,#971,.T.);
#2327=EDGE_CURVE('',#1839,#1841,#248,.T.);
#2328=EDGE_CURVE('',#1841,#1842,#972,.T.);
#2329=EDGE_CURVE('',#1840,#1842,#249,.T.);
#2330=EDGE_CURVE('',#1841,#1843,#973,.T.);
#2331=EDGE_CURVE('',#1843,#1844,#974,.T.);
#2332=EDGE_CURVE('',#1842,#1844,#975,.T.);
#2333=EDGE_CURVE('',#1843,#1845,#250,.T.);
#2334=EDGE_CURVE('',#1845,#1846,#976,.T.);
#2335=EDGE_CURVE('',#1844,#1846,#251,.T.);
#2336=EDGE_CURVE('',#1845,#1847,#977,.T.);
#2337=EDGE_CURVE('',#1847,#1848,#978,.T.);
#2338=EDGE_CURVE('',#1846,#1848,#979,.T.);
#2339=EDGE_CURVE('',#1847,#1849,#980,.T.);
#2340=EDGE_CURVE('',#1849,#1850,#981,.T.);
#2341=EDGE_CURVE('',#1848,#1850,#982,.T.);
#2342=EDGE_CURVE('',#1851,#1851,#252,.T.);
#2343=EDGE_CURVE('',#1849,#1852,#983,.T.);
#2344=EDGE_CURVE('',#1852,#1853,#984,.T.);
#2345=EDGE_CURVE('',#1850,#1853,#985,.T.);
#2346=EDGE_CURVE('',#1852,#1854,#253,.T.);
#2347=EDGE_CURVE('',#1854,#1855,#986,.T.);
#2348=EDGE_CURVE('',#1853,#1855,#254,.T.);
#2349=EDGE_CURVE('',#1854,#1856,#987,.T.);
#2350=EDGE_CURVE('',#1856,#1857,#988,.T.);
#2351=EDGE_CURVE('',#1855,#1857,#989,.T.);
#2352=EDGE_CURVE('',#1856,#1858,#255,.T.);
#2353=EDGE_CURVE('',#1858,#1859,#990,.T.);
#2354=EDGE_CURVE('',#1857,#1859,#256,.T.);
#2355=EDGE_CURVE('',#1858,#1860,#991,.T.);
#2356=EDGE_CURVE('',#1860,#1861,#992,.T.);
#2357=EDGE_CURVE('',#1859,#1861,#993,.T.);
#2358=EDGE_CURVE('',#1860,#1862,#257,.T.);
#2359=EDGE_CURVE('',#1862,#1863,#994,.T.);
#2360=EDGE_CURVE('',#1861,#1863,#258,.T.);
#2361=EDGE_CURVE('',#1862,#1864,#995,.T.);
#2362=EDGE_CURVE('',#1864,#1865,#996,.T.);
#2363=EDGE_CURVE('',#1863,#1865,#997,.T.);
#2364=EDGE_CURVE('',#1866,#1864,#259,.T.);
#2365=EDGE_CURVE('',#1866,#1867,#998,.T.);
#2366=EDGE_CURVE('',#1865,#1867,#260,.T.);
#2367=EDGE_CURVE('',#1866,#1868,#999,.T.);
#2368=EDGE_CURVE('',#1868,#1869,#1000,.T.);
#2369=EDGE_CURVE('',#1867,#1869,#1001,.T.);
#2370=EDGE_CURVE('',#1870,#1868,#261,.T.);
#2371=EDGE_CURVE('',#1870,#1871,#1002,.T.);
#2372=EDGE_CURVE('',#1869,#1871,#262,.T.);
#2373=EDGE_CURVE('',#1870,#1872,#1003,.T.);
#2374=EDGE_CURVE('',#1872,#1873,#1004,.T.);
#2375=EDGE_CURVE('',#1871,#1873,#1005,.T.);
#2376=EDGE_CURVE('',#1874,#1872,#263,.T.);
#2377=EDGE_CURVE('',#1874,#1875,#1006,.T.);
#2378=EDGE_CURVE('',#1873,#1875,#264,.T.);
#2379=EDGE_CURVE('',#1874,#1876,#1007,.T.);
#2380=EDGE_CURVE('',#1876,#1877,#1008,.T.);
#2381=EDGE_CURVE('',#1875,#1877,#1009,.T.);
#2382=EDGE_CURVE('',#1878,#1876,#265,.T.);
#2383=EDGE_CURVE('',#1878,#1879,#1010,.T.);
#2384=EDGE_CURVE('',#1877,#1879,#266,.T.);
#2385=EDGE_CURVE('',#1878,#1787,#1011,.T.);
#2386=EDGE_CURVE('',#1879,#1790,#1012,.T.);
#2387=EDGE_CURVE('',#1880,#1880,#267,.T.);
#2388=EDGE_CURVE('',#1880,#1709,#1013,.T.);
#2389=EDGE_CURVE('',#1881,#1881,#268,.T.);
#2390=EDGE_CURVE('',#1881,#1803,#1014,.T.);
#2391=EDGE_CURVE('',#1785,#1786,#1015,.T.);
#2392=EDGE_CURVE('',#1882,#1882,#269,.T.);
#2393=EDGE_CURVE('',#1882,#1804,#1016,.T.);
#2394=EDGE_CURVE('',#1883,#1883,#270,.T.);
#2395=EDGE_CURVE('',#1883,#1756,#1017,.T.);
#2396=EDGE_CURVE('',#1884,#1884,#271,.T.);
#2397=EDGE_CURVE('',#1884,#1851,#1018,.T.);
#2398=EDGE_CURVE('',#1885,#1886,#1576,.F.);
#2399=EDGE_CURVE('',#1885,#1608,#1019,.T.);
#2400=EDGE_CURVE('',#1607,#1886,#1020,.T.);
#2401=EDGE_CURVE('',#1885,#1887,#1577,.T.);
#2402=EDGE_CURVE('',#1888,#1887,#1021,.T.);
#2403=EDGE_CURVE('',#1889,#1888,#1022,.T.);
#2404=EDGE_CURVE('',#1890,#1889,#1023,.T.);
#2405=EDGE_CURVE('',#1890,#1891,#1578,.T.);
#2406=EDGE_CURVE('',#1892,#1891,#1024,.T.);
#2407=EDGE_CURVE('',#1892,#1893,#1025,.T.);
#2408=EDGE_CURVE('',#1894,#1893,#138,.T.);
#2409=EDGE_CURVE('',#1895,#1894,#1026,.T.);
#2410=EDGE_CURVE('',#1609,#1895,#139,.T.);
#2411=EDGE_CURVE('',#1896,#1896,#272,.T.);
#2412=EDGE_CURVE('',#1897,#1606,#1027,.T.);
#2413=EDGE_CURVE('',#1897,#1886,#1028,.T.);
#2414=EDGE_CURVE('',#1898,#1614,#1029,.T.);
#2415=EDGE_CURVE('',#1615,#1899,#1030,.T.);
#2416=EDGE_CURVE('',#1898,#1899,#1031,.T.);
#2417=EDGE_CURVE('',#1898,#1897,#1579,.T.);
#2418=EDGE_CURVE('',#1899,#1887,#1032,.T.);
#2419=EDGE_CURVE('',#1900,#1605,#140,.T.);
#2420=EDGE_CURVE('',#1901,#1900,#1033,.T.);
#2421=EDGE_CURVE('',#1902,#1901,#141,.T.);
#2422=EDGE_CURVE('',#1902,#1903,#1034,.T.);
#2423=EDGE_CURVE('',#1903,#1904,#1035,.T.);
#2424=EDGE_CURVE('',#1904,#1905,#1580,.T.);
#2425=EDGE_CURVE('',#1905,#1898,#1036,.T.);
#2426=EDGE_CURVE('',#1906,#1906,#273,.T.);
#2427=EDGE_CURVE('',#1891,#1907,#1581,.T.);
#2428=EDGE_CURVE('',#1907,#1908,#1037,.T.);
#2429=EDGE_CURVE('',#1908,#1892,#142,.T.);
#2430=EDGE_CURVE('',#1909,#1905,#1038,.T.);
#2431=EDGE_CURVE('',#1905,#1910,#1039,.T.);
#2432=EDGE_CURVE('',#1910,#1911,#1040,.T.);
#2433=EDGE_CURVE('',#1909,#1911,#1041,.T.);
#2434=EDGE_CURVE('',#1904,#1907,#1042,.T.);
#2435=EDGE_CURVE('',#1890,#1910,#1043,.T.);
#2436=EDGE_CURVE('',#1903,#1908,#1044,.T.);
#2437=EDGE_CURVE('',#1912,#1913,#143,.T.);
#2438=EDGE_CURVE('',#1913,#1894,#1045,.T.);
#2439=EDGE_CURVE('',#1893,#1912,#1046,.T.);
#2440=EDGE_CURVE('',#1611,#1914,#1047,.T.);
#2441=EDGE_CURVE('',#1915,#1610,#144,.T.);
#2442=EDGE_CURVE('',#1913,#1915,#1048,.T.);
#2443=EDGE_CURVE('',#1912,#1916,#1049,.T.);
#2444=EDGE_CURVE('',#1917,#1916,#1050,.T.);
#2445=EDGE_CURVE('',#1917,#1914,#1051,.T.);
#2446=EDGE_CURVE('',#1918,#1918,#274,.T.);
#2447=EDGE_CURVE('',#1602,#1919,#1052,.T.);
#2448=EDGE_CURVE('',#1920,#1919,#1053,.T.);
#2449=EDGE_CURVE('',#1916,#1920,#1054,.T.);
#2450=EDGE_CURVE('',#1921,#1902,#1055,.T.);
#2451=EDGE_CURVE('',#1921,#1603,#1056,.T.);
#2452=EDGE_CURVE('',#1911,#1922,#1057,.T.);
#2453=EDGE_CURVE('',#1909,#1922,#1058,.T.);
#2454=EDGE_CURVE('',#1923,#1921,#145,.T.);
#2455=EDGE_CURVE('',#1901,#1923,#1059,.T.);
#2456=EDGE_CURVE('',#1924,#1923,#1060,.T.);
#2457=EDGE_CURVE('',#1604,#1924,#146,.T.);
#2458=EDGE_CURVE('',#1925,#1925,#275,.T.);
#2459=EDGE_CURVE('',#1926,#1926,#276,.T.);
#2460=EDGE_CURVE('',#1927,#1927,#277,.T.);
#2461=EDGE_CURVE('',#1924,#1900,#1061,.T.);
#2462=EDGE_CURVE('',#1895,#1915,#1062,.T.);
#2463=EDGE_CURVE('',#1896,#1918,#1063,.T.);
#2464=EDGE_CURVE('',#1914,#1928,#1064,.T.);
#2465=EDGE_CURVE('',#1612,#1928,#1065,.T.);
#2466=EDGE_CURVE('',#1929,#1920,#1066,.T.);
#2467=EDGE_CURVE('',#1917,#1929,#1067,.T.);
#2468=EDGE_CURVE('',#1616,#1888,#1068,.T.);
#2469=EDGE_CURVE('',#1889,#1922,#1069,.T.);
#2470=EDGE_CURVE('',#1914,#1688,#1070,.T.);
#2471=EDGE_CURVE('',#1683,#1917,#1071,.T.);
#2472=EDGE_CURVE('',#1930,#1929,#1072,.T.);
#2473=EDGE_CURVE('',#1683,#1930,#1073,.T.);
#2474=EDGE_CURVE('',#1919,#1930,#1074,.T.);
#2475=EDGE_CURVE('',#1931,#1931,#278,.T.);
#2476=EDGE_CURVE('',#1931,#1925,#1075,.T.);
#2477=EDGE_CURVE('',#1932,#1932,#279,.T.);
#2478=EDGE_CURVE('',#1932,#1927,#1076,.T.);
#2479=EDGE_CURVE('',#1933,#1933,#280,.T.);
#2480=EDGE_CURVE('',#1934,#1934,#281,.T.);
#2481=EDGE_CURVE('',#1934,#1926,#1077,.T.);
#2482=EDGE_CURVE('',#1906,#1933,#1078,.T.);
#2483=EDGE_CURVE('',#1688,#1935,#1079,.T.);
#2484=EDGE_CURVE('',#1928,#1935,#1080,.T.);
#2485=EDGE_CURVE('',#1935,#1613,#1081,.T.);
#2486=EDGE_CURVE('',#1936,#1937,#282,.T.);
#2487=EDGE_CURVE('',#1937,#1681,#1082,.T.);
#2488=EDGE_CURVE('',#1600,#1936,#1083,.T.);
#2489=EDGE_CURVE('',#1938,#1598,#1084,.T.);
#2490=EDGE_CURVE('',#1936,#1938,#1085,.T.);
#2491=EDGE_CURVE('',#1939,#1938,#283,.T.);
#2492=EDGE_CURVE('',#1596,#1939,#1086,.T.);
#2493=EDGE_CURVE('',#1940,#1594,#1087,.T.);
#2494=EDGE_CURVE('',#1939,#1940,#1088,.T.);
#2495=EDGE_CURVE('',#1941,#1942,#284,.T.);
#2496=EDGE_CURVE('',#1942,#1691,#1089,.T.);
#2497=EDGE_CURVE('',#1685,#1941,#1090,.T.);
#2498=EDGE_CURVE('',#1941,#1937,#1091,.T.);
#2499=EDGE_CURVE('',#1943,#1940,#285,.T.);
#2500=EDGE_CURVE('',#1593,#1943,#1092,.T.);
#2501=EDGE_CURVE('',#1641,#1944,#1093,.T.);
#2502=EDGE_CURVE('',#1945,#1944,#1094,.T.);
#2503=EDGE_CURVE('',#1642,#1945,#1095,.T.);
#2504=EDGE_CURVE('',#1946,#1945,#1096,.T.);
#2505=EDGE_CURVE('',#1643,#1946,#1097,.T.);
#2506=EDGE_CURVE('',#1947,#1946,#1098,.T.);
#2507=EDGE_CURVE('',#1644,#1947,#1099,.T.);
#2508=EDGE_CURVE('',#1948,#1947,#286,.T.);
#2509=EDGE_CURVE('',#1645,#1948,#1100,.T.);
#2510=EDGE_CURVE('',#1949,#1948,#1101,.T.);
#2511=EDGE_CURVE('',#1646,#1949,#1102,.T.);
#2512=EDGE_CURVE('',#1950,#1949,#287,.T.);
#2513=EDGE_CURVE('',#1647,#1950,#1103,.T.);
#2514=EDGE_CURVE('',#1951,#1950,#1104,.T.);
#2515=EDGE_CURVE('',#1648,#1951,#1105,.T.);
#2516=EDGE_CURVE('',#1952,#1951,#288,.T.);
#2517=EDGE_CURVE('',#1649,#1952,#1106,.T.);
#2518=EDGE_CURVE('',#1953,#1952,#1107,.T.);
#2519=EDGE_CURVE('',#1650,#1953,#1108,.T.);
#2520=EDGE_CURVE('',#1954,#1953,#289,.T.);
#2521=EDGE_CURVE('',#1651,#1954,#1109,.T.);
#2522=EDGE_CURVE('',#1955,#1954,#1110,.T.);
#2523=EDGE_CURVE('',#1652,#1955,#1111,.T.);
#2524=EDGE_CURVE('',#1956,#1955,#290,.T.);
#2525=EDGE_CURVE('',#1653,#1956,#1112,.T.);
#2526=EDGE_CURVE('',#1957,#1956,#1113,.T.);
#2527=EDGE_CURVE('',#1654,#1957,#1114,.T.);
#2528=EDGE_CURVE('',#1958,#1957,#291,.T.);
#2529=EDGE_CURVE('',#1655,#1958,#1115,.T.);
#2530=EDGE_CURVE('',#1959,#1958,#1116,.T.);
#2531=EDGE_CURVE('',#1656,#1959,#1117,.T.);
#2532=EDGE_CURVE('',#1960,#1959,#292,.T.);
#2533=EDGE_CURVE('',#1657,#1960,#1118,.T.);
#2534=EDGE_CURVE('',#1961,#1960,#1119,.T.);
#2535=EDGE_CURVE('',#1658,#1961,#1120,.T.);
#2536=EDGE_CURVE('',#1962,#1961,#293,.T.);
#2537=EDGE_CURVE('',#1659,#1962,#1121,.T.);
#2538=EDGE_CURVE('',#1963,#1962,#1122,.T.);
#2539=EDGE_CURVE('',#1660,#1963,#1123,.T.);
#2540=EDGE_CURVE('',#1964,#1963,#294,.T.);
#2541=EDGE_CURVE('',#1661,#1964,#1124,.T.);
#2542=EDGE_CURVE('',#1965,#1964,#1125,.T.);
#2543=EDGE_CURVE('',#1662,#1965,#1126,.T.);
#2544=EDGE_CURVE('',#1966,#1965,#295,.T.);
#2545=EDGE_CURVE('',#1663,#1966,#1127,.T.);
#2546=EDGE_CURVE('',#1967,#1966,#1128,.T.);
#2547=EDGE_CURVE('',#1664,#1967,#1129,.T.);
#2548=EDGE_CURVE('',#1968,#1967,#1130,.T.);
#2549=EDGE_CURVE('',#1665,#1968,#1131,.T.);
#2550=EDGE_CURVE('',#1969,#1968,#1132,.T.);
#2551=EDGE_CURVE('',#1666,#1969,#1133,.T.);
#2552=EDGE_CURVE('',#1970,#1969,#296,.T.);
#2553=EDGE_CURVE('',#1667,#1970,#1134,.T.);
#2554=EDGE_CURVE('',#1971,#1970,#1135,.T.);
#2555=EDGE_CURVE('',#1668,#1971,#1136,.T.);
#2556=EDGE_CURVE('',#1669,#1624,#1137,.T.);
#2557=EDGE_CURVE('',#1633,#1971,#297,.T.);
#2558=EDGE_CURVE('',#1972,#1630,#1138,.T.);
#2559=EDGE_CURVE('',#1670,#1972,#1139,.T.);
#2560=EDGE_CURVE('',#1973,#1972,#298,.T.);
#2561=EDGE_CURVE('',#1671,#1973,#1140,.T.);
#2562=EDGE_CURVE('',#1974,#1973,#1141,.T.);
#2563=EDGE_CURVE('',#1672,#1974,#1142,.T.);
#2564=EDGE_CURVE('',#1975,#1974,#299,.T.);
#2565=EDGE_CURVE('',#1673,#1975,#1143,.T.);
#2566=EDGE_CURVE('',#1976,#1975,#1144,.T.);
#2567=EDGE_CURVE('',#1674,#1976,#1145,.T.);
#2568=EDGE_CURVE('',#1977,#1976,#300,.T.);
#2569=EDGE_CURVE('',#1675,#1977,#1146,.T.);
#2570=EDGE_CURVE('',#1978,#1977,#1147,.T.);
#2571=EDGE_CURVE('',#1676,#1978,#1148,.T.);
#2572=EDGE_CURVE('',#1979,#1978,#301,.T.);
#2573=EDGE_CURVE('',#1677,#1979,#1149,.T.);
#2574=EDGE_CURVE('',#1980,#1979,#1150,.T.);
#2575=EDGE_CURVE('',#1678,#1980,#1151,.T.);
#2576=EDGE_CURVE('',#1679,#1626,#1152,.T.);
#2577=EDGE_CURVE('',#1638,#1980,#302,.T.);
#2578=EDGE_CURVE('',#1981,#1635,#1153,.T.);
#2579=EDGE_CURVE('',#1680,#1981,#1154,.T.);
#2580=EDGE_CURVE('',#1944,#1981,#303,.T.);
#2581=EDGE_CURVE('',#1943,#1942,#1155,.T.);
#2582=ORIENTED_EDGE('',*,*,#1982,.F.);
#2583=ORIENTED_EDGE('',*,*,#1983,.T.);
#2584=ORIENTED_EDGE('',*,*,#1984,.F.);
#2585=ORIENTED_EDGE('',*,*,#1985,.F.);
#2586=ORIENTED_EDGE('',*,*,#1984,.T.);
#2587=ORIENTED_EDGE('',*,*,#1986,.T.);
#2588=ORIENTED_EDGE('',*,*,#1987,.F.);
#2589=ORIENTED_EDGE('',*,*,#1988,.F.);
#2590=ORIENTED_EDGE('',*,*,#1987,.T.);
#2591=ORIENTED_EDGE('',*,*,#1989,.T.);
#2592=ORIENTED_EDGE('',*,*,#1990,.F.);
#2593=ORIENTED_EDGE('',*,*,#1989,.F.);
#2594=ORIENTED_EDGE('',*,*,#1986,.F.);
#2595=ORIENTED_EDGE('',*,*,#1983,.F.);
#2596=ORIENTED_EDGE('',*,*,#1991,.T.);
#2597=ORIENTED_EDGE('',*,*,#1992,.T.);
#2598=ORIENTED_EDGE('',*,*,#1993,.T.);
#2599=ORIENTED_EDGE('',*,*,#1994,.F.);
#2600=ORIENTED_EDGE('',*,*,#1995,.T.);
#2601=ORIENTED_EDGE('',*,*,#1996,.F.);
#2602=ORIENTED_EDGE('',*,*,#1997,.T.);
#2603=ORIENTED_EDGE('',*,*,#1998,.T.);
#2604=ORIENTED_EDGE('',*,*,#1999,.F.);
#2605=ORIENTED_EDGE('',*,*,#2000,.F.);
#2606=ORIENTED_EDGE('',*,*,#2001,.T.);
#2607=ORIENTED_EDGE('',*,*,#2002,.T.);
#2608=ORIENTED_EDGE('',*,*,#2003,.F.);
#2609=ORIENTED_EDGE('',*,*,#2004,.T.);
#2610=ORIENTED_EDGE('',*,*,#2005,.T.);
#2611=ORIENTED_EDGE('',*,*,#2006,.T.);
#2612=ORIENTED_EDGE('',*,*,#1993,.F.);
#2613=ORIENTED_EDGE('',*,*,#2007,.T.);
#2614=ORIENTED_EDGE('',*,*,#2008,.F.);
#2615=ORIENTED_EDGE('',*,*,#2009,.F.);
#2616=ORIENTED_EDGE('',*,*,#2010,.T.);
#2617=ORIENTED_EDGE('',*,*,#2011,.F.);
#2618=ORIENTED_EDGE('',*,*,#2012,.T.);
#2619=ORIENTED_EDGE('',*,*,#2013,.F.);
#2620=ORIENTED_EDGE('',*,*,#2014,.T.);
#2621=ORIENTED_EDGE('',*,*,#2015,.T.);
#2622=ORIENTED_EDGE('',*,*,#2016,.F.);
#2623=ORIENTED_EDGE('',*,*,#2017,.F.);
#2624=ORIENTED_EDGE('',*,*,#2018,.F.);
#2625=ORIENTED_EDGE('',*,*,#2019,.F.);
#2626=ORIENTED_EDGE('',*,*,#2020,.T.);
#2627=ORIENTED_EDGE('',*,*,#2021,.F.);
#2628=ORIENTED_EDGE('',*,*,#2022,.T.);
#2629=ORIENTED_EDGE('',*,*,#2023,.F.);
#2630=ORIENTED_EDGE('',*,*,#2024,.F.);
#2631=ORIENTED_EDGE('',*,*,#2025,.F.);
#2632=ORIENTED_EDGE('',*,*,#2026,.T.);
#2633=ORIENTED_EDGE('',*,*,#2027,.T.);
#2634=ORIENTED_EDGE('',*,*,#2026,.F.);
#2635=ORIENTED_EDGE('',*,*,#2028,.F.);
#2636=ORIENTED_EDGE('',*,*,#2029,.F.);
#2637=ORIENTED_EDGE('',*,*,#2030,.F.);
#2638=ORIENTED_EDGE('',*,*,#2022,.F.);
#2639=ORIENTED_EDGE('',*,*,#2031,.F.);
#2640=ORIENTED_EDGE('',*,*,#2032,.F.);
#2641=ORIENTED_EDGE('',*,*,#2033,.F.);
#2642=ORIENTED_EDGE('',*,*,#2034,.F.);
#2643=ORIENTED_EDGE('',*,*,#2027,.F.);
#2644=ORIENTED_EDGE('',*,*,#2028,.T.);
#2645=ORIENTED_EDGE('',*,*,#2025,.T.);
#2646=ORIENTED_EDGE('',*,*,#2035,.T.);
#2647=ORIENTED_EDGE('',*,*,#2036,.F.);
#2648=ORIENTED_EDGE('',*,*,#2037,.F.);
#2649=ORIENTED_EDGE('',*,*,#2038,.F.);
#2650=ORIENTED_EDGE('',*,*,#2039,.T.);
#2651=ORIENTED_EDGE('',*,*,#2024,.T.);
#2652=ORIENTED_EDGE('',*,*,#2040,.T.);
#2653=ORIENTED_EDGE('',*,*,#2041,.F.);
#2654=ORIENTED_EDGE('',*,*,#2035,.F.);
#2655=ORIENTED_EDGE('',*,*,#2033,.T.);
#2656=ORIENTED_EDGE('',*,*,#2042,.T.);
#2657=ORIENTED_EDGE('',*,*,#2043,.F.);
#2658=ORIENTED_EDGE('',*,*,#2044,.F.);
#2659=ORIENTED_EDGE('',*,*,#2045,.F.);
#2660=ORIENTED_EDGE('',*,*,#2046,.T.);
#2661=ORIENTED_EDGE('',*,*,#2032,.T.);
#2662=ORIENTED_EDGE('',*,*,#2047,.T.);
#2663=ORIENTED_EDGE('',*,*,#2048,.F.);
#2664=ORIENTED_EDGE('',*,*,#2042,.F.);
#2665=ORIENTED_EDGE('',*,*,#2049,.F.);
#2666=ORIENTED_EDGE('',*,*,#2050,.T.);
#2667=ORIENTED_EDGE('',*,*,#2051,.F.);
#2668=ORIENTED_EDGE('',*,*,#2050,.F.);
#2669=ORIENTED_EDGE('',*,*,#2052,.T.);
#2670=ORIENTED_EDGE('',*,*,#2053,.T.);
#2671=ORIENTED_EDGE('',*,*,#2054,.T.);
#2672=ORIENTED_EDGE('',*,*,#2055,.T.);
#2673=ORIENTED_EDGE('',*,*,#2056,.T.);
#2674=ORIENTED_EDGE('',*,*,#2057,.T.);
#2675=ORIENTED_EDGE('',*,*,#2058,.T.);
#2676=ORIENTED_EDGE('',*,*,#2059,.T.);
#2677=ORIENTED_EDGE('',*,*,#2060,.T.);
#2678=ORIENTED_EDGE('',*,*,#2061,.T.);
#2679=ORIENTED_EDGE('',*,*,#2062,.T.);
#2680=ORIENTED_EDGE('',*,*,#2063,.T.);
#2681=ORIENTED_EDGE('',*,*,#2064,.T.);
#2682=ORIENTED_EDGE('',*,*,#2065,.T.);
#2683=ORIENTED_EDGE('',*,*,#2066,.T.);
#2684=ORIENTED_EDGE('',*,*,#2067,.T.);
#2685=ORIENTED_EDGE('',*,*,#2068,.T.);
#2686=ORIENTED_EDGE('',*,*,#2069,.T.);
#2687=ORIENTED_EDGE('',*,*,#2070,.T.);
#2688=ORIENTED_EDGE('',*,*,#2071,.T.);
#2689=ORIENTED_EDGE('',*,*,#2072,.T.);
#2690=ORIENTED_EDGE('',*,*,#2073,.T.);
#2691=ORIENTED_EDGE('',*,*,#2074,.T.);
#2692=ORIENTED_EDGE('',*,*,#2075,.T.);
#2693=ORIENTED_EDGE('',*,*,#2076,.T.);
#2694=ORIENTED_EDGE('',*,*,#2077,.T.);
#2695=ORIENTED_EDGE('',*,*,#2078,.T.);
#2696=ORIENTED_EDGE('',*,*,#2079,.T.);
#2697=ORIENTED_EDGE('',*,*,#2080,.T.);
#2698=ORIENTED_EDGE('',*,*,#2038,.T.);
#2699=ORIENTED_EDGE('',*,*,#2081,.T.);
#2700=ORIENTED_EDGE('',*,*,#2082,.T.);
#2701=ORIENTED_EDGE('',*,*,#2083,.T.);
#2702=ORIENTED_EDGE('',*,*,#2084,.T.);
#2703=ORIENTED_EDGE('',*,*,#2085,.T.);
#2704=ORIENTED_EDGE('',*,*,#2086,.T.);
#2705=ORIENTED_EDGE('',*,*,#2087,.T.);
#2706=ORIENTED_EDGE('',*,*,#2088,.T.);
#2707=ORIENTED_EDGE('',*,*,#2089,.T.);
#2708=ORIENTED_EDGE('',*,*,#2090,.T.);
#2709=ORIENTED_EDGE('',*,*,#2091,.T.);
#2710=ORIENTED_EDGE('',*,*,#2045,.T.);
#2711=ORIENTED_EDGE('',*,*,#2092,.T.);
#2712=ORIENTED_EDGE('',*,*,#2093,.T.);
#2713=ORIENTED_EDGE('',*,*,#2094,.F.);
#2714=ORIENTED_EDGE('',*,*,#2095,.T.);
#2715=ORIENTED_EDGE('',*,*,#2096,.T.);
#2716=ORIENTED_EDGE('',*,*,#2097,.F.);
#2717=ORIENTED_EDGE('',*,*,#2004,.F.);
#2718=ORIENTED_EDGE('',*,*,#2098,.T.);
#2719=ORIENTED_EDGE('',*,*,#2099,.T.);
#2720=ORIENTED_EDGE('',*,*,#2100,.F.);
#2721=ORIENTED_EDGE('',*,*,#2101,.F.);
#2722=ORIENTED_EDGE('',*,*,#2102,.T.);
#2723=ORIENTED_EDGE('',*,*,#2103,.T.);
#2724=ORIENTED_EDGE('',*,*,#2104,.T.);
#2725=ORIENTED_EDGE('',*,*,#2096,.F.);
#2726=ORIENTED_EDGE('',*,*,#2105,.F.);
#2727=ORIENTED_EDGE('',*,*,#2102,.F.);
#2728=ORIENTED_EDGE('',*,*,#2106,.F.);
#2729=ORIENTED_EDGE('',*,*,#2107,.T.);
#2730=ORIENTED_EDGE('',*,*,#1994,.T.);
#2731=ORIENTED_EDGE('',*,*,#2108,.F.);
#2732=ORIENTED_EDGE('',*,*,#2109,.F.);
#2733=ORIENTED_EDGE('',*,*,#1988,.T.);
#2734=ORIENTED_EDGE('',*,*,#1990,.T.);
#2735=ORIENTED_EDGE('',*,*,#1982,.T.);
#2736=ORIENTED_EDGE('',*,*,#1985,.T.);
#2737=ORIENTED_EDGE('',*,*,#2110,.T.);
#2738=ORIENTED_EDGE('',*,*,#2111,.T.);
#2739=ORIENTED_EDGE('',*,*,#2112,.F.);
#2740=ORIENTED_EDGE('',*,*,#2113,.F.);
#2741=ORIENTED_EDGE('',*,*,#2114,.T.);
#2742=ORIENTED_EDGE('',*,*,#2115,.T.);
#2743=ORIENTED_EDGE('',*,*,#2116,.F.);
#2744=ORIENTED_EDGE('',*,*,#2111,.F.);
#2745=ORIENTED_EDGE('',*,*,#2117,.T.);
#2746=ORIENTED_EDGE('',*,*,#2118,.T.);
#2747=ORIENTED_EDGE('',*,*,#2119,.F.);
#2748=ORIENTED_EDGE('',*,*,#2115,.F.);
#2749=ORIENTED_EDGE('',*,*,#2120,.T.);
#2750=ORIENTED_EDGE('',*,*,#2121,.T.);
#2751=ORIENTED_EDGE('',*,*,#2122,.F.);
#2752=ORIENTED_EDGE('',*,*,#2118,.F.);
#2753=ORIENTED_EDGE('',*,*,#2123,.T.);
#2754=ORIENTED_EDGE('',*,*,#2124,.T.);
#2755=ORIENTED_EDGE('',*,*,#2125,.F.);
#2756=ORIENTED_EDGE('',*,*,#2121,.F.);
#2757=ORIENTED_EDGE('',*,*,#2126,.T.);
#2758=ORIENTED_EDGE('',*,*,#2127,.T.);
#2759=ORIENTED_EDGE('',*,*,#2128,.F.);
#2760=ORIENTED_EDGE('',*,*,#2124,.F.);
#2761=ORIENTED_EDGE('',*,*,#2129,.T.);
#2762=ORIENTED_EDGE('',*,*,#2130,.T.);
#2763=ORIENTED_EDGE('',*,*,#2131,.F.);
#2764=ORIENTED_EDGE('',*,*,#2127,.F.);
#2765=ORIENTED_EDGE('',*,*,#2132,.F.);
#2766=ORIENTED_EDGE('',*,*,#2133,.F.);
#2767=ORIENTED_EDGE('',*,*,#2134,.F.);
#2768=ORIENTED_EDGE('',*,*,#2135,.T.);
#2769=ORIENTED_EDGE('',*,*,#2136,.T.);
#2770=ORIENTED_EDGE('',*,*,#2137,.F.);
#2771=ORIENTED_EDGE('',*,*,#2130,.F.);
#2772=ORIENTED_EDGE('',*,*,#2138,.T.);
#2773=ORIENTED_EDGE('',*,*,#2139,.T.);
#2774=ORIENTED_EDGE('',*,*,#2140,.F.);
#2775=ORIENTED_EDGE('',*,*,#2136,.F.);
#2776=ORIENTED_EDGE('',*,*,#2141,.T.);
#2777=ORIENTED_EDGE('',*,*,#2142,.T.);
#2778=ORIENTED_EDGE('',*,*,#2143,.F.);
#2779=ORIENTED_EDGE('',*,*,#2139,.F.);
#2780=ORIENTED_EDGE('',*,*,#2144,.T.);
#2781=ORIENTED_EDGE('',*,*,#2145,.T.);
#2782=ORIENTED_EDGE('',*,*,#2146,.F.);
#2783=ORIENTED_EDGE('',*,*,#2142,.F.);
#2784=ORIENTED_EDGE('',*,*,#2147,.T.);
#2785=ORIENTED_EDGE('',*,*,#2148,.T.);
#2786=ORIENTED_EDGE('',*,*,#2149,.F.);
#2787=ORIENTED_EDGE('',*,*,#2145,.F.);
#2788=ORIENTED_EDGE('',*,*,#2150,.T.);
#2789=ORIENTED_EDGE('',*,*,#2151,.T.);
#2790=ORIENTED_EDGE('',*,*,#2152,.F.);
#2791=ORIENTED_EDGE('',*,*,#2148,.F.);
#2792=ORIENTED_EDGE('',*,*,#2153,.T.);
#2793=ORIENTED_EDGE('',*,*,#2154,.T.);
#2794=ORIENTED_EDGE('',*,*,#2155,.F.);
#2795=ORIENTED_EDGE('',*,*,#2151,.F.);
#2796=ORIENTED_EDGE('',*,*,#2156,.F.);
#2797=ORIENTED_EDGE('',*,*,#2157,.T.);
#2798=ORIENTED_EDGE('',*,*,#2158,.F.);
#2799=ORIENTED_EDGE('',*,*,#2154,.F.);
#2800=ORIENTED_EDGE('',*,*,#2159,.T.);
#2801=ORIENTED_EDGE('',*,*,#2160,.T.);
#2802=ORIENTED_EDGE('',*,*,#2161,.F.);
#2803=ORIENTED_EDGE('',*,*,#2157,.F.);
#2804=ORIENTED_EDGE('',*,*,#2162,.F.);
#2805=ORIENTED_EDGE('',*,*,#2163,.T.);
#2806=ORIENTED_EDGE('',*,*,#2164,.F.);
#2807=ORIENTED_EDGE('',*,*,#2160,.F.);
#2808=ORIENTED_EDGE('',*,*,#2165,.T.);
#2809=ORIENTED_EDGE('',*,*,#2166,.T.);
#2810=ORIENTED_EDGE('',*,*,#2167,.F.);
#2811=ORIENTED_EDGE('',*,*,#2163,.F.);
#2812=ORIENTED_EDGE('',*,*,#2168,.F.);
#2813=ORIENTED_EDGE('',*,*,#2169,.T.);
#2814=ORIENTED_EDGE('',*,*,#2170,.F.);
#2815=ORIENTED_EDGE('',*,*,#2166,.F.);
#2816=ORIENTED_EDGE('',*,*,#2171,.T.);
#2817=ORIENTED_EDGE('',*,*,#2172,.T.);
#2818=ORIENTED_EDGE('',*,*,#2173,.F.);
#2819=ORIENTED_EDGE('',*,*,#2169,.F.);
#2820=ORIENTED_EDGE('',*,*,#2174,.F.);
#2821=ORIENTED_EDGE('',*,*,#2175,.T.);
#2822=ORIENTED_EDGE('',*,*,#2176,.F.);
#2823=ORIENTED_EDGE('',*,*,#2172,.F.);
#2824=ORIENTED_EDGE('',*,*,#2177,.T.);
#2825=ORIENTED_EDGE('',*,*,#2178,.T.);
#2826=ORIENTED_EDGE('',*,*,#2179,.F.);
#2827=ORIENTED_EDGE('',*,*,#2175,.F.);
#2828=ORIENTED_EDGE('',*,*,#2180,.T.);
#2829=ORIENTED_EDGE('',*,*,#2181,.T.);
#2830=ORIENTED_EDGE('',*,*,#2182,.F.);
#2831=ORIENTED_EDGE('',*,*,#2178,.F.);
#2832=ORIENTED_EDGE('',*,*,#2183,.T.);
#2833=ORIENTED_EDGE('',*,*,#2184,.T.);
#2834=ORIENTED_EDGE('',*,*,#2185,.F.);
#2835=ORIENTED_EDGE('',*,*,#2181,.F.);
#2836=ORIENTED_EDGE('',*,*,#2186,.T.);
#2837=ORIENTED_EDGE('',*,*,#2187,.T.);
#2838=ORIENTED_EDGE('',*,*,#2188,.F.);
#2839=ORIENTED_EDGE('',*,*,#2184,.F.);
#2840=ORIENTED_EDGE('',*,*,#2189,.T.);
#2841=ORIENTED_EDGE('',*,*,#2190,.T.);
#2842=ORIENTED_EDGE('',*,*,#2191,.F.);
#2843=ORIENTED_EDGE('',*,*,#2187,.F.);
#2844=ORIENTED_EDGE('',*,*,#2192,.T.);
#2845=ORIENTED_EDGE('',*,*,#2193,.T.);
#2846=ORIENTED_EDGE('',*,*,#2194,.F.);
#2847=ORIENTED_EDGE('',*,*,#2190,.F.);
#2848=ORIENTED_EDGE('',*,*,#2195,.T.);
#2849=ORIENTED_EDGE('',*,*,#2196,.T.);
#2850=ORIENTED_EDGE('',*,*,#2197,.F.);
#2851=ORIENTED_EDGE('',*,*,#2193,.F.);
#2852=ORIENTED_EDGE('',*,*,#2198,.F.);
#2853=ORIENTED_EDGE('',*,*,#2199,.T.);
#2854=ORIENTED_EDGE('',*,*,#2200,.F.);
#2855=ORIENTED_EDGE('',*,*,#2196,.F.);
#2856=ORIENTED_EDGE('',*,*,#2201,.F.);
#2857=ORIENTED_EDGE('',*,*,#2202,.T.);
#2858=ORIENTED_EDGE('',*,*,#2203,.T.);
#2859=ORIENTED_EDGE('',*,*,#2204,.F.);
#2860=ORIENTED_EDGE('',*,*,#2199,.F.);
#2861=ORIENTED_EDGE('',*,*,#2205,.T.);
#2862=ORIENTED_EDGE('',*,*,#2206,.T.);
#2863=ORIENTED_EDGE('',*,*,#2207,.F.);
#2864=ORIENTED_EDGE('',*,*,#2203,.F.);
#2865=ORIENTED_EDGE('',*,*,#2208,.T.);
#2866=ORIENTED_EDGE('',*,*,#2209,.T.);
#2867=ORIENTED_EDGE('',*,*,#2210,.F.);
#2868=ORIENTED_EDGE('',*,*,#2206,.F.);
#2869=ORIENTED_EDGE('',*,*,#2211,.T.);
#2870=ORIENTED_EDGE('',*,*,#2212,.T.);
#2871=ORIENTED_EDGE('',*,*,#2213,.F.);
#2872=ORIENTED_EDGE('',*,*,#2209,.F.);
#2873=ORIENTED_EDGE('',*,*,#2214,.T.);
#2874=ORIENTED_EDGE('',*,*,#2215,.T.);
#2875=ORIENTED_EDGE('',*,*,#2216,.F.);
#2876=ORIENTED_EDGE('',*,*,#2212,.F.);
#2877=ORIENTED_EDGE('',*,*,#2217,.T.);
#2878=ORIENTED_EDGE('',*,*,#2218,.T.);
#2879=ORIENTED_EDGE('',*,*,#2219,.F.);
#2880=ORIENTED_EDGE('',*,*,#2215,.F.);
#2881=ORIENTED_EDGE('',*,*,#2220,.T.);
#2882=ORIENTED_EDGE('',*,*,#2221,.T.);
#2883=ORIENTED_EDGE('',*,*,#2222,.F.);
#2884=ORIENTED_EDGE('',*,*,#2218,.F.);
#2885=ORIENTED_EDGE('',*,*,#2223,.F.);
#2886=ORIENTED_EDGE('',*,*,#2224,.T.);
#2887=ORIENTED_EDGE('',*,*,#2225,.F.);
#2888=ORIENTED_EDGE('',*,*,#2221,.F.);
#2889=ORIENTED_EDGE('',*,*,#2226,.T.);
#2890=ORIENTED_EDGE('',*,*,#2227,.T.);
#2891=ORIENTED_EDGE('',*,*,#2228,.F.);
#2892=ORIENTED_EDGE('',*,*,#2224,.F.);
#2893=ORIENTED_EDGE('',*,*,#2229,.F.);
#2894=ORIENTED_EDGE('',*,*,#2230,.T.);
#2895=ORIENTED_EDGE('',*,*,#2231,.F.);
#2896=ORIENTED_EDGE('',*,*,#2227,.F.);
#2897=ORIENTED_EDGE('',*,*,#2232,.T.);
#2898=ORIENTED_EDGE('',*,*,#2233,.T.);
#2899=ORIENTED_EDGE('',*,*,#2234,.F.);
#2900=ORIENTED_EDGE('',*,*,#2230,.F.);
#2901=ORIENTED_EDGE('',*,*,#2235,.F.);
#2902=ORIENTED_EDGE('',*,*,#2236,.T.);
#2903=ORIENTED_EDGE('',*,*,#2237,.F.);
#2904=ORIENTED_EDGE('',*,*,#2233,.F.);
#2905=ORIENTED_EDGE('',*,*,#2238,.T.);
#2906=ORIENTED_EDGE('',*,*,#2239,.T.);
#2907=ORIENTED_EDGE('',*,*,#2240,.F.);
#2908=ORIENTED_EDGE('',*,*,#2236,.F.);
#2909=ORIENTED_EDGE('',*,*,#2241,.F.);
#2910=ORIENTED_EDGE('',*,*,#2242,.T.);
#2911=ORIENTED_EDGE('',*,*,#2243,.F.);
#2912=ORIENTED_EDGE('',*,*,#2239,.F.);
#2913=ORIENTED_EDGE('',*,*,#2244,.T.);
#2914=ORIENTED_EDGE('',*,*,#2113,.T.);
#2915=ORIENTED_EDGE('',*,*,#2245,.F.);
#2916=ORIENTED_EDGE('',*,*,#2242,.F.);
#2917=ORIENTED_EDGE('',*,*,#2134,.T.);
#2918=ORIENTED_EDGE('',*,*,#2246,.F.);
#2919=ORIENTED_EDGE('',*,*,#2247,.F.);
#2920=ORIENTED_EDGE('',*,*,#2248,.T.);
#2921=ORIENTED_EDGE('',*,*,#2249,.T.);
#2922=ORIENTED_EDGE('',*,*,#2250,.T.);
#2923=ORIENTED_EDGE('',*,*,#2251,.F.);
#2924=ORIENTED_EDGE('',*,*,#2252,.F.);
#2925=ORIENTED_EDGE('',*,*,#2253,.T.);
#2926=ORIENTED_EDGE('',*,*,#2254,.T.);
#2927=ORIENTED_EDGE('',*,*,#2255,.F.);
#2928=ORIENTED_EDGE('',*,*,#2250,.F.);
#2929=ORIENTED_EDGE('',*,*,#2256,.T.);
#2930=ORIENTED_EDGE('',*,*,#2257,.T.);
#2931=ORIENTED_EDGE('',*,*,#2258,.F.);
#2932=ORIENTED_EDGE('',*,*,#2254,.F.);
#2933=ORIENTED_EDGE('',*,*,#2259,.T.);
#2934=ORIENTED_EDGE('',*,*,#2260,.T.);
#2935=ORIENTED_EDGE('',*,*,#2261,.F.);
#2936=ORIENTED_EDGE('',*,*,#2257,.F.);
#2937=ORIENTED_EDGE('',*,*,#2262,.T.);
#2938=ORIENTED_EDGE('',*,*,#2263,.T.);
#2939=ORIENTED_EDGE('',*,*,#2264,.F.);
#2940=ORIENTED_EDGE('',*,*,#2260,.F.);
#2941=ORIENTED_EDGE('',*,*,#2265,.T.);
#2942=ORIENTED_EDGE('',*,*,#2266,.T.);
#2943=ORIENTED_EDGE('',*,*,#2267,.F.);
#2944=ORIENTED_EDGE('',*,*,#2263,.F.);
#2945=ORIENTED_EDGE('',*,*,#2268,.T.);
#2946=ORIENTED_EDGE('',*,*,#2269,.T.);
#2947=ORIENTED_EDGE('',*,*,#2270,.F.);
#2948=ORIENTED_EDGE('',*,*,#2266,.F.);
#2949=ORIENTED_EDGE('',*,*,#2271,.F.);
#2950=ORIENTED_EDGE('',*,*,#2272,.F.);
#2951=ORIENTED_EDGE('',*,*,#2273,.T.);
#2952=ORIENTED_EDGE('',*,*,#2274,.T.);
#2953=ORIENTED_EDGE('',*,*,#2275,.F.);
#2954=ORIENTED_EDGE('',*,*,#2269,.F.);
#2955=ORIENTED_EDGE('',*,*,#2276,.T.);
#2956=ORIENTED_EDGE('',*,*,#2277,.T.);
#2957=ORIENTED_EDGE('',*,*,#2278,.F.);
#2958=ORIENTED_EDGE('',*,*,#2274,.F.);
#2959=ORIENTED_EDGE('',*,*,#2279,.T.);
#2960=ORIENTED_EDGE('',*,*,#2280,.T.);
#2961=ORIENTED_EDGE('',*,*,#2281,.F.);
#2962=ORIENTED_EDGE('',*,*,#2277,.F.);
#2963=ORIENTED_EDGE('',*,*,#2282,.T.);
#2964=ORIENTED_EDGE('',*,*,#2283,.T.);
#2965=ORIENTED_EDGE('',*,*,#2284,.F.);
#2966=ORIENTED_EDGE('',*,*,#2280,.F.);
#2967=ORIENTED_EDGE('',*,*,#2285,.T.);
#2968=ORIENTED_EDGE('',*,*,#2286,.T.);
#2969=ORIENTED_EDGE('',*,*,#2287,.F.);
#2970=ORIENTED_EDGE('',*,*,#2283,.F.);
#2971=ORIENTED_EDGE('',*,*,#2288,.T.);
#2972=ORIENTED_EDGE('',*,*,#2289,.T.);
#2973=ORIENTED_EDGE('',*,*,#2290,.F.);
#2974=ORIENTED_EDGE('',*,*,#2286,.F.);
#2975=ORIENTED_EDGE('',*,*,#2291,.T.);
#2976=ORIENTED_EDGE('',*,*,#2292,.T.);
#2977=ORIENTED_EDGE('',*,*,#2293,.F.);
#2978=ORIENTED_EDGE('',*,*,#2289,.F.);
#2979=ORIENTED_EDGE('',*,*,#2294,.T.);
#2980=ORIENTED_EDGE('',*,*,#2295,.T.);
#2981=ORIENTED_EDGE('',*,*,#2296,.F.);
#2982=ORIENTED_EDGE('',*,*,#2292,.F.);
#2983=ORIENTED_EDGE('',*,*,#2297,.F.);
#2984=ORIENTED_EDGE('',*,*,#2298,.T.);
#2985=ORIENTED_EDGE('',*,*,#2299,.F.);
#2986=ORIENTED_EDGE('',*,*,#2295,.F.);
#2987=ORIENTED_EDGE('',*,*,#2300,.T.);
#2988=ORIENTED_EDGE('',*,*,#2301,.T.);
#2989=ORIENTED_EDGE('',*,*,#2302,.F.);
#2990=ORIENTED_EDGE('',*,*,#2298,.F.);
#2991=ORIENTED_EDGE('',*,*,#2303,.F.);
#2992=ORIENTED_EDGE('',*,*,#2304,.T.);
#2993=ORIENTED_EDGE('',*,*,#2305,.F.);
#2994=ORIENTED_EDGE('',*,*,#2301,.F.);
#2995=ORIENTED_EDGE('',*,*,#2306,.T.);
#2996=ORIENTED_EDGE('',*,*,#2307,.T.);
#2997=ORIENTED_EDGE('',*,*,#2308,.F.);
#2998=ORIENTED_EDGE('',*,*,#2304,.F.);
#2999=ORIENTED_EDGE('',*,*,#2309,.F.);
#3000=ORIENTED_EDGE('',*,*,#2310,.T.);
#3001=ORIENTED_EDGE('',*,*,#2311,.F.);
#3002=ORIENTED_EDGE('',*,*,#2307,.F.);
#3003=ORIENTED_EDGE('',*,*,#2312,.T.);
#3004=ORIENTED_EDGE('',*,*,#2313,.T.);
#3005=ORIENTED_EDGE('',*,*,#2314,.F.);
#3006=ORIENTED_EDGE('',*,*,#2310,.F.);
#3007=ORIENTED_EDGE('',*,*,#2315,.F.);
#3008=ORIENTED_EDGE('',*,*,#2316,.T.);
#3009=ORIENTED_EDGE('',*,*,#2317,.F.);
#3010=ORIENTED_EDGE('',*,*,#2313,.F.);
#3011=ORIENTED_EDGE('',*,*,#2318,.T.);
#3012=ORIENTED_EDGE('',*,*,#2319,.T.);
#3013=ORIENTED_EDGE('',*,*,#2320,.F.);
#3014=ORIENTED_EDGE('',*,*,#2316,.F.);
#3015=ORIENTED_EDGE('',*,*,#2321,.T.);
#3016=ORIENTED_EDGE('',*,*,#2322,.T.);
#3017=ORIENTED_EDGE('',*,*,#2323,.F.);
#3018=ORIENTED_EDGE('',*,*,#2319,.F.);
#3019=ORIENTED_EDGE('',*,*,#2324,.T.);
#3020=ORIENTED_EDGE('',*,*,#2325,.T.);
#3021=ORIENTED_EDGE('',*,*,#2326,.F.);
#3022=ORIENTED_EDGE('',*,*,#2322,.F.);
#3023=ORIENTED_EDGE('',*,*,#2327,.T.);
#3024=ORIENTED_EDGE('',*,*,#2328,.T.);
#3025=ORIENTED_EDGE('',*,*,#2329,.F.);
#3026=ORIENTED_EDGE('',*,*,#2325,.F.);
#3027=ORIENTED_EDGE('',*,*,#2330,.T.);
#3028=ORIENTED_EDGE('',*,*,#2331,.T.);
#3029=ORIENTED_EDGE('',*,*,#2332,.F.);
#3030=ORIENTED_EDGE('',*,*,#2328,.F.);
#3031=ORIENTED_EDGE('',*,*,#2333,.T.);
#3032=ORIENTED_EDGE('',*,*,#2334,.T.);
#3033=ORIENTED_EDGE('',*,*,#2335,.F.);
#3034=ORIENTED_EDGE('',*,*,#2331,.F.);
#3035=ORIENTED_EDGE('',*,*,#2336,.T.);
#3036=ORIENTED_EDGE('',*,*,#2337,.T.);
#3037=ORIENTED_EDGE('',*,*,#2338,.F.);
#3038=ORIENTED_EDGE('',*,*,#2334,.F.);
#3039=ORIENTED_EDGE('',*,*,#2339,.T.);
#3040=ORIENTED_EDGE('',*,*,#2340,.T.);
#3041=ORIENTED_EDGE('',*,*,#2341,.F.);
#3042=ORIENTED_EDGE('',*,*,#2337,.F.);
#3043=ORIENTED_EDGE('',*,*,#2342,.F.);
#3044=ORIENTED_EDGE('',*,*,#2343,.T.);
#3045=ORIENTED_EDGE('',*,*,#2344,.T.);
#3046=ORIENTED_EDGE('',*,*,#2345,.F.);
#3047=ORIENTED_EDGE('',*,*,#2340,.F.);
#3048=ORIENTED_EDGE('',*,*,#2346,.T.);
#3049=ORIENTED_EDGE('',*,*,#2347,.T.);
#3050=ORIENTED_EDGE('',*,*,#2348,.F.);
#3051=ORIENTED_EDGE('',*,*,#2344,.F.);
#3052=ORIENTED_EDGE('',*,*,#2349,.T.);
#3053=ORIENTED_EDGE('',*,*,#2350,.T.);
#3054=ORIENTED_EDGE('',*,*,#2351,.F.);
#3055=ORIENTED_EDGE('',*,*,#2347,.F.);
#3056=ORIENTED_EDGE('',*,*,#2352,.T.);
#3057=ORIENTED_EDGE('',*,*,#2353,.T.);
#3058=ORIENTED_EDGE('',*,*,#2354,.F.);
#3059=ORIENTED_EDGE('',*,*,#2350,.F.);
#3060=ORIENTED_EDGE('',*,*,#2355,.T.);
#3061=ORIENTED_EDGE('',*,*,#2356,.T.);
#3062=ORIENTED_EDGE('',*,*,#2357,.F.);
#3063=ORIENTED_EDGE('',*,*,#2353,.F.);
#3064=ORIENTED_EDGE('',*,*,#2358,.T.);
#3065=ORIENTED_EDGE('',*,*,#2359,.T.);
#3066=ORIENTED_EDGE('',*,*,#2360,.F.);
#3067=ORIENTED_EDGE('',*,*,#2356,.F.);
#3068=ORIENTED_EDGE('',*,*,#2361,.T.);
#3069=ORIENTED_EDGE('',*,*,#2362,.T.);
#3070=ORIENTED_EDGE('',*,*,#2363,.F.);
#3071=ORIENTED_EDGE('',*,*,#2359,.F.);
#3072=ORIENTED_EDGE('',*,*,#2364,.F.);
#3073=ORIENTED_EDGE('',*,*,#2365,.T.);
#3074=ORIENTED_EDGE('',*,*,#2366,.F.);
#3075=ORIENTED_EDGE('',*,*,#2362,.F.);
#3076=ORIENTED_EDGE('',*,*,#2367,.T.);
#3077=ORIENTED_EDGE('',*,*,#2368,.T.);
#3078=ORIENTED_EDGE('',*,*,#2369,.F.);
#3079=ORIENTED_EDGE('',*,*,#2365,.F.);
#3080=ORIENTED_EDGE('',*,*,#2370,.F.);
#3081=ORIENTED_EDGE('',*,*,#2371,.T.);
#3082=ORIENTED_EDGE('',*,*,#2372,.F.);
#3083=ORIENTED_EDGE('',*,*,#2368,.F.);
#3084=ORIENTED_EDGE('',*,*,#2373,.T.);
#3085=ORIENTED_EDGE('',*,*,#2374,.T.);
#3086=ORIENTED_EDGE('',*,*,#2375,.F.);
#3087=ORIENTED_EDGE('',*,*,#2371,.F.);
#3088=ORIENTED_EDGE('',*,*,#2376,.F.);
#3089=ORIENTED_EDGE('',*,*,#2377,.T.);
#3090=ORIENTED_EDGE('',*,*,#2378,.F.);
#3091=ORIENTED_EDGE('',*,*,#2374,.F.);
#3092=ORIENTED_EDGE('',*,*,#2379,.T.);
#3093=ORIENTED_EDGE('',*,*,#2380,.T.);
#3094=ORIENTED_EDGE('',*,*,#2381,.F.);
#3095=ORIENTED_EDGE('',*,*,#2377,.F.);
#3096=ORIENTED_EDGE('',*,*,#2382,.F.);
#3097=ORIENTED_EDGE('',*,*,#2383,.T.);
#3098=ORIENTED_EDGE('',*,*,#2384,.F.);
#3099=ORIENTED_EDGE('',*,*,#2380,.F.);
#3100=ORIENTED_EDGE('',*,*,#2385,.T.);
#3101=ORIENTED_EDGE('',*,*,#2252,.T.);
#3102=ORIENTED_EDGE('',*,*,#2386,.F.);
#3103=ORIENTED_EDGE('',*,*,#2383,.F.);
#3104=ORIENTED_EDGE('',*,*,#2387,.F.);
#3105=ORIENTED_EDGE('',*,*,#2388,.T.);
#3106=ORIENTED_EDGE('',*,*,#2132,.T.);
#3107=ORIENTED_EDGE('',*,*,#2388,.F.);
#3108=ORIENTED_EDGE('',*,*,#2389,.F.);
#3109=ORIENTED_EDGE('',*,*,#2390,.T.);
#3110=ORIENTED_EDGE('',*,*,#2271,.T.);
#3111=ORIENTED_EDGE('',*,*,#2390,.F.);
#3112=ORIENTED_EDGE('',*,*,#2133,.T.);
#3113=ORIENTED_EDGE('',*,*,#2248,.F.);
#3114=ORIENTED_EDGE('',*,*,#2391,.F.);
#3115=ORIENTED_EDGE('',*,*,#2246,.T.);
#3116=ORIENTED_EDGE('',*,*,#2392,.F.);
#3117=ORIENTED_EDGE('',*,*,#2393,.T.);
#3118=ORIENTED_EDGE('',*,*,#2272,.T.);
#3119=ORIENTED_EDGE('',*,*,#2393,.F.);
#3120=ORIENTED_EDGE('',*,*,#2394,.F.);
#3121=ORIENTED_EDGE('',*,*,#2395,.T.);
#3122=ORIENTED_EDGE('',*,*,#2201,.T.);
#3123=ORIENTED_EDGE('',*,*,#2395,.F.);
#3124=ORIENTED_EDGE('',*,*,#2396,.F.);
#3125=ORIENTED_EDGE('',*,*,#2397,.T.);
#3126=ORIENTED_EDGE('',*,*,#2342,.T.);
#3127=ORIENTED_EDGE('',*,*,#2397,.F.);
#3128=ORIENTED_EDGE('',*,*,#2398,.F.);
#3129=ORIENTED_EDGE('',*,*,#2399,.T.);
#3130=ORIENTED_EDGE('',*,*,#2011,.T.);
#3131=ORIENTED_EDGE('',*,*,#2400,.T.);
#3132=ORIENTED_EDGE('',*,*,#2399,.F.);
#3133=ORIENTED_EDGE('',*,*,#2401,.T.);
#3134=ORIENTED_EDGE('',*,*,#2402,.F.);
#3135=ORIENTED_EDGE('',*,*,#2403,.F.);
#3136=ORIENTED_EDGE('',*,*,#2404,.F.);
#3137=ORIENTED_EDGE('',*,*,#2405,.T.);
#3138=ORIENTED_EDGE('',*,*,#2406,.F.);
#3139=ORIENTED_EDGE('',*,*,#2407,.T.);
#3140=ORIENTED_EDGE('',*,*,#2408,.F.);
#3141=ORIENTED_EDGE('',*,*,#2409,.F.);
#3142=ORIENTED_EDGE('',*,*,#2410,.F.);
#3143=ORIENTED_EDGE('',*,*,#2012,.F.);
#3144=ORIENTED_EDGE('',*,*,#2411,.T.);
#3145=ORIENTED_EDGE('',*,*,#2400,.F.);
#3146=ORIENTED_EDGE('',*,*,#2010,.F.);
#3147=ORIENTED_EDGE('',*,*,#2412,.F.);
#3148=ORIENTED_EDGE('',*,*,#2413,.T.);
#3149=ORIENTED_EDGE('',*,*,#2414,.T.);
#3150=ORIENTED_EDGE('',*,*,#2018,.T.);
#3151=ORIENTED_EDGE('',*,*,#2415,.T.);
#3152=ORIENTED_EDGE('',*,*,#2416,.F.);
#3153=ORIENTED_EDGE('',*,*,#2417,.F.);
#3154=ORIENTED_EDGE('',*,*,#2416,.T.);
#3155=ORIENTED_EDGE('',*,*,#2418,.T.);
#3156=ORIENTED_EDGE('',*,*,#2401,.F.);
#3157=ORIENTED_EDGE('',*,*,#2398,.T.);
#3158=ORIENTED_EDGE('',*,*,#2413,.F.);
#3159=ORIENTED_EDGE('',*,*,#2417,.T.);
#3160=ORIENTED_EDGE('',*,*,#2412,.T.);
#3161=ORIENTED_EDGE('',*,*,#2009,.T.);
#3162=ORIENTED_EDGE('',*,*,#2419,.F.);
#3163=ORIENTED_EDGE('',*,*,#2420,.F.);
#3164=ORIENTED_EDGE('',*,*,#2421,.F.);
#3165=ORIENTED_EDGE('',*,*,#2422,.T.);
#3166=ORIENTED_EDGE('',*,*,#2423,.T.);
#3167=ORIENTED_EDGE('',*,*,#2424,.T.);
#3168=ORIENTED_EDGE('',*,*,#2425,.T.);
#3169=ORIENTED_EDGE('',*,*,#2426,.T.);
#3170=ORIENTED_EDGE('',*,*,#2427,.T.);
#3171=ORIENTED_EDGE('',*,*,#2428,.T.);
#3172=ORIENTED_EDGE('',*,*,#2429,.T.);
#3173=ORIENTED_EDGE('',*,*,#2406,.T.);
#3174=ORIENTED_EDGE('',*,*,#2430,.T.);
#3175=ORIENTED_EDGE('',*,*,#2431,.T.);
#3176=ORIENTED_EDGE('',*,*,#2432,.T.);
#3177=ORIENTED_EDGE('',*,*,#2433,.F.);
#3178=ORIENTED_EDGE('',*,*,#2424,.F.);
#3179=ORIENTED_EDGE('',*,*,#2434,.T.);
#3180=ORIENTED_EDGE('',*,*,#2427,.F.);
#3181=ORIENTED_EDGE('',*,*,#2405,.F.);
#3182=ORIENTED_EDGE('',*,*,#2435,.T.);
#3183=ORIENTED_EDGE('',*,*,#2431,.F.);
#3184=ORIENTED_EDGE('',*,*,#2428,.F.);
#3185=ORIENTED_EDGE('',*,*,#2434,.F.);
#3186=ORIENTED_EDGE('',*,*,#2423,.F.);
#3187=ORIENTED_EDGE('',*,*,#2436,.T.);
#3188=ORIENTED_EDGE('',*,*,#2437,.T.);
#3189=ORIENTED_EDGE('',*,*,#2438,.T.);
#3190=ORIENTED_EDGE('',*,*,#2408,.T.);
#3191=ORIENTED_EDGE('',*,*,#2439,.T.);
#3192=ORIENTED_EDGE('',*,*,#2440,.F.);
#3193=ORIENTED_EDGE('',*,*,#2014,.F.);
#3194=ORIENTED_EDGE('',*,*,#2441,.F.);
#3195=ORIENTED_EDGE('',*,*,#2442,.F.);
#3196=ORIENTED_EDGE('',*,*,#2437,.F.);
#3197=ORIENTED_EDGE('',*,*,#2443,.T.);
#3198=ORIENTED_EDGE('',*,*,#2444,.F.);
#3199=ORIENTED_EDGE('',*,*,#2445,.T.);
#3200=ORIENTED_EDGE('',*,*,#2446,.T.);
#3201=ORIENTED_EDGE('',*,*,#2447,.T.);
#3202=ORIENTED_EDGE('',*,*,#2448,.F.);
#3203=ORIENTED_EDGE('',*,*,#2449,.F.);
#3204=ORIENTED_EDGE('',*,*,#2443,.F.);
#3205=ORIENTED_EDGE('',*,*,#2439,.F.);
#3206=ORIENTED_EDGE('',*,*,#2407,.F.);
#3207=ORIENTED_EDGE('',*,*,#2429,.F.);
#3208=ORIENTED_EDGE('',*,*,#2436,.F.);
#3209=ORIENTED_EDGE('',*,*,#2422,.F.);
#3210=ORIENTED_EDGE('',*,*,#2450,.F.);
#3211=ORIENTED_EDGE('',*,*,#2451,.T.);
#3212=ORIENTED_EDGE('',*,*,#2005,.F.);
#3213=ORIENTED_EDGE('',*,*,#2452,.T.);
#3214=ORIENTED_EDGE('',*,*,#2453,.F.);
#3215=ORIENTED_EDGE('',*,*,#2433,.T.);
#3216=ORIENTED_EDGE('',*,*,#2454,.T.);
#3217=ORIENTED_EDGE('',*,*,#2450,.T.);
#3218=ORIENTED_EDGE('',*,*,#2421,.T.);
#3219=ORIENTED_EDGE('',*,*,#2455,.T.);
#3220=ORIENTED_EDGE('',*,*,#2454,.F.);
#3221=ORIENTED_EDGE('',*,*,#2456,.F.);
#3222=ORIENTED_EDGE('',*,*,#2457,.F.);
#3223=ORIENTED_EDGE('',*,*,#2007,.F.);
#3224=ORIENTED_EDGE('',*,*,#1992,.F.);
#3225=ORIENTED_EDGE('',*,*,#1991,.F.);
#3226=ORIENTED_EDGE('',*,*,#2006,.F.);
#3227=ORIENTED_EDGE('',*,*,#2451,.F.);
#3228=ORIENTED_EDGE('',*,*,#2458,.T.);
#3229=ORIENTED_EDGE('',*,*,#2459,.T.);
#3230=ORIENTED_EDGE('',*,*,#2460,.F.);
#3231=ORIENTED_EDGE('',*,*,#2457,.T.);
#3232=ORIENTED_EDGE('',*,*,#2461,.T.);
#3233=ORIENTED_EDGE('',*,*,#2419,.T.);
#3234=ORIENTED_EDGE('',*,*,#2008,.T.);
#3235=ORIENTED_EDGE('',*,*,#2441,.T.);
#3236=ORIENTED_EDGE('',*,*,#2013,.T.);
#3237=ORIENTED_EDGE('',*,*,#2410,.T.);
#3238=ORIENTED_EDGE('',*,*,#2462,.T.);
#3239=ORIENTED_EDGE('',*,*,#2411,.F.);
#3240=ORIENTED_EDGE('',*,*,#2463,.T.);
#3241=ORIENTED_EDGE('',*,*,#2446,.F.);
#3242=ORIENTED_EDGE('',*,*,#2463,.F.);
#3243=ORIENTED_EDGE('',*,*,#2464,.T.);
#3244=ORIENTED_EDGE('',*,*,#2465,.F.);
#3245=ORIENTED_EDGE('',*,*,#2015,.F.);
#3246=ORIENTED_EDGE('',*,*,#2440,.T.);
#3247=ORIENTED_EDGE('',*,*,#2394,.T.);
#3248=ORIENTED_EDGE('',*,*,#2444,.T.);
#3249=ORIENTED_EDGE('',*,*,#2449,.T.);
#3250=ORIENTED_EDGE('',*,*,#2466,.F.);
#3251=ORIENTED_EDGE('',*,*,#2467,.F.);
#3252=ORIENTED_EDGE('',*,*,#2396,.T.);
#3253=ORIENTED_EDGE('',*,*,#2438,.F.);
#3254=ORIENTED_EDGE('',*,*,#2442,.T.);
#3255=ORIENTED_EDGE('',*,*,#2462,.F.);
#3256=ORIENTED_EDGE('',*,*,#2409,.T.);
#3257=ORIENTED_EDGE('',*,*,#2402,.T.);
#3258=ORIENTED_EDGE('',*,*,#2418,.F.);
#3259=ORIENTED_EDGE('',*,*,#2415,.F.);
#3260=ORIENTED_EDGE('',*,*,#2020,.F.);
#3261=ORIENTED_EDGE('',*,*,#2468,.T.);
#3262=ORIENTED_EDGE('',*,*,#2404,.T.);
#3263=ORIENTED_EDGE('',*,*,#2469,.T.);
#3264=ORIENTED_EDGE('',*,*,#2452,.F.);
#3265=ORIENTED_EDGE('',*,*,#2432,.F.);
#3266=ORIENTED_EDGE('',*,*,#2435,.F.);
#3267=ORIENTED_EDGE('',*,*,#2403,.T.);
#3268=ORIENTED_EDGE('',*,*,#2468,.F.);
#3269=ORIENTED_EDGE('',*,*,#2019,.T.);
#3270=ORIENTED_EDGE('',*,*,#2414,.F.);
#3271=ORIENTED_EDGE('',*,*,#2425,.F.);
#3272=ORIENTED_EDGE('',*,*,#2430,.F.);
#3273=ORIENTED_EDGE('',*,*,#2453,.T.);
#3274=ORIENTED_EDGE('',*,*,#2469,.F.);
#3275=ORIENTED_EDGE('',*,*,#2244,.F.);
#3276=ORIENTED_EDGE('',*,*,#2241,.T.);
#3277=ORIENTED_EDGE('',*,*,#2238,.F.);
#3278=ORIENTED_EDGE('',*,*,#2235,.T.);
#3279=ORIENTED_EDGE('',*,*,#2232,.F.);
#3280=ORIENTED_EDGE('',*,*,#2229,.T.);
#3281=ORIENTED_EDGE('',*,*,#2226,.F.);
#3282=ORIENTED_EDGE('',*,*,#2223,.T.);
#3283=ORIENTED_EDGE('',*,*,#2220,.F.);
#3284=ORIENTED_EDGE('',*,*,#2217,.F.);
#3285=ORIENTED_EDGE('',*,*,#2214,.F.);
#3286=ORIENTED_EDGE('',*,*,#2211,.F.);
#3287=ORIENTED_EDGE('',*,*,#2208,.F.);
#3288=ORIENTED_EDGE('',*,*,#2205,.F.);
#3289=ORIENTED_EDGE('',*,*,#2202,.F.);
#3290=ORIENTED_EDGE('',*,*,#2198,.T.);
#3291=ORIENTED_EDGE('',*,*,#2195,.F.);
#3292=ORIENTED_EDGE('',*,*,#2192,.F.);
#3293=ORIENTED_EDGE('',*,*,#2189,.F.);
#3294=ORIENTED_EDGE('',*,*,#2186,.F.);
#3295=ORIENTED_EDGE('',*,*,#2183,.F.);
#3296=ORIENTED_EDGE('',*,*,#2180,.F.);
#3297=ORIENTED_EDGE('',*,*,#2177,.F.);
#3298=ORIENTED_EDGE('',*,*,#2174,.T.);
#3299=ORIENTED_EDGE('',*,*,#2171,.F.);
#3300=ORIENTED_EDGE('',*,*,#2168,.T.);
#3301=ORIENTED_EDGE('',*,*,#2165,.F.);
#3302=ORIENTED_EDGE('',*,*,#2162,.T.);
#3303=ORIENTED_EDGE('',*,*,#2159,.F.);
#3304=ORIENTED_EDGE('',*,*,#2156,.T.);
#3305=ORIENTED_EDGE('',*,*,#2153,.F.);
#3306=ORIENTED_EDGE('',*,*,#2150,.F.);
#3307=ORIENTED_EDGE('',*,*,#2147,.F.);
#3308=ORIENTED_EDGE('',*,*,#2144,.F.);
#3309=ORIENTED_EDGE('',*,*,#2141,.F.);
#3310=ORIENTED_EDGE('',*,*,#2138,.F.);
#3311=ORIENTED_EDGE('',*,*,#2135,.F.);
#3312=ORIENTED_EDGE('',*,*,#2129,.F.);
#3313=ORIENTED_EDGE('',*,*,#2126,.F.);
#3314=ORIENTED_EDGE('',*,*,#2123,.F.);
#3315=ORIENTED_EDGE('',*,*,#2120,.F.);
#3316=ORIENTED_EDGE('',*,*,#2117,.F.);
#3317=ORIENTED_EDGE('',*,*,#2114,.F.);
#3318=ORIENTED_EDGE('',*,*,#2110,.F.);
#3319=ORIENTED_EDGE('',*,*,#2385,.F.);
#3320=ORIENTED_EDGE('',*,*,#2382,.T.);
#3321=ORIENTED_EDGE('',*,*,#2379,.F.);
#3322=ORIENTED_EDGE('',*,*,#2376,.T.);
#3323=ORIENTED_EDGE('',*,*,#2373,.F.);
#3324=ORIENTED_EDGE('',*,*,#2370,.T.);
#3325=ORIENTED_EDGE('',*,*,#2367,.F.);
#3326=ORIENTED_EDGE('',*,*,#2364,.T.);
#3327=ORIENTED_EDGE('',*,*,#2361,.F.);
#3328=ORIENTED_EDGE('',*,*,#2358,.F.);
#3329=ORIENTED_EDGE('',*,*,#2355,.F.);
#3330=ORIENTED_EDGE('',*,*,#2352,.F.);
#3331=ORIENTED_EDGE('',*,*,#2349,.F.);
#3332=ORIENTED_EDGE('',*,*,#2346,.F.);
#3333=ORIENTED_EDGE('',*,*,#2343,.F.);
#3334=ORIENTED_EDGE('',*,*,#2339,.F.);
#3335=ORIENTED_EDGE('',*,*,#2336,.F.);
#3336=ORIENTED_EDGE('',*,*,#2333,.F.);
#3337=ORIENTED_EDGE('',*,*,#2330,.F.);
#3338=ORIENTED_EDGE('',*,*,#2327,.F.);
#3339=ORIENTED_EDGE('',*,*,#2324,.F.);
#3340=ORIENTED_EDGE('',*,*,#2321,.F.);
#3341=ORIENTED_EDGE('',*,*,#2318,.F.);
#3342=ORIENTED_EDGE('',*,*,#2315,.T.);
#3343=ORIENTED_EDGE('',*,*,#2312,.F.);
#3344=ORIENTED_EDGE('',*,*,#2309,.T.);
#3345=ORIENTED_EDGE('',*,*,#2306,.F.);
#3346=ORIENTED_EDGE('',*,*,#2303,.T.);
#3347=ORIENTED_EDGE('',*,*,#2300,.F.);
#3348=ORIENTED_EDGE('',*,*,#2297,.T.);
#3349=ORIENTED_EDGE('',*,*,#2294,.F.);
#3350=ORIENTED_EDGE('',*,*,#2291,.F.);
#3351=ORIENTED_EDGE('',*,*,#2288,.F.);
#3352=ORIENTED_EDGE('',*,*,#2285,.F.);
#3353=ORIENTED_EDGE('',*,*,#2282,.F.);
#3354=ORIENTED_EDGE('',*,*,#2279,.F.);
#3355=ORIENTED_EDGE('',*,*,#2276,.F.);
#3356=ORIENTED_EDGE('',*,*,#2273,.F.);
#3357=ORIENTED_EDGE('',*,*,#2268,.F.);
#3358=ORIENTED_EDGE('',*,*,#2265,.F.);
#3359=ORIENTED_EDGE('',*,*,#2262,.F.);
#3360=ORIENTED_EDGE('',*,*,#2259,.F.);
#3361=ORIENTED_EDGE('',*,*,#2256,.F.);
#3362=ORIENTED_EDGE('',*,*,#2253,.F.);
#3363=ORIENTED_EDGE('',*,*,#2249,.F.);
#3364=ORIENTED_EDGE('',*,*,#2470,.F.);
#3365=ORIENTED_EDGE('',*,*,#2445,.F.);
#3366=ORIENTED_EDGE('',*,*,#2471,.F.);
#3367=ORIENTED_EDGE('',*,*,#2104,.F.);
#3368=ORIENTED_EDGE('',*,*,#2103,.F.);
#3369=ORIENTED_EDGE('',*,*,#2467,.T.);
#3370=ORIENTED_EDGE('',*,*,#2472,.F.);
#3371=ORIENTED_EDGE('',*,*,#2473,.F.);
#3372=ORIENTED_EDGE('',*,*,#2471,.T.);
#3373=ORIENTED_EDGE('',*,*,#2097,.T.);
#3374=ORIENTED_EDGE('',*,*,#2473,.T.);
#3375=ORIENTED_EDGE('',*,*,#2474,.F.);
#3376=ORIENTED_EDGE('',*,*,#2447,.F.);
#3377=ORIENTED_EDGE('',*,*,#2389,.T.);
#3378=ORIENTED_EDGE('',*,*,#2392,.T.);
#3379=ORIENTED_EDGE('',*,*,#2466,.T.);
#3380=ORIENTED_EDGE('',*,*,#2448,.T.);
#3381=ORIENTED_EDGE('',*,*,#2474,.T.);
#3382=ORIENTED_EDGE('',*,*,#2472,.T.);
#3383=ORIENTED_EDGE('',*,*,#2251,.T.);
#3384=ORIENTED_EDGE('',*,*,#2255,.T.);
#3385=ORIENTED_EDGE('',*,*,#2258,.T.);
#3386=ORIENTED_EDGE('',*,*,#2261,.T.);
#3387=ORIENTED_EDGE('',*,*,#2264,.T.);
#3388=ORIENTED_EDGE('',*,*,#2267,.T.);
#3389=ORIENTED_EDGE('',*,*,#2270,.T.);
#3390=ORIENTED_EDGE('',*,*,#2275,.T.);
#3391=ORIENTED_EDGE('',*,*,#2278,.T.);
#3392=ORIENTED_EDGE('',*,*,#2281,.T.);
#3393=ORIENTED_EDGE('',*,*,#2284,.T.);
#3394=ORIENTED_EDGE('',*,*,#2287,.T.);
#3395=ORIENTED_EDGE('',*,*,#2290,.T.);
#3396=ORIENTED_EDGE('',*,*,#2293,.T.);
#3397=ORIENTED_EDGE('',*,*,#2296,.T.);
#3398=ORIENTED_EDGE('',*,*,#2299,.T.);
#3399=ORIENTED_EDGE('',*,*,#2302,.T.);
#3400=ORIENTED_EDGE('',*,*,#2305,.T.);
#3401=ORIENTED_EDGE('',*,*,#2308,.T.);
#3402=ORIENTED_EDGE('',*,*,#2311,.T.);
#3403=ORIENTED_EDGE('',*,*,#2314,.T.);
#3404=ORIENTED_EDGE('',*,*,#2317,.T.);
#3405=ORIENTED_EDGE('',*,*,#2320,.T.);
#3406=ORIENTED_EDGE('',*,*,#2323,.T.);
#3407=ORIENTED_EDGE('',*,*,#2326,.T.);
#3408=ORIENTED_EDGE('',*,*,#2329,.T.);
#3409=ORIENTED_EDGE('',*,*,#2332,.T.);
#3410=ORIENTED_EDGE('',*,*,#2335,.T.);
#3411=ORIENTED_EDGE('',*,*,#2338,.T.);
#3412=ORIENTED_EDGE('',*,*,#2341,.T.);
#3413=ORIENTED_EDGE('',*,*,#2345,.T.);
#3414=ORIENTED_EDGE('',*,*,#2348,.T.);
#3415=ORIENTED_EDGE('',*,*,#2351,.T.);
#3416=ORIENTED_EDGE('',*,*,#2354,.T.);
#3417=ORIENTED_EDGE('',*,*,#2357,.T.);
#3418=ORIENTED_EDGE('',*,*,#2360,.T.);
#3419=ORIENTED_EDGE('',*,*,#2363,.T.);
#3420=ORIENTED_EDGE('',*,*,#2366,.T.);
#3421=ORIENTED_EDGE('',*,*,#2369,.T.);
#3422=ORIENTED_EDGE('',*,*,#2372,.T.);
#3423=ORIENTED_EDGE('',*,*,#2375,.T.);
#3424=ORIENTED_EDGE('',*,*,#2378,.T.);
#3425=ORIENTED_EDGE('',*,*,#2381,.T.);
#3426=ORIENTED_EDGE('',*,*,#2384,.T.);
#3427=ORIENTED_EDGE('',*,*,#2386,.T.);
#3428=ORIENTED_EDGE('',*,*,#2475,.F.);
#3429=ORIENTED_EDGE('',*,*,#2476,.T.);
#3430=ORIENTED_EDGE('',*,*,#2458,.F.);
#3431=ORIENTED_EDGE('',*,*,#2476,.F.);
#3432=ORIENTED_EDGE('',*,*,#2477,.T.);
#3433=ORIENTED_EDGE('',*,*,#2478,.T.);
#3434=ORIENTED_EDGE('',*,*,#2460,.T.);
#3435=ORIENTED_EDGE('',*,*,#2478,.F.);
#3436=ORIENTED_EDGE('',*,*,#2479,.F.);
#3437=ORIENTED_EDGE('',*,*,#2475,.T.);
#3438=ORIENTED_EDGE('',*,*,#2480,.T.);
#3439=ORIENTED_EDGE('',*,*,#2477,.F.);
#3440=ORIENTED_EDGE('',*,*,#2480,.F.);
#3441=ORIENTED_EDGE('',*,*,#2481,.T.);
#3442=ORIENTED_EDGE('',*,*,#2459,.F.);
#3443=ORIENTED_EDGE('',*,*,#2481,.F.);
#3444=ORIENTED_EDGE('',*,*,#2426,.F.);
#3445=ORIENTED_EDGE('',*,*,#2482,.T.);
#3446=ORIENTED_EDGE('',*,*,#2479,.T.);
#3447=ORIENTED_EDGE('',*,*,#2482,.F.);
#3448=ORIENTED_EDGE('',*,*,#2455,.F.);
#3449=ORIENTED_EDGE('',*,*,#2420,.T.);
#3450=ORIENTED_EDGE('',*,*,#2461,.F.);
#3451=ORIENTED_EDGE('',*,*,#2456,.T.);
#3452=ORIENTED_EDGE('',*,*,#2470,.T.);
#3453=ORIENTED_EDGE('',*,*,#2483,.T.);
#3454=ORIENTED_EDGE('',*,*,#2484,.F.);
#3455=ORIENTED_EDGE('',*,*,#2464,.F.);
#3456=ORIENTED_EDGE('',*,*,#2485,.F.);
#3457=ORIENTED_EDGE('',*,*,#2483,.F.);
#3458=ORIENTED_EDGE('',*,*,#2105,.T.);
#3459=ORIENTED_EDGE('',*,*,#2109,.T.);
#3460=ORIENTED_EDGE('',*,*,#2108,.T.);
#3461=ORIENTED_EDGE('',*,*,#2017,.T.);
#3462=ORIENTED_EDGE('',*,*,#2387,.T.);
#3463=ORIENTED_EDGE('',*,*,#2391,.T.);
#3464=ORIENTED_EDGE('',*,*,#2247,.T.);
#3465=ORIENTED_EDGE('',*,*,#2485,.T.);
#3466=ORIENTED_EDGE('',*,*,#2016,.T.);
#3467=ORIENTED_EDGE('',*,*,#2465,.T.);
#3468=ORIENTED_EDGE('',*,*,#2484,.T.);
#3469=ORIENTED_EDGE('',*,*,#2112,.T.);
#3470=ORIENTED_EDGE('',*,*,#2116,.T.);
#3471=ORIENTED_EDGE('',*,*,#2119,.T.);
#3472=ORIENTED_EDGE('',*,*,#2122,.T.);
#3473=ORIENTED_EDGE('',*,*,#2125,.T.);
#3474=ORIENTED_EDGE('',*,*,#2128,.T.);
#3475=ORIENTED_EDGE('',*,*,#2131,.T.);
#3476=ORIENTED_EDGE('',*,*,#2137,.T.);
#3477=ORIENTED_EDGE('',*,*,#2140,.T.);
#3478=ORIENTED_EDGE('',*,*,#2143,.T.);
#3479=ORIENTED_EDGE('',*,*,#2146,.T.);
#3480=ORIENTED_EDGE('',*,*,#2149,.T.);
#3481=ORIENTED_EDGE('',*,*,#2152,.T.);
#3482=ORIENTED_EDGE('',*,*,#2155,.T.);
#3483=ORIENTED_EDGE('',*,*,#2158,.T.);
#3484=ORIENTED_EDGE('',*,*,#2161,.T.);
#3485=ORIENTED_EDGE('',*,*,#2164,.T.);
#3486=ORIENTED_EDGE('',*,*,#2167,.T.);
#3487=ORIENTED_EDGE('',*,*,#2170,.T.);
#3488=ORIENTED_EDGE('',*,*,#2173,.T.);
#3489=ORIENTED_EDGE('',*,*,#2176,.T.);
#3490=ORIENTED_EDGE('',*,*,#2179,.T.);
#3491=ORIENTED_EDGE('',*,*,#2182,.T.);
#3492=ORIENTED_EDGE('',*,*,#2185,.T.);
#3493=ORIENTED_EDGE('',*,*,#2188,.T.);
#3494=ORIENTED_EDGE('',*,*,#2191,.T.);
#3495=ORIENTED_EDGE('',*,*,#2194,.T.);
#3496=ORIENTED_EDGE('',*,*,#2197,.T.);
#3497=ORIENTED_EDGE('',*,*,#2200,.T.);
#3498=ORIENTED_EDGE('',*,*,#2204,.T.);
#3499=ORIENTED_EDGE('',*,*,#2207,.T.);
#3500=ORIENTED_EDGE('',*,*,#2210,.T.);
#3501=ORIENTED_EDGE('',*,*,#2213,.T.);
#3502=ORIENTED_EDGE('',*,*,#2216,.T.);
#3503=ORIENTED_EDGE('',*,*,#2219,.T.);
#3504=ORIENTED_EDGE('',*,*,#2222,.T.);
#3505=ORIENTED_EDGE('',*,*,#2225,.T.);
#3506=ORIENTED_EDGE('',*,*,#2228,.T.);
#3507=ORIENTED_EDGE('',*,*,#2231,.T.);
#3508=ORIENTED_EDGE('',*,*,#2234,.T.);
#3509=ORIENTED_EDGE('',*,*,#2237,.T.);
#3510=ORIENTED_EDGE('',*,*,#2240,.T.);
#3511=ORIENTED_EDGE('',*,*,#2243,.T.);
#3512=ORIENTED_EDGE('',*,*,#2245,.T.);
#3513=ORIENTED_EDGE('',*,*,#2486,.T.);
#3514=ORIENTED_EDGE('',*,*,#2487,.T.);
#3515=ORIENTED_EDGE('',*,*,#2094,.T.);
#3516=ORIENTED_EDGE('',*,*,#2003,.T.);
#3517=ORIENTED_EDGE('',*,*,#2488,.T.);
#3518=ORIENTED_EDGE('',*,*,#2488,.F.);
#3519=ORIENTED_EDGE('',*,*,#2002,.F.);
#3520=ORIENTED_EDGE('',*,*,#2001,.F.);
#3521=ORIENTED_EDGE('',*,*,#2489,.F.);
#3522=ORIENTED_EDGE('',*,*,#2490,.F.);
#3523=ORIENTED_EDGE('',*,*,#2049,.T.);
#3524=ORIENTED_EDGE('',*,*,#2491,.T.);
#3525=ORIENTED_EDGE('',*,*,#2489,.T.);
#3526=ORIENTED_EDGE('',*,*,#2000,.T.);
#3527=ORIENTED_EDGE('',*,*,#1999,.T.);
#3528=ORIENTED_EDGE('',*,*,#2492,.T.);
#3529=ORIENTED_EDGE('',*,*,#2492,.F.);
#3530=ORIENTED_EDGE('',*,*,#1998,.F.);
#3531=ORIENTED_EDGE('',*,*,#1997,.F.);
#3532=ORIENTED_EDGE('',*,*,#2493,.F.);
#3533=ORIENTED_EDGE('',*,*,#2494,.F.);
#3534=ORIENTED_EDGE('',*,*,#2021,.T.);
#3535=ORIENTED_EDGE('',*,*,#2495,.T.);
#3536=ORIENTED_EDGE('',*,*,#2496,.T.);
#3537=ORIENTED_EDGE('',*,*,#2106,.T.);
#3538=ORIENTED_EDGE('',*,*,#2101,.T.);
#3539=ORIENTED_EDGE('',*,*,#2100,.T.);
#3540=ORIENTED_EDGE('',*,*,#2497,.T.);
#3541=ORIENTED_EDGE('',*,*,#2487,.F.);
#3542=ORIENTED_EDGE('',*,*,#2498,.F.);
#3543=ORIENTED_EDGE('',*,*,#2497,.F.);
#3544=ORIENTED_EDGE('',*,*,#2099,.F.);
#3545=ORIENTED_EDGE('',*,*,#2098,.F.);
#3546=ORIENTED_EDGE('',*,*,#2095,.F.);
#3547=ORIENTED_EDGE('',*,*,#2499,.T.);
#3548=ORIENTED_EDGE('',*,*,#2493,.T.);
#3549=ORIENTED_EDGE('',*,*,#1996,.T.);
#3550=ORIENTED_EDGE('',*,*,#2500,.T.);
#3551=ORIENTED_EDGE('',*,*,#2052,.F.);
#3552=ORIENTED_EDGE('',*,*,#2501,.T.);
#3553=ORIENTED_EDGE('',*,*,#2502,.F.);
#3554=ORIENTED_EDGE('',*,*,#2503,.F.);
#3555=ORIENTED_EDGE('',*,*,#2053,.F.);
#3556=ORIENTED_EDGE('',*,*,#2503,.T.);
#3557=ORIENTED_EDGE('',*,*,#2504,.F.);
#3558=ORIENTED_EDGE('',*,*,#2505,.F.);
#3559=ORIENTED_EDGE('',*,*,#2054,.F.);
#3560=ORIENTED_EDGE('',*,*,#2505,.T.);
#3561=ORIENTED_EDGE('',*,*,#2506,.F.);
#3562=ORIENTED_EDGE('',*,*,#2507,.F.);
#3563=ORIENTED_EDGE('',*,*,#2055,.F.);
#3564=ORIENTED_EDGE('',*,*,#2507,.T.);
#3565=ORIENTED_EDGE('',*,*,#2508,.F.);
#3566=ORIENTED_EDGE('',*,*,#2509,.F.);
#3567=ORIENTED_EDGE('',*,*,#2056,.F.);
#3568=ORIENTED_EDGE('',*,*,#2509,.T.);
#3569=ORIENTED_EDGE('',*,*,#2510,.F.);
#3570=ORIENTED_EDGE('',*,*,#2511,.F.);
#3571=ORIENTED_EDGE('',*,*,#2057,.F.);
#3572=ORIENTED_EDGE('',*,*,#2511,.T.);
#3573=ORIENTED_EDGE('',*,*,#2512,.F.);
#3574=ORIENTED_EDGE('',*,*,#2513,.F.);
#3575=ORIENTED_EDGE('',*,*,#2058,.F.);
#3576=ORIENTED_EDGE('',*,*,#2513,.T.);
#3577=ORIENTED_EDGE('',*,*,#2514,.F.);
#3578=ORIENTED_EDGE('',*,*,#2515,.F.);
#3579=ORIENTED_EDGE('',*,*,#2059,.F.);
#3580=ORIENTED_EDGE('',*,*,#2515,.T.);
#3581=ORIENTED_EDGE('',*,*,#2516,.F.);
#3582=ORIENTED_EDGE('',*,*,#2517,.F.);
#3583=ORIENTED_EDGE('',*,*,#2060,.F.);
#3584=ORIENTED_EDGE('',*,*,#2517,.T.);
#3585=ORIENTED_EDGE('',*,*,#2518,.F.);
#3586=ORIENTED_EDGE('',*,*,#2519,.F.);
#3587=ORIENTED_EDGE('',*,*,#2061,.F.);
#3588=ORIENTED_EDGE('',*,*,#2519,.T.);
#3589=ORIENTED_EDGE('',*,*,#2520,.F.);
#3590=ORIENTED_EDGE('',*,*,#2521,.F.);
#3591=ORIENTED_EDGE('',*,*,#2062,.F.);
#3592=ORIENTED_EDGE('',*,*,#2521,.T.);
#3593=ORIENTED_EDGE('',*,*,#2522,.F.);
#3594=ORIENTED_EDGE('',*,*,#2523,.F.);
#3595=ORIENTED_EDGE('',*,*,#2063,.F.);
#3596=ORIENTED_EDGE('',*,*,#2523,.T.);
#3597=ORIENTED_EDGE('',*,*,#2524,.F.);
#3598=ORIENTED_EDGE('',*,*,#2525,.F.);
#3599=ORIENTED_EDGE('',*,*,#2064,.F.);
#3600=ORIENTED_EDGE('',*,*,#2525,.T.);
#3601=ORIENTED_EDGE('',*,*,#2526,.F.);
#3602=ORIENTED_EDGE('',*,*,#2527,.F.);
#3603=ORIENTED_EDGE('',*,*,#2065,.F.);
#3604=ORIENTED_EDGE('',*,*,#2527,.T.);
#3605=ORIENTED_EDGE('',*,*,#2528,.F.);
#3606=ORIENTED_EDGE('',*,*,#2529,.F.);
#3607=ORIENTED_EDGE('',*,*,#2066,.F.);
#3608=ORIENTED_EDGE('',*,*,#2529,.T.);
#3609=ORIENTED_EDGE('',*,*,#2530,.F.);
#3610=ORIENTED_EDGE('',*,*,#2531,.F.);
#3611=ORIENTED_EDGE('',*,*,#2067,.F.);
#3612=ORIENTED_EDGE('',*,*,#2531,.T.);
#3613=ORIENTED_EDGE('',*,*,#2532,.F.);
#3614=ORIENTED_EDGE('',*,*,#2533,.F.);
#3615=ORIENTED_EDGE('',*,*,#2068,.F.);
#3616=ORIENTED_EDGE('',*,*,#2533,.T.);
#3617=ORIENTED_EDGE('',*,*,#2534,.F.);
#3618=ORIENTED_EDGE('',*,*,#2535,.F.);
#3619=ORIENTED_EDGE('',*,*,#2069,.F.);
#3620=ORIENTED_EDGE('',*,*,#2535,.T.);
#3621=ORIENTED_EDGE('',*,*,#2536,.F.);
#3622=ORIENTED_EDGE('',*,*,#2537,.F.);
#3623=ORIENTED_EDGE('',*,*,#2070,.F.);
#3624=ORIENTED_EDGE('',*,*,#2537,.T.);
#3625=ORIENTED_EDGE('',*,*,#2538,.F.);
#3626=ORIENTED_EDGE('',*,*,#2539,.F.);
#3627=ORIENTED_EDGE('',*,*,#2071,.F.);
#3628=ORIENTED_EDGE('',*,*,#2539,.T.);
#3629=ORIENTED_EDGE('',*,*,#2540,.F.);
#3630=ORIENTED_EDGE('',*,*,#2541,.F.);
#3631=ORIENTED_EDGE('',*,*,#2072,.F.);
#3632=ORIENTED_EDGE('',*,*,#2541,.T.);
#3633=ORIENTED_EDGE('',*,*,#2542,.F.);
#3634=ORIENTED_EDGE('',*,*,#2543,.F.);
#3635=ORIENTED_EDGE('',*,*,#2073,.F.);
#3636=ORIENTED_EDGE('',*,*,#2543,.T.);
#3637=ORIENTED_EDGE('',*,*,#2544,.F.);
#3638=ORIENTED_EDGE('',*,*,#2545,.F.);
#3639=ORIENTED_EDGE('',*,*,#2074,.F.);
#3640=ORIENTED_EDGE('',*,*,#2545,.T.);
#3641=ORIENTED_EDGE('',*,*,#2546,.F.);
#3642=ORIENTED_EDGE('',*,*,#2547,.F.);
#3643=ORIENTED_EDGE('',*,*,#2075,.F.);
#3644=ORIENTED_EDGE('',*,*,#2547,.T.);
#3645=ORIENTED_EDGE('',*,*,#2548,.F.);
#3646=ORIENTED_EDGE('',*,*,#2549,.F.);
#3647=ORIENTED_EDGE('',*,*,#2051,.T.);
#3648=ORIENTED_EDGE('',*,*,#2076,.F.);
#3649=ORIENTED_EDGE('',*,*,#2549,.T.);
#3650=ORIENTED_EDGE('',*,*,#2550,.F.);
#3651=ORIENTED_EDGE('',*,*,#2551,.F.);
#3652=ORIENTED_EDGE('',*,*,#2077,.F.);
#3653=ORIENTED_EDGE('',*,*,#2551,.T.);
#3654=ORIENTED_EDGE('',*,*,#2552,.F.);
#3655=ORIENTED_EDGE('',*,*,#2553,.F.);
#3656=ORIENTED_EDGE('',*,*,#2078,.F.);
#3657=ORIENTED_EDGE('',*,*,#2553,.T.);
#3658=ORIENTED_EDGE('',*,*,#2554,.F.);
#3659=ORIENTED_EDGE('',*,*,#2555,.F.);
#3660=ORIENTED_EDGE('',*,*,#2023,.T.);
#3661=ORIENTED_EDGE('',*,*,#2030,.T.);
#3662=ORIENTED_EDGE('',*,*,#2556,.F.);
#3663=ORIENTED_EDGE('',*,*,#2079,.F.);
#3664=ORIENTED_EDGE('',*,*,#2555,.T.);
#3665=ORIENTED_EDGE('',*,*,#2557,.F.);
#3666=ORIENTED_EDGE('',*,*,#2040,.F.);
#3667=ORIENTED_EDGE('',*,*,#2029,.T.);
#3668=ORIENTED_EDGE('',*,*,#2039,.F.);
#3669=ORIENTED_EDGE('',*,*,#2080,.F.);
#3670=ORIENTED_EDGE('',*,*,#2556,.T.);
#3671=ORIENTED_EDGE('',*,*,#2081,.F.);
#3672=ORIENTED_EDGE('',*,*,#2037,.T.);
#3673=ORIENTED_EDGE('',*,*,#2558,.F.);
#3674=ORIENTED_EDGE('',*,*,#2559,.F.);
#3675=ORIENTED_EDGE('',*,*,#2082,.F.);
#3676=ORIENTED_EDGE('',*,*,#2559,.T.);
#3677=ORIENTED_EDGE('',*,*,#2560,.F.);
#3678=ORIENTED_EDGE('',*,*,#2561,.F.);
#3679=ORIENTED_EDGE('',*,*,#2083,.F.);
#3680=ORIENTED_EDGE('',*,*,#2561,.T.);
#3681=ORIENTED_EDGE('',*,*,#2562,.F.);
#3682=ORIENTED_EDGE('',*,*,#2563,.F.);
#3683=ORIENTED_EDGE('',*,*,#2084,.F.);
#3684=ORIENTED_EDGE('',*,*,#2563,.T.);
#3685=ORIENTED_EDGE('',*,*,#2564,.F.);
#3686=ORIENTED_EDGE('',*,*,#2565,.F.);
#3687=ORIENTED_EDGE('',*,*,#2085,.F.);
#3688=ORIENTED_EDGE('',*,*,#2565,.T.);
#3689=ORIENTED_EDGE('',*,*,#2566,.F.);
#3690=ORIENTED_EDGE('',*,*,#2567,.F.);
#3691=ORIENTED_EDGE('',*,*,#2086,.F.);
#3692=ORIENTED_EDGE('',*,*,#2567,.T.);
#3693=ORIENTED_EDGE('',*,*,#2568,.F.);
#3694=ORIENTED_EDGE('',*,*,#2569,.F.);
#3695=ORIENTED_EDGE('',*,*,#2087,.F.);
#3696=ORIENTED_EDGE('',*,*,#2569,.T.);
#3697=ORIENTED_EDGE('',*,*,#2570,.F.);
#3698=ORIENTED_EDGE('',*,*,#2571,.F.);
#3699=ORIENTED_EDGE('',*,*,#2088,.F.);
#3700=ORIENTED_EDGE('',*,*,#2571,.T.);
#3701=ORIENTED_EDGE('',*,*,#2572,.F.);
#3702=ORIENTED_EDGE('',*,*,#2573,.F.);
#3703=ORIENTED_EDGE('',*,*,#2089,.F.);
#3704=ORIENTED_EDGE('',*,*,#2573,.T.);
#3705=ORIENTED_EDGE('',*,*,#2574,.F.);
#3706=ORIENTED_EDGE('',*,*,#2575,.F.);
#3707=ORIENTED_EDGE('',*,*,#2031,.T.);
#3708=ORIENTED_EDGE('',*,*,#2576,.F.);
#3709=ORIENTED_EDGE('',*,*,#2090,.F.);
#3710=ORIENTED_EDGE('',*,*,#2575,.T.);
#3711=ORIENTED_EDGE('',*,*,#2577,.F.);
#3712=ORIENTED_EDGE('',*,*,#2047,.F.);
#3713=ORIENTED_EDGE('',*,*,#2034,.T.);
#3714=ORIENTED_EDGE('',*,*,#2046,.F.);
#3715=ORIENTED_EDGE('',*,*,#2091,.F.);
#3716=ORIENTED_EDGE('',*,*,#2576,.T.);
#3717=ORIENTED_EDGE('',*,*,#2092,.F.);
#3718=ORIENTED_EDGE('',*,*,#2044,.T.);
#3719=ORIENTED_EDGE('',*,*,#2578,.F.);
#3720=ORIENTED_EDGE('',*,*,#2579,.F.);
#3721=ORIENTED_EDGE('',*,*,#2093,.F.);
#3722=ORIENTED_EDGE('',*,*,#2579,.T.);
#3723=ORIENTED_EDGE('',*,*,#2580,.F.);
#3724=ORIENTED_EDGE('',*,*,#2501,.F.);
#3725=ORIENTED_EDGE('',*,*,#2496,.F.);
#3726=ORIENTED_EDGE('',*,*,#2581,.F.);
#3727=ORIENTED_EDGE('',*,*,#2500,.F.);
#3728=ORIENTED_EDGE('',*,*,#1995,.F.);
#3729=ORIENTED_EDGE('',*,*,#2107,.F.);
#3730=ORIENTED_EDGE('',*,*,#2486,.F.);
#3731=ORIENTED_EDGE('',*,*,#2490,.T.);
#3732=ORIENTED_EDGE('',*,*,#2491,.F.);
#3733=ORIENTED_EDGE('',*,*,#2494,.T.);
#3734=ORIENTED_EDGE('',*,*,#2499,.F.);
#3735=ORIENTED_EDGE('',*,*,#2581,.T.);
#3736=ORIENTED_EDGE('',*,*,#2495,.F.);
#3737=ORIENTED_EDGE('',*,*,#2498,.T.);
#3738=ORIENTED_EDGE('',*,*,#2580,.T.);
#3739=ORIENTED_EDGE('',*,*,#2578,.T.);
#3740=ORIENTED_EDGE('',*,*,#2043,.T.);
#3741=ORIENTED_EDGE('',*,*,#2048,.T.);
#3742=ORIENTED_EDGE('',*,*,#2577,.T.);
#3743=ORIENTED_EDGE('',*,*,#2574,.T.);
#3744=ORIENTED_EDGE('',*,*,#2572,.T.);
#3745=ORIENTED_EDGE('',*,*,#2570,.T.);
#3746=ORIENTED_EDGE('',*,*,#2568,.T.);
#3747=ORIENTED_EDGE('',*,*,#2566,.T.);
#3748=ORIENTED_EDGE('',*,*,#2564,.T.);
#3749=ORIENTED_EDGE('',*,*,#2562,.T.);
#3750=ORIENTED_EDGE('',*,*,#2560,.T.);
#3751=ORIENTED_EDGE('',*,*,#2558,.T.);
#3752=ORIENTED_EDGE('',*,*,#2036,.T.);
#3753=ORIENTED_EDGE('',*,*,#2041,.T.);
#3754=ORIENTED_EDGE('',*,*,#2557,.T.);
#3755=ORIENTED_EDGE('',*,*,#2554,.T.);
#3756=ORIENTED_EDGE('',*,*,#2552,.T.);
#3757=ORIENTED_EDGE('',*,*,#2550,.T.);
#3758=ORIENTED_EDGE('',*,*,#2548,.T.);
#3759=ORIENTED_EDGE('',*,*,#2546,.T.);
#3760=ORIENTED_EDGE('',*,*,#2544,.T.);
#3761=ORIENTED_EDGE('',*,*,#2542,.T.);
#3762=ORIENTED_EDGE('',*,*,#2540,.T.);
#3763=ORIENTED_EDGE('',*,*,#2538,.T.);
#3764=ORIENTED_EDGE('',*,*,#2536,.T.);
#3765=ORIENTED_EDGE('',*,*,#2534,.T.);
#3766=ORIENTED_EDGE('',*,*,#2532,.T.);
#3767=ORIENTED_EDGE('',*,*,#2530,.T.);
#3768=ORIENTED_EDGE('',*,*,#2528,.T.);
#3769=ORIENTED_EDGE('',*,*,#2526,.T.);
#3770=ORIENTED_EDGE('',*,*,#2524,.T.);
#3771=ORIENTED_EDGE('',*,*,#2522,.T.);
#3772=ORIENTED_EDGE('',*,*,#2520,.T.);
#3773=ORIENTED_EDGE('',*,*,#2518,.T.);
#3774=ORIENTED_EDGE('',*,*,#2516,.T.);
#3775=ORIENTED_EDGE('',*,*,#2514,.T.);
#3776=ORIENTED_EDGE('',*,*,#2512,.T.);
#3777=ORIENTED_EDGE('',*,*,#2510,.T.);
#3778=ORIENTED_EDGE('',*,*,#2508,.T.);
#3779=ORIENTED_EDGE('',*,*,#2506,.T.);
#3780=ORIENTED_EDGE('',*,*,#2504,.T.);
#3781=ORIENTED_EDGE('',*,*,#2502,.T.);
#3782=PLANE('',#4110);
#3783=PLANE('',#4111);
#3784=PLANE('',#4112);
#3785=PLANE('',#4113);
#3786=PLANE('',#4118);
#3787=PLANE('',#4127);
#3788=PLANE('',#4131);
#3789=PLANE('',#4135);
#3790=PLANE('',#4139);
#3791=PLANE('',#4165);
#3792=PLANE('',#4169);
#3793=PLANE('',#4173);
#3794=PLANE('',#4174);
#3795=PLANE('',#4177);
#3796=PLANE('',#4181);
#3797=PLANE('',#4185);
#3798=PLANE('',#4189);
#3799=PLANE('',#4193);
#3800=PLANE('',#4197);
#3801=PLANE('',#4201);
#3802=PLANE('',#4205);
#3803=PLANE('',#4209);
#3804=PLANE('',#4213);
#3805=PLANE('',#4217);
#3806=PLANE('',#4218);
#3807=PLANE('',#4220);
#3808=PLANE('',#4224);
#3809=PLANE('',#4228);
#3810=PLANE('',#4232);
#3811=PLANE('',#4236);
#3812=PLANE('',#4240);
#3813=PLANE('',#4244);
#3814=PLANE('',#4248);
#3815=PLANE('',#4254);
#3816=PLANE('',#4258);
#3817=PLANE('',#4262);
#3818=PLANE('',#4263);
#3819=PLANE('',#4269);
#3820=PLANE('',#4273);
#3821=PLANE('',#4277);
#3822=PLANE('',#4281);
#3823=PLANE('',#4285);
#3824=PLANE('',#4289);
#3825=PLANE('',#4293);
#3826=PLANE('',#4297);
#3827=PLANE('',#4301);
#3828=PLANE('',#4305);
#3829=PLANE('',#4309);
#3830=PLANE('',#4310);
#3831=PLANE('',#4312);
#3832=PLANE('',#4316);
#3833=PLANE('',#4320);
#3834=PLANE('',#4324);
#3835=PLANE('',#4328);
#3836=PLANE('',#4332);
#3837=PLANE('',#4336);
#3838=PLANE('',#4340);
#3839=PLANE('',#4345);
#3840=PLANE('',#4353);
#3841=PLANE('',#4357);
#3842=PLANE('',#4358);
#3843=PLANE('',#4364);
#3844=PLANE('',#4367);
#3845=PLANE('',#4370);
#3846=PLANE('',#4373);
#3847=PLANE('',#4381);
#3848=PLANE('',#4382);
#3849=PLANE('',#4383);
#3850=PLANE('',#4384);
#3851=PLANE('',#4385);
#3852=PLANE('',#4386);
#3853=PLANE('',#4387);
#3854=PLANE('',#4388);
#3855=PLANE('',#4389);
#3856=PLANE('',#4390);
#3857=PLANE('',#4391);
#3858=PLANE('',#4392);
#3859=PLANE('',#4397);
#3860=PLANE('',#4402);
#3861=PLANE('',#4403);
#3862=PLANE('',#4404);
#3863=PLANE('',#4405);
#3864=PLANE('',#4408);
#3865=PLANE('',#4411);
#3866=PLANE('',#4414);
#3867=PLANE('',#4417);
#3868=PLANE('',#4418);
#3869=PLANE('',#4419);
#3870=PLANE('',#4422);
#3871=PLANE('',#4425);
#3872=PLANE('',#4428);
#3873=PLANE('',#4431);
#3874=PLANE('',#4434);
#3875=PLANE('',#4437);
#3876=PLANE('',#4440);
#3877=PLANE('',#4443);
#3878=PLANE('',#4446);
#3879=PLANE('',#4449);
#3880=PLANE('',#4450);
#3881=PLANE('',#4451);
#3882=PLANE('',#4454);
#3883=PLANE('',#4457);
#3884=PLANE('',#4458);
#3885=PLANE('',#4461);
#3886=PLANE('',#4464);
#3887=PLANE('',#4467);
#3888=PLANE('',#4470);
#3889=PLANE('',#4473);
#3890=PLANE('',#4474);
#3891=PLANE('',#4477);
#3892=PLANE('',#4478);
#3893=ADVANCED_FACE('',(#312),#3782,.F.);
#3894=ADVANCED_FACE('',(#313),#3783,.F.);
#3895=ADVANCED_FACE('',(#314),#3784,.F.);
#3896=ADVANCED_FACE('',(#315),#3785,.F.);
#3897=ADVANCED_FACE('',(#316),#304,.T.);
#3898=ADVANCED_FACE('',(#317,#99),#3786,.T.);
#3899=ADVANCED_FACE('',(#318,#100),#15,.F.);
#3900=ADVANCED_FACE('',(#319),#3787,.T.);
#3901=ADVANCED_FACE('',(#320),#16,.F.);
#3902=ADVANCED_FACE('',(#321),#3788,.T.);
#3903=ADVANCED_FACE('',(#322),#17,.F.);
#3904=ADVANCED_FACE('',(#323),#3789,.T.);
#3905=ADVANCED_FACE('',(#324),#18,.F.);
#3906=ADVANCED_FACE('',(#325),#3790,.T.);
#3907=ADVANCED_FACE('',(#326),#305,.T.);
#3908=ADVANCED_FACE('',(#327),#306,.T.);
#3909=ADVANCED_FACE('',(#328,#101),#307,.T.);
#3910=ADVANCED_FACE('',(#329),#19,.F.);
#3911=ADVANCED_FACE('',(#330),#3791,.F.);
#3912=ADVANCED_FACE('',(#331),#20,.F.);
#3913=ADVANCED_FACE('',(#332),#3792,.F.);
#3914=ADVANCED_FACE('',(#333),#21,.F.);
#3915=ADVANCED_FACE('',(#334),#3793,.F.);
#3916=ADVANCED_FACE('',(#335,#102,#103),#3794,.F.);
#3917=ADVANCED_FACE('',(#336),#3795,.F.);
#3918=ADVANCED_FACE('',(#337),#22,.F.);
#3919=ADVANCED_FACE('',(#338),#3796,.F.);
#3920=ADVANCED_FACE('',(#339),#23,.F.);
#3921=ADVANCED_FACE('',(#340),#3797,.F.);
#3922=ADVANCED_FACE('',(#341),#24,.F.);
#3923=ADVANCED_FACE('',(#342),#3798,.F.);
#3924=ADVANCED_FACE('',(#343),#25,.T.);
#3925=ADVANCED_FACE('',(#344),#3799,.F.);
#3926=ADVANCED_FACE('',(#345),#26,.T.);
#3927=ADVANCED_FACE('',(#346),#3800,.F.);
#3928=ADVANCED_FACE('',(#347),#27,.T.);
#3929=ADVANCED_FACE('',(#348),#3801,.F.);
#3930=ADVANCED_FACE('',(#349),#28,.T.);
#3931=ADVANCED_FACE('',(#350),#3802,.F.);
#3932=ADVANCED_FACE('',(#351),#29,.F.);
#3933=ADVANCED_FACE('',(#352),#3803,.F.);
#3934=ADVANCED_FACE('',(#353),#30,.F.);
#3935=ADVANCED_FACE('',(#354),#3804,.F.);
#3936=ADVANCED_FACE('',(#355),#31,.F.);
#3937=ADVANCED_FACE('',(#356),#3805,.F.);
#3938=ADVANCED_FACE('',(#357,#104),#3806,.F.);
#3939=ADVANCED_FACE('',(#358),#3807,.F.);
#3940=ADVANCED_FACE('',(#359),#32,.F.);
#3941=ADVANCED_FACE('',(#360),#3808,.F.);
#3942=ADVANCED_FACE('',(#361),#33,.F.);
#3943=ADVANCED_FACE('',(#362),#3809,.F.);
#3944=ADVANCED_FACE('',(#363),#34,.F.);
#3945=ADVANCED_FACE('',(#364),#3810,.F.);
#3946=ADVANCED_FACE('',(#365),#35,.T.);
#3947=ADVANCED_FACE('',(#366),#3811,.F.);
#3948=ADVANCED_FACE('',(#367),#36,.T.);
#3949=ADVANCED_FACE('',(#368),#3812,.F.);
#3950=ADVANCED_FACE('',(#369),#37,.T.);
#3951=ADVANCED_FACE('',(#370),#3813,.F.);
#3952=ADVANCED_FACE('',(#371),#38,.T.);
#3953=ADVANCED_FACE('',(#372),#3814,.F.);
#3954=ADVANCED_FACE('',(#373),#39,.F.);
#3955=ADVANCED_FACE('',(#374),#40,.F.);
#3956=ADVANCED_FACE('',(#375),#3815,.F.);
#3957=ADVANCED_FACE('',(#376),#41,.F.);
#3958=ADVANCED_FACE('',(#377),#3816,.F.);
#3959=ADVANCED_FACE('',(#378),#42,.F.);
#3960=ADVANCED_FACE('',(#379),#3817,.F.);
#3961=ADVANCED_FACE('',(#380,#105,#106),#3818,.F.);
#3962=ADVANCED_FACE('',(#381),#43,.F.);
#3963=ADVANCED_FACE('',(#382),#3819,.F.);
#3964=ADVANCED_FACE('',(#383),#44,.F.);
#3965=ADVANCED_FACE('',(#384),#3820,.F.);
#3966=ADVANCED_FACE('',(#385),#45,.F.);
#3967=ADVANCED_FACE('',(#386),#3821,.F.);
#3968=ADVANCED_FACE('',(#387),#46,.F.);
#3969=ADVANCED_FACE('',(#388),#3822,.F.);
#3970=ADVANCED_FACE('',(#389),#47,.T.);
#3971=ADVANCED_FACE('',(#390),#3823,.F.);
#3972=ADVANCED_FACE('',(#391),#48,.T.);
#3973=ADVANCED_FACE('',(#392),#3824,.F.);
#3974=ADVANCED_FACE('',(#393),#49,.T.);
#3975=ADVANCED_FACE('',(#394),#3825,.F.);
#3976=ADVANCED_FACE('',(#395),#50,.T.);
#3977=ADVANCED_FACE('',(#396),#3826,.F.);
#3978=ADVANCED_FACE('',(#397),#51,.F.);
#3979=ADVANCED_FACE('',(#398),#3827,.F.);
#3980=ADVANCED_FACE('',(#399),#52,.F.);
#3981=ADVANCED_FACE('',(#400),#3828,.F.);
#3982=ADVANCED_FACE('',(#401),#53,.F.);
#3983=ADVANCED_FACE('',(#402),#3829,.F.);
#3984=ADVANCED_FACE('',(#403,#107),#3830,.F.);
#3985=ADVANCED_FACE('',(#404),#3831,.F.);
#3986=ADVANCED_FACE('',(#405),#54,.F.);
#3987=ADVANCED_FACE('',(#406),#3832,.F.);
#3988=ADVANCED_FACE('',(#407),#55,.F.);
#3989=ADVANCED_FACE('',(#408),#3833,.F.);
#3990=ADVANCED_FACE('',(#409),#56,.F.);
#3991=ADVANCED_FACE('',(#410),#3834,.F.);
#3992=ADVANCED_FACE('',(#411),#57,.T.);
#3993=ADVANCED_FACE('',(#412),#3835,.F.);
#3994=ADVANCED_FACE('',(#413),#58,.T.);
#3995=ADVANCED_FACE('',(#414),#3836,.F.);
#3996=ADVANCED_FACE('',(#415),#59,.T.);
#3997=ADVANCED_FACE('',(#416),#3837,.F.);
#3998=ADVANCED_FACE('',(#417),#60,.T.);
#3999=ADVANCED_FACE('',(#418),#3838,.F.);
#4000=ADVANCED_FACE('',(#419),#61,.F.);
#4001=ADVANCED_FACE('',(#420),#62,.F.);
#4002=ADVANCED_FACE('',(#421),#3839,.F.);
#4003=ADVANCED_FACE('',(#422),#63,.F.);
#4004=ADVANCED_FACE('',(#423),#64,.F.);
#4005=ADVANCED_FACE('',(#424),#65,.F.);
#4006=ADVANCED_FACE('',(#425),#66,.F.);
#4007=ADVANCED_FACE('',(#426,#108),#3840,.T.);
#4008=ADVANCED_FACE('',(#427),#3841,.F.);
#4009=ADVANCED_FACE('',(#428),#308,.F.);
#4010=ADVANCED_FACE('',(#429),#309,.F.);
#4011=ADVANCED_FACE('',(#430,#109),#3842,.T.);
#4012=ADVANCED_FACE('',(#431),#67,.F.);
#4013=ADVANCED_FACE('',(#432),#310,.T.);
#4014=ADVANCED_FACE('',(#433),#311,.T.);
#4015=ADVANCED_FACE('',(#434),#3843,.T.);
#4016=ADVANCED_FACE('',(#435),#68,.T.);
#4017=ADVANCED_FACE('',(#436,#110),#3844,.T.);
#4018=ADVANCED_FACE('',(#437,#111),#3845,.T.);
#4019=ADVANCED_FACE('',(#438),#69,.T.);
#4020=ADVANCED_FACE('',(#439,#112,#113,#114),#3846,.T.);
#4021=ADVANCED_FACE('',(#440),#70,.T.);
#4022=ADVANCED_FACE('',(#441),#71,.T.);
#4023=ADVANCED_FACE('',(#442),#72,.F.);
#4024=ADVANCED_FACE('',(#443,#115),#3847,.T.);
#4025=ADVANCED_FACE('',(#444,#116),#3848,.T.);
#4026=ADVANCED_FACE('',(#445),#3849,.T.);
#4027=ADVANCED_FACE('',(#446),#3850,.T.);
#4028=ADVANCED_FACE('',(#447),#3851,.T.);
#4029=ADVANCED_FACE('',(#448),#3852,.T.);
#4030=ADVANCED_FACE('',(#449),#3853,.T.);
#4031=ADVANCED_FACE('',(#450),#3854,.T.);
#4032=ADVANCED_FACE('',(#451),#3855,.T.);
#4033=ADVANCED_FACE('',(#452),#3856,.T.);
#4034=ADVANCED_FACE('',(#453,#117,#118),#3857,.T.);
#4035=ADVANCED_FACE('',(#454,#119),#3858,.F.);
#4036=ADVANCED_FACE('',(#455),#73,.F.);
#4037=ADVANCED_FACE('',(#456),#74,.F.);
#4038=ADVANCED_FACE('',(#457,#120,#121,#122),#3859,.T.);
#4039=ADVANCED_FACE('',(#458),#75,.F.);
#4040=ADVANCED_FACE('',(#459),#76,.F.);
#4041=ADVANCED_FACE('',(#460),#3860,.T.);
#4042=ADVANCED_FACE('',(#461),#3861,.T.);
#4043=ADVANCED_FACE('',(#462,#123,#124),#3862,.T.);
#4044=ADVANCED_FACE('',(#463,#125),#3863,.F.);
#4045=ADVANCED_FACE('',(#464),#77,.T.);
#4046=ADVANCED_FACE('',(#465,#126),#3864,.T.);
#4047=ADVANCED_FACE('',(#466),#78,.T.);
#4048=ADVANCED_FACE('',(#467,#127),#3865,.T.);
#4049=ADVANCED_FACE('',(#468),#79,.T.);
#4050=ADVANCED_FACE('',(#469),#3866,.T.);
#4051=ADVANCED_FACE('',(#470),#80,.T.);
#4052=ADVANCED_FACE('',(#471),#3867,.T.);
#4053=ADVANCED_FACE('',(#472),#3868,.T.);
#4054=ADVANCED_FACE('',(#473),#3869,.T.);
#4055=ADVANCED_FACE('',(#474),#81,.F.);
#4056=ADVANCED_FACE('',(#475),#3870,.T.);
#4057=ADVANCED_FACE('',(#476),#82,.F.);
#4058=ADVANCED_FACE('',(#477),#3871,.T.);
#4059=ADVANCED_FACE('',(#478),#83,.F.);
#4060=ADVANCED_FACE('',(#479),#3872,.T.);
#4061=ADVANCED_FACE('',(#480),#84,.T.);
#4062=ADVANCED_FACE('',(#481),#3873,.T.);
#4063=ADVANCED_FACE('',(#482),#85,.T.);
#4064=ADVANCED_FACE('',(#483),#3874,.T.);
#4065=ADVANCED_FACE('',(#484),#86,.T.);
#4066=ADVANCED_FACE('',(#485),#3875,.T.);
#4067=ADVANCED_FACE('',(#486),#87,.T.);
#4068=ADVANCED_FACE('',(#487),#3876,.T.);
#4069=ADVANCED_FACE('',(#488),#88,.F.);
#4070=ADVANCED_FACE('',(#489),#3877,.T.);
#4071=ADVANCED_FACE('',(#490),#89,.F.);
#4072=ADVANCED_FACE('',(#491),#3878,.T.);
#4073=ADVANCED_FACE('',(#492),#90,.F.);
#4074=ADVANCED_FACE('',(#493),#3879,.T.);
#4075=ADVANCED_FACE('',(#494,#128),#3880,.T.);
#4076=ADVANCED_FACE('',(#495),#3881,.T.);
#4077=ADVANCED_FACE('',(#496),#91,.F.);
#4078=ADVANCED_FACE('',(#497),#3882,.T.);
#4079=ADVANCED_FACE('',(#498),#92,.F.);
#4080=ADVANCED_FACE('',(#499),#3883,.T.);
#4081=ADVANCED_FACE('',(#500),#3884,.T.);
#4082=ADVANCED_FACE('',(#501),#93,.T.);
#4083=ADVANCED_FACE('',(#502),#3885,.T.);
#4084=ADVANCED_FACE('',(#503),#94,.T.);
#4085=ADVANCED_FACE('',(#504),#3886,.T.);
#4086=ADVANCED_FACE('',(#505),#95,.T.);
#4087=ADVANCED_FACE('',(#506),#3887,.T.);
#4088=ADVANCED_FACE('',(#507),#96,.T.);
#4089=ADVANCED_FACE('',(#508),#3888,.T.);
#4090=ADVANCED_FACE('',(#509),#97,.F.);
#4091=ADVANCED_FACE('',(#510),#3889,.T.);
#4092=ADVANCED_FACE('',(#511),#3890,.T.);
#4093=ADVANCED_FACE('',(#512),#98,.F.);
#4094=ADVANCED_FACE('',(#513),#3891,.T.);
#4095=ADVANCED_FACE('',(#514,#129),#3892,.F.);
#4096=CLOSED_SHELL('',(#3893,#3894,#3895,#3896,#3897,#3898,#3899,#3900,
#3901,#3902,#3903,#3904,#3905,#3906,#3907,#3908,#3909,#3910,#3911,#3912,
#3913,#3914,#3915,#3916,#3917,#3918,#3919,#3920,#3921,#3922,#3923,#3924,
#3925,#3926,#3927,#3928,#3929,#3930,#3931,#3932,#3933,#3934,#3935,#3936,
#3937,#3938,#3939,#3940,#3941,#3942,#3943,#3944,#3945,#3946,#3947,#3948,
#3949,#3950,#3951,#3952,#3953,#3954,#3955,#3956,#3957,#3958,#3959,#3960,
#3961,#3962,#3963,#3964,#3965,#3966,#3967,#3968,#3969,#3970,#3971,#3972,
#3973,#3974,#3975,#3976,#3977,#3978,#3979,#3980,#3981,#3982,#3983,#3984,
#3985,#3986,#3987,#3988,#3989,#3990,#3991,#3992,#3993,#3994,#3995,#3996,
#3997,#3998,#3999,#4000,#4001,#4002,#4003,#4004,#4005,#4006,#4007,#4008,
#4009,#4010,#4011,#4012,#4013,#4014,#4015,#4016,#4017,#4018,#4019,#4020,
#4021,#4022,#4023,#4024,#4025,#4026,#4027,#4028,#4029,#4030,#4031,#4032,
#4033,#4034,#4035,#4036,#4037,#4038,#4039,#4040,#4041,#4042,#4043,#4044,
#4045,#4046,#4047,#4048,#4049,#4050,#4051,#4052,#4053,#4054,#4055,#4056,
#4057,#4058,#4059,#4060,#4061,#4062,#4063,#4064,#4065,#4066,#4067,#4068,
#4069,#4070,#4071,#4072,#4073,#4074,#4075,#4076,#4077,#4078,#4079,#4080,
#4081,#4082,#4083,#4084,#4085,#4086,#4087,#4088,#4089,#4090,#4091,#4092,
#4093,#4094,#4095));
#4097=DERIVED_UNIT_ELEMENT(#4099,1.);
#4098=DERIVED_UNIT_ELEMENT(#7332,-3.);
#4099=(
MASS_UNIT()
NAMED_UNIT(*)
SI_UNIT(.KILO.,.GRAM.)
);
#4100=DERIVED_UNIT((#4097,#4098));
#4101=MEASURE_REPRESENTATION_ITEM('density measure',
POSITIVE_RATIO_MEASURE(7850.),#4100);
#4102=PROPERTY_DEFINITION_REPRESENTATION(#4107,#4104);
#4103=PROPERTY_DEFINITION_REPRESENTATION(#4108,#4105);
#4104=REPRESENTATION('material name',(#4106),#7329);
#4105=REPRESENTATION('density',(#4101),#7329);
#4106=DESCRIPTIVE_REPRESENTATION_ITEM('Steel','Steel');
#4107=PROPERTY_DEFINITION('material property','material name',#7339);
#4108=PROPERTY_DEFINITION('material property','density of part',#7339);
#4109=AXIS2_PLACEMENT_3D('',#5626,#4479,#4480);
#4110=AXIS2_PLACEMENT_3D('',#5627,#4481,#4482);
#4111=AXIS2_PLACEMENT_3D('',#5641,#4485,#4486);
#4112=AXIS2_PLACEMENT_3D('',#5650,#4489,#4490);
#4113=AXIS2_PLACEMENT_3D('',#5659,#4492,#4493);
#4114=AXIS2_PLACEMENT_3D('',#5839,#4497,#4498);
#4115=AXIS2_PLACEMENT_3D('',#5845,#4501,#4502);
#4116=AXIS2_PLACEMENT_3D('',#5847,#4503,#4504);
#4117=AXIS2_PLACEMENT_3D('',#5853,#4507,#4508);
#4118=AXIS2_PLACEMENT_3D('',#5862,#4511,#4512);
#4119=AXIS2_PLACEMENT_3D('',#5872,#4517,#4518);
#4120=AXIS2_PLACEMENT_3D('',#5890,#4528,#4529);
#4121=AXIS2_PLACEMENT_3D('',#5892,#4530,#4531);
#4122=AXIS2_PLACEMENT_3D('',#5914,#4533,#4534);
#4123=AXIS2_PLACEMENT_3D('',#5934,#4536,#4537);
#4124=AXIS2_PLACEMENT_3D('',#5947,#4538,#4539);
#4125=AXIS2_PLACEMENT_3D('',#5983,#4540,#4541);
#4126=AXIS2_PLACEMENT_3D('',#6008,#4542,#4543);
#4127=AXIS2_PLACEMENT_3D('',#6009,#4544,#4545);
#4128=AXIS2_PLACEMENT_3D('',#6010,#4546,#4547);
#4129=AXIS2_PLACEMENT_3D('',#6014,#4549,#4550);
#4130=AXIS2_PLACEMENT_3D('',#6018,#4552,#4553);
#4131=AXIS2_PLACEMENT_3D('',#6020,#4555,#4556);
#4132=AXIS2_PLACEMENT_3D('',#6024,#4559,#4560);
#4133=AXIS2_PLACEMENT_3D('',#6028,#4562,#4563);
#4134=AXIS2_PLACEMENT_3D('',#6032,#4565,#4566);
#4135=AXIS2_PLACEMENT_3D('',#6034,#4568,#4569);
#4136=AXIS2_PLACEMENT_3D('',#6038,#4572,#4573);
#4137=AXIS2_PLACEMENT_3D('',#6040,#4574,#4575);
#4138=AXIS2_PLACEMENT_3D('',#6043,#4577,#4578);
#4139=AXIS2_PLACEMENT_3D('',#6044,#4579,#4580);
#4140=AXIS2_PLACEMENT_3D('',#6053,#4584,#4585);
#4141=AXIS2_PLACEMENT_3D('',#6057,#4587,#4588);
#4142=AXIS2_PLACEMENT_3D('',#6061,#4590,#4591);
#4143=AXIS2_PLACEMENT_3D('',#6065,#4593,#4594);
#4144=AXIS2_PLACEMENT_3D('',#6069,#4596,#4597);
#4145=AXIS2_PLACEMENT_3D('',#6073,#4599,#4600);
#4146=AXIS2_PLACEMENT_3D('',#6077,#4602,#4603);
#4147=AXIS2_PLACEMENT_3D('',#6081,#4605,#4606);
#4148=AXIS2_PLACEMENT_3D('',#6085,#4608,#4609);
#4149=AXIS2_PLACEMENT_3D('',#6089,#4611,#4612);
#4150=AXIS2_PLACEMENT_3D('',#6097,#4616,#4617);
#4151=AXIS2_PLACEMENT_3D('',#6101,#4619,#4620);
#4152=AXIS2_PLACEMENT_3D('',#6106,#4623,#4624);
#4153=AXIS2_PLACEMENT_3D('',#6110,#4626,#4627);
#4154=AXIS2_PLACEMENT_3D('',#6114,#4629,#4630);
#4155=AXIS2_PLACEMENT_3D('',#6118,#4632,#4633);
#4156=AXIS2_PLACEMENT_3D('',#6122,#4635,#4636);
#4157=AXIS2_PLACEMENT_3D('',#6126,#4639,#4640);
#4158=AXIS2_PLACEMENT_3D('',#6152,#4641,#4642);
#4159=AXIS2_PLACEMENT_3D('',#6187,#4648,#4649);
#4160=AXIS2_PLACEMENT_3D('',#6189,#4650,#4651);
#4161=AXIS2_PLACEMENT_3D('',#6234,#4656,#4657);
#4162=AXIS2_PLACEMENT_3D('',#6239,#4661,#4662);
#4163=AXIS2_PLACEMENT_3D('',#6242,#4663,#4664);
#4164=AXIS2_PLACEMENT_3D('',#6246,#4666,#4667);
#4165=AXIS2_PLACEMENT_3D('',#6248,#4669,#4670);
#4166=AXIS2_PLACEMENT_3D('',#6254,#4674,#4675);
#4167=AXIS2_PLACEMENT_3D('',#6256,#4676,#4677);
#4168=AXIS2_PLACEMENT_3D('',#6259,#4679,#4680);
#4169=AXIS2_PLACEMENT_3D('',#6260,#4681,#4682);
#4170=AXIS2_PLACEMENT_3D('',#6266,#4686,#4687);
#4171=AXIS2_PLACEMENT_3D('',#6268,#4688,#4689);
#4172=AXIS2_PLACEMENT_3D('',#6271,#4691,#4692);
#4173=AXIS2_PLACEMENT_3D('',#6272,#4693,#4694);
#4174=AXIS2_PLACEMENT_3D('',#6278,#4698,#4699);
#4175=AXIS2_PLACEMENT_3D('',#6285,#4703,#4704);
#4176=AXIS2_PLACEMENT_3D('',#6289,#4706,#4707);
#4177=AXIS2_PLACEMENT_3D('',#6290,#4708,#4709);
#4178=AXIS2_PLACEMENT_3D('',#6296,#4713,#4714);
#4179=AXIS2_PLACEMENT_3D('',#6298,#4715,#4716);
#4180=AXIS2_PLACEMENT_3D('',#6301,#4718,#4719);
#4181=AXIS2_PLACEMENT_3D('',#6302,#4720,#4721);
#4182=AXIS2_PLACEMENT_3D('',#6308,#4725,#4726);
#4183=AXIS2_PLACEMENT_3D('',#6310,#4727,#4728);
#4184=AXIS2_PLACEMENT_3D('',#6313,#4730,#4731);
#4185=AXIS2_PLACEMENT_3D('',#6314,#4732,#4733);
#4186=AXIS2_PLACEMENT_3D('',#6320,#4737,#4738);
#4187=AXIS2_PLACEMENT_3D('',#6322,#4739,#4740);
#4188=AXIS2_PLACEMENT_3D('',#6325,#4742,#4743);
#4189=AXIS2_PLACEMENT_3D('',#6326,#4744,#4745);
#4190=AXIS2_PLACEMENT_3D('',#6332,#4749,#4750);
#4191=AXIS2_PLACEMENT_3D('',#6334,#4751,#4752);
#4192=AXIS2_PLACEMENT_3D('',#6337,#4754,#4755);
#4193=AXIS2_PLACEMENT_3D('',#6338,#4756,#4757);
#4194=AXIS2_PLACEMENT_3D('',#6344,#4761,#4762);
#4195=AXIS2_PLACEMENT_3D('',#6346,#4763,#4764);
#4196=AXIS2_PLACEMENT_3D('',#6349,#4766,#4767);
#4197=AXIS2_PLACEMENT_3D('',#6350,#4768,#4769);
#4198=AXIS2_PLACEMENT_3D('',#6356,#4773,#4774);
#4199=AXIS2_PLACEMENT_3D('',#6358,#4775,#4776);
#4200=AXIS2_PLACEMENT_3D('',#6361,#4778,#4779);
#4201=AXIS2_PLACEMENT_3D('',#6362,#4780,#4781);
#4202=AXIS2_PLACEMENT_3D('',#6368,#4785,#4786);
#4203=AXIS2_PLACEMENT_3D('',#6370,#4787,#4788);
#4204=AXIS2_PLACEMENT_3D('',#6373,#4790,#4791);
#4205=AXIS2_PLACEMENT_3D('',#6374,#4792,#4793);
#4206=AXIS2_PLACEMENT_3D('',#6380,#4797,#4798);
#4207=AXIS2_PLACEMENT_3D('',#6382,#4799,#4800);
#4208=AXIS2_PLACEMENT_3D('',#6385,#4802,#4803);
#4209=AXIS2_PLACEMENT_3D('',#6386,#4804,#4805);
#4210=AXIS2_PLACEMENT_3D('',#6392,#4809,#4810);
#4211=AXIS2_PLACEMENT_3D('',#6394,#4811,#4812);
#4212=AXIS2_PLACEMENT_3D('',#6397,#4814,#4815);
#4213=AXIS2_PLACEMENT_3D('',#6398,#4816,#4817);
#4214=AXIS2_PLACEMENT_3D('',#6404,#4821,#4822);
#4215=AXIS2_PLACEMENT_3D('',#6406,#4823,#4824);
#4216=AXIS2_PLACEMENT_3D('',#6409,#4826,#4827);
#4217=AXIS2_PLACEMENT_3D('',#6410,#4828,#4829);
#4218=AXIS2_PLACEMENT_3D('',#6416,#4833,#4834);
#4219=AXIS2_PLACEMENT_3D('',#6423,#4838,#4839);
#4220=AXIS2_PLACEMENT_3D('',#6424,#4840,#4841);
#4221=AXIS2_PLACEMENT_3D('',#6430,#4845,#4846);
#4222=AXIS2_PLACEMENT_3D('',#6432,#4847,#4848);
#4223=AXIS2_PLACEMENT_3D('',#6435,#4850,#4851);
#4224=AXIS2_PLACEMENT_3D('',#6436,#4852,#4853);
#4225=AXIS2_PLACEMENT_3D('',#6442,#4857,#4858);
#4226=AXIS2_PLACEMENT_3D('',#6444,#4859,#4860);
#4227=AXIS2_PLACEMENT_3D('',#6447,#4862,#4863);
#4228=AXIS2_PLACEMENT_3D('',#6448,#4864,#4865);
#4229=AXIS2_PLACEMENT_3D('',#6454,#4869,#4870);
#4230=AXIS2_PLACEMENT_3D('',#6456,#4871,#4872);
#4231=AXIS2_PLACEMENT_3D('',#6459,#4874,#4875);
#4232=AXIS2_PLACEMENT_3D('',#6460,#4876,#4877);
#4233=AXIS2_PLACEMENT_3D('',#6466,#4881,#4882);
#4234=AXIS2_PLACEMENT_3D('',#6468,#4883,#4884);
#4235=AXIS2_PLACEMENT_3D('',#6471,#4886,#4887);
#4236=AXIS2_PLACEMENT_3D('',#6472,#4888,#4889);
#4237=AXIS2_PLACEMENT_3D('',#6478,#4893,#4894);
#4238=AXIS2_PLACEMENT_3D('',#6480,#4895,#4896);
#4239=AXIS2_PLACEMENT_3D('',#6483,#4898,#4899);
#4240=AXIS2_PLACEMENT_3D('',#6484,#4900,#4901);
#4241=AXIS2_PLACEMENT_3D('',#6490,#4905,#4906);
#4242=AXIS2_PLACEMENT_3D('',#6492,#4907,#4908);
#4243=AXIS2_PLACEMENT_3D('',#6495,#4910,#4911);
#4244=AXIS2_PLACEMENT_3D('',#6496,#4912,#4913);
#4245=AXIS2_PLACEMENT_3D('',#6502,#4917,#4918);
#4246=AXIS2_PLACEMENT_3D('',#6504,#4919,#4920);
#4247=AXIS2_PLACEMENT_3D('',#6507,#4922,#4923);
#4248=AXIS2_PLACEMENT_3D('',#6508,#4924,#4925);
#4249=AXIS2_PLACEMENT_3D('',#6511,#4928,#4929);
#4250=AXIS2_PLACEMENT_3D('',#6515,#4931,#4932);
#4251=AXIS2_PLACEMENT_3D('',#6517,#4934,#4935);
#4252=AXIS2_PLACEMENT_3D('',#6520,#4936,#4937);
#4253=AXIS2_PLACEMENT_3D('',#6524,#4939,#4940);
#4254=AXIS2_PLACEMENT_3D('',#6526,#4942,#4943);
#4255=AXIS2_PLACEMENT_3D('',#6532,#4947,#4948);
#4256=AXIS2_PLACEMENT_3D('',#6534,#4949,#4950);
#4257=AXIS2_PLACEMENT_3D('',#6537,#4952,#4953);
#4258=AXIS2_PLACEMENT_3D('',#6538,#4954,#4955);
#4259=AXIS2_PLACEMENT_3D('',#6544,#4959,#4960);
#4260=AXIS2_PLACEMENT_3D('',#6546,#4961,#4962);
#4261=AXIS2_PLACEMENT_3D('',#6549,#4964,#4965);
#4262=AXIS2_PLACEMENT_3D('',#6550,#4966,#4967);
#4263=AXIS2_PLACEMENT_3D('',#6556,#4971,#4972);
#4264=AXIS2_PLACEMENT_3D('',#6563,#4976,#4977);
#4265=AXIS2_PLACEMENT_3D('',#6565,#4978,#4979);
#4266=AXIS2_PLACEMENT_3D('',#6566,#4980,#4981);
#4267=AXIS2_PLACEMENT_3D('',#6568,#4982,#4983);
#4268=AXIS2_PLACEMENT_3D('',#6571,#4985,#4986);
#4269=AXIS2_PLACEMENT_3D('',#6572,#4987,#4988);
#4270=AXIS2_PLACEMENT_3D('',#6578,#4992,#4993);
#4271=AXIS2_PLACEMENT_3D('',#6580,#4994,#4995);
#4272=AXIS2_PLACEMENT_3D('',#6583,#4997,#4998);
#4273=AXIS2_PLACEMENT_3D('',#6584,#4999,#5000);
#4274=AXIS2_PLACEMENT_3D('',#6590,#5004,#5005);
#4275=AXIS2_PLACEMENT_3D('',#6592,#5006,#5007);
#4276=AXIS2_PLACEMENT_3D('',#6595,#5009,#5010);
#4277=AXIS2_PLACEMENT_3D('',#6596,#5011,#5012);
#4278=AXIS2_PLACEMENT_3D('',#6602,#5016,#5017);
#4279=AXIS2_PLACEMENT_3D('',#6604,#5018,#5019);
#4280=AXIS2_PLACEMENT_3D('',#6607,#5021,#5022);
#4281=AXIS2_PLACEMENT_3D('',#6608,#5023,#5024);
#4282=AXIS2_PLACEMENT_3D('',#6614,#5028,#5029);
#4283=AXIS2_PLACEMENT_3D('',#6616,#5030,#5031);
#4284=AXIS2_PLACEMENT_3D('',#6619,#5033,#5034);
#4285=AXIS2_PLACEMENT_3D('',#6620,#5035,#5036);
#4286=AXIS2_PLACEMENT_3D('',#6626,#5040,#5041);
#4287=AXIS2_PLACEMENT_3D('',#6628,#5042,#5043);
#4288=AXIS2_PLACEMENT_3D('',#6631,#5045,#5046);
#4289=AXIS2_PLACEMENT_3D('',#6632,#5047,#5048);
#4290=AXIS2_PLACEMENT_3D('',#6638,#5052,#5053);
#4291=AXIS2_PLACEMENT_3D('',#6640,#5054,#5055);
#4292=AXIS2_PLACEMENT_3D('',#6643,#5057,#5058);
#4293=AXIS2_PLACEMENT_3D('',#6644,#5059,#5060);
#4294=AXIS2_PLACEMENT_3D('',#6650,#5064,#5065);
#4295=AXIS2_PLACEMENT_3D('',#6652,#5066,#5067);
#4296=AXIS2_PLACEMENT_3D('',#6655,#5069,#5070);
#4297=AXIS2_PLACEMENT_3D('',#6656,#5071,#5072);
#4298=AXIS2_PLACEMENT_3D('',#6662,#5076,#5077);
#4299=AXIS2_PLACEMENT_3D('',#6664,#5078,#5079);
#4300=AXIS2_PLACEMENT_3D('',#6667,#5081,#5082);
#4301=AXIS2_PLACEMENT_3D('',#6668,#5083,#5084);
#4302=AXIS2_PLACEMENT_3D('',#6674,#5088,#5089);
#4303=AXIS2_PLACEMENT_3D('',#6676,#5090,#5091);
#4304=AXIS2_PLACEMENT_3D('',#6679,#5093,#5094);
#4305=AXIS2_PLACEMENT_3D('',#6680,#5095,#5096);
#4306=AXIS2_PLACEMENT_3D('',#6686,#5100,#5101);
#4307=AXIS2_PLACEMENT_3D('',#6688,#5102,#5103);
#4308=AXIS2_PLACEMENT_3D('',#6691,#5105,#5106);
#4309=AXIS2_PLACEMENT_3D('',#6692,#5107,#5108);
#4310=AXIS2_PLACEMENT_3D('',#6698,#5112,#5113);
#4311=AXIS2_PLACEMENT_3D('',#6705,#5117,#5118);
#4312=AXIS2_PLACEMENT_3D('',#6706,#5119,#5120);
#4313=AXIS2_PLACEMENT_3D('',#6712,#5124,#5125);
#4314=AXIS2_PLACEMENT_3D('',#6714,#5126,#5127);
#4315=AXIS2_PLACEMENT_3D('',#6717,#5129,#5130);
#4316=AXIS2_PLACEMENT_3D('',#6718,#5131,#5132);
#4317=AXIS2_PLACEMENT_3D('',#6724,#5136,#5137);
#4318=AXIS2_PLACEMENT_3D('',#6726,#5138,#5139);
#4319=AXIS2_PLACEMENT_3D('',#6729,#5141,#5142);
#4320=AXIS2_PLACEMENT_3D('',#6730,#5143,#5144);
#4321=AXIS2_PLACEMENT_3D('',#6736,#5148,#5149);
#4322=AXIS2_PLACEMENT_3D('',#6738,#5150,#5151);
#4323=AXIS2_PLACEMENT_3D('',#6741,#5153,#5154);
#4324=AXIS2_PLACEMENT_3D('',#6742,#5155,#5156);
#4325=AXIS2_PLACEMENT_3D('',#6748,#5160,#5161);
#4326=AXIS2_PLACEMENT_3D('',#6750,#5162,#5163);
#4327=AXIS2_PLACEMENT_3D('',#6753,#5165,#5166);
#4328=AXIS2_PLACEMENT_3D('',#6754,#5167,#5168);
#4329=AXIS2_PLACEMENT_3D('',#6760,#5172,#5173);
#4330=AXIS2_PLACEMENT_3D('',#6762,#5174,#5175);
#4331=AXIS2_PLACEMENT_3D('',#6765,#5177,#5178);
#4332=AXIS2_PLACEMENT_3D('',#6766,#5179,#5180);
#4333=AXIS2_PLACEMENT_3D('',#6772,#5184,#5185);
#4334=AXIS2_PLACEMENT_3D('',#6774,#5186,#5187);
#4335=AXIS2_PLACEMENT_3D('',#6777,#5189,#5190);
#4336=AXIS2_PLACEMENT_3D('',#6778,#5191,#5192);
#4337=AXIS2_PLACEMENT_3D('',#6784,#5196,#5197);
#4338=AXIS2_PLACEMENT_3D('',#6786,#5198,#5199);
#4339=AXIS2_PLACEMENT_3D('',#6789,#5201,#5202);
#4340=AXIS2_PLACEMENT_3D('',#6790,#5203,#5204);
#4341=AXIS2_PLACEMENT_3D('',#6793,#5207,#5208);
#4342=AXIS2_PLACEMENT_3D('',#6795,#5209,#5210);
#4343=AXIS2_PLACEMENT_3D('',#6797,#5212,#5213);
#4344=AXIS2_PLACEMENT_3D('',#6799,#5214,#5215);
#4345=AXIS2_PLACEMENT_3D('',#6801,#5217,#5218);
#4346=AXIS2_PLACEMENT_3D('',#6803,#5220,#5221);
#4347=AXIS2_PLACEMENT_3D('',#6805,#5222,#5223);
#4348=AXIS2_PLACEMENT_3D('',#6807,#5225,#5226);
#4349=AXIS2_PLACEMENT_3D('',#6809,#5227,#5228);
#4350=AXIS2_PLACEMENT_3D('',#6811,#5230,#5231);
#4351=AXIS2_PLACEMENT_3D('',#6813,#5232,#5233);
#4352=AXIS2_PLACEMENT_3D('',#6815,#5235,#5236);
#4353=AXIS2_PLACEMENT_3D('',#6840,#5239,#5240);
#4354=AXIS2_PLACEMENT_3D('',#6892,#5246,#5247);
#4355=AXIS2_PLACEMENT_3D('',#6895,#5249,#5250);
#4356=AXIS2_PLACEMENT_3D('',#6897,#5251,#5252);
#4357=AXIS2_PLACEMENT_3D('',#6898,#5253,#5254);
#4358=AXIS2_PLACEMENT_3D('',#6944,#5261,#5262);
#4359=AXIS2_PLACEMENT_3D('',#6946,#5263,#5264);
#4360=AXIS2_PLACEMENT_3D('',#6950,#5266,#5267);
#4361=AXIS2_PLACEMENT_3D('',#6962,#5271,#5272);
#4362=AXIS2_PLACEMENT_3D('',#6963,#5273,#5274);
#4363=AXIS2_PLACEMENT_3D('',#6988,#5276,#5277);
#4364=AXIS2_PLACEMENT_3D('',#7030,#5284,#5285);
#4365=AXIS2_PLACEMENT_3D('',#7032,#5287,#5288);
#4366=AXIS2_PLACEMENT_3D('',#7035,#5289,#5290);
#4367=AXIS2_PLACEMENT_3D('',#7038,#5293,#5294);
#4368=AXIS2_PLACEMENT_3D('',#7042,#5296,#5297);
#4369=AXIS2_PLACEMENT_3D('',#7050,#5302,#5303);
#4370=AXIS2_PLACEMENT_3D('',#7051,#5304,#5305);
#4371=AXIS2_PLACEMENT_3D('',#7063,#5313,#5314);
#4372=AXIS2_PLACEMENT_3D('',#7065,#5315,#5316);
#4373=AXIS2_PLACEMENT_3D('',#7067,#5318,#5319);
#4374=AXIS2_PLACEMENT_3D('',#7070,#5321,#5322);
#4375=AXIS2_PLACEMENT_3D('',#7072,#5323,#5324);
#4376=AXIS2_PLACEMENT_3D('',#7074,#5325,#5326);
#4377=AXIS2_PLACEMENT_3D('',#7076,#5327,#5328);
#4378=AXIS2_PLACEMENT_3D('',#7077,#5329,#5330);
#4379=AXIS2_PLACEMENT_3D('',#7079,#5332,#5333);
#4380=AXIS2_PLACEMENT_3D('',#7081,#5335,#5336);
#4381=AXIS2_PLACEMENT_3D('',#7083,#5338,#5339);
#4382=AXIS2_PLACEMENT_3D('',#7087,#5342,#5343);
#4383=AXIS2_PLACEMENT_3D('',#7091,#5346,#5347);
#4384=AXIS2_PLACEMENT_3D('',#7092,#5348,#5349);
#4385=AXIS2_PLACEMENT_3D('',#7094,#5351,#5352);
#4386=AXIS2_PLACEMENT_3D('',#7096,#5354,#5355);
#4387=AXIS2_PLACEMENT_3D('',#7097,#5356,#5357);
#4388=AXIS2_PLACEMENT_3D('',#7098,#5358,#5359);
#4389=AXIS2_PLACEMENT_3D('',#7099,#5360,#5361);
#4390=AXIS2_PLACEMENT_3D('',#7102,#5364,#5365);
#4391=AXIS2_PLACEMENT_3D('',#7106,#5368,#5369);
#4392=AXIS2_PLACEMENT_3D('',#7108,#5371,#5372);
#4393=AXIS2_PLACEMENT_3D('',#7109,#5373,#5374);
#4394=AXIS2_PLACEMENT_3D('',#7111,#5375,#5376);
#4395=AXIS2_PLACEMENT_3D('',#7113,#5378,#5379);
#4396=AXIS2_PLACEMENT_3D('',#7115,#5380,#5381);
#4397=AXIS2_PLACEMENT_3D('',#7117,#5383,#5384);
#4398=AXIS2_PLACEMENT_3D('',#7119,#5385,#5386);
#4399=AXIS2_PLACEMENT_3D('',#7121,#5387,#5388);
#4400=AXIS2_PLACEMENT_3D('',#7122,#5389,#5390);
#4401=AXIS2_PLACEMENT_3D('',#7124,#5392,#5393);
#4402=AXIS2_PLACEMENT_3D('',#7126,#5395,#5396);
#4403=AXIS2_PLACEMENT_3D('',#7127,#5397,#5398);
#4404=AXIS2_PLACEMENT_3D('',#7131,#5401,#5402);
#4405=AXIS2_PLACEMENT_3D('',#7133,#5404,#5405);
#4406=AXIS2_PLACEMENT_3D('',#7134,#5406,#5407);
#4407=AXIS2_PLACEMENT_3D('',#7137,#5408,#5409);
#4408=AXIS2_PLACEMENT_3D('',#7140,#5412,#5413);
#4409=AXIS2_PLACEMENT_3D('',#7144,#5416,#5417);
#4410=AXIS2_PLACEMENT_3D('',#7146,#5418,#5419);
#4411=AXIS2_PLACEMENT_3D('',#7148,#5421,#5422);
#4412=AXIS2_PLACEMENT_3D('',#7152,#5425,#5426);
#4413=AXIS2_PLACEMENT_3D('',#7155,#5427,#5428);
#4414=AXIS2_PLACEMENT_3D('',#7158,#5431,#5432);
#4415=AXIS2_PLACEMENT_3D('',#7160,#5434,#5435);
#4416=AXIS2_PLACEMENT_3D('',#7162,#5436,#5437);
#4417=AXIS2_PLACEMENT_3D('',#7164,#5439,#5440);
#4418=AXIS2_PLACEMENT_3D('',#7170,#5444,#5445);
#4419=AXIS2_PLACEMENT_3D('',#7174,#5448,#5449);
#4420=AXIS2_PLACEMENT_3D('',#7178,#5452,#5453);
#4421=AXIS2_PLACEMENT_3D('',#7180,#5454,#5455);
#4422=AXIS2_PLACEMENT_3D('',#7182,#5457,#5458);
#4423=AXIS2_PLACEMENT_3D('',#7186,#5461,#5462);
#4424=AXIS2_PLACEMENT_3D('',#7188,#5463,#5464);
#4425=AXIS2_PLACEMENT_3D('',#7190,#5466,#5467);
#4426=AXIS2_PLACEMENT_3D('',#7194,#5470,#5471);
#4427=AXIS2_PLACEMENT_3D('',#7196,#5472,#5473);
#4428=AXIS2_PLACEMENT_3D('',#7198,#5475,#5476);
#4429=AXIS2_PLACEMENT_3D('',#7202,#5479,#5480);
#4430=AXIS2_PLACEMENT_3D('',#7204,#5481,#5482);
#4431=AXIS2_PLACEMENT_3D('',#7206,#5484,#5485);
#4432=AXIS2_PLACEMENT_3D('',#7210,#5488,#5489);
#4433=AXIS2_PLACEMENT_3D('',#7212,#5490,#5491);
#4434=AXIS2_PLACEMENT_3D('',#7214,#5493,#5494);
#4435=AXIS2_PLACEMENT_3D('',#7218,#5497,#5498);
#4436=AXIS2_PLACEMENT_3D('',#7220,#5499,#5500);
#4437=AXIS2_PLACEMENT_3D('',#7222,#5502,#5503);
#4438=AXIS2_PLACEMENT_3D('',#7226,#5506,#5507);
#4439=AXIS2_PLACEMENT_3D('',#7228,#5508,#5509);
#4440=AXIS2_PLACEMENT_3D('',#7230,#5511,#5512);
#4441=AXIS2_PLACEMENT_3D('',#7234,#5515,#5516);
#4442=AXIS2_PLACEMENT_3D('',#7236,#5517,#5518);
#4443=AXIS2_PLACEMENT_3D('',#7238,#5520,#5521);
#4444=AXIS2_PLACEMENT_3D('',#7242,#5524,#5525);
#4445=AXIS2_PLACEMENT_3D('',#7244,#5526,#5527);
#4446=AXIS2_PLACEMENT_3D('',#7246,#5529,#5530);
#4447=AXIS2_PLACEMENT_3D('',#7250,#5533,#5534);
#4448=AXIS2_PLACEMENT_3D('',#7252,#5535,#5536);
#4449=AXIS2_PLACEMENT_3D('',#7254,#5538,#5539);
#4450=AXIS2_PLACEMENT_3D('',#7258,#5542,#5543);
#4451=AXIS2_PLACEMENT_3D('',#7262,#5546,#5547);
#4452=AXIS2_PLACEMENT_3D('',#7266,#5550,#5551);
#4453=AXIS2_PLACEMENT_3D('',#7268,#5552,#5553);
#4454=AXIS2_PLACEMENT_3D('',#7270,#5555,#5556);
#4455=AXIS2_PLACEMENT_3D('',#7274,#5559,#5560);
#4456=AXIS2_PLACEMENT_3D('',#7276,#5562,#5563);
#4457=AXIS2_PLACEMENT_3D('',#7277,#5564,#5565);
#4458=AXIS2_PLACEMENT_3D('',#7278,#5566,#5567);
#4459=AXIS2_PLACEMENT_3D('',#7282,#5570,#5571);
#4460=AXIS2_PLACEMENT_3D('',#7284,#5572,#5573);
#4461=AXIS2_PLACEMENT_3D('',#7286,#5575,#5576);
#4462=AXIS2_PLACEMENT_3D('',#7290,#5579,#5580);
#4463=AXIS2_PLACEMENT_3D('',#7292,#5581,#5582);
#4464=AXIS2_PLACEMENT_3D('',#7294,#5584,#5585);
#4465=AXIS2_PLACEMENT_3D('',#7298,#5588,#5589);
#4466=AXIS2_PLACEMENT_3D('',#7300,#5590,#5591);
#4467=AXIS2_PLACEMENT_3D('',#7302,#5593,#5594);
#4468=AXIS2_PLACEMENT_3D('',#7306,#5597,#5598);
#4469=AXIS2_PLACEMENT_3D('',#7308,#5599,#5600);
#4470=AXIS2_PLACEMENT_3D('',#7310,#5602,#5603);
#4471=AXIS2_PLACEMENT_3D('',#7314,#5606,#5607);
#4472=AXIS2_PLACEMENT_3D('',#7316,#5609,#5610);
#4473=AXIS2_PLACEMENT_3D('',#7317,#5611,#5612);
#4474=AXIS2_PLACEMENT_3D('',#7318,#5613,#5614);
#4475=AXIS2_PLACEMENT_3D('',#7322,#5617,#5618);
#4476=AXIS2_PLACEMENT_3D('',#7323,#5619,#5620);
#4477=AXIS2_PLACEMENT_3D('',#7324,#5621,#5622);
#4478=AXIS2_PLACEMENT_3D('',#7326,#5624,#5625);
#4479=DIRECTION('axis',(0.,0.,1.));
#4480=DIRECTION('refdir',(1.,0.,0.));
#4481=DIRECTION('center_axis',(-6.19635513624129E-17,-1.63972185484605E-16,
1.));
#4482=DIRECTION('ref_axis',(-0.866025403784439,-0.499999999999999,-1.35648102330854E-16));
#4483=DIRECTION('',(-0.866025403784439,-0.499999999999999,-1.35648102330854E-16));
#4484=DIRECTION('',(0.5,-0.866025403784439,-1.11022302462516E-16));
#4485=DIRECTION('center_axis',(-0.866025403784439,-0.5,-1.35648102330854E-16));
#4486=DIRECTION('ref_axis',(4.32624610919079E-17,1.96363423990052E-16,-1.));
#4487=DIRECTION('',(4.32624610919079E-17,1.96363423990052E-16,-1.));
#4488=DIRECTION('',(0.5,-0.866025403784439,-1.11022302462516E-16));
#4489=DIRECTION('center_axis',(6.19635513624128E-17,1.63972185484605E-16,
-1.));
#4490=DIRECTION('ref_axis',(0.86602540378444,0.499999999999997,1.35648102330853E-16));
#4491=DIRECTION('',(0.86602540378444,0.499999999999997,1.35648102330853E-16));
#4492=DIRECTION('center_axis',(0.5,-0.866025403784439,-1.11022302462516E-16));
#4493=DIRECTION('ref_axis',(0.,1.28197512425571E-16,-1.));
#4494=DIRECTION('',(-0.500000000000001,0.866025403784438,0.));
#4495=DIRECTION('',(0.508786875888567,0.490563549960738,-0.707448456336905));
#4496=DIRECTION('',(0.877822367344866,0.300736414563195,0.372807591586773));
#4497=DIRECTION('center_axis',(-0.451697051905646,0.260787414509885,0.853205542488443));
#4498=DIRECTION('ref_axis',(0.508025052683992,0.861323527194827,0.00568571421107654));
#4499=DIRECTION('',(0.159366447813848,-0.917358999186754,0.364766777437683));
#4500=DIRECTION('',(0.159366447813848,-0.917358999186754,0.364766777437683));
#4501=DIRECTION('center_axis',(-0.451697051905646,0.260787414509885,0.853205542488443));
#4502=DIRECTION('ref_axis',(0.733403244569561,-0.436018011020104,0.521543837966583));
#4503=DIRECTION('center_axis',(-0.451697051905646,0.260787414509885,0.853205542488443));
#4504=DIRECTION('ref_axis',(0.733403244569561,-0.436018011020104,0.521543837966583));
#4505=DIRECTION('',(-0.877822367344866,-0.300736414563195,-0.372807591586773));
#4506=DIRECTION('',(-0.877822367344866,-0.300736414563195,-0.372807591586773));
#4507=DIRECTION('center_axis',(-0.451697051905646,0.260787414509885,0.853205542488443));
#4508=DIRECTION('ref_axis',(-0.508025052684005,-0.861323527194819,-0.00568571421107955));
#4509=DIRECTION('',(-0.22742070534883,-0.446022136941665,-0.86564662313015));
#4510=DIRECTION('',(1.,7.84500465345137E-16,0.));
#4511=DIRECTION('center_axis',(0.866025403784438,0.500000000000002,3.54987407349455E-30));
#4512=DIRECTION('ref_axis',(-7.56948740813643E-16,1.31107367781452E-15,
-1.));
#4513=DIRECTION('',(2.04952075192135E-30,3.54987407349455E-30,-1.));
#4514=DIRECTION('',(0.500000000000002,-0.866025403784438,0.));
#4515=DIRECTION('',(2.04952075192135E-30,3.54987407349455E-30,-1.));
#4516=DIRECTION('',(-0.257250227775692,0.445570464766164,0.857490105620712));
#4517=DIRECTION('center_axis',(0.866025403784438,0.500000000000002,3.54987407349455E-30));
#4518=DIRECTION('ref_axis',(-0.500000000000002,0.866025403784438,2.94453661352483E-15));
#4519=DIRECTION('',(0.,0.,-1.));
#4520=DIRECTION('',(0.500000000000002,-0.866025403784438,0.));
#4521=DIRECTION('',(0.,0.,1.));
#4522=DIRECTION('',(-0.500000000000002,0.866025403784438,0.));
#4523=DIRECTION('',(-7.56948740813643E-16,1.31107367781452E-15,-1.));
#4524=DIRECTION('',(-0.500000000000002,0.866025403784438,0.));
#4525=DIRECTION('',(-0.49999999981066,0.866025403456492,-2.75201580886996E-5));
#4526=DIRECTION('',(0.500000000000001,-0.866025403784438,0.));
#4527=DIRECTION('',(-7.56948740813643E-16,1.31107367781452E-15,-1.));
#4528=DIRECTION('center_axis',(-0.877822367344866,-0.300736414563196,-0.372807591586771));
#4529=DIRECTION('ref_axis',(-0.324101309021236,0.946022378958723,-2.14725989610742E-16));
#4530=DIRECTION('center_axis',(-0.877822367344866,-0.300736414563195,-0.372807591586772));
#4531=DIRECTION('ref_axis',(-0.324101309021236,0.946022378958723,-2.14725989610742E-16));
#4532=DIRECTION('',(-0.877822367344866,-0.300736414563196,-0.372807591586771));
#4533=DIRECTION('center_axis',(-0.185492860349019,0.907975325695962,-0.375730231265534));
#4534=DIRECTION('ref_axis',(0.872675295891484,0.327979774316285,0.361755574359469));
#4535=DIRECTION('',(-0.877822367344866,-0.300736414563196,-0.372807591586771));
#4536=DIRECTION('center_axis',(-0.877822367344866,-0.300736414563195,-0.372807591586772));
#4537=DIRECTION('ref_axis',(-0.324101309021235,0.946022378958723,1.82728679650314E-18));
#4538=DIRECTION('center_axis',(-0.185492860349019,0.907975325695962,-0.375730231265534));
#4539=DIRECTION('ref_axis',(0.872675295891484,0.327979774316285,0.361755574359469));
#4540=DIRECTION('center_axis',(0.124166257699132,-0.928642255952919,0.349580178081747));
#4541=DIRECTION('ref_axis',(-0.883488830573846,-0.263843675103123,-0.387083971974216));
#4542=DIRECTION('center_axis',(0.124166257699132,-0.928642255952919,0.349580178081747));
#4543=DIRECTION('ref_axis',(-0.883488830573846,-0.263843675103123,-0.387083971974216));
#4544=DIRECTION('center_axis',(0.877822367344866,0.300736414563195,0.372807591586772));
#4545=DIRECTION('ref_axis',(-0.324101309021235,0.946022378958723,1.82728679650314E-18));
#4546=DIRECTION('center_axis',(-0.451697051905646,0.260787414509885,0.853205542488443));
#4547=DIRECTION('ref_axis',(-0.872675295891525,-0.32797977431608,-0.361755574359556));
#4548=DIRECTION('',(-0.451697051905645,0.260787414509885,0.853205542488443));
#4549=DIRECTION('center_axis',(0.451697051905698,-0.260787414509866,-0.853205542488421));
#4550=DIRECTION('ref_axis',(-0.872675295891498,-0.327979774316095,-0.361755574359607));
#4551=DIRECTION('',(-0.451697051905645,0.260787414509885,0.853205542488443));
#4552=DIRECTION('center_axis',(-0.451697051905698,0.260787414509866,0.853205542488421));
#4553=DIRECTION('ref_axis',(-0.872675295891498,-0.327979774316095,-0.361755574359607));
#4554=DIRECTION('',(-0.451697051905645,0.260787414509885,0.853205542488443));
#4555=DIRECTION('center_axis',(0.185492860349019,-0.907975325695962,0.375730231265534));
#4556=DIRECTION('ref_axis',(0.872675295891484,0.327979774316285,0.361755574359471));
#4557=DIRECTION('',(-0.451697051905645,0.260787414509885,0.853205542488443));
#4558=DIRECTION('',(0.872675295891484,0.327979774316285,0.361755574359471));
#4559=DIRECTION('center_axis',(-0.451697051905646,0.260787414509885,0.853205542488443));
#4560=DIRECTION('ref_axis',(0.883488830573839,0.263843675103172,0.387083971974198));
#4561=DIRECTION('',(-0.451697051905645,0.260787414509885,0.853205542488443));
#4562=DIRECTION('center_axis',(0.451697051905646,-0.260787414509885,-0.853205542488443));
#4563=DIRECTION('ref_axis',(0.883488830573839,0.263843675103172,0.387083971974199));
#4564=DIRECTION('',(-0.451697051905645,0.260787414509885,0.853205542488443));
#4565=DIRECTION('center_axis',(-0.451697051905646,0.260787414509885,0.853205542488443));
#4566=DIRECTION('ref_axis',(0.883488830573839,0.263843675103172,0.387083971974199));
#4567=DIRECTION('',(-0.451697051905645,0.260787414509885,0.853205542488443));
#4568=DIRECTION('center_axis',(-0.124166257699132,0.928642255952919,-0.349580178081747));
#4569=DIRECTION('ref_axis',(-0.883488830573817,-0.26384367510314,-0.387083971974271));
#4570=DIRECTION('',(-0.451697051905645,0.260787414509885,0.853205542488443));
#4571=DIRECTION('',(-0.883488830573817,-0.26384367510314,-0.387083971974271));
#4572=DIRECTION('center_axis',(-0.159366447813852,0.917358999186754,-0.364766777437684));
#4573=DIRECTION('ref_axis',(0.98524332901407,0.171159523933881,-1.22481865001839E-15));
#4574=DIRECTION('center_axis',(-0.159366447813849,0.917358999186754,-0.364766777437683));
#4575=DIRECTION('ref_axis',(0.98524332901407,0.171159523933881,-1.22481865001839E-15));
#4576=DIRECTION('',(-0.159366447813852,0.917358999186753,-0.364766777437684));
#4577=DIRECTION('center_axis',(0.15492393449908,-0.91886854071244,0.362876259086092));
#4578=DIRECTION('ref_axis',(0.878617293146134,0.296092096015663,0.374647998608844));
#4579=DIRECTION('center_axis',(-0.451697051905645,0.260787414509886,0.853205542488443));
#4580=DIRECTION('ref_axis',(0.883787916347062,0.,0.467887720419032));
#4581=DIRECTION('',(-0.872675295891484,-0.327979774316278,-0.361755574359476));
#4582=DIRECTION('',(-0.878617293148206,-0.296092096014454,-0.374647998604939));
#4583=DIRECTION('',(-0.883488830573843,-0.263843675103128,-0.387083971974218));
#4584=DIRECTION('center_axis',(-0.451697051905646,0.260787414509885,0.853205542488443));
#4585=DIRECTION('ref_axis',(-0.872675295891485,-0.327979774316276,-0.361755574359475));
#4586=DIRECTION('',(0.185492860349009,-0.907975325695965,0.37573023126553));
#4587=DIRECTION('center_axis',(-0.451697051905646,0.260787414509885,0.853205542488443));
#4588=DIRECTION('ref_axis',(0.185492860348965,-0.907975325695982,0.375730231265512));
#4589=DIRECTION('',(0.872675295891471,0.327979774316299,0.361755574359489));
#4590=DIRECTION('center_axis',(-0.451697051905646,0.260787414509885,0.853205542488443));
#4591=DIRECTION('ref_axis',(0.872675295891501,0.327979774316197,0.361755574359507));
#4592=DIRECTION('',(-0.185492860349018,0.907975325695958,-0.375730231265543));
#4593=DIRECTION('center_axis',(0.451697051905645,-0.260787414509885,-0.853205542488443));
#4594=DIRECTION('ref_axis',(-0.872675295891488,-0.327979774316266,-0.361755574359478));
#4595=DIRECTION('',(0.730824010705253,-0.440369447209199,0.521508403902902));
#4596=DIRECTION('center_axis',(0.451697051905646,-0.260787414509885,-0.853205542488443));
#4597=DIRECTION('ref_axis',(0.51172848140047,0.859106905104317,0.00832387684014322));
#4598=DIRECTION('',(0.154923934499097,-0.91886854071243,0.362876259086108));
#4599=DIRECTION('center_axis',(0.451697051905646,-0.260787414509885,-0.853205542488443));
#4600=DIRECTION('ref_axis',(0.878617293148207,0.296092096014439,0.37464799860495));
#4601=DIRECTION('',(-0.511728481400472,-0.859106905104317,-0.00832387684014409));
#4602=DIRECTION('center_axis',(0.451697051905646,-0.260787414509885,-0.853205542488443));
#4603=DIRECTION('ref_axis',(0.730824010705257,-0.440369447209194,0.521508403902902));
#4604=DIRECTION('',(-0.124166257699141,0.928642255952913,-0.34958017808176));
#4605=DIRECTION('center_axis',(-0.451697051905639,0.260787414509831,0.853205542488463));
#4606=DIRECTION('ref_axis',(-0.124166257699268,0.928642255952902,-0.349580178081745));
#4607=DIRECTION('',(-0.88348883057381,-0.263843675103191,-0.387083971974251));
#4608=DIRECTION('center_axis',(-0.451697051905646,0.260787414509885,0.853205542488443));
#4609=DIRECTION('ref_axis',(-0.883488830573835,-0.263843675103205,-0.387083971974186));
#4610=DIRECTION('',(0.124166257699131,-0.928642255952919,0.349580178081746));
#4611=DIRECTION('center_axis',(-0.451697051905648,0.260787414509894,0.853205542488439));
#4612=DIRECTION('ref_axis',(0.185492860349012,-0.90797532569596,0.375730231265541));
#4613=DIRECTION('',(0.872675295891487,0.327979774316275,0.36175557435947));
#4614=DIRECTION('',(0.878617293148201,0.296092096014469,0.374647998604939));
#4615=DIRECTION('',(0.883488830573845,0.263843675103133,0.387083971974212));
#4616=DIRECTION('center_axis',(-0.451697051905646,0.260787414509885,0.853205542488443));
#4617=DIRECTION('ref_axis',(0.872675295891485,0.327979774316277,0.361755574359474));
#4618=DIRECTION('',(-0.185492860349009,0.907975325695967,-0.375730231265526));
#4619=DIRECTION('center_axis',(-0.451697051905646,0.260787414509885,0.853205542488443));
#4620=DIRECTION('ref_axis',(-0.185492860349046,0.907975325695951,-0.375730231265546));
#4621=DIRECTION('',(-0.872675295891484,-0.327979774316285,-0.361755574359471));
#4622=DIRECTION('',(0.185492860349016,-0.907975325695954,0.375730231265555));
#4623=DIRECTION('center_axis',(0.451697051905646,-0.260787414509885,-0.853205542488443));
#4624=DIRECTION('ref_axis',(0.872675295891486,0.327979774316271,0.361755574359476));
#4625=DIRECTION('',(-0.730824010705254,0.440369447209193,-0.521508403902907));
#4626=DIRECTION('center_axis',(0.451697051905646,-0.260787414509885,-0.853205542488443));
#4627=DIRECTION('ref_axis',(-0.511728481400481,-0.859106905104311,-0.00832387684015048));
#4628=DIRECTION('',(-0.154923934499084,0.918868540712435,-0.362876259086102));
#4629=DIRECTION('center_axis',(0.451697051905646,-0.260787414509885,-0.853205542488443));
#4630=DIRECTION('ref_axis',(-0.878617293148206,-0.296092096014445,-0.374647998604947));
#4631=DIRECTION('',(0.511728481400475,0.859106905104315,0.00832387684015896));
#4632=DIRECTION('center_axis',(0.451697051905646,-0.260787414509885,-0.853205542488443));
#4633=DIRECTION('ref_axis',(-0.730824010705235,0.440369447209229,-0.521508403902902));
#4634=DIRECTION('',(0.1241662576991,-0.928642255952932,0.349580178081724));
#4635=DIRECTION('center_axis',(-0.451697051905639,0.260787414509831,0.853205542488463));
#4636=DIRECTION('ref_axis',(0.124166257699381,-0.928642255952868,0.349580178081795));
#4637=DIRECTION('',(0.883488830573817,0.26384367510314,0.387083971974271));
#4638=DIRECTION('',(-0.124166257699135,0.928642255952921,-0.34958017808174));
#4639=DIRECTION('center_axis',(-0.451697051905649,0.260787414509902,0.853205542488436));
#4640=DIRECTION('ref_axis',(-0.185492860348989,0.907975325695965,-0.375730231265541));
#4641=DIRECTION('center_axis',(-0.451697051905646,0.260787414509885,0.853205542488443));
#4642=DIRECTION('ref_axis',(-0.508025052684005,-0.861323527194819,-0.00568571421107955));
#4643=DIRECTION('',(-0.159366447813848,0.917358999186754,-0.364766777437683));
#4644=DIRECTION('',(-0.07229446949743,0.172985807923312,-0.982267488995337));
#4645=DIRECTION('',(-6.76275156406623E-16,1.,0.));
#4646=DIRECTION('',(-0.159366447813848,0.917358999186754,-0.364766777437683));
#4647=DIRECTION('',(-0.159366447813848,0.917358999186754,-0.364766777437683));
#4648=DIRECTION('center_axis',(-0.451697051905646,0.260787414509885,0.853205542488443));
#4649=DIRECTION('ref_axis',(-0.733403244569578,0.436018011020087,-0.521543837966574));
#4650=DIRECTION('center_axis',(-0.451697051905646,0.260787414509885,0.853205542488443));
#4651=DIRECTION('ref_axis',(-0.733403244569578,0.436018011020087,-0.521543837966574));
#4652=DIRECTION('',(0.393635765461433,0.33288158132394,-0.856878484363369));
#4653=DIRECTION('',(-0.500000000000079,-0.866025403784393,0.));
#4654=DIRECTION('',(-0.500000000000079,-0.866025403784393,0.));
#4655=DIRECTION('',(0.866025403784438,0.500000000000001,0.));
#4656=DIRECTION('center_axis',(-0.451697051905646,0.260787414509885,0.853205542488443));
#4657=DIRECTION('ref_axis',(-0.733403244569578,0.436018011020087,-0.521543837966574));
#4658=DIRECTION('',(0.877822367344866,0.300736414563195,0.372807591586773));
#4659=DIRECTION('',(0.866025403784439,0.5,0.));
#4660=DIRECTION('',(0.866025403784439,0.5,0.));
#4661=DIRECTION('center_axis',(-0.5,0.866025403784439,-1.63201185614322E-14));
#4662=DIRECTION('ref_axis',(-0.865497844507678,-0.499695413509548,0.0348994967024462));
#4663=DIRECTION('center_axis',(0.5,-0.866025403784439,-1.60130594447254E-19));
#4664=DIRECTION('ref_axis',(-0.865497844507678,-0.499695413509549,0.0348994967024462));
#4665=DIRECTION('',(-0.5,0.866025403784439,-1.63201185614322E-14));
#4666=DIRECTION('center_axis',(0.500000000000001,-0.866025403784438,-5.47382212626881E-48));
#4667=DIRECTION('ref_axis',(-0.865497844507678,-0.499695413509548,0.0348994967024462));
#4668=DIRECTION('',(-0.5,0.866025403784439,-1.63201185614322E-14));
#4669=DIRECTION('center_axis',(-0.0302238507235871,-0.0174497483512289,
-0.999390827019098));
#4670=DIRECTION('ref_axis',(-0.865497844507671,-0.499695413509563,0.0348994967024296));
#4671=DIRECTION('',(0.865497844507671,0.499695413509563,-0.0348994967024295));
#4672=DIRECTION('',(-0.5,0.866025403784439,-1.63201185614322E-14));
#4673=DIRECTION('',(0.865497844507678,0.49969541350955,-0.0348994967024296));
#4674=DIRECTION('center_axis',(-0.5,0.866025403784439,-1.63201185614322E-14));
#4675=DIRECTION('ref_axis',(-0.0302238507236054,-0.0174497483512395,-0.999390827019097));
#4676=DIRECTION('center_axis',(0.499999999999999,-0.866025403784439,-3.72750771216137E-14));
#4677=DIRECTION('ref_axis',(-0.0302238507236322,-0.0174497483511931,-0.999390827019097));
#4678=DIRECTION('',(-0.5,0.866025403784439,-1.63201185614322E-14));
#4679=DIRECTION('center_axis',(0.500000000000001,-0.866025403784438,-5.47382212626881E-48));
#4680=DIRECTION('ref_axis',(-0.0302238507236054,-0.0174497483512395,-0.999390827019097));
#4681=DIRECTION('center_axis',(0.865497844507678,0.499695413509548,-0.0348994967024482));
#4682=DIRECTION('ref_axis',(-0.0302238507236071,-0.0174497483512315,-0.999390827019097));
#4683=DIRECTION('',(0.0302238507236071,0.0174497483512315,0.999390827019097));
#4684=DIRECTION('',(-0.5,0.866025403784439,-1.63201185614322E-14));
#4685=DIRECTION('',(0.0302238507236114,0.0174497483512242,0.999390827019098));
#4686=DIRECTION('center_axis',(-0.5,0.866025403784439,-1.63201185614322E-14));
#4687=DIRECTION('ref_axis',(0.865497844507678,0.499695413509548,-0.0348994967024585));
#4688=DIRECTION('center_axis',(0.500000000000014,-0.866025403784431,-5.69227741091701E-16));
#4689=DIRECTION('ref_axis',(0.86549784450767,0.499695413509563,-0.0348994967024585));
#4690=DIRECTION('',(-0.5,0.866025403784439,-1.63201185614322E-14));
#4691=DIRECTION('center_axis',(0.500000000000001,-0.866025403784438,-5.47382212626881E-48));
#4692=DIRECTION('ref_axis',(0.865497844507678,0.499695413509548,-0.0348994967024585));
#4693=DIRECTION('center_axis',(-0.0302238507236137,-0.0174497483512066,
0.999390827019098));
#4694=DIRECTION('ref_axis',(0.865497844507684,0.499695413509539,0.0348994967024415));
#4695=DIRECTION('',(-0.865497844507684,-0.49969541350954,-0.0348994967024415));
#4696=DIRECTION('',(-0.5,0.866025403784439,-1.63201185614322E-14));
#4697=DIRECTION('',(-0.865497844507678,-0.49969541350955,-0.0348994967024415));
#4698=DIRECTION('center_axis',(2.17408236767428E-15,2.01000567295161E-14,
1.));
#4699=DIRECTION('ref_axis',(0.866025403784435,0.500000000000006,-1.19328389250839E-14));
#4700=DIRECTION('',(-0.866025403784435,-0.500000000000006,1.19328389250839E-14));
#4701=DIRECTION('',(-0.5,0.866025403784439,-1.63201185614322E-14));
#4702=DIRECTION('',(-0.866025403784438,-0.500000000000001,1.19328389250838E-14));
#4703=DIRECTION('center_axis',(-2.17408236767428E-15,-2.01000567295161E-14,
-1.));
#4704=DIRECTION('ref_axis',(-1.,0.,0.));
#4705=DIRECTION('',(0.515647014294894,-0.856801118491778,1.61006920058752E-14));
#4706=DIRECTION('center_axis',(-2.17408236767428E-15,-2.01000567295161E-14,
-1.));
#4707=DIRECTION('ref_axis',(-1.,0.,0.));
#4708=DIRECTION('center_axis',(0.0302238507236019,0.0174497483512375,0.999390827019098));
#4709=DIRECTION('ref_axis',(0.865497844507678,0.499695413509549,-0.0348994967024467));
#4710=DIRECTION('',(-0.865497844507678,-0.499695413509549,0.0348994967024466));
#4711=DIRECTION('',(-0.5,0.866025403784439,-1.63201185614322E-14));
#4712=DIRECTION('',(-0.865497844507677,-0.49969541350955,0.0348994967024466));
#4713=DIRECTION('center_axis',(-0.5,0.866025403784439,-1.63201185614322E-14));
#4714=DIRECTION('ref_axis',(0.0302238507235952,0.0174497483512336,0.999390827019098));
#4715=DIRECTION('center_axis',(0.5,-0.866025403784439,1.657511522498E-17));
#4716=DIRECTION('ref_axis',(0.0302238507236034,0.0174497483512195,0.999390827019098));
#4717=DIRECTION('',(-0.5,0.866025403784439,-1.63201185614322E-14));
#4718=DIRECTION('center_axis',(0.500000000000001,-0.866025403784438,-5.47382212626881E-48));
#4719=DIRECTION('ref_axis',(0.0302238507235952,0.0174497483512336,0.999390827019098));
#4720=DIRECTION('center_axis',(-0.865497844507678,-0.499695413509549,-0.0348994967024482));
#4721=DIRECTION('ref_axis',(-0.0302238507236064,-0.0174497483512328,0.999390827019097));
#4722=DIRECTION('',(0.0302238507236064,0.0174497483512328,-0.999390827019097));
#4723=DIRECTION('',(-0.5,0.866025403784439,-1.63201185614322E-14));
#4724=DIRECTION('',(0.0302238507236114,0.0174497483512241,-0.999390827019097));
#4725=DIRECTION('center_axis',(-0.5,0.866025403784439,-1.63201185614322E-14));
#4726=DIRECTION('ref_axis',(-0.865497844507677,-0.499695413509549,-0.0348994967024726));
#4727=DIRECTION('center_axis',(0.499999999999968,-0.866025403784457,-1.30211220438375E-15));
#4728=DIRECTION('ref_axis',(-0.865497844507696,-0.499695413509516,-0.0348994967024725));
#4729=DIRECTION('',(-0.5,0.866025403784439,-1.63201185614322E-14));
#4730=DIRECTION('center_axis',(0.500000000000001,-0.866025403784438,-5.47382212626881E-48));
#4731=DIRECTION('ref_axis',(-0.865497844507677,-0.499695413509549,-0.0348994967024726));
#4732=DIRECTION('center_axis',(0.0302238507236298,0.0174497483512159,-0.999390827019097));
#4733=DIRECTION('ref_axis',(-0.865497844507652,-0.499695413509592,-0.0348994967024601));
#4734=DIRECTION('',(0.865497844507652,0.499695413509592,0.03489949670246));
#4735=DIRECTION('',(-0.5,0.866025403784439,-1.63201185614322E-14));
#4736=DIRECTION('',(0.865497844507677,0.49969541350955,0.0348994967024601));
#4737=DIRECTION('center_axis',(-0.5,0.866025403784439,-1.63201185614322E-14));
#4738=DIRECTION('ref_axis',(0.0302238507236753,0.0174497483512422,-0.999390827019095));
#4739=DIRECTION('center_axis',(0.5,-0.866025403784439,-1.32517416257429E-17));
#4740=DIRECTION('ref_axis',(0.0302238507236671,0.0174497483512563,-0.999390827019095));
#4741=DIRECTION('',(-0.5,0.866025403784439,-1.63201185614322E-14));
#4742=DIRECTION('center_axis',(0.500000000000001,-0.866025403784438,-5.47382212626881E-48));
#4743=DIRECTION('ref_axis',(0.0302238507236753,0.0174497483512422,-0.999390827019095));
#4744=DIRECTION('center_axis',(0.865497844507678,0.49969541350955,0.0348994967024295));
#4745=DIRECTION('ref_axis',(0.0302238507235868,0.0174497483512293,-0.999390827019098));
#4746=DIRECTION('',(-0.0302238507235868,-0.0174497483512293,0.999390827019098));
#4747=DIRECTION('',(-0.5,0.866025403784439,-1.63201185614322E-14));
#4748=DIRECTION('',(-0.0302238507235952,-0.0174497483512148,0.999390827019098));
#4749=DIRECTION('center_axis',(-0.5,0.866025403784439,-1.63201185614322E-14));
#4750=DIRECTION('ref_axis',(0.612372435695775,0.353553390593276,0.707106781186563));
#4751=DIRECTION('center_axis',(0.5,-0.866025403784439,-6.73463193877311E-18));
#4752=DIRECTION('ref_axis',(0.612372435695781,0.353553390593266,0.707106781186563));
#4753=DIRECTION('',(-0.5,0.866025403784439,-1.63201185614322E-14));
#4754=DIRECTION('center_axis',(-0.500000000000001,0.866025403784438,5.47382212626881E-48));
#4755=DIRECTION('ref_axis',(0.612372435695775,0.353553390593276,0.707106781186563));
#4756=DIRECTION('center_axis',(-0.612372435695783,-0.353553390593281,-0.707106781186554));
#4757=DIRECTION('ref_axis',(-0.6123724356958,-0.353553390593277,0.707106781186541));
#4758=DIRECTION('',(0.6123724356958,0.353553390593277,-0.707106781186541));
#4759=DIRECTION('',(-0.5,0.866025403784439,-1.63201185614322E-14));
#4760=DIRECTION('',(0.612372435695799,0.353553390593278,-0.707106781186541));
#4761=DIRECTION('center_axis',(-0.5,0.866025403784439,-1.63201185614322E-14));
#4762=DIRECTION('ref_axis',(0.866025403784439,0.5,7.89129110640427E-15));
#4763=DIRECTION('center_axis',(0.5,-0.866025403784439,4.77877804382717E-31));
#4764=DIRECTION('ref_axis',(0.866025403784439,0.5,7.89129110640428E-15));
#4765=DIRECTION('',(-0.5,0.866025403784439,-1.63201185614322E-14));
#4766=DIRECTION('center_axis',(-0.500000000000001,0.866025403784438,5.47382212626881E-48));
#4767=DIRECTION('ref_axis',(0.866025403784439,0.5,7.89129110640427E-15));
#4768=DIRECTION('center_axis',(-0.866025403784439,-0.5,4.83474327382401E-14));
#4769=DIRECTION('ref_axis',(4.99174687294606E-14,1.02352734518238E-14,1.));
#4770=DIRECTION('',(-4.99174687294606E-14,-1.02352734518238E-14,-1.));
#4771=DIRECTION('',(-0.5,0.866025403784439,-1.63201185614322E-14));
#4772=DIRECTION('',(-4.18701049590754E-14,-2.41737163691201E-14,-1.));
#4773=DIRECTION('center_axis',(-0.5,0.866025403784439,-1.63201185614322E-14));
#4774=DIRECTION('ref_axis',(0.612372435695797,0.353553390593262,-0.707106781186552));
#4775=DIRECTION('center_axis',(0.5,-0.866025403784439,-5.01675746245765E-17));
#4776=DIRECTION('ref_axis',(0.612372435695791,0.353553390593272,-0.707106781186552));
#4777=DIRECTION('',(-0.5,0.866025403784439,-1.63201185614322E-14));
#4778=DIRECTION('center_axis',(-0.500000000000001,0.866025403784438,5.47382212626881E-48));
#4779=DIRECTION('ref_axis',(0.612372435695797,0.353553390593262,-0.707106781186552));
#4780=DIRECTION('center_axis',(-0.612372435695802,-0.353553390593265,0.707106781186546));
#4781=DIRECTION('ref_axis',(0.612372435695788,0.353553390593282,0.707106781186549));
#4782=DIRECTION('',(-0.612372435695788,-0.353553390593282,-0.707106781186549));
#4783=DIRECTION('',(-0.5,0.866025403784439,-1.63201185614322E-14));
#4784=DIRECTION('',(-0.612372435695793,-0.353553390593274,-0.707106781186549));
#4785=DIRECTION('center_axis',(-0.5,0.866025403784439,-1.63201185614322E-14));
#4786=DIRECTION('ref_axis',(-0.865497844507678,-0.499695413509548,0.0348994967024442));
#4787=DIRECTION('center_axis',(0.5,-0.866025403784439,4.00443352649137E-19));
#4788=DIRECTION('ref_axis',(-0.865497844507678,-0.499695413509549,0.0348994967024442));
#4789=DIRECTION('',(-0.5,0.866025403784439,-1.63201185614322E-14));
#4790=DIRECTION('center_axis',(-0.500000000000001,0.866025403784438,5.47382212626881E-48));
#4791=DIRECTION('ref_axis',(-0.865497844507678,-0.499695413509548,0.0348994967024442));
#4792=DIRECTION('center_axis',(0.865497844507678,0.499695413509548,-0.0348994967024631));
#4793=DIRECTION('ref_axis',(-0.0302238507236159,-0.017449748351246,-0.999390827019097));
#4794=DIRECTION('',(0.0302238507236159,0.017449748351246,0.999390827019097));
#4795=DIRECTION('',(-0.5,0.866025403784439,-1.63201185614322E-14));
#4796=DIRECTION('',(0.0302238507236242,0.0174497483512316,0.999390827019097));
#4797=DIRECTION('center_axis',(-0.5,0.866025403784439,-1.63201185614322E-14));
#4798=DIRECTION('ref_axis',(0.865497844507678,0.499695413509548,-0.0348994967024611));
#4799=DIRECTION('center_axis',(0.5,-0.866025403784439,-1.60130594447511E-19));
#4800=DIRECTION('ref_axis',(0.865497844507678,0.499695413509548,-0.0348994967024611));
#4801=DIRECTION('',(-0.5,0.866025403784439,-1.63201185614322E-14));
#4802=DIRECTION('center_axis',(0.500000000000001,-0.866025403784438,-5.47382212626881E-48));
#4803=DIRECTION('ref_axis',(0.865497844507678,0.499695413509548,-0.0348994967024611));
#4804=DIRECTION('center_axis',(0.0302238507235976,0.017449748351235,0.999390827019098));
#4805=DIRECTION('ref_axis',(0.865497844507678,0.499695413509549,-0.0348994967024416));
#4806=DIRECTION('',(-0.865497844507678,-0.499695413509549,0.0348994967024416));
#4807=DIRECTION('',(-0.5,0.866025403784439,-1.63201185614322E-14));
#4808=DIRECTION('',(-0.865497844507678,-0.49969541350955,0.0348994967024416));
#4809=DIRECTION('center_axis',(-0.5,0.866025403784439,-1.63201185614322E-14));
#4810=DIRECTION('ref_axis',(0.0302238507236054,0.0174497483512395,0.999390827019097));
#4811=DIRECTION('center_axis',(0.5,-0.866025403784439,5.6922253801455E-18));
#4812=DIRECTION('ref_axis',(0.0302238507236136,0.0174497483512254,0.999390827019097));
#4813=DIRECTION('',(-0.5,0.866025403784439,-1.63201185614322E-14));
#4814=DIRECTION('center_axis',(0.500000000000001,-0.866025403784438,-5.47382212626881E-48));
#4815=DIRECTION('ref_axis',(0.0302238507236054,0.0174497483512395,0.999390827019097));
#4816=DIRECTION('center_axis',(-0.865497844507678,-0.499695413509548,0.0348994967024483));
#4817=DIRECTION('ref_axis',(0.0302238507236114,0.0174497483512241,0.999390827019097));
#4818=DIRECTION('',(-0.0302238507236114,-0.0174497483512241,-0.999390827019097));
#4819=DIRECTION('',(-0.5,0.866025403784439,-1.63201185614322E-14));
#4820=DIRECTION('',(-0.0302238507236114,-0.0174497483512242,-0.999390827019098));
#4821=DIRECTION('center_axis',(-0.5,0.866025403784439,-1.63201185614322E-14));
#4822=DIRECTION('ref_axis',(-0.865497844507678,-0.499695413509548,0.0348994967024585));
#4823=DIRECTION('center_axis',(0.5,-0.866025403784439,1.04541491312764E-19));
#4824=DIRECTION('ref_axis',(-0.865497844507678,-0.499695413509549,0.0348994967024585));
#4825=DIRECTION('',(-0.5,0.866025403784439,-1.63201185614322E-14));
#4826=DIRECTION('center_axis',(0.500000000000001,-0.866025403784438,-5.47382212626881E-48));
#4827=DIRECTION('ref_axis',(-0.865497844507678,-0.499695413509548,0.0348994967024585));
#4828=DIRECTION('center_axis',(0.0302238507236136,0.0174497483512066,-0.999390827019098));
#4829=DIRECTION('ref_axis',(-0.865497844507678,-0.499695413509549,-0.0348994967024413));
#4830=DIRECTION('',(0.865497844507678,0.499695413509549,0.0348994967024413));
#4831=DIRECTION('',(-0.5,0.866025403784439,-1.63201185614322E-14));
#4832=DIRECTION('',(0.865497844507678,0.49969541350955,0.0348994967024413));
#4833=DIRECTION('center_axis',(1.95957429168177E-15,-1.77134889444994E-14,
-1.));
#4834=DIRECTION('ref_axis',(-0.866025403784441,-0.499999999999995,7.15970335505032E-15));
#4835=DIRECTION('',(-0.866025403784441,-0.499999999999995,7.15970335505032E-15));
#4836=DIRECTION('',(-0.5,0.866025403784439,-1.63201185614322E-14));
#4837=DIRECTION('',(0.866025403784438,0.500000000000001,-7.15970335505043E-15));
#4838=DIRECTION('center_axis',(-1.95957429168177E-15,1.77134889444994E-14,
1.));
#4839=DIRECTION('ref_axis',(1.,0.,0.));
#4840=DIRECTION('center_axis',(-0.0302238507235979,-0.0174497483512351,
-0.999390827019098));
#4841=DIRECTION('ref_axis',(-0.865497844507679,-0.499695413509548,0.034899496702442));
#4842=DIRECTION('',(0.865497844507679,0.499695413509548,-0.034899496702442));
#4843=DIRECTION('',(-0.5,0.866025403784439,-1.63201185614322E-14));
#4844=DIRECTION('',(0.865497844507678,0.49969541350955,-0.034899496702442));
#4845=DIRECTION('center_axis',(-0.5,0.866025403784439,-1.63201185614322E-14));
#4846=DIRECTION('ref_axis',(-0.0302238507235951,-0.0174497483512335,-0.999390827019098));
#4847=DIRECTION('center_axis',(0.5,-0.866025403784438,1.63201185614322E-14));
#4848=DIRECTION('ref_axis',(-0.030223850723595,-0.0174497483512335,-0.999390827019098));
#4849=DIRECTION('',(-0.5,0.866025403784439,-1.63201185614322E-14));
#4850=DIRECTION('center_axis',(0.500000000000001,-0.866025403784438,-5.47382212626881E-48));
#4851=DIRECTION('ref_axis',(-0.0302238507235951,-0.0174497483512335,-0.999390827019098));
#4852=DIRECTION('center_axis',(0.865497844507677,0.499695413509549,0.0348994967024635));
#4853=DIRECTION('ref_axis',(0.0302238507236193,0.017449748351241,-0.999390827019097));
#4854=DIRECTION('',(-0.0302238507236193,-0.017449748351241,0.999390827019097));
#4855=DIRECTION('',(-0.5,0.866025403784439,-1.63201185614322E-14));
#4856=DIRECTION('',(-0.0302238507236246,-0.0174497483512318,0.999390827019097));
#4857=DIRECTION('center_axis',(-0.5,0.866025403784439,-1.63201185614322E-14));
#4858=DIRECTION('ref_axis',(0.865497844507678,0.499695413509549,0.0348994967024501));
#4859=DIRECTION('center_axis',(0.499999999999968,-0.866025403784457,-1.30211220438299E-15));
#4860=DIRECTION('ref_axis',(0.865497844507697,0.499695413509516,0.0348994967024501));
#4861=DIRECTION('',(-0.5,0.866025403784439,-1.63201185614322E-14));
#4862=DIRECTION('center_axis',(0.500000000000001,-0.866025403784438,-5.47382212626881E-48));
#4863=DIRECTION('ref_axis',(0.865497844507678,0.499695413509549,0.0348994967024501));
#4864=DIRECTION('center_axis',(-0.0302238507236071,-0.0174497483512028,
0.999390827019098));
#4865=DIRECTION('ref_axis',(0.865497844507632,0.49969541350963,0.0348994967024339));
#4866=DIRECTION('',(-0.865497844507632,-0.49969541350963,-0.0348994967024339));
#4867=DIRECTION('',(-0.5,0.866025403784439,-1.63201185614322E-14));
#4868=DIRECTION('',(-0.865497844507678,-0.49969541350955,-0.0348994967024339));
#4869=DIRECTION('center_axis',(-0.5,0.866025403784439,-1.63201185614322E-14));
#4870=DIRECTION('ref_axis',(-0.0302238507235728,-0.017449748351183,0.999390827019099));
#4871=DIRECTION('center_axis',(0.500000000000003,-0.866025403784437,-8.68044608034119E-14));
#4872=DIRECTION('ref_axis',(-0.0302238507235212,-0.0174497483512723,0.999390827019099));
#4873=DIRECTION('',(-0.5,0.866025403784439,-1.63201185614322E-14));
#4874=DIRECTION('center_axis',(0.500000000000001,-0.866025403784438,-5.47382212626881E-48));
#4875=DIRECTION('ref_axis',(-0.0302238507235728,-0.017449748351183,0.999390827019099));
#4876=DIRECTION('center_axis',(-0.865497844507678,-0.499695413509549,-0.0348994967024462));
#4877=DIRECTION('ref_axis',(-0.0302238507236097,-0.0174497483512231,0.999390827019098));
#4878=DIRECTION('',(0.0302238507236097,0.0174497483512231,-0.999390827019098));
#4879=DIRECTION('',(-0.5,0.866025403784439,-1.63201185614322E-14));
#4880=DIRECTION('',(0.0302238507236097,0.0174497483512232,-0.999390827019098));
#4881=DIRECTION('center_axis',(-0.5,0.866025403784439,-1.63201185614322E-14));
#4882=DIRECTION('ref_axis',(-0.612372435695804,-0.353553390593292,-0.70710678118653));
#4883=DIRECTION('center_axis',(0.5,-0.866025403784439,-6.80921551435459E-17));
#4884=DIRECTION('ref_axis',(-0.61237243569581,-0.353553390593282,-0.70710678118653));
#4885=DIRECTION('',(-0.5,0.866025403784439,-1.63201185614322E-14));
#4886=DIRECTION('center_axis',(-0.500000000000001,0.866025403784438,5.47382212626881E-48));
#4887=DIRECTION('ref_axis',(-0.612372435695804,-0.353553390593292,-0.70710678118653));
#4888=DIRECTION('center_axis',(0.612372435695782,0.35355339059328,0.707106781186555));
#4889=DIRECTION('ref_axis',(0.612372435695795,0.353553390593287,-0.70710678118654));
#4890=DIRECTION('',(-0.612372435695795,-0.353553390593287,0.70710678118654));
#4891=DIRECTION('',(-0.5,0.866025403784439,-1.63201185614322E-14));
#4892=DIRECTION('',(-0.6123724356958,-0.353553390593278,0.70710678118654));
#4893=DIRECTION('center_axis',(-0.5,0.866025403784439,-1.63201185614322E-14));
#4894=DIRECTION('ref_axis',(-0.866025403784439,-0.5,-1.49662417535253E-14));
#4895=DIRECTION('center_axis',(0.5,-0.866025403784439,4.62936752658834E-44));
#4896=DIRECTION('ref_axis',(-0.866025403784439,-0.5,-1.49662417535253E-14));
#4897=DIRECTION('',(-0.5,0.866025403784439,-1.63201185614322E-14));
#4898=DIRECTION('center_axis',(-0.500000000000001,0.866025403784438,5.47382212626881E-48));
#4899=DIRECTION('ref_axis',(-0.866025403784439,-0.5,-1.49662417535253E-14));
#4900=DIRECTION('center_axis',(0.866025403784439,0.5,-4.83474327382408E-14));
#4901=DIRECTION('ref_axis',(-3.38366822353173E-14,-3.80880126853487E-14,
-1.));
#4902=DIRECTION('',(3.38366822353173E-14,3.80880126853487E-14,1.));
#4903=DIRECTION('',(-0.5,0.866025403784439,-1.63201185614322E-14));
#4904=DIRECTION('',(4.18701049590759E-14,2.41737163691205E-14,1.));
#4905=DIRECTION('center_axis',(-0.5,0.866025403784439,-1.63201185614322E-14));
#4906=DIRECTION('ref_axis',(-0.612372435695797,-0.353553390593262,0.707106781186551));
#4907=DIRECTION('center_axis',(0.5,-0.866025403784439,-7.3468712059278E-18));
#4908=DIRECTION('ref_axis',(-0.612372435695791,-0.353553390593272,0.707106781186551));
#4909=DIRECTION('',(-0.5,0.866025403784439,-1.63201185614322E-14));
#4910=DIRECTION('center_axis',(-0.500000000000001,0.866025403784438,5.47382212626881E-48));
#4911=DIRECTION('ref_axis',(-0.612372435695797,-0.353553390593262,0.707106781186551));
#4912=DIRECTION('center_axis',(0.6123724356958,0.353553390593263,-0.707106781186548));
#4913=DIRECTION('ref_axis',(-0.612372435695801,-0.353553390593265,-0.707106781186547));
#4914=DIRECTION('',(0.612372435695801,0.353553390593265,0.707106781186547));
#4915=DIRECTION('',(-0.5,0.866025403784439,-1.63201185614322E-14));
#4916=DIRECTION('',(0.612372435695795,0.353553390593275,0.707106781186547));
#4917=DIRECTION('center_axis',(-0.5,0.866025403784439,-1.63201185614322E-14));
#4918=DIRECTION('ref_axis',(0.865497844507678,0.499695413509548,-0.0348994967024442));
#4919=DIRECTION('center_axis',(0.5,-0.866025403784439,4.00443352649567E-19));
#4920=DIRECTION('ref_axis',(0.865497844507678,0.499695413509549,-0.0348994967024442));
#4921=DIRECTION('',(-0.5,0.866025403784439,-1.63201185614322E-14));
#4922=DIRECTION('center_axis',(-0.500000000000001,0.866025403784438,5.47382212626881E-48));
#4923=DIRECTION('ref_axis',(0.865497844507678,0.499695413509548,-0.0348994967024442));
#4924=DIRECTION('center_axis',(-0.865497844507678,-0.499695413509548,0.034899496702463));
#4925=DIRECTION('ref_axis',(0.0302238507236326,0.017449748351217,0.999390827019097));
#4926=DIRECTION('',(-0.0302238507236326,-0.017449748351217,-0.999390827019097));
#4927=DIRECTION('',(-0.0302238507236242,-0.0174497483512315,-0.999390827019097));
#4928=DIRECTION('center_axis',(0.,0.,-1.));
#4929=DIRECTION('ref_axis',(-0.856801118494109,-0.51564701429102,0.));
#4930=DIRECTION('',(0.,0.,-1.));
#4931=DIRECTION('center_axis',(0.,0.,-1.));
#4932=DIRECTION('ref_axis',(-1.,0.,0.));
#4933=DIRECTION('',(0.,0.,-1.));
#4934=DIRECTION('center_axis',(-1.,0.,-1.1092978387713E-15));
#4935=DIRECTION('ref_axis',(-3.87139362661482E-17,-0.9993908270191,0.0348994967023726));
#4936=DIRECTION('center_axis',(1.,-2.368475785867E-16,1.1092978387713E-15));
#4937=DIRECTION('ref_axis',(-2.75417233707382E-16,-0.9993908270191,0.0348994967023726));
#4938=DIRECTION('',(-1.,0.,-1.1092978387713E-15));
#4939=DIRECTION('center_axis',(1.,6.76275156406623E-16,1.1092978387713E-15));
#4940=DIRECTION('ref_axis',(-3.87139362661482E-17,-0.9993908270191,0.0348994967023726));
#4941=DIRECTION('',(-1.,0.,-1.1092978387713E-15));
#4942=DIRECTION('center_axis',(1.10862208450015E-15,-0.0348994967025529,
-0.999390827019094));
#4943=DIRECTION('ref_axis',(-2.7541723370758E-16,-0.999390827019094,0.0348994967025529));
#4944=DIRECTION('',(2.7541723370758E-16,0.999390827019094,-0.0348994967025529));
#4945=DIRECTION('',(-1.,0.,-1.1092978387713E-15));
#4946=DIRECTION('',(-6.37149251587333E-16,0.999390827019094,-0.0348994967025529));
#4947=DIRECTION('center_axis',(-1.,0.,-1.1092978387713E-15));
#4948=DIRECTION('ref_axis',(1.10862208450015E-15,-0.0348994967023515,-0.999390827019101));
#4949=DIRECTION('center_axis',(1.,-2.368475785867E-16,1.1092978387713E-15));
#4950=DIRECTION('ref_axis',(1.10035622321231E-15,-0.0348994967023515,-0.999390827019101));
#4951=DIRECTION('',(-1.,0.,-1.1092978387713E-15));
#4952=DIRECTION('center_axis',(1.,6.76275156406623E-16,1.1092978387713E-15));
#4953=DIRECTION('ref_axis',(1.10862208450015E-15,-0.0348994967023515,-0.999390827019101));
#4954=DIRECTION('center_axis',(3.8713936266249E-17,0.999390827019097,-0.0348994967024635));
#4955=DIRECTION('ref_axis',(1.10035622321228E-15,-0.0348994967024635,-0.999390827019097));
#4956=DIRECTION('',(-1.10035622321228E-15,0.0348994967024635,0.999390827019097));
#4957=DIRECTION('',(-1.,0.,-1.1092978387713E-15));
#4958=DIRECTION('',(-1.13222374709112E-15,0.0348994967024635,0.999390827019097));
#4959=DIRECTION('center_axis',(-1.,0.,-1.1092978387713E-15));
#4960=DIRECTION('ref_axis',(3.87139362662183E-17,0.999390827019098,-0.0348994967024359));
#4961=DIRECTION('center_axis',(1.,-2.368475785867E-16,1.1092978387713E-15));
#4962=DIRECTION('ref_axis',(2.75417233707451E-16,0.999390827019098,-0.0348994967024359));
#4963=DIRECTION('',(-1.,0.,-1.1092978387713E-15));
#4964=DIRECTION('center_axis',(1.,6.76275156406623E-16,1.1092978387713E-15));
#4965=DIRECTION('ref_axis',(3.87139362662183E-17,0.999390827019098,-0.0348994967024359));
#4966=DIRECTION('center_axis',(-1.10862208450015E-15,-0.0348994967024689,
0.999390827019097));
#4967=DIRECTION('ref_axis',(1.97989361174978E-16,0.999390827019097,0.0348994967024689));
#4968=DIRECTION('',(-1.97989361174978E-16,-0.999390827019097,-0.0348994967024689));
#4969=DIRECTION('',(-1.,0.,-1.1092978387713E-15));
#4970=DIRECTION('',(7.14577124119939E-16,-0.999390827019097,-0.0348994967024689));
#4971=DIRECTION('center_axis',(-1.10929605648516E-15,-0.00179258375042907,
0.999998393320458));
#4972=DIRECTION('ref_axis',(2.34858688768373E-16,0.999998393320458,0.00179258375042907));
#4973=DIRECTION('',(-2.34858688768373E-16,-0.999998393320458,-0.00179258375042907));
#4974=DIRECTION('',(-1.,0.,-1.1092978387713E-15));
#4975=DIRECTION('',(6.78262579129332E-16,-0.999998393320458,-0.00179258375042907));
#4976=DIRECTION('center_axis',(1.10929605648516E-15,0.00179258375042907,
-0.999998393320458));
#4977=DIRECTION('ref_axis',(0.,0.999998393320458,0.00179258375042907));
#4978=DIRECTION('center_axis',(1.10929605648516E-15,0.00179258375042907,
-0.999998393320458));
#4979=DIRECTION('ref_axis',(0.,0.999998393320458,0.00179258375042907));
#4980=DIRECTION('center_axis',(-1.,0.,-1.1092978387713E-15));
#4981=DIRECTION('ref_axis',(3.87139362661911E-17,0.999390827019099,-0.0348994967024113));
#4982=DIRECTION('center_axis',(1.,-2.368475785867E-16,1.1092978387713E-15));
#4983=DIRECTION('ref_axis',(2.75417233707424E-16,0.999390827019099,-0.0348994967024113));
#4984=DIRECTION('',(-1.,0.,-1.1092978387713E-15));
#4985=DIRECTION('center_axis',(1.,6.76275156406623E-16,1.1092978387713E-15));
#4986=DIRECTION('ref_axis',(3.87139362661911E-17,0.999390827019099,-0.0348994967024113));
#4987=DIRECTION('center_axis',(-1.10862208450015E-15,0.0348994967024455,
0.999390827019098));
#4988=DIRECTION('ref_axis',(2.75417233707462E-16,0.999390827019098,-0.0348994967024455));
#4989=DIRECTION('',(-2.75417233707462E-16,-0.999390827019098,0.0348994967024455));
#4990=DIRECTION('',(-1.,0.,-1.1092978387713E-15));
#4991=DIRECTION('',(6.37149251587455E-16,-0.999390827019098,0.0348994967024455));
#4992=DIRECTION('center_axis',(-1.,0.,-1.1092978387713E-15));
#4993=DIRECTION('ref_axis',(-1.10862208450015E-15,0.03489949670246,0.999390827019097));
#4994=DIRECTION('center_axis',(1.,-2.368475785867E-16,1.1092978387713E-15));
#4995=DIRECTION('ref_axis',(-1.10035622321228E-15,0.03489949670246,0.999390827019097));
#4996=DIRECTION('',(-1.,0.,-1.1092978387713E-15));
#4997=DIRECTION('center_axis',(1.,6.76275156406623E-16,1.1092978387713E-15));
#4998=DIRECTION('ref_axis',(-1.10862208450015E-15,0.03489949670246,0.999390827019097));
#4999=DIRECTION('center_axis',(3.87139362662532E-17,-0.999390827019097,
-0.0348994967024673));
#5000=DIRECTION('ref_axis',(-1.11688794578802E-15,-0.0348994967024673,0.999390827019097));
#5001=DIRECTION('',(1.11688794578802E-15,0.0348994967024673,-0.999390827019097));
#5002=DIRECTION('',(-1.,0.,-1.1092978387713E-15));
#5003=DIRECTION('',(1.08502042190918E-15,0.0348994967024673,-0.999390827019097));
#5004=DIRECTION('center_axis',(-1.,0.,-1.1092978387713E-15));
#5005=DIRECTION('ref_axis',(3.87139362661953E-17,-0.999390827019099,-0.0348994967024151));
#5006=DIRECTION('center_axis',(1.,-2.368475785867E-16,1.1092978387713E-15));
#5007=DIRECTION('ref_axis',(-1.97989361175038E-16,-0.999390827019099,-0.0348994967024151));
#5008=DIRECTION('',(-1.,0.,-1.1092978387713E-15));
#5009=DIRECTION('center_axis',(1.,6.76275156406623E-16,1.1092978387713E-15));
#5010=DIRECTION('ref_axis',(3.87139362661953E-17,-0.999390827019099,-0.0348994967024151));
#5011=DIRECTION('center_axis',(1.10862208450015E-15,0.0348994967024427,
-0.999390827019098));
#5012=DIRECTION('ref_axis',(-1.97989361175007E-16,-0.999390827019098,-0.0348994967024427));
#5013=DIRECTION('',(1.97989361175007E-16,0.999390827019098,0.0348994967024427));
#5014=DIRECTION('',(-1.,0.,-1.1092978387713E-15));
#5015=DIRECTION('',(-7.1457712411991E-16,0.999390827019098,0.0348994967024427));
#5016=DIRECTION('center_axis',(-1.,0.,-1.1092978387713E-15));
#5017=DIRECTION('ref_axis',(1.10862208450014E-15,0.0348994967025845,-0.999390827019093));
#5018=DIRECTION('center_axis',(1.,-2.368475785867E-16,1.1092978387713E-15));
#5019=DIRECTION('ref_axis',(1.11688794578805E-15,0.0348994967025845,-0.999390827019093));
#5020=DIRECTION('',(-1.,0.,-1.1092978387713E-15));
#5021=DIRECTION('center_axis',(1.,6.76275156406623E-16,1.1092978387713E-15));
#5022=DIRECTION('ref_axis',(1.10862208450014E-15,0.0348994967025845,-0.999390827019093));
#5023=DIRECTION('center_axis',(-3.87139362662116E-17,0.999390827019098,
0.0348994967024298));
#5024=DIRECTION('ref_axis',(1.11688794578802E-15,0.0348994967024298,-0.999390827019098));
#5025=DIRECTION('',(-1.11688794578802E-15,-0.0348994967024298,0.999390827019098));
#5026=DIRECTION('',(-1.,0.,-1.1092978387713E-15));
#5027=DIRECTION('',(-1.0850204219092E-15,-0.0348994967024298,0.999390827019098));
#5028=DIRECTION('center_axis',(-1.,0.,-1.1092978387713E-15));
#5029=DIRECTION('ref_axis',(-7.8439202415078E-16,0.707106781186538,0.707106781186557));
#5030=DIRECTION('center_axis',(1.,-2.368475785867E-16,1.1092978387713E-15));
#5031=DIRECTION('ref_axis',(-6.16915495224514E-16,0.707106781186538,0.707106781186557));
#5032=DIRECTION('',(-1.,0.,-1.1092978387713E-15));
#5033=DIRECTION('center_axis',(-1.,-6.76275156406623E-16,-1.1092978387713E-15));
#5034=DIRECTION('ref_axis',(-7.8439202415078E-16,0.707106781186538,0.707106781186557));
#5035=DIRECTION('center_axis',(7.84392024150775E-16,-0.707106781186543,
-0.707106781186552));
#5036=DIRECTION('ref_axis',(-9.51868553077035E-16,-0.707106781186552,0.707106781186543));
#5037=DIRECTION('',(9.51868553077035E-16,0.707106781186552,-0.707106781186543));
#5038=DIRECTION('',(-1.,0.,-1.1092978387713E-15));
#5039=DIRECTION('',(3.06193275107646E-16,0.707106781186552,-0.707106781186543));
#5040=DIRECTION('center_axis',(-1.,0.,-1.1092978387713E-15));
#5041=DIRECTION('ref_axis',(-2.13649828497357E-29,1.,1.92656348390835E-14));
#5042=DIRECTION('center_axis',(1.,-2.368475785867E-16,1.1092978387713E-15));
#5043=DIRECTION('ref_axis',(2.36847578586679E-16,1.,1.92656348390835E-14));
#5044=DIRECTION('',(-1.,0.,-1.1092978387713E-15));
#5045=DIRECTION('center_axis',(-1.,-6.76275156406623E-16,-1.1092978387713E-15));
#5046=DIRECTION('ref_axis',(-2.13649828497357E-29,1.,1.92656348390835E-14));
#5047=DIRECTION('center_axis',(-8.93861710777792E-30,-1.,8.05790545637287E-15));
#5048=DIRECTION('ref_axis',(-1.1092978387713E-15,8.05790545637287E-15,1.));
#5049=DIRECTION('',(1.1092978387713E-15,-8.05790545637287E-15,-1.));
#5050=DIRECTION('',(-1.,0.,-1.1092978387713E-15));
#5051=DIRECTION('',(1.10929783877131E-15,-8.05790545637287E-15,-1.));
#5052=DIRECTION('center_axis',(-1.,0.,-1.1092978387713E-15));
#5053=DIRECTION('ref_axis',(7.84392024150765E-16,0.707106781186552,-0.707106781186544));
#5054=DIRECTION('center_axis',(1.,-2.368475785867E-16,1.1092978387713E-15));
#5055=DIRECTION('ref_axis',(9.51868553077036E-16,0.707106781186552,-0.707106781186544));
#5056=DIRECTION('',(-1.,0.,-1.1092978387713E-15));
#5057=DIRECTION('center_axis',(-1.,-6.76275156406623E-16,-1.1092978387713E-15));
#5058=DIRECTION('ref_axis',(7.84392024150765E-16,0.707106781186552,-0.707106781186544));
#5059=DIRECTION('center_axis',(-7.84392024150767E-16,-0.70710678118655,
0.707106781186545));
#5060=DIRECTION('ref_axis',(-6.16915495224505E-16,0.707106781186545,0.70710678118655));
#5061=DIRECTION('',(6.16915495224505E-16,-0.707106781186545,-0.70710678118655));
#5062=DIRECTION('',(-1.,0.,-1.1092978387713E-15));
#5063=DIRECTION('',(1.26259077319389E-15,-0.707106781186545,-0.70710678118655));
#5064=DIRECTION('center_axis',(-1.,0.,-1.1092978387713E-15));
#5065=DIRECTION('ref_axis',(-3.87139362662276E-17,-0.999390827019098,0.0348994967024442));
#5066=DIRECTION('center_axis',(1.,-2.368475785867E-16,1.1092978387713E-15));
#5067=DIRECTION('ref_axis',(-2.75417233707461E-16,-0.999390827019098,0.0348994967024442));
#5068=DIRECTION('',(-1.,0.,-1.1092978387713E-15));
#5069=DIRECTION('center_axis',(-1.,-6.76275156406623E-16,-1.1092978387713E-15));
#5070=DIRECTION('ref_axis',(-3.87139362662276E-17,-0.999390827019098,0.0348994967024442));
#5071=DIRECTION('center_axis',(3.87139362662298E-17,0.999390827019098,-0.0348994967024462));
#5072=DIRECTION('ref_axis',(1.10035622321228E-15,-0.0348994967024462,-0.999390827019098));
#5073=DIRECTION('',(-1.10035622321228E-15,0.0348994967024462,0.999390827019098));
#5074=DIRECTION('',(-1.,0.,-1.1092978387713E-15));
#5075=DIRECTION('',(-1.13222374709111E-15,0.0348994967024462,0.999390827019098));
#5076=DIRECTION('center_axis',(-1.,0.,-1.1092978387713E-15));
#5077=DIRECTION('ref_axis',(3.87139362662069E-17,0.999390827019098,-0.0348994967024256));
#5078=DIRECTION('center_axis',(1.,-2.368475785867E-16,1.1092978387713E-15));
#5079=DIRECTION('ref_axis',(2.7541723370744E-16,0.999390827019098,-0.0348994967024256));
#5080=DIRECTION('',(-1.,0.,-1.1092978387713E-15));
#5081=DIRECTION('center_axis',(1.,6.76275156406623E-16,1.1092978387713E-15));
#5082=DIRECTION('ref_axis',(3.87139362662069E-17,0.999390827019098,-0.0348994967024256));
#5083=DIRECTION('center_axis',(-1.10862208450015E-15,0.0348994967024516,
0.999390827019098));
#5084=DIRECTION('ref_axis',(2.75417233707469E-16,0.999390827019097,-0.0348994967024516));
#5085=DIRECTION('',(-2.75417233707469E-16,-0.999390827019097,0.0348994967024516));
#5086=DIRECTION('',(-1.,0.,-1.1092978387713E-15));
#5087=DIRECTION('',(6.37149251587448E-16,-0.999390827019097,0.0348994967024516));
#5088=DIRECTION('center_axis',(-1.,0.,-1.1092978387713E-15));
#5089=DIRECTION('ref_axis',(-1.10862208450015E-15,0.0348994967024371,0.999390827019098));
#5090=DIRECTION('center_axis',(1.,-2.368475785867E-16,1.1092978387713E-15));
#5091=DIRECTION('ref_axis',(-1.10035622321228E-15,0.0348994967024371,0.999390827019098));
#5092=DIRECTION('',(-1.,0.,-1.1092978387713E-15));
#5093=DIRECTION('center_axis',(1.,6.76275156406623E-16,1.1092978387713E-15));
#5094=DIRECTION('ref_axis',(-1.10862208450015E-15,0.0348994967024371,0.999390827019098));
#5095=DIRECTION('center_axis',(-3.87139362662321E-17,-0.999390827019098,
0.0348994967024483));
#5096=DIRECTION('ref_axis',(-1.10035622321228E-15,0.0348994967024483,0.999390827019097));
#5097=DIRECTION('',(1.10035622321228E-15,-0.0348994967024483,-0.999390827019097));
#5098=DIRECTION('',(-1.,0.,-1.1092978387713E-15));
#5099=DIRECTION('',(1.13222374709111E-15,-0.0348994967024483,-0.999390827019097));
#5100=DIRECTION('center_axis',(-1.,0.,-1.1092978387713E-15));
#5101=DIRECTION('ref_axis',(-3.87139362662303E-17,-0.999390827019098,0.0348994967024466));
#5102=DIRECTION('center_axis',(1.,-2.368475785867E-16,1.1092978387713E-15));
#5103=DIRECTION('ref_axis',(-2.75417233707463E-16,-0.999390827019098,0.0348994967024466));
#5104=DIRECTION('',(-1.,0.,-1.1092978387713E-15));
#5105=DIRECTION('center_axis',(1.,6.76275156406623E-16,1.1092978387713E-15));
#5106=DIRECTION('ref_axis',(-3.87139362662303E-17,-0.999390827019098,0.0348994967024466));
#5107=DIRECTION('center_axis',(1.10862208450015E-15,0.034899496702455,-0.999390827019097));
#5108=DIRECTION('ref_axis',(-7.82026830904578E-15,-0.999390827019097,-0.034899496702455));
#5109=DIRECTION('',(7.82026830904578E-15,0.999390827019097,0.034899496702455));
#5110=DIRECTION('',(-1.,0.,-1.1092978387713E-15));
#5111=DIRECTION('',(-7.14577124119923E-16,0.999390827019097,0.034899496702455));
#5112=DIRECTION('center_axis',(1.1092978387713E-15,-1.70469127501201E-15,
-1.));
#5113=DIRECTION('ref_axis',(-2.36847578586702E-16,-1.,1.70469127501201E-15));
#5114=DIRECTION('',(2.36847578586702E-16,1.,-1.70469127501201E-15));
#5115=DIRECTION('',(-1.,0.,-1.1092978387713E-15));
#5116=DIRECTION('',(-6.76275156406621E-16,1.,-1.70469127501201E-15));
#5117=DIRECTION('center_axis',(-1.1092978387713E-15,1.70469127501201E-15,
1.));
#5118=DIRECTION('ref_axis',(1.,0.,0.));
#5119=DIRECTION('center_axis',(1.10862208450015E-15,-0.0348994967024653,
-0.999390827019097));
#5120=DIRECTION('ref_axis',(-2.75417233707484E-16,-0.999390827019097,0.0348994967024653));
#5121=DIRECTION('',(2.75417233707484E-16,0.999390827019097,-0.0348994967024653));
#5122=DIRECTION('',(-1.,0.,-1.1092978387713E-15));
#5123=DIRECTION('',(-6.37149251587433E-16,0.999390827019097,-0.0348994967024653));
#5124=DIRECTION('center_axis',(-1.,0.,-1.1092978387713E-15));
#5125=DIRECTION('ref_axis',(1.10862208450015E-15,-0.0348994967024531,-0.999390827019097));
#5126=DIRECTION('center_axis',(1.,-2.368475785867E-16,1.1092978387713E-15));
#5127=DIRECTION('ref_axis',(1.10035622321228E-15,-0.0348994967024531,-0.999390827019097));
#5128=DIRECTION('',(-1.,0.,-1.1092978387713E-15));
#5129=DIRECTION('center_axis',(1.,6.76275156406623E-16,1.1092978387713E-15));
#5130=DIRECTION('ref_axis',(1.10862208450015E-15,-0.0348994967024531,-0.999390827019097));
#5131=DIRECTION('center_axis',(-3.87139362662279E-17,0.999390827019098,
0.0348994967024445));
#5132=DIRECTION('ref_axis',(1.11688794578802E-15,0.0348994967024445,-0.999390827019098));
#5133=DIRECTION('',(-1.11688794578802E-15,-0.0348994967024445,0.999390827019098));
#5134=DIRECTION('',(-1.,0.,-1.1092978387713E-15));
#5135=DIRECTION('',(-1.08502042190919E-15,-0.0348994967024445,0.999390827019098));
#5136=DIRECTION('center_axis',(-1.,0.,-1.1092978387713E-15));
#5137=DIRECTION('ref_axis',(-3.87139362661838E-17,0.999390827019099,0.0348994967024047));
#5138=DIRECTION('center_axis',(1.,-2.368475785867E-16,1.1092978387713E-15));
#5139=DIRECTION('ref_axis',(1.97989361175049E-16,0.999390827019099,0.0348994967024047));
#5140=DIRECTION('',(-1.,0.,-1.1092978387713E-15));
#5141=DIRECTION('center_axis',(1.,6.76275156406623E-16,1.1092978387713E-15));
#5142=DIRECTION('ref_axis',(-3.87139362661838E-17,0.999390827019099,0.0348994967024047));
#5143=DIRECTION('center_axis',(-1.10862208450015E-15,-0.0348994967025425,
0.999390827019094));
#5144=DIRECTION('ref_axis',(1.97989361174895E-16,0.999390827019094,0.0348994967025425));
#5145=DIRECTION('',(-1.97989361174895E-16,-0.999390827019094,-0.0348994967025425));
#5146=DIRECTION('',(-1.,0.,-1.1092978387713E-15));
#5147=DIRECTION('',(7.14577124120019E-16,-0.999390827019094,-0.0348994967025425));
#5148=DIRECTION('center_axis',(-1.,0.,-1.1092978387713E-15));
#5149=DIRECTION('ref_axis',(-1.10862208450015E-15,-0.034899496702372,0.9993908270191));
#5150=DIRECTION('center_axis',(1.,-2.368475785867E-16,1.1092978387713E-15));
#5151=DIRECTION('ref_axis',(-1.116887945788E-15,-0.034899496702372,0.9993908270191));
#5152=DIRECTION('',(-1.,0.,-1.1092978387713E-15));
#5153=DIRECTION('center_axis',(1.,6.76275156406623E-16,1.1092978387713E-15));
#5154=DIRECTION('ref_axis',(-1.10862208450015E-15,-0.034899496702372,0.9993908270191));
#5155=DIRECTION('center_axis',(3.87139362662026E-17,-0.999390827019099,
-0.0348994967024217));
#5156=DIRECTION('ref_axis',(-1.11688794578802E-15,-0.0348994967024217,0.999390827019099));
#5157=DIRECTION('',(1.11688794578802E-15,0.0348994967024217,-0.999390827019099));
#5158=DIRECTION('',(-1.,0.,-1.1092978387713E-15));
#5159=DIRECTION('',(1.08502042190921E-15,0.0348994967024217,-0.999390827019099));
#5160=DIRECTION('center_axis',(-1.,0.,-1.1092978387713E-15));
#5161=DIRECTION('ref_axis',(7.84392024150843E-16,-0.707106781186482,-0.707106781186613));
#5162=DIRECTION('center_axis',(1.,-2.368475785867E-16,1.1092978387713E-15));
#5163=DIRECTION('ref_axis',(6.1691549522459E-16,-0.707106781186482,-0.707106781186613));
#5164=DIRECTION('',(-1.,0.,-1.1092978387713E-15));
#5165=DIRECTION('center_axis',(-1.,-6.76275156406623E-16,-1.1092978387713E-15));
#5166=DIRECTION('ref_axis',(7.84392024150843E-16,-0.707106781186482,-0.707106781186613));
#5167=DIRECTION('center_axis',(-7.84392024150768E-16,0.70710678118655,0.707106781186545));
#5168=DIRECTION('ref_axis',(1.18700722376198E-14,0.707106781186545,-0.70710678118655));
#5169=DIRECTION('',(-1.18700722376198E-14,-0.707106781186545,0.70710678118655));
#5170=DIRECTION('',(-1.,0.,-1.1092978387713E-15));
#5171=DIRECTION('',(-3.06193275107658E-16,-0.707106781186545,0.70710678118655));
#5172=DIRECTION('center_axis',(-1.,0.,-1.1092978387713E-15));
#5173=DIRECTION('ref_axis',(1.62412539310208E-29,-1.,-1.46397055698121E-14));
#5174=DIRECTION('center_axis',(1.,-2.368475785867E-16,1.1092978387713E-15));
#5175=DIRECTION('ref_axis',(-2.36847578586684E-16,-1.,-1.46397055698121E-14));
#5176=DIRECTION('',(-1.,0.,-1.1092978387713E-15));
#5177=DIRECTION('center_axis',(-1.,-6.76275156406623E-16,-1.1092978387713E-15));
#5178=DIRECTION('ref_axis',(1.62412539310208E-29,-1.,-1.46397055698121E-14));
#5179=DIRECTION('center_axis',(8.93861710777778E-30,1.,-8.05790545637274E-15));
#5180=DIRECTION('ref_axis',(1.1092978387713E-15,-8.05790545637274E-15,-1.));
#5181=DIRECTION('',(-1.1092978387713E-15,8.05790545637274E-15,1.));
#5182=DIRECTION('',(-1.,0.,-1.1092978387713E-15));
#5183=DIRECTION('',(-1.10929783877131E-15,8.05790545637274E-15,1.));
#5184=DIRECTION('center_axis',(-1.,0.,-1.1092978387713E-15));
#5185=DIRECTION('ref_axis',(-7.84392024150776E-16,-0.707106781186542,0.707106781186553));
#5186=DIRECTION('center_axis',(1.,-2.368475785867E-16,1.1092978387713E-15));
#5187=DIRECTION('ref_axis',(-9.51868553077044E-16,-0.707106781186542,0.707106781186553));
#5188=DIRECTION('',(-1.,0.,-1.1092978387713E-15));
#5189=DIRECTION('center_axis',(-1.,-6.76275156406623E-16,-1.1092978387713E-15));
#5190=DIRECTION('ref_axis',(-7.84392024150776E-16,-0.707106781186542,0.707106781186553));
#5191=DIRECTION('center_axis',(7.84392024150771E-16,0.707106781186547,-0.707106781186548));
#5192=DIRECTION('ref_axis',(6.169154952245E-16,-0.707106781186548,-0.707106781186547));
#5193=DIRECTION('',(-6.169154952245E-16,0.707106781186548,0.707106781186547));
#5194=DIRECTION('',(-1.,0.,-1.1092978387713E-15));
#5195=DIRECTION('',(-1.26259077319389E-15,0.707106781186548,0.707106781186547));
#5196=DIRECTION('center_axis',(-1.,0.,-1.1092978387713E-15));
#5197=DIRECTION('ref_axis',(3.8713936266239E-17,0.999390827019097,-0.0348994967024546));
#5198=DIRECTION('center_axis',(1.,-2.368475785867E-16,1.1092978387713E-15));
#5199=DIRECTION('ref_axis',(2.75417233707472E-16,0.999390827019097,-0.0348994967024546));
#5200=DIRECTION('',(-1.,0.,-1.1092978387713E-15));
#5201=DIRECTION('center_axis',(-1.,-6.76275156406623E-16,-1.1092978387713E-15));
#5202=DIRECTION('ref_axis',(3.8713936266239E-17,0.999390827019097,-0.0348994967024546));
#5203=DIRECTION('center_axis',(-3.87139362661923E-17,-0.999390827019099,
0.0348994967024124));
#5204=DIRECTION('ref_axis',(-1.10035622321229E-15,0.0348994967024124,0.999390827019099));
#5205=DIRECTION('',(1.10035622321229E-15,-0.0348994967024124,-0.999390827019099));
#5206=DIRECTION('',(1.13222374709109E-15,-0.0348994967024124,-0.999390827019099));
#5207=DIRECTION('center_axis',(0.,0.,-1.));
#5208=DIRECTION('ref_axis',(-1.,0.,0.));
#5209=DIRECTION('center_axis',(0.,0.,-1.));
#5210=DIRECTION('ref_axis',(-1.,0.,0.));
#5211=DIRECTION('',(0.,0.,-1.));
#5212=DIRECTION('center_axis',(0.,0.,-1.));
#5213=DIRECTION('ref_axis',(-1.,0.,0.));
#5214=DIRECTION('center_axis',(1.11022302462516E-15,-2.62108826836423E-31,
-1.));
#5215=DIRECTION('ref_axis',(-1.,0.,0.));
#5216=DIRECTION('',(0.,0.,-1.));
#5217=DIRECTION('center_axis',(0.856801118491778,0.515647014294894,0.));
#5218=DIRECTION('ref_axis',(0.515647014294894,-0.856801118491778,7.87102765974799E-17));
#5219=DIRECTION('',(0.515647014294894,-0.856801118491778,0.));
#5220=DIRECTION('center_axis',(0.,0.,-1.));
#5221=DIRECTION('ref_axis',(-1.,0.,0.));
#5222=DIRECTION('center_axis',(1.11022302462516E-15,-2.62108826836423E-31,
-1.));
#5223=DIRECTION('ref_axis',(-1.,0.,0.));
#5224=DIRECTION('',(0.,0.,-1.));
#5225=DIRECTION('center_axis',(0.,0.,1.));
#5226=DIRECTION('ref_axis',(1.,0.,0.));
#5227=DIRECTION('center_axis',(-7.17658410678971E-63,-4.14340276591705E-63,
1.));
#5228=DIRECTION('ref_axis',(1.,0.,0.));
#5229=DIRECTION('',(0.,0.,1.));
#5230=DIRECTION('center_axis',(0.,0.,1.));
#5231=DIRECTION('ref_axis',(1.,0.,0.));
#5232=DIRECTION('center_axis',(-1.11022302462516E-15,2.62953635073671E-31,
1.));
#5233=DIRECTION('ref_axis',(1.,0.,0.));
#5234=DIRECTION('',(0.,0.,1.));
#5235=DIRECTION('center_axis',(0.5,0.866025403784439,1.68548153725757E-15));
#5236=DIRECTION('ref_axis',(-0.205529043953589,0.118662248852854,0.971430431265516));
#5237=DIRECTION('',(0.5,0.866025403784439,1.68548153725757E-15));
#5238=DIRECTION('',(-0.5,-0.866025403784439,-1.68548153725757E-15));
#5239=DIRECTION('center_axis',(0.866025403784439,-0.5,0.));
#5240=DIRECTION('ref_axis',(-0.5,-0.866025403784439,0.));
#5241=DIRECTION('',(5.47382212626882E-48,9.48093803429231E-48,-1.));
#5242=DIRECTION('',(0.5,0.866025403784439,0.));
#5243=DIRECTION('',(-1.1092978387713E-15,-1.92136021747825E-15,1.));
#5244=DIRECTION('',(0.5,0.866025403784439,1.2039153837554E-16));
#5245=DIRECTION('',(0.,0.,-1.));
#5246=DIRECTION('center_axis',(-0.866025403784439,0.5,0.));
#5247=DIRECTION('ref_axis',(-0.5,-0.866025403784439,-6.00925839494864E-17));
#5248=DIRECTION('',(-0.5,-0.866025403784439,0.));
#5249=DIRECTION('center_axis',(-0.866025403784439,0.5,0.));
#5250=DIRECTION('ref_axis',(0.5,0.866025403784439,1.80277751848459E-16));
#5251=DIRECTION('center_axis',(-0.866025403784439,0.5,0.));
#5252=DIRECTION('ref_axis',(-0.5,-0.866025403784439,0.));
#5253=DIRECTION('center_axis',(0.768471249544001,-0.443677082788717,0.461088478312325));
#5254=DIRECTION('ref_axis',(0.514500455551383,0.,-0.857490105620712));
#5255=DIRECTION('',(0.5,0.866025403784439,1.80587307563311E-15));
#5256=DIRECTION('',(-0.333241043651692,0.337660206922675,0.880304487939751));
#5257=DIRECTION('',(0.5,0.866025403784439,0.));
#5258=DIRECTION('',(-0.866025403784438,-0.500000000000001,-8.28680553183407E-63));
#5259=DIRECTION('',(-0.346039470751601,0.938219955090797,-2.34813691285361E-5));
#5260=DIRECTION('',(-0.866025403784438,-0.500000000000001,-8.28680553183407E-63));
#5261=DIRECTION('center_axis',(-0.866025403784439,0.5,0.));
#5262=DIRECTION('ref_axis',(-0.5,-0.866025403784439,1.22464679914735E-16));
#5263=DIRECTION('center_axis',(0.866025403784439,-0.5,0.));
#5264=DIRECTION('ref_axis',(0.5,0.866025403784439,1.80277751848459E-16));
#5265=DIRECTION('',(0.5,0.866025403784439,0.));
#5266=DIRECTION('center_axis',(0.866025403784439,-0.5,0.));
#5267=DIRECTION('ref_axis',(-0.5,-0.866025403784439,0.));
#5268=DIRECTION('',(1.27422412207773E-31,2.20702091966848E-31,1.));
#5269=DIRECTION('',(0.5,0.866025403784439,2.40783076751081E-16));
#5270=DIRECTION('',(0.5,0.866025403784439,0.));
#5271=DIRECTION('center_axis',(0.866025403784439,-0.5,0.));
#5272=DIRECTION('ref_axis',(-0.500000000000001,-0.866025403784438,0.));
#5273=DIRECTION('center_axis',(0.5,0.866025403784439,1.2039153837554E-16));
#5274=DIRECTION('ref_axis',(-0.205529043953587,0.118662248852853,0.971430431265517));
#5275=DIRECTION('',(-0.5,-0.866025403784439,-1.2039153837554E-16));
#5276=DIRECTION('center_axis',(8.88178419700125E-16,-1.,2.20702091966848E-31));
#5277=DIRECTION('ref_axis',(-1.,-8.70741115017923E-16,0.));
#5278=DIRECTION('',(0.5,0.866025403784439,0.));
#5279=DIRECTION('',(-0.985542050821925,-0.169431005162397,-2.3481369131389E-5));
#5280=DIRECTION('',(-2.368475785867E-16,-1.,4.0323822996847E-47));
#5281=DIRECTION('',(-0.99999999962132,-6.29561205187745E-15,-2.75201580920432E-5));
#5282=DIRECTION('',(-0.459042838868008,0.119765105924638,0.880304487939747));
#5283=DIRECTION('',(-2.368475785867E-16,-1.,4.0323822996847E-47));
#5284=DIRECTION('center_axis',(-0.768471249544001,0.443677082788717,-0.461088478312325));
#5285=DIRECTION('ref_axis',(-0.514500455551383,0.,0.857490105620712));
#5286=DIRECTION('',(-0.514500455551384,-2.43716374158199E-15,0.857490105620711));
#5287=DIRECTION('center_axis',(-1.,-8.88178419700125E-16,0.));
#5288=DIRECTION('ref_axis',(0.,-0.707106781186549,-0.707106781186546));
#5289=DIRECTION('center_axis',(0.866025403784439,-0.5,0.));
#5290=DIRECTION('ref_axis',(-0.5,-0.866025403784439,-6.00925839494864E-17));
#5291=DIRECTION('',(1.,8.88178419700125E-16,0.));
#5292=DIRECTION('',(-1.,-8.88178419700125E-16,0.));
#5293=DIRECTION('center_axis',(-0.866025403784439,0.5,0.));
#5294=DIRECTION('ref_axis',(0.,0.,1.));
#5295=DIRECTION('',(-0.500000000000001,-0.866025403784438,-7.17658410678973E-63));
#5296=DIRECTION('center_axis',(0.866025403784439,-0.5,0.));
#5297=DIRECTION('ref_axis',(0.5,0.866025403784439,1.80277751848459E-16));
#5298=DIRECTION('',(0.500000000000001,0.866025403784438,0.));
#5299=DIRECTION('',(0.,0.,1.));
#5300=DIRECTION('',(-0.500000000000004,-0.866025403784436,-5.55111512312583E-16));
#5301=DIRECTION('',(0.500000000000079,0.866025403784393,0.));
#5302=DIRECTION('center_axis',(0.866025403784439,-0.5,0.));
#5303=DIRECTION('ref_axis',(-0.5,-0.866025403784439,0.));
#5304=DIRECTION('center_axis',(8.88178419700125E-16,-1.,2.20702091966848E-31));
#5305=DIRECTION('ref_axis',(-1.96175103777984E-16,4.64635983088102E-32,
1.));
#5306=DIRECTION('',(-1.,-8.88178419700125E-16,-1.11022302462516E-15));
#5307=DIRECTION('',(-1.96175103777984E-16,4.64635983088102E-32,1.));
#5308=DIRECTION('',(-1.,-8.88178419700125E-16,-1.11022302462516E-15));
#5309=DIRECTION('',(-1.,-8.88178419700125E-16,0.));
#5310=DIRECTION('',(1.27422412207773E-31,2.20702091966848E-31,1.));
#5311=DIRECTION('',(-1.96175103777984E-16,4.64635983088102E-32,1.));
#5312=DIRECTION('',(-1.,-7.84500465345137E-16,0.));
#5313=DIRECTION('center_axis',(-1.,-8.88178419700125E-16,0.));
#5314=DIRECTION('ref_axis',(0.,-0.707106781186546,-0.707106781186549));
#5315=DIRECTION('center_axis',(-0.866025403784439,0.5,0.));
#5316=DIRECTION('ref_axis',(-0.499999999999999,-0.866025403784439,0.));
#5317=DIRECTION('',(1.,8.88178419700125E-16,0.));
#5318=DIRECTION('center_axis',(0.866025403784439,-0.5,0.));
#5319=DIRECTION('ref_axis',(-0.499999999999999,-0.866025403784439,0.));
#5320=DIRECTION('',(-0.499999999999999,-0.866025403784439,0.));
#5321=DIRECTION('center_axis',(-0.866025403784439,0.5,0.));
#5322=DIRECTION('ref_axis',(0.499999999999999,0.866025403784439,0.));
#5323=DIRECTION('center_axis',(-0.866025403784439,0.5,0.));
#5324=DIRECTION('ref_axis',(-0.500000000000007,-0.866025403784434,0.));
#5325=DIRECTION('center_axis',(-0.866025403784439,0.5,0.));
#5326=DIRECTION('ref_axis',(-0.500000000000007,-0.866025403784434,0.));
#5327=DIRECTION('center_axis',(0.866025403784439,-0.5,0.));
#5328=DIRECTION('ref_axis',(0.499999999999996,0.866025403784441,-1.22464679914735E-16));
#5329=DIRECTION('center_axis',(0.500000000000002,-0.866025403784438,0.));
#5330=DIRECTION('ref_axis',(0.612372435695791,0.353553390593279,-0.707106781186548));
#5331=DIRECTION('',(-0.500000000000002,0.866025403784438,0.));
#5332=DIRECTION('center_axis',(0.500000000000002,-0.866025403784438,0.));
#5333=DIRECTION('ref_axis',(0.612372435695792,0.353553390593273,-0.70710678118655));
#5334=DIRECTION('',(-0.500000000000002,0.866025403784438,0.));
#5335=DIRECTION('center_axis',(-0.866025403784439,0.5,0.));
#5336=DIRECTION('ref_axis',(-0.5,-0.866025403784439,0.));
#5337=DIRECTION('',(-0.866025403784439,0.5,0.));
#5338=DIRECTION('center_axis',(7.17658410678971E-63,4.14340276591705E-63,
-1.));
#5339=DIRECTION('ref_axis',(-0.866025403784438,-0.500000000000001,-8.28680553183407E-63));
#5340=DIRECTION('',(-0.500000000000002,0.866025403784438,0.));
#5341=DIRECTION('',(-0.866025403784438,-0.500000000000001,-8.28680553183407E-63));
#5342=DIRECTION('center_axis',(1.11022302462516E-15,-2.62953635073671E-31,
-1.));
#5343=DIRECTION('ref_axis',(-2.368475785867E-16,-1.,4.0323822996847E-47));
#5344=DIRECTION('',(-2.368475785867E-16,-1.,4.0323822996847E-47));
#5345=DIRECTION('',(-1.,-8.88178419700125E-16,-1.11022302462516E-15));
#5346=DIRECTION('center_axis',(0.,0.,-1.));
#5347=DIRECTION('ref_axis',(-1.,0.,0.));
#5348=DIRECTION('center_axis',(0.500000000000001,-0.866025403784438,-5.47382212626881E-48));
#5349=DIRECTION('ref_axis',(0.866025403784438,0.500000000000001,8.28680553183407E-63));
#5350=DIRECTION('',(-0.866025403784438,-0.500000000000001,0.));
#5351=DIRECTION('center_axis',(1.,6.76275156406623E-16,1.1092978387713E-15));
#5352=DIRECTION('ref_axis',(-6.76275156406623E-16,1.,-1.01292507646103E-30));
#5353=DIRECTION('',(6.76275156406623E-16,-1.,0.));
#5354=DIRECTION('center_axis',(0.,0.,-1.));
#5355=DIRECTION('ref_axis',(-1.,0.,0.));
#5356=DIRECTION('center_axis',(-0.5,0.866025403784439,0.));
#5357=DIRECTION('ref_axis',(0.866025403784439,0.5,0.));
#5358=DIRECTION('center_axis',(-1.,-1.51665789943601E-15,0.));
#5359=DIRECTION('ref_axis',(-1.51665789943601E-15,1.,0.));
#5360=DIRECTION('center_axis',(-0.866025403784393,0.500000000000079,0.));
#5361=DIRECTION('ref_axis',(0.500000000000079,0.866025403784393,0.));
#5362=DIRECTION('',(2.73691106313441E-48,-4.74046901714615E-48,1.));
#5363=DIRECTION('',(1.1092978387713E-15,-2.62734507044443E-31,-1.));
#5364=DIRECTION('center_axis',(-8.88178419700125E-16,1.,-1.2479889084611E-30));
#5365=DIRECTION('ref_axis',(1.1092978387713E-15,-2.62734507044443E-31,-1.));
#5366=DIRECTION('',(1.1092978387713E-15,-2.62734507044443E-31,-1.));
#5367=DIRECTION('',(-1.,-8.88178419700125E-16,-1.11022302462516E-15));
#5368=DIRECTION('center_axis',(-1.11022302462516E-15,2.62108826836423E-31,
1.));
#5369=DIRECTION('ref_axis',(-6.76275156406623E-16,1.,-1.01292507646103E-30));
#5370=DIRECTION('',(-6.76275156406623E-16,1.,-1.01292507646103E-30));
#5371=DIRECTION('center_axis',(1.,6.76275156406623E-16,1.1092978387713E-15));
#5372=DIRECTION('ref_axis',(-6.76275156406623E-16,1.,-1.01292507646103E-30));
#5373=DIRECTION('center_axis',(0.866025403784437,-0.500000000000003,0.));
#5374=DIRECTION('ref_axis',(-0.500000000000003,-0.866025403784437,0.));
#5375=DIRECTION('center_axis',(0.866025403784439,-0.5,0.));
#5376=DIRECTION('ref_axis',(-0.500000000000003,-0.866025403784437,0.));
#5377=DIRECTION('',(0.866025403784437,-0.500000000000003,0.));
#5378=DIRECTION('center_axis',(0.866025403784441,-0.499999999999997,-4.49897235008858E-31));
#5379=DIRECTION('ref_axis',(0.499999999999996,0.866025403784441,-1.22464679914735E-16));
#5380=DIRECTION('center_axis',(-0.866025403784439,0.5,0.));
#5381=DIRECTION('ref_axis',(0.499999999999996,0.866025403784441,-1.22464679914735E-16));
#5382=DIRECTION('',(0.866025403784441,-0.499999999999996,-4.49897235008858E-31));
#5383=DIRECTION('center_axis',(-0.866025403784439,0.5,0.));
#5384=DIRECTION('ref_axis',(-0.5,-0.866025403784439,0.));
#5385=DIRECTION('center_axis',(0.866025403784439,-0.5,0.));
#5386=DIRECTION('ref_axis',(-0.5,-0.866025403784439,0.));
#5387=DIRECTION('center_axis',(0.866025403784439,-0.5,0.));
#5388=DIRECTION('ref_axis',(-0.500000000000003,-0.866025403784437,0.));
#5389=DIRECTION('center_axis',(0.866025403784437,-0.500000000000003,0.));
#5390=DIRECTION('ref_axis',(-0.500000000000003,-0.866025403784437,0.));
#5391=DIRECTION('',(0.866025403784437,-0.500000000000003,0.));
#5392=DIRECTION('center_axis',(0.866025403784438,-0.500000000000001,0.));
#5393=DIRECTION('ref_axis',(-0.500000000000001,-0.866025403784438,0.));
#5394=DIRECTION('',(0.866025403784438,-0.500000000000001,0.));
#5395=DIRECTION('center_axis',(0.,0.,-1.));
#5396=DIRECTION('ref_axis',(-1.,0.,0.));
#5397=DIRECTION('center_axis',(-0.866025403784438,-0.500000000000002,-1.24581848824369E-62));
#5398=DIRECTION('ref_axis',(2.73691106313441E-48,-4.74046901714615E-48,
1.));
#5399=DIRECTION('',(-0.500000000000002,0.866025403784438,0.));
#5400=DIRECTION('',(2.73691106313441E-48,-4.74046901714615E-48,1.));
#5401=DIRECTION('center_axis',(0.,0.,1.));
#5402=DIRECTION('ref_axis',(0.866025403784439,0.5,0.));
#5403=DIRECTION('',(0.866025403784439,0.5,0.));
#5404=DIRECTION('center_axis',(0.500000000000001,-0.866025403784438,-5.47382212626881E-48));
#5405=DIRECTION('ref_axis',(0.866025403784438,0.500000000000001,8.28680553183407E-63));
#5406=DIRECTION('center_axis',(-0.451697051905646,0.260787414509885,0.853205542488443));
#5407=DIRECTION('ref_axis',(-0.508025052684005,-0.861323527194819,-0.00568571421107955));
#5408=DIRECTION('center_axis',(0.451697051905646,-0.260787414509885,-0.853205542488443));
#5409=DIRECTION('ref_axis',(-0.508025052684005,-0.861323527194819,-0.00568571421107955));
#5410=DIRECTION('',(0.451697051905646,-0.260787414509885,-0.853205542488443));
#5411=DIRECTION('',(-0.451697051905646,0.260787414509885,0.853205542488443));
#5412=DIRECTION('center_axis',(0.159366447813849,-0.917358999186754,0.364766777437683));
#5413=DIRECTION('ref_axis',(0.877822367344866,0.300736414563195,0.372807591586773));
#5414=DIRECTION('',(0.451697051905646,-0.260787414509885,-0.853205542488443));
#5415=DIRECTION('',(0.877822367344866,0.300736414563195,0.372807591586773));
#5416=DIRECTION('center_axis',(-0.451697051905646,0.260787414509885,0.853205542488443));
#5417=DIRECTION('ref_axis',(0.733403244569561,-0.436018011020104,0.521543837966583));
#5418=DIRECTION('center_axis',(0.451697051905646,-0.260787414509885,-0.853205542488443));
#5419=DIRECTION('ref_axis',(0.733403244569561,-0.436018011020104,0.521543837966583));
#5420=DIRECTION('',(-0.451697051905646,0.260787414509885,0.853205542488443));
#5421=DIRECTION('center_axis',(0.877822367344866,0.300736414563195,0.372807591586772));
#5422=DIRECTION('ref_axis',(-0.159366447813848,0.917358999186754,-0.364766777437683));
#5423=DIRECTION('',(0.451697051905646,-0.260787414509885,-0.853205542488443));
#5424=DIRECTION('',(-0.159366447813848,0.917358999186754,-0.364766777437683));
#5425=DIRECTION('center_axis',(-0.451697051905646,0.260787414509885,0.853205542488443));
#5426=DIRECTION('ref_axis',(-0.733403244569578,0.436018011020087,-0.521543837966574));
#5427=DIRECTION('center_axis',(0.451697051905646,-0.260787414509885,-0.853205542488443));
#5428=DIRECTION('ref_axis',(-0.733403244569578,0.436018011020087,-0.521543837966574));
#5429=DIRECTION('',(0.451697051905646,-0.260787414509885,-0.853205542488443));
#5430=DIRECTION('',(-0.451697051905646,0.260787414509885,0.853205542488443));
#5431=DIRECTION('center_axis',(-0.877822367344866,-0.300736414563195,-0.372807591586772));
#5432=DIRECTION('ref_axis',(0.159366447813848,-0.917358999186754,0.364766777437683));
#5433=DIRECTION('',(0.159366447813848,-0.917358999186754,0.364766777437683));
#5434=DIRECTION('center_axis',(-0.451697051905646,0.260787414509885,0.853205542488443));
#5435=DIRECTION('ref_axis',(0.508025052683992,0.861323527194827,0.00568571421107654));
#5436=DIRECTION('center_axis',(0.451697051905646,-0.260787414509885,-0.853205542488443));
#5437=DIRECTION('ref_axis',(0.508025052683992,0.861323527194827,0.00568571421107654));
#5438=DIRECTION('',(-0.451697051905646,0.260787414509885,0.853205542488443));
#5439=DIRECTION('center_axis',(0.185492860349011,-0.907975325695965,0.37573023126553));
#5440=DIRECTION('ref_axis',(0.872675295891484,0.327979774316278,0.361755574359476));
#5441=DIRECTION('',(-0.451697051905645,0.260787414509885,0.853205542488443));
#5442=DIRECTION('',(0.872675295891484,0.327979774316278,0.361755574359476));
#5443=DIRECTION('',(-0.451697051905645,0.260787414509885,0.853205542488443));
#5444=DIRECTION('center_axis',(0.154923934499068,-0.918868540712444,0.362876259086087));
#5445=DIRECTION('ref_axis',(0.878617293148206,0.296092096014454,0.374647998604939));
#5446=DIRECTION('',(0.878617293148206,0.296092096014454,0.374647998604939));
#5447=DIRECTION('',(-0.451697051905645,0.260787414509885,0.853205542488443));
#5448=DIRECTION('center_axis',(0.124166257699136,-0.928642255952918,0.349580178081748));
#5449=DIRECTION('ref_axis',(0.883488830573843,0.263843675103128,0.387083971974218));
#5450=DIRECTION('',(0.883488830573843,0.263843675103128,0.387083971974218));
#5451=DIRECTION('',(-0.451697051905645,0.260787414509885,0.853205542488443));
#5452=DIRECTION('center_axis',(-0.451697051905646,0.260787414509885,0.853205542488443));
#5453=DIRECTION('ref_axis',(-0.872675295891485,-0.327979774316276,-0.361755574359475));
#5454=DIRECTION('center_axis',(0.451697051905646,-0.260787414509885,-0.853205542488443));
#5455=DIRECTION('ref_axis',(-0.872675295891485,-0.327979774316276,-0.361755574359475));
#5456=DIRECTION('',(-0.451697051905645,0.260787414509885,0.853205542488443));
#5457=DIRECTION('center_axis',(0.872675295891485,0.327979774316276,0.361755574359474));
#5458=DIRECTION('ref_axis',(-0.185492860349009,0.907975325695965,-0.37573023126553));
#5459=DIRECTION('',(-0.185492860349009,0.907975325695965,-0.37573023126553));
#5460=DIRECTION('',(-0.451697051905645,0.260787414509885,0.853205542488443));
#5461=DIRECTION('center_axis',(-0.451697051905646,0.260787414509885,0.853205542488443));
#5462=DIRECTION('ref_axis',(0.185492860348965,-0.907975325695982,0.375730231265512));
#5463=DIRECTION('center_axis',(0.451697051905646,-0.260787414509885,-0.853205542488443));
#5464=DIRECTION('ref_axis',(0.185492860348965,-0.907975325695982,0.375730231265512));
#5465=DIRECTION('',(-0.451697051905645,0.260787414509885,0.853205542488443));
#5466=DIRECTION('center_axis',(-0.185492860349025,0.90797532569596,-0.375730231265536));
#5467=DIRECTION('ref_axis',(-0.872675295891471,-0.327979774316299,-0.361755574359489));
#5468=DIRECTION('',(-0.872675295891471,-0.327979774316299,-0.361755574359489));
#5469=DIRECTION('',(-0.451697051905645,0.260787414509885,0.853205542488443));
#5470=DIRECTION('center_axis',(-0.451697051905646,0.260787414509885,0.853205542488443));
#5471=DIRECTION('ref_axis',(0.872675295891501,0.327979774316197,0.361755574359507));
#5472=DIRECTION('center_axis',(0.451697051905646,-0.260787414509885,-0.853205542488443));
#5473=DIRECTION('ref_axis',(0.872675295891501,0.327979774316197,0.361755574359507));
#5474=DIRECTION('',(-0.451697051905645,0.260787414509885,0.853205542488443));
#5475=DIRECTION('center_axis',(-0.872675295891483,-0.327979774316289,-0.361755574359469));
#5476=DIRECTION('ref_axis',(0.185492860349018,-0.907975325695958,0.375730231265543));
#5477=DIRECTION('',(0.185492860349018,-0.907975325695958,0.375730231265543));
#5478=DIRECTION('',(-0.451697051905645,0.260787414509885,0.853205542488443));
#5479=DIRECTION('center_axis',(-0.451697051905646,0.260787414509885,0.853205542488443));
#5480=DIRECTION('ref_axis',(-0.872675295891487,-0.327979774316266,-0.361755574359478));
#5481=DIRECTION('center_axis',(-0.451697051905645,0.260787414509885,0.853205542488443));
#5482=DIRECTION('ref_axis',(-0.872675295891488,-0.327979774316266,-0.361755574359478));
#5483=DIRECTION('',(-0.451697051905645,0.260787414509885,0.853205542488443));
#5484=DIRECTION('center_axis',(0.511728481400475,0.859106905104315,0.00832387684014668));
#5485=DIRECTION('ref_axis',(-0.730824010705253,0.440369447209199,-0.521508403902902));
#5486=DIRECTION('',(-0.730824010705253,0.440369447209199,-0.521508403902902));
#5487=DIRECTION('',(-0.451697051905645,0.260787414509885,0.853205542488443));
#5488=DIRECTION('center_axis',(-0.451697051905646,0.260787414509885,0.853205542488443));
#5489=DIRECTION('ref_axis',(0.51172848140047,0.859106905104317,0.00832387684014335));
#5490=DIRECTION('center_axis',(-0.451697051905646,0.260787414509885,0.853205542488443));
#5491=DIRECTION('ref_axis',(0.51172848140047,0.859106905104317,0.00832387684014325));
#5492=DIRECTION('',(-0.451697051905645,0.260787414509885,0.853205542488443));
#5493=DIRECTION('center_axis',(0.878617293148198,0.29609209601449,0.374647998604929));
#5494=DIRECTION('ref_axis',(-0.154923934499097,0.91886854071243,-0.362876259086108));
#5495=DIRECTION('',(-0.154923934499097,0.91886854071243,-0.362876259086108));
#5496=DIRECTION('',(-0.451697051905645,0.260787414509885,0.853205542488443));
#5497=DIRECTION('center_axis',(-0.451697051905646,0.260787414509885,0.853205542488443));
#5498=DIRECTION('ref_axis',(0.878617293148207,0.296092096014439,0.37464799860495));
#5499=DIRECTION('center_axis',(-0.451697051905646,0.260787414509885,0.853205542488443));
#5500=DIRECTION('ref_axis',(0.878617293148207,0.296092096014439,0.37464799860495));
#5501=DIRECTION('',(-0.451697051905645,0.260787414509885,0.853205542488443));
#5502=DIRECTION('center_axis',(0.730824010705256,-0.440369447209195,0.521508403902902));
#5503=DIRECTION('ref_axis',(0.511728481400472,0.859106905104317,0.00832387684014409));
#5504=DIRECTION('',(0.511728481400472,0.859106905104317,0.00832387684014411));
#5505=DIRECTION('',(-0.451697051905645,0.260787414509885,0.853205542488443));
#5506=DIRECTION('center_axis',(-0.451697051905646,0.260787414509885,0.853205542488443));
#5507=DIRECTION('ref_axis',(0.730824010705257,-0.440369447209194,0.521508403902902));
#5508=DIRECTION('center_axis',(-0.451697051905646,0.260787414509885,0.853205542488443));
#5509=DIRECTION('ref_axis',(0.730824010705257,-0.440369447209194,0.521508403902902));
#5510=DIRECTION('',(-0.451697051905645,0.260787414509885,0.853205542488443));
#5511=DIRECTION('center_axis',(-0.883488830573844,-0.263843675103137,-0.387083971974212));
#5512=DIRECTION('ref_axis',(0.124166257699141,-0.928642255952913,0.34958017808176));
#5513=DIRECTION('',(0.124166257699141,-0.928642255952913,0.34958017808176));
#5514=DIRECTION('',(-0.451697051905645,0.260787414509885,0.853205542488443));
#5515=DIRECTION('center_axis',(-0.451697051905646,0.260787414509885,0.853205542488443));
#5516=DIRECTION('ref_axis',(-0.124166257699242,0.928642255952886,-0.349580178081795));
#5517=DIRECTION('center_axis',(0.451697051905639,-0.260787414509831,-0.853205542488463));
#5518=DIRECTION('ref_axis',(-0.124166257699268,0.928642255952902,-0.349580178081745));
#5519=DIRECTION('',(-0.451697051905645,0.260787414509885,0.853205542488443));
#5520=DIRECTION('center_axis',(0.124166257699181,-0.928642255952905,0.349580178081768));
#5521=DIRECTION('ref_axis',(0.88348883057381,0.263843675103191,0.387083971974251));
#5522=DIRECTION('',(0.88348883057381,0.263843675103191,0.387083971974251));
#5523=DIRECTION('',(-0.451697051905645,0.260787414509885,0.853205542488443));
#5524=DIRECTION('center_axis',(-0.451697051905646,0.260787414509885,0.853205542488443));
#5525=DIRECTION('ref_axis',(-0.883488830573835,-0.263843675103205,-0.387083971974186));
#5526=DIRECTION('center_axis',(0.451697051905646,-0.260787414509885,-0.853205542488443));
#5527=DIRECTION('ref_axis',(-0.883488830573835,-0.263843675103205,-0.387083971974186));
#5528=DIRECTION('',(-0.451697051905645,0.260787414509885,0.853205542488443));
#5529=DIRECTION('center_axis',(0.883488830573846,0.263843675103122,0.387083971974217));
#5530=DIRECTION('ref_axis',(-0.124166257699131,0.928642255952919,-0.349580178081746));
#5531=DIRECTION('',(-0.124166257699131,0.928642255952919,-0.349580178081746));
#5532=DIRECTION('',(-0.451697051905645,0.260787414509885,0.853205542488443));
#5533=DIRECTION('center_axis',(-0.451697051905646,0.260787414509885,0.853205542488443));
#5534=DIRECTION('ref_axis',(0.185492860349017,-0.907975325695963,0.375730231265533));
#5535=DIRECTION('center_axis',(0.451697051905648,-0.260787414509894,-0.853205542488439));
#5536=DIRECTION('ref_axis',(0.185492860349012,-0.90797532569596,0.375730231265541));
#5537=DIRECTION('',(-0.451697051905645,0.260787414509885,0.853205542488443));
#5538=DIRECTION('center_axis',(-0.18549286034901,0.907975325695965,-0.37573023126553));
#5539=DIRECTION('ref_axis',(-0.872675295891487,-0.327979774316275,-0.36175557435947));
#5540=DIRECTION('',(-0.872675295891487,-0.327979774316275,-0.36175557435947));
#5541=DIRECTION('',(-0.451697051905645,0.260787414509885,0.853205542488443));
#5542=DIRECTION('center_axis',(-0.15492393449908,0.91886854071244,-0.362876259086092));
#5543=DIRECTION('ref_axis',(-0.878617293148201,-0.296092096014469,-0.374647998604939));
#5544=DIRECTION('',(-0.878617293148201,-0.296092096014469,-0.374647998604939));
#5545=DIRECTION('',(-0.451697051905645,0.260787414509885,0.853205542488443));
#5546=DIRECTION('center_axis',(-0.124166257699142,0.928642255952916,-0.349580178081751));
#5547=DIRECTION('ref_axis',(-0.883488830573845,-0.263843675103133,-0.387083971974212));
#5548=DIRECTION('',(-0.883488830573845,-0.263843675103133,-0.387083971974212));
#5549=DIRECTION('',(-0.451697051905645,0.260787414509885,0.853205542488443));
#5550=DIRECTION('center_axis',(-0.451697051905646,0.260787414509885,0.853205542488443));
#5551=DIRECTION('ref_axis',(0.872675295891485,0.327979774316277,0.361755574359474));
#5552=DIRECTION('center_axis',(0.451697051905646,-0.260787414509885,-0.853205542488443));
#5553=DIRECTION('ref_axis',(0.872675295891485,0.327979774316277,0.361755574359474));
#5554=DIRECTION('',(-0.451697051905645,0.260787414509885,0.853205542488443));
#5555=DIRECTION('center_axis',(-0.872675295891486,-0.327979774316274,-0.361755574359475));
#5556=DIRECTION('ref_axis',(0.185492860349009,-0.907975325695967,0.375730231265526));
#5557=DIRECTION('',(0.185492860349009,-0.907975325695967,0.375730231265526));
#5558=DIRECTION('',(-0.451697051905645,0.260787414509885,0.853205542488443));
#5559=DIRECTION('center_axis',(-0.451697051905646,0.260787414509885,0.853205542488443));
#5560=DIRECTION('ref_axis',(-0.185492860349046,0.907975325695951,-0.375730231265545));
#5561=DIRECTION('',(-0.451697051905645,0.260787414509885,0.853205542488443));
#5562=DIRECTION('center_axis',(0.451697051905646,-0.260787414509885,-0.853205542488443));
#5563=DIRECTION('ref_axis',(-0.185492860349046,0.907975325695951,-0.375730231265546));
#5564=DIRECTION('center_axis',(0.185492860349019,-0.907975325695962,0.375730231265534));
#5565=DIRECTION('ref_axis',(0.872675295891484,0.327979774316285,0.361755574359471));
#5566=DIRECTION('center_axis',(0.872675295891482,0.327979774316293,0.361755574359467));
#5567=DIRECTION('ref_axis',(-0.185492860349016,0.907975325695954,-0.375730231265555));
#5568=DIRECTION('',(-0.185492860349016,0.907975325695954,-0.375730231265555));
#5569=DIRECTION('',(-0.451697051905645,0.260787414509885,0.853205542488443));
#5570=DIRECTION('center_axis',(-0.451697051905646,0.260787414509885,0.853205542488443));
#5571=DIRECTION('ref_axis',(0.872675295891486,0.327979774316271,0.361755574359476));
#5572=DIRECTION('center_axis',(-0.451697051905646,0.260787414509885,0.853205542488443));
#5573=DIRECTION('ref_axis',(0.872675295891486,0.327979774316271,0.361755574359476));
#5574=DIRECTION('',(-0.451697051905645,0.260787414509885,0.853205542488443));
#5575=DIRECTION('center_axis',(-0.511728481400471,-0.859106905104317,-0.00832387684014371));
#5576=DIRECTION('ref_axis',(0.730824010705254,-0.440369447209193,0.521508403902907));
#5577=DIRECTION('',(0.730824010705254,-0.440369447209193,0.521508403902907));
#5578=DIRECTION('',(-0.451697051905645,0.260787414509885,0.853205542488443));
#5579=DIRECTION('center_axis',(-0.451697051905646,0.260787414509885,0.853205542488443));
#5580=DIRECTION('ref_axis',(-0.511728481400481,-0.859106905104311,-0.00832387684015062));
#5581=DIRECTION('center_axis',(-0.451697051905646,0.260787414509885,0.853205542488443));
#5582=DIRECTION('ref_axis',(-0.511728481400481,-0.859106905104311,-0.00832387684015051));
#5583=DIRECTION('',(-0.451697051905645,0.260787414509885,0.853205542488443));
#5584=DIRECTION('center_axis',(-0.878617293148201,-0.296092096014476,-0.374647998604935));
#5585=DIRECTION('ref_axis',(0.154923934499084,-0.918868540712435,0.362876259086102));
#5586=DIRECTION('',(0.154923934499084,-0.918868540712435,0.362876259086102));
#5587=DIRECTION('',(-0.451697051905645,0.260787414509885,0.853205542488443));
#5588=DIRECTION('center_axis',(-0.451697051905646,0.260787414509885,0.853205542488443));
#5589=DIRECTION('ref_axis',(-0.878617293148206,-0.296092096014445,-0.374647998604947));
#5590=DIRECTION('center_axis',(-0.451697051905646,0.260787414509885,0.853205542488443));
#5591=DIRECTION('ref_axis',(-0.878617293148206,-0.296092096014445,-0.374647998604947));
#5592=DIRECTION('',(-0.451697051905645,0.260787414509885,0.853205542488443));
#5593=DIRECTION('center_axis',(-0.73082401070525,0.440369447209204,-0.521508403902902));
#5594=DIRECTION('ref_axis',(-0.511728481400475,-0.859106905104315,-0.00832387684015896));
#5595=DIRECTION('',(-0.511728481400475,-0.859106905104315,-0.00832387684015899));
#5596=DIRECTION('',(-0.451697051905645,0.260787414509885,0.853205542488443));
#5597=DIRECTION('center_axis',(-0.451697051905646,0.260787414509885,0.853205542488443));
#5598=DIRECTION('ref_axis',(-0.730824010705236,0.440369447209229,-0.521508403902901));
#5599=DIRECTION('center_axis',(-0.451697051905646,0.260787414509885,0.853205542488443));
#5600=DIRECTION('ref_axis',(-0.730824010705235,0.440369447209229,-0.521508403902902));
#5601=DIRECTION('',(-0.451697051905645,0.260787414509885,0.853205542488443));
#5602=DIRECTION('center_axis',(0.883488830573851,0.263843675103086,0.387083971974231));
#5603=DIRECTION('ref_axis',(-0.1241662576991,0.928642255952932,-0.349580178081724));
#5604=DIRECTION('',(-0.1241662576991,0.928642255952932,-0.349580178081724));
#5605=DIRECTION('',(-0.451697051905645,0.260787414509885,0.853205542488443));
#5606=DIRECTION('center_axis',(-0.451697051905646,0.260787414509885,0.853205542488443));
#5607=DIRECTION('ref_axis',(0.124166257699355,-0.928642255952853,0.349580178081844));
#5608=DIRECTION('',(-0.451697051905645,0.260787414509885,0.853205542488443));
#5609=DIRECTION('center_axis',(0.451697051905639,-0.260787414509831,-0.853205542488463));
#5610=DIRECTION('ref_axis',(0.124166257699381,-0.928642255952868,0.349580178081795));
#5611=DIRECTION('center_axis',(-0.124166257699132,0.928642255952919,-0.349580178081747));
#5612=DIRECTION('ref_axis',(-0.883488830573817,-0.26384367510314,-0.387083971974271));
#5613=DIRECTION('center_axis',(-0.883488830573846,-0.263843675103123,-0.387083971974217));
#5614=DIRECTION('ref_axis',(0.124166257699135,-0.928642255952921,0.34958017808174));
#5615=DIRECTION('',(0.124166257699135,-0.928642255952921,0.34958017808174));
#5616=DIRECTION('',(-0.451697051905645,0.260787414509885,0.853205542488443));
#5617=DIRECTION('center_axis',(-0.451697051905646,0.260787414509885,0.853205542488443));
#5618=DIRECTION('ref_axis',(-0.185492860348997,0.90797532569597,-0.375730231265525));
#5619=DIRECTION('center_axis',(0.451697051905649,-0.260787414509902,-0.853205542488436));
#5620=DIRECTION('ref_axis',(-0.185492860348989,0.907975325695965,-0.375730231265541));
#5621=DIRECTION('center_axis',(-0.159366447813849,0.917358999186754,-0.364766777437683));
#5622=DIRECTION('ref_axis',(-0.877822367344866,-0.300736414563195,-0.372807591586773));
#5623=DIRECTION('',(-0.877822367344866,-0.300736414563195,-0.372807591586773));
#5624=DIRECTION('center_axis',(0.451697051905646,-0.260787414509885,-0.853205542488443));
#5625=DIRECTION('ref_axis',(0.5,0.866025403784439,7.95481848110526E-17));
#5626=CARTESIAN_POINT('',(0.,0.,0.));
#5627=CARTESIAN_POINT('Origin',(212.643158517679,-85.076512096752,13.7123106012295));
#5628=CARTESIAN_POINT('',(204.212889505134,-113.037740948071,13.7123106012295));
#5629=CARTESIAN_POINT('',(202.353846859515,-114.104143934819,13.7123106012295));
#5630=CARTESIAN_POINT('Ctrl Pts',(204.212889505134,-113.037740948071,13.7123106012295));
#5631=CARTESIAN_POINT('Ctrl Pts',(204.004406760149,-113.14426910694,13.7123106012295));
#5632=CARTESIAN_POINT('Ctrl Pts',(203.797912940532,-113.249253862093,13.7123106012295));
#5633=CARTESIAN_POINT('Ctrl Pts',(203.414163178095,-113.443303292863,13.7123106012295));
#5634=CARTESIAN_POINT('Ctrl Pts',(202.941589346808,-113.681828866321,13.7123106012297));
#5635=CARTESIAN_POINT('Ctrl Pts',(202.38825343868,-114.079123666134,13.7123106012297));
#5636=CARTESIAN_POINT('Ctrl Pts',(202.371009053548,-114.091610792615,13.7123106012295));
#5637=CARTESIAN_POINT('Ctrl Pts',(202.353846859515,-114.104143934819,13.7123106012295));
#5638=CARTESIAN_POINT('',(202.356841482322,-114.10933077367,13.7123106012295));
#5639=CARTESIAN_POINT('',(222.643158517679,-102.397020172441,13.7123106012295));
#5640=CARTESIAN_POINT('',(192.356841482322,-96.7888226979814,13.7123106012295));
#5641=CARTESIAN_POINT('Origin',(192.356841482322,-96.7888226979814,13.7123106012295));
#5642=CARTESIAN_POINT('',(202.353865228034,-114.104175750027,13.7118423703214));
#5643=CARTESIAN_POINT('Ctrl Pts',(202.353846859515,-114.104143934819,13.7123106012295));
#5644=CARTESIAN_POINT('Ctrl Pts',(202.353852982703,-114.104154540491,13.7121545248928));
#5645=CARTESIAN_POINT('Ctrl Pts',(202.353859105544,-114.104165145563,13.7119984478855));
#5646=CARTESIAN_POINT('Ctrl Pts',(202.353865228034,-114.104175750027,13.7118423703214));
#5647=CARTESIAN_POINT('',(202.356841482322,-114.10933077367,13.7118423703214));
#5648=CARTESIAN_POINT('',(202.356841482322,-114.10933077367,11.7123106012295));
#5649=CARTESIAN_POINT('',(192.356841482322,-96.7888226979812,13.7118423703214));
#5650=CARTESIAN_POINT('Origin',(192.356841482322,-96.7888226979812,13.7118423703214));
#5651=CARTESIAN_POINT('',(204.213199957509,-113.037561708308,13.7118423703214));
#5652=CARTESIAN_POINT('Ctrl Pts',(202.353865228034,-114.104175750027,13.7118423703214));
#5653=CARTESIAN_POINT('Ctrl Pts',(202.622476825582,-113.908009259481,13.7118423703214));
#5654=CARTESIAN_POINT('Ctrl Pts',(202.901358560024,-113.730328420033,13.7118423703214));
#5655=CARTESIAN_POINT('Ctrl Pts',(203.45119394866,-113.420500499941,13.7118423703214));
#5656=CARTESIAN_POINT('Ctrl Pts',(203.698248922772,-113.30069368204,13.7118423703214));
#5657=CARTESIAN_POINT('Ctrl Pts',(204.213199957509,-113.037561708308,13.7118423703214));
#5658=CARTESIAN_POINT('',(221.54867294932,-103.028921709957,13.7118423703214));
#5659=CARTESIAN_POINT('Origin',(222.643158517679,-102.397020172441,11.7123106012295));
#5660=CARTESIAN_POINT('Ctrl Pts',(204.213199957512,-113.037561708307,13.7118423703238));
#5661=CARTESIAN_POINT('Ctrl Pts',(204.213096473386,-113.037621454895,13.7119984472924));
#5662=CARTESIAN_POINT('Ctrl Pts',(204.21299298926,-113.037681201483,13.7121545242608));
#5663=CARTESIAN_POINT('Ctrl Pts',(204.212889505134,-113.037740948071,13.7123106012294));
#5664=CARTESIAN_POINT('Ctrl Pts',(214.832692401416,-109.927737190544,22.5721508000214));
#5665=CARTESIAN_POINT('Ctrl Pts',(217.436181106837,-107.417498184509,18.9521005333476));
#5666=CARTESIAN_POINT('Ctrl Pts',(220.039669812258,-104.907259178475,15.3320502666738));
#5667=CARTESIAN_POINT('Ctrl Pts',(222.643158517678,-102.39702017244,11.712));
#5668=CARTESIAN_POINT('Ctrl Pts',(216.06587945158,-109.505255073719,23.0958803280558));
#5669=CARTESIAN_POINT('Ctrl Pts',(218.573812355816,-107.682549246348,19.3014560705016));
#5670=CARTESIAN_POINT('Ctrl Pts',(221.081427431592,-105.858595623061,15.5064242575541));
#5671=CARTESIAN_POINT('Ctrl Pts',(223.589360335828,-104.03588979569,11.712));
#5672=CARTESIAN_POINT('Ctrl Pts',(217.299034509765,-109.082858324215,23.6196190121962));
#5673=CARTESIAN_POINT('Ctrl Pts',(219.711034213032,-107.946188377113,19.6500942987743));
#5674=CARTESIAN_POINT('Ctrl Pts',(222.123720455623,-106.811388844029,15.6815247134218));
#5675=CARTESIAN_POINT('Ctrl Pts',(224.53572015889,-105.674718896927,11.712));
#5676=CARTESIAN_POINT('Ctrl Pts',(218.991539665166,-108.502098002086,24.3381382618296));
#5677=CARTESIAN_POINT('Ctrl Pts',(221.272536292935,-108.309944211114,20.1295913220087));
#5678=CARTESIAN_POINT('Ctrl Pts',(223.553660990584,-108.116554500809,15.9205469398209));
#5679=CARTESIAN_POINT('Ctrl Pts',(225.834657618353,-107.924400709838,11.712));
#5680=CARTESIAN_POINT('Ctrl Pts',(219.975599619322,-108.589651679593,24.885872487765));
#5681=CARTESIAN_POINT('Ctrl Pts',(222.163300725692,-108.776220151745,20.494643820561));
#5682=CARTESIAN_POINT('Ctrl Pts',(224.352324673568,-108.959481064328,16.103228667204));
#5683=CARTESIAN_POINT('Ctrl Pts',(226.540025779938,-109.146049536481,11.712));
#5684=CARTESIAN_POINT('Ctrl Pts',(220.52519945306,-109.41385405273,25.4287595266836));
#5685=CARTESIAN_POINT('Ctrl Pts',(222.765169798535,-109.73223218495,20.8567219791706));
#5686=CARTESIAN_POINT('Ctrl Pts',(225.005377254626,-110.049336451215,16.284037547513));
#5687=CARTESIAN_POINT('Ctrl Pts',(227.245347600101,-110.367714583436,11.712));
#5688=CARTESIAN_POINT('Ctrl Pts',(220.977933133632,-112.02724878859,26.4672419098233));
#5689=CARTESIAN_POINT('Ctrl Pts',(223.708199941719,-112.581700338297,21.5492550251536));
#5690=CARTESIAN_POINT('Ctrl Pts',(226.434300186151,-113.13643980627,16.6299868846696));
#5691=CARTESIAN_POINT('Ctrl Pts',(229.164566994237,-113.690891355977,11.712));
#5692=CARTESIAN_POINT('Ctrl Pts',(221.348874568792,-114.15998730592,27.3155070468978));
#5693=CARTESIAN_POINT('Ctrl Pts',(224.474656833039,-114.908524171671,22.1144923130946));
#5694=CARTESIAN_POINT('Ctrl Pts',(227.603374199384,-115.655430965664,16.9130147338032));
#5695=CARTESIAN_POINT('Ctrl Pts',(230.729156463632,-116.403967831415,11.712));
#5696=CARTESIAN_POINT('Ctrl Pts',(222.049681580689,-118.196162919584,28.9202039175147));
#5697=CARTESIAN_POINT('Ctrl Pts',(225.933236883705,-119.309093943906,23.1843646221349));
#5698=CARTESIAN_POINT('Ctrl Pts',(229.814361111687,-120.422113544045,17.4478392953798));
#5699=CARTESIAN_POINT('Ctrl Pts',(233.697916414704,-121.535044568367,11.712));
#5700=CARTESIAN_POINT('Ctrl Pts',(222.628462321857,-121.526955299921,30.2446940096991));
#5701=CARTESIAN_POINT('Ctrl Pts',(226.725059616087,-123.174166946473,24.067248578858));
#5702=CARTESIAN_POINT('Ctrl Pts',(230.821075373754,-124.821665625831,17.8894454308411));
#5703=CARTESIAN_POINT('Ctrl Pts',(234.917672667984,-126.468877272383,11.712));
#5704=CARTESIAN_POINT('Ctrl Pts',(223.28945168255,-125.333450638644,31.7581077874972));
#5705=CARTESIAN_POINT('Ctrl Pts',(226.702991105876,-127.560281706342,25.0762833995472));
#5706=CARTESIAN_POINT('Ctrl Pts',(230.115235912348,-129.786353279895,18.39382438795));
#5707=CARTESIAN_POINT('Ctrl Pts',(233.528775335674,-132.013184347593,11.7119999999999));
#5708=CARTESIAN_POINT('Ctrl Pts',(223.620540916239,-127.236912615134,32.5151949441956));
#5709=CARTESIAN_POINT('Ctrl Pts',(226.455319132515,-129.636693613083,25.5809200935374));
#5710=CARTESIAN_POINT('Ctrl Pts',(229.289456130022,-132.037041541655,18.6462748506581));
#5711=CARTESIAN_POINT('Ctrl Pts',(232.124234346297,-134.436822539605,11.7119999999999));
#5712=CARTESIAN_POINT('Ctrl Pts',(223.723270151051,-127.832520613891,32.7516321829622));
#5713=CARTESIAN_POINT('Ctrl Pts',(226.360886149869,-130.275836246792,25.7387607927353));
#5714=CARTESIAN_POINT('Ctrl Pts',(228.996688735383,-132.718546695529,18.7248713902268));
#5715=CARTESIAN_POINT('Ctrl Pts',(231.634304734201,-135.161862328429,11.7119999999999));
#5716=CARTESIAN_POINT('Ctrl Pts',(223.788116078117,-128.579072184706,33.0141503651363));
#5717=CARTESIAN_POINT('Ctrl Pts',(226.200896269889,-131.061944407517,25.9133988320616));
#5718=CARTESIAN_POINT('Ctrl Pts',(228.613682456814,-133.545142415595,18.8127515330746));
#5719=CARTESIAN_POINT('Ctrl Pts',(231.026462648586,-136.028014638407,11.7119999999999));
#5720=CARTESIAN_POINT('Ctrl Pts',(223.276943614121,-129.630317670322,33.0648491651939));
#5721=CARTESIAN_POINT('Ctrl Pts',(225.549372709546,-132.118207723804,25.9469531890363));
#5722=CARTESIAN_POINT('Ctrl Pts',(227.822630790047,-134.606842388185,18.8298959761575));
#5723=CARTESIAN_POINT('Ctrl Pts',(230.095059885472,-137.094732441668,11.7119999999999));
#5724=CARTESIAN_POINT('Ctrl Pts',(222.493453879175,-130.069023509099,32.7841535647529));
#5725=CARTESIAN_POINT('Ctrl Pts',(224.720333686327,-132.685188670207,25.7600255346272));
#5726=CARTESIAN_POINT('Ctrl Pts',(226.947419051491,-135.301766127958,18.7361280301255));
#5727=CARTESIAN_POINT('Ctrl Pts',(229.174298858643,-137.917931289066,11.7119999999999));
#5728=CARTESIAN_POINT('Ctrl Pts',(221.134221330172,-130.536056149426,32.2073112026641));
#5729=CARTESIAN_POINT('Ctrl Pts',(223.279340979793,-133.442220614456,25.3753867850506));
#5730=CARTESIAN_POINT('Ctrl Pts',(225.424359504865,-136.348187032844,18.5439244176135));
#5731=CARTESIAN_POINT('Ctrl Pts',(227.569479154486,-139.254351497874,11.7119999999999));
#5732=CARTESIAN_POINT('Ctrl Pts',(218.871416740701,-131.31084774163,31.2461755499391));
#5733=CARTESIAN_POINT('Ctrl Pts',(220.751755340655,-134.54292178252,24.7348249250018));
#5734=CARTESIAN_POINT('Ctrl Pts',(222.631442592691,-137.774291805038,18.2233506249372));
#5735=CARTESIAN_POINT('Ctrl Pts',(224.511781192645,-141.006365845928,11.7119999999999));
#5736=CARTESIAN_POINT('Ctrl Pts',(216.609523207476,-132.086046973931,30.2856468187616));
#5737=CARTESIAN_POINT('Ctrl Pts',(218.086737169837,-135.262915752256,24.0943808380505));
#5738=CARTESIAN_POINT('Ctrl Pts',(219.563646085346,-138.439665013867,17.9032659807111));
#5739=CARTESIAN_POINT('Ctrl Pts',(221.040860047706,-141.616533792192,11.7119999999999));
#5740=CARTESIAN_POINT('Ctrl Pts',(212.05728312123,-133.645804488001,28.3523866428412));
#5741=CARTESIAN_POINT('Ctrl Pts',(212.723423589243,-136.302318856168,22.8056570722971));
#5742=CARTESIAN_POINT('Ctrl Pts',(213.388890856439,-138.959660537113,17.258729570544));
#5743=CARTESIAN_POINT('Ctrl Pts',(214.055031324452,-141.616174905279,11.712));
#5744=CARTESIAN_POINT('Ctrl Pts',(208.636263693143,-134.817468904656,26.8993849983946));
#5745=CARTESIAN_POINT('Ctrl Pts',(208.692649959761,-137.083877088813,21.8369939022149));
#5746=CARTESIAN_POINT('Ctrl Pts',(208.748611414567,-139.34978114309,16.7743910961797));
#5747=CARTESIAN_POINT('Ctrl Pts',(208.804997681185,-141.616189327248,11.712));
#5748=CARTESIAN_POINT('Ctrl Pts',(204.829402583564,-136.122716921383,25.2829448606378));
#5749=CARTESIAN_POINT('Ctrl Pts',(204.207420739014,-137.95380799252,20.7594819037891));
#5750=CARTESIAN_POINT('Ctrl Pts',(203.584345458601,-139.785033657059,16.2354629568488));
#5751=CARTESIAN_POINT('Ctrl Pts',(202.962363614051,-141.616124728196,11.712));
#5752=CARTESIAN_POINT('Ctrl Pts',(204.010863297177,-136.108725351521,24.8453239249254));
#5753=CARTESIAN_POINT('Ctrl Pts',(203.266518955325,-137.943981680603,20.4674473062535));
#5754=CARTESIAN_POINT('Ctrl Pts',(202.521760286746,-139.780869079617,16.0898766186719));
#5755=CARTESIAN_POINT('Ctrl Pts',(201.777415944894,-141.616125408698,11.712));
#5756=CARTESIAN_POINT('Ctrl Pts',(203.438400825263,-135.552021605021,24.3720957032587));
#5757=CARTESIAN_POINT('Ctrl Pts',(202.490359480668,-137.573181270972,20.1523232519127));
#5758=CARTESIAN_POINT('Ctrl Pts',(201.540515443944,-139.594961502944,15.931772451346));
#5759=CARTESIAN_POINT('Ctrl Pts',(200.592474099349,-141.616121168895,11.712));
#5760=CARTESIAN_POINT('Ctrl Pts',(203.274494108178,-135.194116376973,24.1759256696358));
#5761=CARTESIAN_POINT('Ctrl Pts',(202.182996072118,-137.334784640947,20.0212837797572));
#5762=CARTESIAN_POINT('Ctrl Pts',(201.091498036059,-139.475452904921,15.8666418898786));
#5763=CARTESIAN_POINT('Ctrl Pts',(200.,-141.616121168895,11.712));
#5764=CARTESIAN_POINT('',(216.449937612053,-141.332722016894,12.288));
#5765=CARTESIAN_POINT('',(230.635792016,-116.762101440483,12.288));
#5766=CARTESIAN_POINT('Ctrl Pts',(216.449937612053,-141.332722016894,12.288));
#5767=CARTESIAN_POINT('Ctrl Pts',(216.918181230353,-140.521700279678,13.9319782705565));
#5768=CARTESIAN_POINT('Ctrl Pts',(217.487408749643,-139.535769295202,15.885711046948));
#5769=CARTESIAN_POINT('Ctrl Pts',(218.036548306905,-138.584631681577,17.7114038450313));
#5770=CARTESIAN_POINT('Ctrl Pts',(218.353183466782,-138.036203497208,18.7641026050488));
#5771=CARTESIAN_POINT('Ctrl Pts',(218.673290784534,-137.481761358986,19.7617030719327));
#5772=CARTESIAN_POINT('Ctrl Pts',(218.962819970518,-136.980282098588,20.6335554149172));
#5773=CARTESIAN_POINT('Ctrl Pts',(219.24000692157,-136.500180216172,21.4682418797641));
#5774=CARTESIAN_POINT('Ctrl Pts',(219.515213058379,-136.023509204663,22.2676548079612));
#5775=CARTESIAN_POINT('Ctrl Pts',(219.787919117458,-135.551168454807,23.0465111896172));
#5776=CARTESIAN_POINT('Ctrl Pts',(220.308121262684,-134.650151909068,24.5322235420653));
#5777=CARTESIAN_POINT('Ctrl Pts',(220.81698754634,-133.768769651519,25.9362845001782));
#5778=CARTESIAN_POINT('Ctrl Pts',(221.29809627528,-132.93546488903,27.3213105969513));
#5779=CARTESIAN_POINT('Ctrl Pts',(221.53865063975,-132.518812507785,28.0138236453378));
#5780=CARTESIAN_POINT('Ctrl Pts',(221.77226123932,-132.114187080144,28.7015861158165));
#5781=CARTESIAN_POINT('Ctrl Pts',(221.996833737661,-131.725216103034,29.3924868187809));
#5782=CARTESIAN_POINT('Ctrl Pts',(222.109119986831,-131.530730614479,29.7379371702631));
#5783=CARTESIAN_POINT('Ctrl Pts',(222.219146110349,-131.340159778387,30.0841727619242));
#5784=CARTESIAN_POINT('Ctrl Pts',(222.32665082677,-131.153956147492,30.4321778570064));
#5785=CARTESIAN_POINT('Ctrl Pts',(222.403865281048,-131.020216789604,30.6821299000178));
#5786=CARTESIAN_POINT('Ctrl Pts',(222.479778992983,-130.888730383542,30.9329947522329));
#5787=CARTESIAN_POINT('Ctrl Pts',(222.554296989389,-130.759661427688,31.1851346914231));
#5788=CARTESIAN_POINT('Ctrl Pts',(222.583529464922,-130.709029294833,31.2840460277285));
#5789=CARTESIAN_POINT('Ctrl Pts',(222.609755814074,-130.663603925606,31.3734602130707));
#5790=CARTESIAN_POINT('Ctrl Pts',(222.643880263174,-130.604498645984,31.4912276342457));
#5791=CARTESIAN_POINT('Ctrl Pts',(222.746293635383,-130.427113481943,31.8446680283596));
#5792=CARTESIAN_POINT('Ctrl Pts',(222.929000534843,-130.110655849185,32.4447418171562));
#5793=CARTESIAN_POINT('Ctrl Pts',(223.191642743653,-129.655746199315,32.751148292067));
#5794=CARTESIAN_POINT('Ctrl Pts',(223.331931314348,-129.412759267149,32.9148132513739));
#5795=CARTESIAN_POINT('Ctrl Pts',(223.507523768401,-129.108624215304,32.956356909231));
#5796=CARTESIAN_POINT('Ctrl Pts',(223.6508543808,-128.86036831235,32.814643481503));
#5797=CARTESIAN_POINT('Ctrl Pts',(223.813479402057,-128.57869351295,32.653853341762));
#5798=CARTESIAN_POINT('Ctrl Pts',(223.927862009495,-128.380577025365,32.3375177538314));
#5799=CARTESIAN_POINT('Ctrl Pts',(224.014422670013,-128.230649563411,32.0224999143793));
#5800=CARTESIAN_POINT('Ctrl Pts',(224.046303801335,-128.175429824159,31.906475786927));
#5801=CARTESIAN_POINT('Ctrl Pts',(224.075488288174,-128.12488081016,31.7850331352787));
#5802=CARTESIAN_POINT('Ctrl Pts',(224.103159629256,-128.076952641493,31.6555822402339));
#5803=CARTESIAN_POINT('Ctrl Pts',(224.20385920639,-127.902535857597,31.1844937464691));
#5804=CARTESIAN_POINT('Ctrl Pts',(224.329450332111,-127.685005646868,30.6616462871145));
#5805=CARTESIAN_POINT('Ctrl Pts',(224.459343088891,-127.46002479259,30.1769957730255));
#5806=CARTESIAN_POINT('Ctrl Pts',(225.028104289942,-126.474901494995,28.0548573619493));
#5807=CARTESIAN_POINT('Ctrl Pts',(225.794362569467,-125.147703223137,26.1216841308215));
#5808=CARTESIAN_POINT('Ctrl Pts',(226.618211806423,-123.720754486954,24.1121619185981));
#5809=CARTESIAN_POINT('Ctrl Pts',(227.0301364249,-123.007280118862,23.1074008124864));
#5810=CARTESIAN_POINT('Ctrl Pts',(227.455436053705,-122.270639553332,22.086095078372));
#5811=CARTESIAN_POINT('Ctrl Pts',(227.875451080675,-121.543152186678,21.0204334382104));
#5812=CARTESIAN_POINT('Ctrl Pts',(228.08545859416,-121.179408503351,20.4876026181296));
#5813=CARTESIAN_POINT('Ctrl Pts',(228.294153032014,-120.81793913373,19.9436964525614));
#5814=CARTESIAN_POINT('Ctrl Pts',(228.49918568652,-120.462812158915,19.3851983510036));
#5815=CARTESIAN_POINT('Ctrl Pts',(228.601702013773,-120.285248671508,19.1059493002247));
#5816=CARTESIAN_POINT('Ctrl Pts',(228.703302187708,-120.109272008195,18.8230507975872));
#5817=CARTESIAN_POINT('Ctrl Pts',(228.803685278918,-119.935403393998,18.5360520911972));
#5818=CARTESIAN_POINT('Ctrl Pts',(228.834060069985,-119.882792712601,18.4492095200236));
#5819=CARTESIAN_POINT('Ctrl Pts',(228.857432647228,-119.842310221312,18.382063838821));
#5820=CARTESIAN_POINT('Ctrl Pts',(228.896681619714,-119.774329006822,18.2679467952252));
#5821=CARTESIAN_POINT('Ctrl Pts',(228.987143273921,-119.617644825597,18.0049280234435));
#5822=CARTESIAN_POINT('Ctrl Pts',(229.242988426942,-119.174508021696,17.3159976841295));
#5823=CARTESIAN_POINT('Ctrl Pts',(229.679868076696,-118.417810271529,15.7806646972056));
#5824=CARTESIAN_POINT('Ctrl Pts',(229.928882077858,-117.98650536972,14.9055508977754));
#5825=CARTESIAN_POINT('Ctrl Pts',(230.246642474343,-117.436128218374,13.7674275714502));
#5826=CARTESIAN_POINT('Ctrl Pts',(230.635792016,-116.762101440483,12.288));
#5827=CARTESIAN_POINT('',(230.786317035357,-116.501384459146,11.712));
#5828=CARTESIAN_POINT('Ctrl Pts',(230.635792016,-116.762101440483,12.288));
#5829=CARTESIAN_POINT('Ctrl Pts',(230.686222984002,-116.674752441627,12.0962768793699));
#5830=CARTESIAN_POINT('Ctrl Pts',(230.736395678902,-116.587850784908,11.9042841764497));
#5831=CARTESIAN_POINT('Ctrl Pts',(230.786317035357,-116.501384459146,11.712));
#5832=CARTESIAN_POINT('',(222.643158517678,-102.39702017244,11.712302185235));
#5833=CARTESIAN_POINT('',(245.286317035357,-141.616121168895,11.712));
#5834=CARTESIAN_POINT('',(214.832692401416,-109.927737190544,22.5721508000214));
#5835=CARTESIAN_POINT('',(214.832692401416,-109.927737190544,22.5721508000214));
#5836=CARTESIAN_POINT('',(218.532253551907,-108.66029084007,24.1433393841245));
#5837=CARTESIAN_POINT('',(199.725808805391,-115.103260368011,16.1563187372652));
#5838=CARTESIAN_POINT('',(220.606631182225,-109.893536009317,25.6184881221734));
#5839=CARTESIAN_POINT('Origin',(218.850986447535,-110.495008838443,24.8728729389999));
#5840=CARTESIAN_POINT('',(223.155901361662,-124.567866601143,31.4533993028355));
#5841=CARTESIAN_POINT('',(220.287898286597,-108.058818010943,24.8889545672981));
#5842=CARTESIAN_POINT('',(223.702161133789,-127.712294582869,32.7037090101538));
#5843=CARTESIAN_POINT('',(220.287898286597,-108.058818010943,24.8889545672981));
#5844=CARTESIAN_POINT('',(222.497232119773,-130.051539230896,32.7808096348012));
#5845=CARTESIAN_POINT('Origin',(221.946516399099,-128.313767411995,31.9580938269803));
#5846=CARTESIAN_POINT('',(222.265249294727,-130.148485410369,32.6876273818556));
#5847=CARTESIAN_POINT('Origin',(221.946516399099,-128.313767411995,31.9580938269803));
#5848=CARTESIAN_POINT('',(205.676849187573,-135.831566814018,25.6426012783043));
#5849=CARTESIAN_POINT('',(224.020894029417,-129.547012581242,33.4332425650292));
#5850=CARTESIAN_POINT('',(205.214449282901,-135.989982109184,25.4462219181699));
#5851=CARTESIAN_POINT('',(224.020894029417,-129.547012581242,33.4332425650292));
#5852=CARTESIAN_POINT('',(203.274494108178,-135.194116376973,24.1759256696358));
#5853=CARTESIAN_POINT('Origin',(204.895716387273,-134.15526411081,24.7166883632946));
#5854=CARTESIAN_POINT('',(200.,-141.616121168895,11.712));
#5855=CARTESIAN_POINT('',(203.274494108178,-135.194116376973,24.1759256696358));
#5856=CARTESIAN_POINT('',(216.286317035357,-141.616121168895,11.712));
#5857=CARTESIAN_POINT('',(200.,-141.616121168895,11.712));
#5858=CARTESIAN_POINT('Ctrl Pts',(216.286317035357,-141.616121168895,11.712));
#5859=CARTESIAN_POINT('Ctrl Pts',(216.340748413144,-141.521843257042,11.9041270323649));
#5860=CARTESIAN_POINT('Ctrl Pts',(216.395287515831,-141.427378760189,12.0961264385434));
#5861=CARTESIAN_POINT('Ctrl Pts',(216.449937612053,-141.332722016894,12.288));
#5862=CARTESIAN_POINT('Origin',(222.643158517678,-102.39702017244,11.7123106012294));
#5863=CARTESIAN_POINT('',(230.786317035357,-116.501384459146,-41.712));
#5864=CARTESIAN_POINT('',(230.786317035357,-116.501384459146,0.000155300614683718));
#5865=CARTESIAN_POINT('',(228.286317035357,-112.171257440224,-41.712));
#5866=CARTESIAN_POINT('',(227.745987776518,-111.235379711099,-41.712));
#5867=CARTESIAN_POINT('',(228.286317035357,-112.171257440224,-36.712));
#5868=CARTESIAN_POINT('',(228.286317035357,-112.171257440224,-16.9998446993853));
#5869=CARTESIAN_POINT('',(221.875981470909,-101.068230549035,-15.3444802595884));
#5870=CARTESIAN_POINT('',(228.286317035357,-112.171257440224,-36.712));
#5871=CARTESIAN_POINT('',(220.786317035357,-99.1808763834576,-15.8055687379007));
#5872=CARTESIAN_POINT('Origin',(221.363667304546,-100.180876383458,-15.8055687379007));
#5873=CARTESIAN_POINT('',(220.786317035357,-99.1808763834576,-41.712));
#5874=CARTESIAN_POINT('',(220.786317035357,-99.1808763834576,-11.712));
#5875=CARTESIAN_POINT('',(215.881075813913,-90.6847493645354,-41.712));
#5876=CARTESIAN_POINT('',(223.995987776518,-104.740189182715,-41.712));
#5877=CARTESIAN_POINT('',(215.881075813913,-90.6847493645354,-11.7123106012292));
#5878=CARTESIAN_POINT('',(215.881075813913,-90.6847493645354,-45.712));
#5879=CARTESIAN_POINT('',(212.643158517678,-85.0765120967516,-11.7123106012292));
#5880=CARTESIAN_POINT('',(222.643158517678,-102.39702017244,-11.7123106012292));
#5881=CARTESIAN_POINT('',(212.643158517678,-85.0765120967516,11.7123106012294));
#5882=CARTESIAN_POINT('',(212.643158517678,-85.0765120967516,11.7123106012294));
#5883=CARTESIAN_POINT('',(222.643158517678,-102.39702017244,11.7123106012294));
#5884=CARTESIAN_POINT('',(228.286317035357,-112.171257440224,-11.712));
#5885=CARTESIAN_POINT('',(222.643158517678,-102.39702017244,-11.7123106012292));
#5886=CARTESIAN_POINT('',(228.286317035357,-112.171257440224,-11.712));
#5887=CARTESIAN_POINT('',(222.643158517678,-102.39702017244,-11.712));
#5888=CARTESIAN_POINT('',(245.286317035357,-141.616121168895,-11.712));
#5889=CARTESIAN_POINT('',(222.643158517678,-102.39702017244,11.7123106012294));
#5890=CARTESIAN_POINT('Origin',(217.644688052539,-116.236845687349,37.7097766066456));
#5891=CARTESIAN_POINT('',(218.455088903416,-118.602332402512,37.7097766066456));
#5892=CARTESIAN_POINT('Origin',(217.644688052539,-116.236845687349,37.7097766066456));
#5893=CARTESIAN_POINT('',(216.74907809191,-119.186800962148,36.9852407683476));
#5894=CARTESIAN_POINT('',(218.455088903416,-118.602332402512,37.7097766066456));
#5895=CARTESIAN_POINT('',(214.929207986315,-118.565766944276,38.6609469038788));
#5896=CARTESIAN_POINT('Ctrl Pts',(214.929207986315,-118.565766944276,38.6609469038788));
#5897=CARTESIAN_POINT('Ctrl Pts',(214.939856988641,-118.561534887389,38.6659166645584));
#5898=CARTESIAN_POINT('Ctrl Pts',(214.950630422863,-118.557555129686,38.670713114973));
#5899=CARTESIAN_POINT('Ctrl Pts',(214.96150569594,-118.553829329621,38.6753317992474));
#5900=CARTESIAN_POINT('Ctrl Pts',(215.064749193824,-118.51845875747,38.7191788931755));
#5901=CARTESIAN_POINT('Ctrl Pts',(215.186262428153,-118.50471471106,38.7500595428082));
#5902=CARTESIAN_POINT('Ctrl Pts',(215.431502525771,-118.522761137295,38.7708288193181));
#5903=CARTESIAN_POINT('Ctrl Pts',(215.555325320403,-118.553986444873,38.7600667246582));
#5904=CARTESIAN_POINT('Ctrl Pts',(215.783842509765,-118.634729952107,38.7033859415367));
#5905=CARTESIAN_POINT('Ctrl Pts',(215.914581571446,-118.697988488881,38.6423394922682));
#5906=CARTESIAN_POINT('Ctrl Pts',(216.215815799995,-118.860812009915,38.4372367468656));
#5907=CARTESIAN_POINT('Ctrl Pts',(216.402299221045,-118.981509357146,38.204910854323));
#5908=CARTESIAN_POINT('Ctrl Pts',(216.644283192077,-119.12121886796,37.7478300201532));
#5909=CARTESIAN_POINT('Ctrl Pts',(216.741404179001,-119.164260602018,37.444458697631));
#5910=CARTESIAN_POINT('Ctrl Pts',(216.756325078137,-119.182002070742,37.1169069178863));
#5911=CARTESIAN_POINT('Ctrl Pts',(216.75543313566,-119.18462376364,37.0509846938747));
#5912=CARTESIAN_POINT('Ctrl Pts',(216.749078084018,-119.186800964851,36.985240769216));
#5913=CARTESIAN_POINT('',(214.332074718599,-118.803285255338,38.3817657273914));
#5914=CARTESIAN_POINT('Origin',(275.539942221912,-96.4022962308504,62.2976557426855));
#5915=CARTESIAN_POINT('',(214.99183849794,-119.788820180019,36.2389482373984));
#5916=CARTESIAN_POINT('Ctrl Pts',(214.991838497315,-119.788820180233,36.2389482390432));
#5917=CARTESIAN_POINT('Ctrl Pts',(214.958519030694,-119.80023521958,36.2770469984935));
#5918=CARTESIAN_POINT('Ctrl Pts',(214.927239156707,-119.809387556269,36.3167827028081));
#5919=CARTESIAN_POINT('Ctrl Pts',(214.737196314844,-119.855621191845,36.5736759802945));
#5920=CARTESIAN_POINT('Ctrl Pts',(214.581836730983,-119.83088588416,36.8641567325503));
#5921=CARTESIAN_POINT('Ctrl Pts',(214.333143986528,-119.687303061204,37.3339096942979));
#5922=CARTESIAN_POINT('Ctrl Pts',(214.195382979717,-119.542805116959,37.5971011688672));
#5923=CARTESIAN_POINT('Ctrl Pts',(214.104711702849,-119.30095968686,37.8923994008704));
#5924=CARTESIAN_POINT('Ctrl Pts',(214.086845696287,-119.205283658059,37.9936351202853));
#5925=CARTESIAN_POINT('Ctrl Pts',(214.102261328705,-119.058286673145,38.1362691119924));
#5926=CARTESIAN_POINT('Ctrl Pts',(214.124082887163,-118.988820113172,38.19978489566));
#5927=CARTESIAN_POINT('Ctrl Pts',(214.188414891555,-118.900292174668,38.2825554948725));
#5928=CARTESIAN_POINT('Ctrl Pts',(214.214958703012,-118.873323409971,38.3082346313313));
#5929=CARTESIAN_POINT('Ctrl Pts',(214.271840564688,-118.831719464051,38.3500612972239));
#5930=CARTESIAN_POINT('Ctrl Pts',(214.300763626039,-118.815750923608,38.3670995264057));
#5931=CARTESIAN_POINT('Ctrl Pts',(214.332074718599,-118.803285255338,38.3817657273914));
#5932=CARTESIAN_POINT('',(214.065977066692,-120.106014475327,35.8457386487117));
#5933=CARTESIAN_POINT('',(218.455088903416,-118.602332402512,37.7097766066456));
#5934=CARTESIAN_POINT('Origin',(213.255576215815,-117.740527760165,35.8457386487117));
#5935=CARTESIAN_POINT('',(215.59714028491,-119.533671200591,35.9921974354695));
#5936=CARTESIAN_POINT('Ctrl Pts',(215.59714028491,-119.533671200591,35.9921974354695));
#5937=CARTESIAN_POINT('Ctrl Pts',(215.564364749706,-119.545291372506,35.9802974039233));
#5938=CARTESIAN_POINT('Ctrl Pts',(215.530349215678,-119.558319772478,35.972878289798));
#5939=CARTESIAN_POINT('Ctrl Pts',(215.454637766671,-119.589052451083,35.9666186221985));
#5940=CARTESIAN_POINT('Ctrl Pts',(215.412778774063,-119.607178991821,35.9698681612453));
#5941=CARTESIAN_POINT('Ctrl Pts',(215.290043488649,-119.661987780304,35.9974148706306));
#5942=CARTESIAN_POINT('Ctrl Pts',(215.211803803384,-119.698881319578,36.0404666598211));
#5943=CARTESIAN_POINT('Ctrl Pts',(215.093715750197,-119.750482240705,36.1315608953065));
#5944=CARTESIAN_POINT('Ctrl Pts',(215.040459250995,-119.77216301634,36.1833533995499));
#5945=CARTESIAN_POINT('Ctrl Pts',(214.991838497315,-119.788820180233,36.2389482390432));
#5946=CARTESIAN_POINT('',(216.221752431441,-119.31201782761,36.2194740630852));
#5947=CARTESIAN_POINT('Origin',(275.539942221912,-96.4022962308504,62.2976557426855));
#5948=CARTESIAN_POINT('Ctrl Pts',(216.749078084018,-119.186800964851,36.985240769216));
#5949=CARTESIAN_POINT('Ctrl Pts',(216.7416445631,-119.189347642937,36.9083399245537));
#5950=CARTESIAN_POINT('Ctrl Pts',(216.726469092447,-119.19140059972,36.8317125634559));
#5951=CARTESIAN_POINT('Ctrl Pts',(216.671551115417,-119.198439708101,36.6516402229646));
#5952=CARTESIAN_POINT('Ctrl Pts',(216.613907212305,-119.205422801356,36.5373977447533));
#5953=CARTESIAN_POINT('Ctrl Pts',(216.456982965739,-119.2383655555,36.3498096384803));
#5954=CARTESIAN_POINT('Ctrl Pts',(216.358014251039,-119.265125686386,36.2763448962143));
#5955=CARTESIAN_POINT('Ctrl Pts',(216.243895480077,-119.304222058602,36.2278791180118));
#5956=CARTESIAN_POINT('Ctrl Pts',(216.23288363986,-119.308064172539,36.2235329900342));
#5957=CARTESIAN_POINT('Ctrl Pts',(216.221752431441,-119.31201782761,36.2194740630853));
#5958=CARTESIAN_POINT('',(213.693943727033,-114.992436990443,36.8665057287345));
#5959=CARTESIAN_POINT('',(214.949284187653,-115.717208143306,34.4953070808978));
#5960=CARTESIAN_POINT('Ctrl Pts',(213.693943727033,-114.992436990443,36.8665057287346));
#5961=CARTESIAN_POINT('Ctrl Pts',(213.664960388279,-115.001892844658,36.8516812237813));
#5962=CARTESIAN_POINT('Ctrl Pts',(213.637335935763,-115.010068536306,36.8331469399256));
#5963=CARTESIAN_POINT('Ctrl Pts',(213.578504752984,-115.025743621453,36.7832603954973));
#5964=CARTESIAN_POINT('Ctrl Pts',(213.548666719305,-115.032312632967,36.7496967237832));
#5965=CARTESIAN_POINT('Ctrl Pts',(213.472011081708,-115.046292422705,36.6380052941501));
#5966=CARTESIAN_POINT('Ctrl Pts',(213.438671171286,-115.048051460924,36.5481125218107));
#5967=CARTESIAN_POINT('Ctrl Pts',(213.397932249323,-115.048359165205,36.3483234701585));
#5968=CARTESIAN_POINT('Ctrl Pts',(213.398595992381,-115.046074182234,36.2089038394823));
#5969=CARTESIAN_POINT('Ctrl Pts',(213.447555192555,-115.053232072645,35.8229426533468));
#5970=CARTESIAN_POINT('Ctrl Pts',(213.565256374108,-115.090690310075,35.5196241306245));
#5971=CARTESIAN_POINT('Ctrl Pts',(213.811810628443,-115.233038475185,35.0539105391031));
#5972=CARTESIAN_POINT('Ctrl Pts',(213.984755684083,-115.363384921037,34.8082306137939));
#5973=CARTESIAN_POINT('Ctrl Pts',(214.254952645618,-115.540491926503,34.5913412722565));
#5974=CARTESIAN_POINT('Ctrl Pts',(214.361483404338,-115.604665683931,34.5282823995746));
#5975=CARTESIAN_POINT('Ctrl Pts',(214.539664452895,-115.683710228437,34.4684585454383));
#5976=CARTESIAN_POINT('Ctrl Pts',(214.629101710924,-115.71433900896,34.4523896611857));
#5977=CARTESIAN_POINT('Ctrl Pts',(214.76386038204,-115.733905021264,34.4543309163954));
#5978=CARTESIAN_POINT('Ctrl Pts',(214.808940548263,-115.736136059078,34.4591038933036));
#5979=CARTESIAN_POINT('Ctrl Pts',(214.885909598435,-115.730932876552,34.474730021546));
#5980=CARTESIAN_POINT('Ctrl Pts',(214.918473617882,-115.725609045202,34.4839340123096));
#5981=CARTESIAN_POINT('Ctrl Pts',(214.949284187653,-115.717208143306,34.4953070808977));
#5982=CARTESIAN_POINT('',(214.293886790643,-114.797065947234,37.1724072871678));
#5983=CARTESIAN_POINT('Origin',(260.288459079726,-101.62735830215,55.8204128403856));
#5984=CARTESIAN_POINT('',(215.586225486846,-115.543198041371,34.7313230832283));
#5985=CARTESIAN_POINT('Ctrl Pts',(215.586225486846,-115.543198041371,34.7313230832283));
#5986=CARTESIAN_POINT('Ctrl Pts',(215.601431462015,-115.539035933539,34.7369785531284));
#5987=CARTESIAN_POINT('Ctrl Pts',(215.616326494527,-115.534449911214,34.74290914125));
#5988=CARTESIAN_POINT('Ctrl Pts',(215.63087158138,-115.529466856062,34.7490863805195));
#5989=CARTESIAN_POINT('Ctrl Pts',(215.734145876533,-115.49408573296,34.7929465539225));
#5990=CARTESIAN_POINT('Ctrl Pts',(215.827398990786,-115.434240114289,34.8532774254119));
#5991=CARTESIAN_POINT('Ctrl Pts',(215.964214806704,-115.28525844604,34.9947745915158));
#5992=CARTESIAN_POINT('Ctrl Pts',(216.007701529356,-115.196680684578,35.076600839815));
#5993=CARTESIAN_POINT('Ctrl Pts',(216.051637459662,-115.022524705518,35.24901853846));
#5994=CARTESIAN_POINT('Ctrl Pts',(216.049022333482,-114.915324224881,35.3645021409088));
#5995=CARTESIAN_POINT('Ctrl Pts',(215.991783966456,-114.668789176411,35.6733133388996));
#5996=CARTESIAN_POINT('Ctrl Pts',(215.876858506972,-114.523499981636,35.9361240444576));
#5997=CARTESIAN_POINT('Ctrl Pts',(215.634796039129,-114.383745150666,36.3933531503822));
#5998=CARTESIAN_POINT('Ctrl Pts',(215.466026267473,-114.365242827374,36.6664112147564));
#5999=CARTESIAN_POINT('Ctrl Pts',(215.203800028825,-114.427334899762,36.9610331608155));
#6000=CARTESIAN_POINT('Ctrl Pts',(215.091079705484,-114.467946427572,37.0634054074613));
#6001=CARTESIAN_POINT('Ctrl Pts',(214.891145958299,-114.552037025063,37.185650251811));
#6002=CARTESIAN_POINT('Ctrl Pts',(214.781465969132,-114.602398086284,37.2288557291525));
#6003=CARTESIAN_POINT('Ctrl Pts',(214.556316810986,-114.700380475619,37.2542104317016));
#6004=CARTESIAN_POINT('Ctrl Pts',(214.440515466549,-114.747207867524,37.2364706616695));
#6005=CARTESIAN_POINT('Ctrl Pts',(214.322696084543,-114.787572045778,37.186433248997));
#6006=CARTESIAN_POINT('Ctrl Pts',(214.308227503476,-114.792404279959,37.1796971414807));
#6007=CARTESIAN_POINT('Ctrl Pts',(214.293886790643,-114.797065947234,37.1724072871678));
#6008=CARTESIAN_POINT('Origin',(260.288459079726,-101.62735830215,55.8204128403856));
#6009=CARTESIAN_POINT('Origin',(213.255576215815,-117.740527760165,35.8457386487117));
#6010=CARTESIAN_POINT('Origin',(219.620697666073,-122.457333867335,28.9367238299952));
#6011=CARTESIAN_POINT('',(210.447636982698,-116.560604082866,45.7190370063149));
#6012=CARTESIAN_POINT('',(219.481578020811,-121.776352373063,28.654926156546));
#6013=CARTESIAN_POINT('',(209.932250156041,-117.487570407875,45.7295179989943));
#6014=CARTESIAN_POINT('Origin',(210.58675662796,-117.241585577138,46.0008346797641));
#6015=CARTESIAN_POINT('',(218.966191194154,-122.703318698072,28.6654071492255));
#6016=CARTESIAN_POINT('',(218.966191194154,-122.703318698072,28.6654071492255));
#6017=CARTESIAN_POINT('',(219.481578020811,-121.776352373063,28.654926156546));
#6018=CARTESIAN_POINT('Origin',(219.620697666073,-122.457333867335,28.9367238299952));
#6019=CARTESIAN_POINT('',(219.481578020811,-121.776352373063,28.654926156546));
#6020=CARTESIAN_POINT('Origin',(219.481578020811,-121.776352373063,28.6549261565461));
#6021=CARTESIAN_POINT('',(211.058509689822,-116.331018240844,45.9722659083665));
#6022=CARTESIAN_POINT('',(220.092450727935,-121.546766531042,28.9081550585977));
#6023=CARTESIAN_POINT('',(210.447636982698,-116.560604082866,45.7190370063149));
#6024=CARTESIAN_POINT('Origin',(219.301818835677,-116.61720331946,26.9828345377115));
#6025=CARTESIAN_POINT('',(210.423085619688,-112.562257849203,44.4839206100825));
#6026=CARTESIAN_POINT('',(219.457026657801,-117.778006139401,27.4198097603137));
#6027=CARTESIAN_POINT('',(211.372238835782,-111.071650435383,44.5308003524481));
#6028=CARTESIAN_POINT('Origin',(210.267877797564,-111.401455029262,44.0469453874804));
#6029=CARTESIAN_POINT('',(220.406179873895,-116.287398725581,27.4666895026792));
#6030=CARTESIAN_POINT('',(220.406179873895,-116.287398725581,27.4666895026792));
#6031=CARTESIAN_POINT('',(219.457026657801,-117.778006139401,27.4198097603137));
#6032=CARTESIAN_POINT('Origin',(219.301818835677,-116.61720331946,26.9828345377115));
#6033=CARTESIAN_POINT('',(219.457026657801,-117.778006139401,27.4198097603137));
#6034=CARTESIAN_POINT('Origin',(219.457026657801,-117.778006139401,27.4198097603137));
#6035=CARTESIAN_POINT('',(209.804643438287,-112.746948421776,44.2129618297006));
#6036=CARTESIAN_POINT('',(218.8385844764,-117.962696711973,27.1488509799317));
#6037=CARTESIAN_POINT('',(210.423085619688,-112.562257849203,44.4839206100825));
#6038=CARTESIAN_POINT('Origin',(209.182875938694,-130.475064332663,37.5819910351324));
#6039=CARTESIAN_POINT('',(206.71931898928,-130.90304107935,37.5819910351324));
#6040=CARTESIAN_POINT('Origin',(209.182875938694,-130.475064332663,37.5819910351324));
#6041=CARTESIAN_POINT('',(206.490176364925,-129.584030387749,37.0575166692545));
#6042=CARTESIAN_POINT('',(206.71931898928,-130.90304107935,37.5819910351324));
#6043=CARTESIAN_POINT('Origin',(208.955580464144,-129.166686365321,37.0617445283222));
#6044=CARTESIAN_POINT('Origin',(211.395659922169,-122.216094343831,24.5085557694279));
#6045=CARTESIAN_POINT('',(217.208440778742,-110.380911832856,23.9684155006976));
#6046=CARTESIAN_POINT('',(213.14093618849,-111.909612420374,22.2822872624123));
#6047=CARTESIAN_POINT('',(213.14093618849,-111.909612420374,22.2822872624123));
#6048=CARTESIAN_POINT('',(207.418720307024,-113.837986591248,19.8422980380994));
#6049=CARTESIAN_POINT('',(213.14093618849,-111.909612420374,22.2822872624123));
#6050=CARTESIAN_POINT('',(203.300814264863,-115.067751389958,18.0381151533187));
#6051=CARTESIAN_POINT('',(203.300814264863,-115.067751389958,18.0381151533187));
#6052=CARTESIAN_POINT('',(201.466967121292,-118.146475364118,18.0082854324383));
#6053=CARTESIAN_POINT('Origin',(203.605021596226,-117.342924917043,18.894586589619));
#6054=CARTESIAN_POINT('',(202.331541911573,-122.378511978987,19.7595489866655));
#6055=CARTESIAN_POINT('',(202.331541911573,-122.378511978987,19.7595489866655));
#6056=CARTESIAN_POINT('',(203.654252106873,-123.103506418211,20.6814062436968));
#6057=CARTESIAN_POINT('Origin',(203.422386031437,-121.968537261091,20.2117434546149));
#6058=CARTESIAN_POINT('',(204.265124813997,-122.87392057619,20.9346351457484));
#6059=CARTESIAN_POINT('',(204.265124813997,-122.87392057619,20.9346351457484));
#6060=CARTESIAN_POINT('',(204.780511640654,-121.946954251181,20.9241541530689));
#6061=CARTESIAN_POINT('Origin',(204.126005168736,-122.192939081918,20.6528374722993));
#6062=CARTESIAN_POINT('',(204.387430126329,-120.022846146301,20.1279369401482));
#6063=CARTESIAN_POINT('',(204.387430126329,-120.022846146301,20.1279369401482));
#6064=CARTESIAN_POINT('',(204.830566203469,-119.642869622852,20.2463962790527));
#6065=CARTESIAN_POINT('Origin',(204.666766194015,-119.917862562063,20.2437318756539));
#6066=CARTESIAN_POINT('',(207.208620812676,-121.075803651223,21.9433512852853));
#6067=CARTESIAN_POINT('',(207.208620812676,-121.075803651223,21.9433512852853));
#6068=CARTESIAN_POINT('',(208.144187282632,-122.511491414402,22.8774777957856));
#6069=CARTESIAN_POINT('Origin',(205.903713185104,-123.266526259239,21.922125399343));
#6070=CARTESIAN_POINT('',(208.485715477675,-124.537127512568,23.677434717809));
#6071=CARTESIAN_POINT('',(208.485715477675,-124.537127512568,23.677434717809));
#6072=CARTESIAN_POINT('',(208.108842607446,-126.415104447789,24.0519287513187));
#6073=CARTESIAN_POINT('Origin',(206.245241380148,-125.292162357405,22.7220823213663));
#6074=CARTESIAN_POINT('',(206.443710843805,-129.210583394236,24.0248433882269));
#6075=CARTESIAN_POINT('',(206.443710843805,-129.210583394236,24.0248433882269));
#6076=CARTESIAN_POINT('',(205.926982797049,-129.15407897013,23.7340105634614));
#6077=CARTESIAN_POINT('Origin',(206.209780186799,-129.069624815149,23.8579129073282));
#6078=CARTESIAN_POINT('',(205.663859674613,-127.186175172917,22.9932084349048));
#6079=CARTESIAN_POINT('',(205.663859674613,-127.186175172917,22.9932084349047));
#6080=CARTESIAN_POINT('',(204.908118358409,-126.68757623728,22.4407103223628));
#6081=CARTESIAN_POINT('Origin',(205.001243051683,-127.384057929245,22.7028954559241));
#6082=CARTESIAN_POINT('',(204.289676177007,-126.872266809852,22.1697515419808));
#6083=CARTESIAN_POINT('',(204.289676177007,-126.872266809852,22.1697515419808));
#6084=CARTESIAN_POINT('',(203.340522960914,-128.362874223672,22.1228717996153));
#6085=CARTESIAN_POINT('Origin',(204.444883999131,-128.033069629793,22.606726764583));
#6086=CARTESIAN_POINT('',(203.919256913305,-132.691238572444,23.7522510036595));
#6087=CARTESIAN_POINT('',(203.919256913305,-132.691238572444,23.7522510036595));
#6088=CARTESIAN_POINT('',(206.538262056066,-134.269361116397,25.621145801597));
#6089=CARTESIAN_POINT('Origin',(206.083804548211,-132.044821568442,24.7006067349964));
#6090=CARTESIAN_POINT('',(210.605766646319,-132.740660528879,27.3072740398822));
#6091=CARTESIAN_POINT('',(210.605766646319,-132.740660528879,27.3072740398822));
#6092=CARTESIAN_POINT('',(216.327982527784,-130.812286358005,29.7472632641951));
#6093=CARTESIAN_POINT('',(216.327982527784,-130.812286358005,29.7472632641951));
#6094=CARTESIAN_POINT('',(220.445888569945,-129.582521559295,31.5514461489757));
#6095=CARTESIAN_POINT('',(220.445888569945,-129.582521559295,31.5514461489757));
#6096=CARTESIAN_POINT('',(222.279735713516,-126.503797585135,31.5812758698561));
#6097=CARTESIAN_POINT('Origin',(220.141681238582,-127.30734803221,30.6949747126754));
#6098=CARTESIAN_POINT('',(221.415160923235,-122.271760970266,29.8300123156289));
#6099=CARTESIAN_POINT('',(221.415160923235,-122.271760970266,29.8300123156289));
#6100=CARTESIAN_POINT('',(220.092450727935,-121.546766531042,28.9081550585977));
#6101=CARTESIAN_POINT('Origin',(220.324316803371,-122.681735688162,29.3778178476796));
#6102=CARTESIAN_POINT('',(219.481578020811,-121.776352373063,28.654926156546));
#6103=CARTESIAN_POINT('',(219.35927270848,-124.627426802952,29.4616243621463));
#6104=CARTESIAN_POINT('',(219.35927270848,-124.627426802952,29.4616243621463));
#6105=CARTESIAN_POINT('',(218.916136631339,-125.007403326401,29.3431650232418));
#6106=CARTESIAN_POINT('Origin',(219.079936640793,-124.73241038719,29.3458294266406));
#6107=CARTESIAN_POINT('',(216.538082022132,-123.57446929803,27.6462100170091));
#6108=CARTESIAN_POINT('',(216.538082022132,-123.57446929803,27.6462100170091));
#6109=CARTESIAN_POINT('',(215.602515552176,-122.138781534851,26.7120835065089));
#6110=CARTESIAN_POINT('Origin',(217.842989649704,-121.383746690014,27.6674359029515));
#6111=CARTESIAN_POINT('',(215.260987357133,-120.113145436685,25.9121265844855));
#6112=CARTESIAN_POINT('',(215.260987357133,-120.113145436685,25.9121265844855));
#6113=CARTESIAN_POINT('',(215.637860227362,-118.235168501464,25.5376325509757));
#6114=CARTESIAN_POINT('Origin',(217.501461454661,-119.358110591848,26.8674789809281));
#6115=CARTESIAN_POINT('',(217.302991991003,-115.439689555017,25.5647179140676));
#6116=CARTESIAN_POINT('',(217.302991991003,-115.439689555017,25.5647179140676));
#6117=CARTESIAN_POINT('',(217.819720037759,-115.496193979123,25.8555507388332));
#6118=CARTESIAN_POINT('Origin',(217.536922648009,-115.580648134104,25.7316483949663));
#6119=CARTESIAN_POINT('',(218.082843160195,-117.464097776336,26.5963528673897));
#6120=CARTESIAN_POINT('',(218.082843160195,-117.464097776336,26.5963528673897));
#6121=CARTESIAN_POINT('',(218.8385844764,-117.962696711973,27.1488509799317));
#6122=CARTESIAN_POINT('Origin',(218.745459783125,-117.266215020009,26.8866658463704));
#6123=CARTESIAN_POINT('',(219.457026657801,-117.778006139401,27.4198097603137));
#6124=CARTESIAN_POINT('',(219.827445921503,-111.959034376809,25.837310298635));
#6125=CARTESIAN_POINT('',(219.827445921503,-111.959034376809,25.837310298635));
#6126=CARTESIAN_POINT('Origin',(217.662898286597,-112.605451380811,24.8889545672981));
#6127=CARTESIAN_POINT('Ctrl Pts',(203.274494108178,-135.194116376973,24.1759256696358));
#6128=CARTESIAN_POINT('Ctrl Pts',(202.182996072118,-137.334784640947,20.0212837797572));
#6129=CARTESIAN_POINT('Ctrl Pts',(201.091498036059,-139.475452904921,15.8666418898786));
#6130=CARTESIAN_POINT('Ctrl Pts',(200.,-141.616121168895,11.712));
#6131=CARTESIAN_POINT('Ctrl Pts',(203.21205345405,-135.057771528193,24.1011942282557));
#6132=CARTESIAN_POINT('Ctrl Pts',(202.141379426021,-137.168648112218,19.9714667785645));
#6133=CARTESIAN_POINT('Ctrl Pts',(201.070674028028,-139.27954016607,15.8417274496912));
#6134=CARTESIAN_POINT('Ctrl Pts',(200.,-141.390416750096,11.712));
#6135=CARTESIAN_POINT('Ctrl Pts',(203.166767961336,-134.910444478469,24.0321881552685));
#6136=CARTESIAN_POINT('Ctrl Pts',(202.111178031154,-136.99520067644,19.9254585228831));
#6137=CARTESIAN_POINT('Ctrl Pts',(201.055589930182,-139.079956133325,15.8187296323854));
#6138=CARTESIAN_POINT('Ctrl Pts',(200.,-141.164712331296,11.712));
#6139=CARTESIAN_POINT('Ctrl Pts',(202.243290951384,-129.592913108985,21.9179530612729));
#6140=CARTESIAN_POINT('Ctrl Pts',(201.495616502112,-130.847400988855,18.5160028378582));
#6141=CARTESIAN_POINT('Ctrl Pts',(200.747674449271,-132.102017383939,15.1139502234146));
#6142=CARTESIAN_POINT('Ctrl Pts',(199.999999999999,-133.356505263809,11.712));
#6143=CARTESIAN_POINT('Ctrl Pts',(201.345966068776,-124.42935043309,19.864624670001));
#6144=CARTESIAN_POINT('Ctrl Pts',(200.897311430819,-124.87756749683,17.1470833926618));
#6145=CARTESIAN_POINT('Ctrl Pts',(200.448654637957,-125.325785551384,14.4295412773393));
#6146=CARTESIAN_POINT('Ctrl Pts',(200.,-125.774002615123,11.712));
#6147=CARTESIAN_POINT('Ctrl Pts',(200.448913276873,-119.265657179667,17.811400414941));
#6148=CARTESIAN_POINT('Ctrl Pts',(200.299275517915,-118.907604775257,15.778266943294));
#6149=CARTESIAN_POINT('Ctrl Pts',(200.149637758957,-118.549552370847,13.745133471647));
#6150=CARTESIAN_POINT('Ctrl Pts',(200.,-118.191499966437,11.712));
#6151=CARTESIAN_POINT('',(203.140071652583,-134.756736939936,23.971073180121));
#6152=CARTESIAN_POINT('Origin',(204.895716387273,-134.15526411081,24.7166883632946));
#6153=CARTESIAN_POINT('',(200.448913276873,-119.265657179667,17.811400414941));
#6154=CARTESIAN_POINT('',(203.458804548211,-136.59145493831,24.7006067349964));
#6155=CARTESIAN_POINT('',(200.,-118.191499966437,11.712));
#6156=CARTESIAN_POINT('',(200.448913276873,-119.265657179667,17.811400414941));
#6157=CARTESIAN_POINT('',(200.,-125.955190619167,11.712));
#6158=CARTESIAN_POINT('Ctrl Pts',(200.448913276873,-119.265657179667,17.811400414941));
#6159=CARTESIAN_POINT('Ctrl Pts',(200.299275517915,-118.907604775257,15.778266943294));
#6160=CARTESIAN_POINT('Ctrl Pts',(200.149637758957,-118.549552370847,13.745133471647));
#6161=CARTESIAN_POINT('Ctrl Pts',(200.,-118.191499966437,11.712));
#6162=CARTESIAN_POINT('Ctrl Pts',(200.314122751588,-118.489764241906,17.5028843740076));
#6163=CARTESIAN_POINT('Ctrl Pts',(200.399325518021,-118.061440746517,15.5725994570003));
#6164=CARTESIAN_POINT('Ctrl Pts',(200.484468006688,-117.633124739194,13.6422849170072));
#6165=CARTESIAN_POINT('Ctrl Pts',(200.56967077312,-117.204801243805,11.712));
#6166=CARTESIAN_POINT('Ctrl Pts',(200.17964390099,-117.713845644751,17.1945254943717));
#6167=CARTESIAN_POINT('Ctrl Pts',(200.499613207025,-117.215260280172,15.3670527817528));
#6168=CARTESIAN_POINT('Ctrl Pts',(200.819372240206,-116.716687885752,13.5394727126189));
#6169=CARTESIAN_POINT('Ctrl Pts',(201.139341546241,-116.218102521173,11.712));
#6170=CARTESIAN_POINT('Ctrl Pts',(199.99335105598,-116.64387724059,16.7688575813953));
#6171=CARTESIAN_POINT('Ctrl Pts',(200.63722264406,-116.048378067823,15.0832402581416));
#6172=CARTESIAN_POINT('Ctrl Pts',(201.281083785601,-115.452878629684,13.3976173232537));
#6173=CARTESIAN_POINT('Ctrl Pts',(201.924955373682,-114.857379456917,11.712));
#6174=CARTESIAN_POINT('Ctrl Pts',(200.011346231882,-116.326386442595,16.6813414639794));
#6175=CARTESIAN_POINT('Ctrl Pts',(200.721330757977,-115.712034030288,15.024962501656));
#6176=CARTESIAN_POINT('Ctrl Pts',(201.430913901907,-115.0977075276,13.3683789623234));
#6177=CARTESIAN_POINT('Ctrl Pts',(202.140898428002,-114.483355115293,11.712));
#6178=CARTESIAN_POINT('Ctrl Pts',(200.096238511247,-116.021029754769,16.6329503240414));
#6179=CARTESIAN_POINT('Ctrl Pts',(200.849772834939,-115.383796761069,14.9926335493609));
#6180=CARTESIAN_POINT('Ctrl Pts',(201.60330715863,-114.746563767369,13.3523167746805));
#6181=CARTESIAN_POINT('Ctrl Pts',(202.356841482322,-114.10933077367,11.712));
#6182=CARTESIAN_POINT('',(200.052236484334,-116.98227174694,16.9034645395832));
#6183=CARTESIAN_POINT('',(203.458804548211,-136.59145493831,24.7006067349964));
#6184=CARTESIAN_POINT('',(200.044541701019,-116.937978366384,16.8858522921406));
#6185=CARTESIAN_POINT('',(203.458804548211,-136.59145493831,24.7006067349964));
#6186=CARTESIAN_POINT('',(200.03471004833,-116.875180068193,16.8614526213469));
#6187=CARTESIAN_POINT('Origin',(201.800186435709,-116.336505537258,17.6314674753142));
#6188=CARTESIAN_POINT('',(200.096238511247,-116.021029754769,16.6329503240414));
#6189=CARTESIAN_POINT('Origin',(201.800186435709,-116.336505537258,17.6314674753142));
#6190=CARTESIAN_POINT('',(202.356841482322,-114.10933077367,11.712));
#6191=CARTESIAN_POINT('',(200.096238511247,-116.021029754769,16.6329503240414));
#6192=CARTESIAN_POINT('',(201.045079344701,-116.381369443474,11.712));
#6193=CARTESIAN_POINT('',(200.,-118.191499966437,11.712));
#6194=CARTESIAN_POINT('',(200.,-118.191499966437,11.712));
#6195=CARTESIAN_POINT('Ctrl Pts',(200.096238511247,-116.021029754769,16.6329503240414));
#6196=CARTESIAN_POINT('Ctrl Pts',(200.849772834939,-115.383796761069,14.9926335493609));
#6197=CARTESIAN_POINT('Ctrl Pts',(201.60330715863,-114.746563767369,13.3523167746805));
#6198=CARTESIAN_POINT('Ctrl Pts',(202.356841482322,-114.10933077367,11.712));
#6199=CARTESIAN_POINT('Ctrl Pts',(200.192432528884,-115.675020826349,16.5781168550443));
#6200=CARTESIAN_POINT('Ctrl Pts',(201.055432683456,-115.071584656154,14.956221801729));
#6201=CARTESIAN_POINT('Ctrl Pts',(201.917659658272,-114.468075316651,13.3338950533154));
#6202=CARTESIAN_POINT('Ctrl Pts',(202.780659812844,-113.864639146455,11.712));
#6203=CARTESIAN_POINT('Ctrl Pts',(200.558197342292,-115.015851930148,16.5702781058501));
#6204=CARTESIAN_POINT('Ctrl Pts',(201.581643394169,-114.469058004267,14.9509160812809));
#6205=CARTESIAN_POINT('Ctrl Pts',(202.604850422011,-113.922049817907,13.3313620245691));
#6206=CARTESIAN_POINT('Ctrl Pts',(203.628296473888,-113.375255892026,11.712));
#6207=CARTESIAN_POINT('Ctrl Pts',(201.162926435249,-114.610580716258,16.7665552138919));
#6208=CARTESIAN_POINT('Ctrl Pts',(202.267436529349,-114.035655817314,15.0817890854448));
#6209=CARTESIAN_POINT('Ctrl Pts',(203.371423040833,-113.460797536542,13.3967661284472));
#6210=CARTESIAN_POINT('Ctrl Pts',(204.475933134932,-112.885872637598,11.712));
#6211=CARTESIAN_POINT('Ctrl Pts',(202.371887943032,-114.196880177919,17.2801435971551));
#6212=CARTESIAN_POINT('Ctrl Pts',(203.608902376907,-113.450613471354,15.4241302123078));
#6213=CARTESIAN_POINT('Ctrl Pts',(204.845630835061,-112.704503661085,13.5680133848473));
#6214=CARTESIAN_POINT('Ctrl Pts',(206.082645268936,-111.95823695452,11.712));
#6215=CARTESIAN_POINT('Ctrl Pts',(204.151944864725,-113.586891237124,18.0360798784905));
#6216=CARTESIAN_POINT('Ctrl Pts',(205.584198127393,-112.588708378574,15.928100583158));
#6217=CARTESIAN_POINT('Ctrl Pts',(207.016179613231,-111.590531701344,13.8199792953325));
#6218=CARTESIAN_POINT('Ctrl Pts',(208.448432875899,-110.592348842795,11.712));
#6219=CARTESIAN_POINT('Ctrl Pts',(208.602375789891,-112.062301646503,19.9261903744642));
#6220=CARTESIAN_POINT('Ctrl Pts',(210.52262899809,-110.434053341292,17.1881608072396));
#6221=CARTESIAN_POINT('Ctrl Pts',(212.442648685108,-108.805876868691,14.4500295672246));
#6222=CARTESIAN_POINT('Ctrl Pts',(214.362901893307,-107.17762856348,11.712));
#6223=CARTESIAN_POINT('Ctrl Pts',(212.162444629149,-110.842547260212,21.4381074241049));
#6224=CARTESIAN_POINT('Ctrl Pts',(214.473128878611,-108.710334798997,18.196081055312));
#6225=CARTESIAN_POINT('Ctrl Pts',(216.783792857771,-106.578064801243,14.9540263687928));
#6226=CARTESIAN_POINT('Ctrl Pts',(219.094477107234,-104.445852340029,11.712));
#6227=CARTESIAN_POINT('Ctrl Pts',(214.832692401416,-109.927737190544,22.5721508000214));
#6228=CARTESIAN_POINT('Ctrl Pts',(217.436181106837,-107.417498184509,18.9521005333476));
#6229=CARTESIAN_POINT('Ctrl Pts',(220.039669812258,-104.907259178475,15.3320502666738));
#6230=CARTESIAN_POINT('Ctrl Pts',(222.643158517678,-102.39702017244,11.712));
#6231=CARTESIAN_POINT('',(203.52026387673,-113.437628541077,11.7120279879612));
#6232=CARTESIAN_POINT('',(213.325987036774,-107.776291635026,11.712));
#6233=CARTESIAN_POINT('',(201.481453540081,-114.501787538884,16.9019339204388));
#6234=CARTESIAN_POINT('Origin',(201.800186435709,-116.336505537258,17.6314674753142));
#6235=CARTESIAN_POINT('',(199.725808805391,-115.103260368011,16.1563187372652));
#6236=CARTESIAN_POINT('',(205.538954802627,-112.272136791599,11.7123106012294));
#6237=CARTESIAN_POINT('',(202.356841482322,-114.10933077367,11.7123106012294));
#6238=CARTESIAN_POINT('',(202.356841482322,-114.10933077367,11.7123106012294));
#6239=CARTESIAN_POINT('Origin',(219.704968069869,-104.093385218413,2.8247342341821));
#6240=CARTESIAN_POINT('',(219.055844686488,-104.468156778546,2.85090885670893));
#6241=CARTESIAN_POINT('',(219.682300181826,-104.106472529677,2.07519111391775));
#6242=CARTESIAN_POINT('Origin',(219.704968069869,-104.093385218413,2.8247342341821));
#6243=CARTESIAN_POINT('',(209.682300181826,-86.7859644539881,2.07519111391743));
#6244=CARTESIAN_POINT('',(219.682300181826,-104.106472529677,2.07519111391775));
#6245=CARTESIAN_POINT('',(209.055844686488,-87.1476487028569,2.85090885670861));
#6246=CARTESIAN_POINT('Origin',(209.704968069869,-86.7728771427247,2.82473423418177));
#6247=CARTESIAN_POINT('',(219.055844686488,-104.468156778546,2.85090885670893));
#6248=CARTESIAN_POINT('Origin',(220.288148672982,-103.75668574022,2.05076146622605));
#6249=CARTESIAN_POINT('',(220.288148672982,-103.75668574022,2.05076146622605));
#6250=CARTESIAN_POINT('',(219.682300181826,-104.106472529677,2.07519111391775));
#6251=CARTESIAN_POINT('',(210.288148672982,-86.4361776645315,2.05076146622573));
#6252=CARTESIAN_POINT('',(220.288148672982,-103.75668574022,2.05076146622605));
#6253=CARTESIAN_POINT('',(206.429789296535,-88.663802489153,2.20634221225482));
#6254=CARTESIAN_POINT('Origin',(220.325928486386,-103.734873554781,3.29999999999993));
#6255=CARTESIAN_POINT('',(221.407800792021,-103.110254287894,3.25637562912186));
#6256=CARTESIAN_POINT('Origin',(220.325928486386,-103.734873554781,3.29999999999993));
#6257=CARTESIAN_POINT('',(211.407800792021,-85.7897462122055,3.25637562912153));
#6258=CARTESIAN_POINT('',(221.407800792021,-103.110254287894,3.25637562912186));
#6259=CARTESIAN_POINT('Origin',(210.325928486386,-86.4143654790924,3.29999999999961));
#6260=CARTESIAN_POINT('Origin',(221.548672949319,-103.028921709957,7.91449623307891));
#6261=CARTESIAN_POINT('',(221.548672949319,-103.028921709957,7.91449623307891));
#6262=CARTESIAN_POINT('',(221.407800792021,-103.110254287894,3.25637562912186));
#6263=CARTESIAN_POINT('',(211.548672949319,-85.7084136342678,7.91449623307859));
#6264=CARTESIAN_POINT('',(221.548672949319,-103.028921709957,7.91449623307891));
#6265=CARTESIAN_POINT('',(211.423632003923,-85.780606057752,3.7798551850713));
#6266=CARTESIAN_POINT('Origin',(219.428203230276,-104.253175473055,7.99999999999994));
#6267=CARTESIAN_POINT('',(219.354154796003,-104.295927356516,10.4485075261967));
#6268=CARTESIAN_POINT('Origin',(219.428203230276,-104.253175473055,7.99999999999994));
#6269=CARTESIAN_POINT('',(209.354154796003,-86.9754192808268,10.4485075261964));
#6270=CARTESIAN_POINT('',(219.354154796003,-104.295927356516,10.4485075261967));
#6271=CARTESIAN_POINT('Origin',(209.428203230275,-86.9326673973661,7.99999999999961));
#6272=CARTESIAN_POINT('Origin',(215.320104019084,-106.624987658494,10.2858423703214));
#6273=CARTESIAN_POINT('',(215.320104019084,-106.624987658494,10.2858423703214));
#6274=CARTESIAN_POINT('',(219.354154796003,-104.295927356516,10.4485075261967));
#6275=CARTESIAN_POINT('',(205.320104019084,-89.3044795828052,10.2858423703211));
#6276=CARTESIAN_POINT('',(215.320104019084,-106.624987658494,10.2858423703214));
#6277=CARTESIAN_POINT('',(203.756425224439,-90.2072699558198,10.2227901012904));
#6278=CARTESIAN_POINT('Origin',(209.679895980916,-109.881363287616,10.2858423703215));
#6279=CARTESIAN_POINT('',(209.679895980916,-109.881363287616,10.2858423703215));
#6280=CARTESIAN_POINT('',(215.320104019084,-106.624987658494,10.2858423703214));
#6281=CARTESIAN_POINT('',(199.679895980916,-92.5608552119272,10.2858423703212));
#6282=CARTESIAN_POINT('',(209.679895980916,-109.881363287616,10.2858423703215));
#6283=CARTESIAN_POINT('',(201.089947990458,-91.7467613046467,10.2858423703212));
#6284=CARTESIAN_POINT('',(207.500487338385,-95.2627944162884,10.2858423703215));
#6285=CARTESIAN_POINT('Origin',(205.,-95.2627944162884,10.2858423703215));
#6286=CARTESIAN_POINT('',(212.217158215719,-102.438030419366,10.2858423703214));
#6287=CARTESIAN_POINT('',(212.261110254887,-102.511061301492,10.2858423703214));
#6288=CARTESIAN_POINT('',(213.524097603112,-104.609646074798,10.2858423703214));
#6289=CARTESIAN_POINT('Origin',(210.02689089292,-103.805936132643,10.2858423703215));
#6290=CARTESIAN_POINT('Origin',(205.645845203997,-112.210423589594,10.4485075261968));
#6291=CARTESIAN_POINT('',(205.645845203997,-112.210423589594,10.4485075261968));
#6292=CARTESIAN_POINT('',(209.679895980916,-109.881363287616,10.2858423703215));
#6293=CARTESIAN_POINT('',(195.645845203997,-94.8899155139057,10.4485075261965));
#6294=CARTESIAN_POINT('',(205.645845203997,-112.210423589594,10.4485075261968));
#6295=CARTESIAN_POINT('',(199.226549387102,-92.8225949899019,10.3041226792281));
#6296=CARTESIAN_POINT('Origin',(205.571796769725,-112.253175473055,8.));
#6297=CARTESIAN_POINT('',(203.451327050681,-113.477429236153,7.91449623307902));
#6298=CARTESIAN_POINT('Origin',(205.571796769725,-112.253175473055,8.));
#6299=CARTESIAN_POINT('',(193.451327050681,-96.1569211604646,7.91449623307869));
#6300=CARTESIAN_POINT('',(203.451327050681,-113.477429236153,7.91449623307902));
#6301=CARTESIAN_POINT('Origin',(195.571796769725,-94.9326673973661,7.99999999999967));
#6302=CARTESIAN_POINT('Origin',(203.592199207979,-113.396096658216,3.25637562912196));
#6303=CARTESIAN_POINT('',(203.592199207979,-113.396096658216,3.25637562912196));
#6304=CARTESIAN_POINT('',(203.451327050681,-113.477429236153,7.91449623307902));
#6305=CARTESIAN_POINT('',(193.592199207979,-96.0755885825269,3.25637562912163));
#6306=CARTESIAN_POINT('',(203.592199207979,-113.396096658216,3.25637562912196));
#6307=CARTESIAN_POINT('',(193.646804074726,-96.0440624480116,1.45079488309282));
#6308=CARTESIAN_POINT('Origin',(204.674071513614,-112.771477391329,3.30000000000005));
#6309=CARTESIAN_POINT('',(204.711851327019,-112.74966520589,2.05076146622614));
#6310=CARTESIAN_POINT('Origin',(204.674071513614,-112.771477391329,3.30000000000005));
#6311=CARTESIAN_POINT('',(194.711851327019,-95.4291571302009,2.05076146622582));
#6312=CARTESIAN_POINT('',(204.711851327019,-112.74966520589,2.05076146622614));
#6313=CARTESIAN_POINT('Origin',(194.674071513614,-95.4509693156399,3.29999999999972));
#6314=CARTESIAN_POINT('Origin',(205.317699818174,-112.399878416433,2.07519111391787));
#6315=CARTESIAN_POINT('',(205.317699818174,-112.399878416433,2.07519111391787));
#6316=CARTESIAN_POINT('',(204.711851327019,-112.74966520589,2.05076146622614));
#6317=CARTESIAN_POINT('',(195.317699818174,-95.0793703407442,2.07519111391754));
#6318=CARTESIAN_POINT('',(205.317699818174,-112.399878416433,2.07519111391787));
#6319=CARTESIAN_POINT('',(198.873134949042,-93.0266389108511,2.2185570361009));
#6320=CARTESIAN_POINT('Origin',(205.295031930131,-112.412965727696,2.82473423418219));
#6321=CARTESIAN_POINT('',(205.944155313512,-112.038194167564,2.85090885670902));
#6322=CARTESIAN_POINT('Origin',(205.295031930131,-112.412965727696,2.82473423418219));
#6323=CARTESIAN_POINT('',(195.944155313512,-94.7176860918755,2.8509088567087));
#6324=CARTESIAN_POINT('',(205.944155313512,-112.038194167564,2.85090885670902));
#6325=CARTESIAN_POINT('Origin',(195.295031930131,-95.0924576520077,2.82473423418186));
#6326=CARTESIAN_POINT('Origin',(205.880107365851,-112.075172267388,4.96873732163575));
#6327=CARTESIAN_POINT('',(205.880107365851,-112.075172267388,4.96873732163575));
#6328=CARTESIAN_POINT('',(205.944155313512,-112.038194167564,2.85090885670902));
#6329=CARTESIAN_POINT('',(195.880107365851,-94.7546641916989,4.96873732163542));
#6330=CARTESIAN_POINT('',(205.880107365851,-112.075172267388,4.96873732163575));
#6331=CARTESIAN_POINT('',(195.959180243747,-94.7090114443597,2.35409004989809));
#6332=CARTESIAN_POINT('Origin',(206.157145991344,-111.915223942383,4.97990835881188));
#6333=CARTESIAN_POINT('',(206.353161289304,-111.802054457341,5.20624732889715));
#6334=CARTESIAN_POINT('Origin',(206.157145991344,-111.915223942383,4.97990835881188));
#6335=CARTESIAN_POINT('',(196.353161289304,-94.4815463816518,5.20624732889683));
#6336=CARTESIAN_POINT('',(206.353161289304,-111.802054457341,5.20624732889715));
#6337=CARTESIAN_POINT('Origin',(196.157145991344,-94.5947158666943,4.97990835881155));
#6338=CARTESIAN_POINT('Origin',(208.345782046047,-110.651614327042,2.90536706830028));
#6339=CARTESIAN_POINT('',(208.345782046047,-110.651614327042,2.90536706830027));
#6340=CARTESIAN_POINT('',(206.353161289304,-111.802054457341,5.20624732889715));
#6341=CARTESIAN_POINT('',(198.345782046047,-93.3311062513533,2.90536706829995));
#6342=CARTESIAN_POINT('',(208.345782046047,-110.651614327042,2.90536706830027));
#6343=CARTESIAN_POINT('',(200.013366956652,-92.3683256543191,0.979805874231554));
#6344=CARTESIAN_POINT('Origin',(206.784232335023,-111.553175473055,1.10224477627457));
#6345=CARTESIAN_POINT('',(208.992597114673,-110.278175473055,1.10224477627459));
#6346=CARTESIAN_POINT('Origin',(206.784232335023,-111.553175473055,1.10224477627457));
#6347=CARTESIAN_POINT('',(198.992597114673,-92.9576673973662,1.10224477627427));
#6348=CARTESIAN_POINT('',(208.992597114673,-110.278175473055,1.10224477627459));
#6349=CARTESIAN_POINT('Origin',(196.784232335023,-94.2326673973661,1.10224477627425));
#6350=CARTESIAN_POINT('Origin',(208.992597114673,-110.278175473055,-1.10224477627439));
#6351=CARTESIAN_POINT('',(208.992597114673,-110.278175473055,-1.10224477627439));
#6352=CARTESIAN_POINT('',(208.992597114673,-110.278175473055,1.10224477627459));
#6353=CARTESIAN_POINT('',(198.992597114673,-92.9576673973662,-1.10224477627471));
#6354=CARTESIAN_POINT('',(208.992597114673,-110.278175473055,-1.10224477627439));
#6355=CARTESIAN_POINT('',(198.992597114673,-92.9576673973662,-0.551122388137052));
#6356=CARTESIAN_POINT('Origin',(206.784232335023,-111.553175473055,-1.10224477627438));
#6357=CARTESIAN_POINT('',(208.345782046047,-110.651614327042,-2.90536706830008));
#6358=CARTESIAN_POINT('Origin',(206.784232335023,-111.553175473055,-1.10224477627438));
#6359=CARTESIAN_POINT('',(198.345782046047,-93.3311062513533,-2.90536706830041));
#6360=CARTESIAN_POINT('',(208.345782046047,-110.651614327042,-2.90536706830008));
#6361=CARTESIAN_POINT('Origin',(196.784232335023,-94.2326673973662,-1.1022447762747));
#6362=CARTESIAN_POINT('Origin',(206.353161289304,-111.802054457341,-5.20624732889693));
#6363=CARTESIAN_POINT('',(206.353161289304,-111.802054457341,-5.20624732889692));
#6364=CARTESIAN_POINT('',(208.345782046047,-110.651614327042,-2.90536706830008));
#6365=CARTESIAN_POINT('',(196.353161289304,-94.4815463816518,-5.20624732889725));
#6366=CARTESIAN_POINT('',(206.353161289304,-111.802054457341,-5.20624732889692));
#6367=CARTESIAN_POINT('',(199.017056578281,-92.9435457194682,-2.13024600453006));
#6368=CARTESIAN_POINT('Origin',(206.157145991344,-111.915223942383,-4.97990835881167));
#6369=CARTESIAN_POINT('',(205.88010736585,-112.075172267388,-4.96873732163555));
#6370=CARTESIAN_POINT('Origin',(206.157145991344,-111.915223942383,-4.97990835881167));
#6371=CARTESIAN_POINT('',(195.88010736585,-94.7546641916989,-4.96873732163587));
#6372=CARTESIAN_POINT('',(205.88010736585,-112.075172267388,-4.96873732163555));
#6373=CARTESIAN_POINT('Origin',(196.157145991344,-94.5947158666945,-4.979908358812));
#6374=CARTESIAN_POINT('Origin',(205.944155313512,-112.038194167564,-2.85090885670882));
#6375=CARTESIAN_POINT('',(205.944155313512,-112.038194167564,-2.85090885670882));
#6376=CARTESIAN_POINT('',(205.88010736585,-112.075172267388,-4.96873732163555));
#6377=CARTESIAN_POINT('',(195.944155313512,-94.7176860918755,-2.85090885670915));
#6378=CARTESIAN_POINT('',(205.944155313512,-112.038194167564,-2.85090885670882));
#6379=CARTESIAN_POINT('',(195.991204217578,-94.690522394448,-1.29517581743442));
#6380=CARTESIAN_POINT('Origin',(205.295031930131,-112.412965727696,-2.82473423418198));
#6381=CARTESIAN_POINT('',(205.317699818174,-112.399878416433,-2.07519111391765));
#6382=CARTESIAN_POINT('Origin',(205.295031930131,-112.412965727696,-2.82473423418198));
#6383=CARTESIAN_POINT('',(195.317699818174,-95.0793703407443,-2.07519111391798));
#6384=CARTESIAN_POINT('',(205.317699818174,-112.399878416433,-2.07519111391765));
#6385=CARTESIAN_POINT('Origin',(195.295031930131,-95.0924576520078,-2.8247342341823));
#6386=CARTESIAN_POINT('Origin',(204.711851327018,-112.74966520589,-2.05076146622594));
#6387=CARTESIAN_POINT('',(204.711851327018,-112.74966520589,-2.05076146622594));
#6388=CARTESIAN_POINT('',(205.317699818174,-112.399878416433,-2.07519111391765));
#6389=CARTESIAN_POINT('',(194.711851327018,-95.429157130201,-2.05076146622627));
#6390=CARTESIAN_POINT('',(204.711851327018,-112.74966520589,-2.05076146622594));
#6391=CARTESIAN_POINT('',(198.570210703465,-93.2015323055795,-2.20634221225541));
#6392=CARTESIAN_POINT('Origin',(204.674071513614,-112.771477391329,-3.29999999999982));
#6393=CARTESIAN_POINT('',(203.592199207979,-113.396096658216,-3.25637562912175));
#6394=CARTESIAN_POINT('Origin',(204.674071513614,-112.771477391329,-3.29999999999982));
#6395=CARTESIAN_POINT('',(193.592199207979,-96.0755885825269,-3.25637562912208));
#6396=CARTESIAN_POINT('',(203.592199207979,-113.396096658216,-3.25637562912175));
#6397=CARTESIAN_POINT('Origin',(194.674071513614,-95.4509693156401,-3.30000000000015));
#6398=CARTESIAN_POINT('Origin',(203.451327050681,-113.477429236153,-7.9144962330788));
#6399=CARTESIAN_POINT('',(203.451327050681,-113.477429236153,-7.9144962330788));
#6400=CARTESIAN_POINT('',(203.592199207979,-113.396096658216,-3.25637562912175));
#6401=CARTESIAN_POINT('',(193.451327050681,-96.1569211604646,-7.91449623307913));
#6402=CARTESIAN_POINT('',(203.451327050681,-113.477429236153,-7.9144962330788));
#6403=CARTESIAN_POINT('',(193.576367996077,-96.0847287369804,-3.77985518507116));
#6404=CARTESIAN_POINT('Origin',(205.571796769725,-112.253175473055,-7.99999999999983));
#6405=CARTESIAN_POINT('',(205.645845203997,-112.210423589594,-10.4485075261966));
#6406=CARTESIAN_POINT('Origin',(205.571796769725,-112.253175473055,-7.99999999999983));
#6407=CARTESIAN_POINT('',(195.645845203997,-94.8899155139057,-10.4485075261969));
#6408=CARTESIAN_POINT('',(205.645845203997,-112.210423589594,-10.4485075261966));
#6409=CARTESIAN_POINT('Origin',(195.571796769725,-94.9326673973663,-8.00000000000015));
#6410=CARTESIAN_POINT('Origin',(209.679895980916,-109.881363287616,-10.2858423703213));
#6411=CARTESIAN_POINT('',(209.679895980916,-109.881363287616,-10.2858423703213));
#6412=CARTESIAN_POINT('',(205.645845203997,-112.210423589594,-10.4485075261966));
#6413=CARTESIAN_POINT('',(199.679895980916,-92.5608552119272,-10.2858423703216));
#6414=CARTESIAN_POINT('',(209.679895980916,-109.881363287616,-10.2858423703213));
#6415=CARTESIAN_POINT('',(201.243574775561,-91.6580648389126,-10.2227901012909));
#6416=CARTESIAN_POINT('Origin',(215.320104019084,-106.624987658494,-10.2858423703214));
#6417=CARTESIAN_POINT('',(215.320104019084,-106.624987658494,-10.2858423703214));
#6418=CARTESIAN_POINT('',(215.320104019084,-106.624987658494,-10.2858423703214));
#6419=CARTESIAN_POINT('',(205.320104019084,-89.3044795828053,-10.2858423703217));
#6420=CARTESIAN_POINT('',(215.320104019084,-106.624987658494,-10.2858423703214));
#6421=CARTESIAN_POINT('',(203.910052009542,-90.1185734900858,-10.2858423703217));
#6422=CARTESIAN_POINT('',(202.948083469865,-96.0397418469693,-10.2858423703214));
#6423=CARTESIAN_POINT('Origin',(205.44857080825,-96.0397418469693,-10.2858423703214));
#6424=CARTESIAN_POINT('Origin',(219.354154796003,-104.295927356516,-10.4485075261966));
#6425=CARTESIAN_POINT('',(219.354154796003,-104.295927356516,-10.4485075261966));
#6426=CARTESIAN_POINT('',(215.320104019084,-106.624987658494,-10.2858423703214));
#6427=CARTESIAN_POINT('',(209.354154796003,-86.9754192808268,-10.448507526197));
#6428=CARTESIAN_POINT('',(219.354154796003,-104.295927356516,-10.4485075261966));
#6429=CARTESIAN_POINT('',(205.773450612898,-89.0427398048306,-10.3041226792286));
#6430=CARTESIAN_POINT('Origin',(219.428203230275,-104.253175473055,-7.99999999999982));
#6431=CARTESIAN_POINT('',(221.548672949319,-103.028921709957,-7.91449623307883));
#6432=CARTESIAN_POINT('Origin',(219.428203230275,-104.253175473055,-7.99999999999982));
#6433=CARTESIAN_POINT('',(211.548672949319,-85.7084136342678,-7.91449623307916));
#6434=CARTESIAN_POINT('',(221.548672949319,-103.028921709957,-7.91449623307883));
#6435=CARTESIAN_POINT('Origin',(209.428203230276,-86.9326673973664,-8.00000000000015));
#6436=CARTESIAN_POINT('Origin',(221.407800792021,-103.110254287894,-3.25637562912178));
#6437=CARTESIAN_POINT('',(221.407800792021,-103.110254287894,-3.25637562912178));
#6438=CARTESIAN_POINT('',(221.548672949319,-103.028921709957,-7.91449623307883));
#6439=CARTESIAN_POINT('',(211.407800792021,-85.7897462122056,-3.25637562912211));
#6440=CARTESIAN_POINT('',(221.407800792021,-103.110254287894,-3.25637562912178));
#6441=CARTESIAN_POINT('',(211.353195925274,-85.8212723467209,-1.45079488309257));
#6442=CARTESIAN_POINT('Origin',(220.325928486386,-103.734873554781,-3.29999999999984));
#6443=CARTESIAN_POINT('',(220.288148672982,-103.75668574022,-2.05076146622599));
#6444=CARTESIAN_POINT('Origin',(220.325928486386,-103.734873554781,-3.29999999999984));
#6445=CARTESIAN_POINT('',(210.288148672982,-86.4361776645315,-2.05076146622632));
#6446=CARTESIAN_POINT('',(220.288148672982,-103.75668574022,-2.05076146622599));
#6447=CARTESIAN_POINT('Origin',(210.325928486386,-86.4143654790925,-3.30000000000017));
#6448=CARTESIAN_POINT('Origin',(219.682300181826,-104.106472529677,-2.0751911139177));
#6449=CARTESIAN_POINT('',(219.682300181826,-104.106472529677,-2.0751911139177));
#6450=CARTESIAN_POINT('',(220.288148672982,-103.75668574022,-2.05076146622599));
#6451=CARTESIAN_POINT('',(209.682300181826,-86.7859644539882,-2.07519111391802));
#6452=CARTESIAN_POINT('',(219.682300181826,-104.106472529677,-2.0751911139177));
#6453=CARTESIAN_POINT('',(206.126865050958,-88.8386958838813,-2.21855703610128));
#6454=CARTESIAN_POINT('Origin',(219.704968069869,-104.093385218414,-2.82473423418202));
#6455=CARTESIAN_POINT('',(219.055844686488,-104.468156778546,-2.85090885670885));
#6456=CARTESIAN_POINT('Origin',(219.704968069869,-104.093385218414,-2.82473423418202));
#6457=CARTESIAN_POINT('',(209.055844686488,-87.1476487028569,-2.85090885670918));
#6458=CARTESIAN_POINT('',(219.055844686488,-104.468156778546,-2.85090885670885));
#6459=CARTESIAN_POINT('Origin',(209.704968069869,-86.7728771427248,-2.82473423418234));
#6460=CARTESIAN_POINT('Origin',(219.11989263415,-104.431178678722,-4.96873732163558));
#6461=CARTESIAN_POINT('',(219.11989263415,-104.431178678722,-4.96873732163558));
#6462=CARTESIAN_POINT('',(219.055844686488,-104.468156778546,-2.85090885670885));
#6463=CARTESIAN_POINT('',(209.11989263415,-87.1106706030336,-4.96873732163591));
#6464=CARTESIAN_POINT('',(219.11989263415,-104.431178678722,-4.96873732163558));
#6465=CARTESIAN_POINT('',(209.040819756253,-87.1563233503728,-2.35409004989786));
#6466=CARTESIAN_POINT('Origin',(218.842854008656,-104.591127003727,-4.97990835881171));
#6467=CARTESIAN_POINT('',(218.646838710696,-104.704296488769,-5.20624732889699));
#6468=CARTESIAN_POINT('Origin',(218.842854008656,-104.591127003727,-4.97990835881171));
#6469=CARTESIAN_POINT('',(208.646838710696,-87.3837884130807,-5.20624732889731));
#6470=CARTESIAN_POINT('',(218.646838710696,-104.704296488769,-5.20624732889699));
#6471=CARTESIAN_POINT('Origin',(208.842854008656,-87.2706189280381,-4.97990835881204));
#6472=CARTESIAN_POINT('Origin',(216.654217953953,-105.854736619068,-2.90536706830014));
#6473=CARTESIAN_POINT('',(216.654217953953,-105.854736619068,-2.90536706830015));
#6474=CARTESIAN_POINT('',(218.646838710696,-104.704296488769,-5.20624732889699));
#6475=CARTESIAN_POINT('',(206.654217953953,-88.5342285433792,-2.90536706830047));
#6476=CARTESIAN_POINT('',(216.654217953953,-105.854736619068,-2.90536706830015));
#6477=CARTESIAN_POINT('',(204.986633043348,-89.4970091404135,-0.97980587423171));
#6478=CARTESIAN_POINT('Origin',(218.215767664977,-104.953175473055,-1.10224477627442));
#6479=CARTESIAN_POINT('',(216.007402885327,-106.228175473055,-1.10224477627446));
#6480=CARTESIAN_POINT('Origin',(218.215767664977,-104.953175473055,-1.10224477627442));
#6481=CARTESIAN_POINT('',(206.007402885327,-88.9076673973663,-1.10224477627478));
#6482=CARTESIAN_POINT('',(216.007402885327,-106.228175473055,-1.10224477627446));
#6483=CARTESIAN_POINT('Origin',(208.215767664977,-87.6326673973663,-1.10224477627474));
#6484=CARTESIAN_POINT('Origin',(216.007402885327,-106.228175473055,1.1022447762745));
#6485=CARTESIAN_POINT('',(216.007402885327,-106.228175473055,1.1022447762745));
#6486=CARTESIAN_POINT('',(216.007402885327,-106.228175473055,-1.10224477627446));
#6487=CARTESIAN_POINT('',(206.007402885327,-88.9076673973663,1.10224477627417));
#6488=CARTESIAN_POINT('',(216.007402885327,-106.228175473055,1.1022447762745));
#6489=CARTESIAN_POINT('',(206.007402885327,-88.9076673973663,0.551122388137194));
#6490=CARTESIAN_POINT('Origin',(218.215767664977,-104.953175473055,1.10224477627449));
#6491=CARTESIAN_POINT('',(216.654217953953,-105.854736619068,2.90536706830019));
#6492=CARTESIAN_POINT('Origin',(218.215767664977,-104.953175473055,1.10224477627449));
#6493=CARTESIAN_POINT('',(206.654217953953,-88.5342285433791,2.90536706829987));
#6494=CARTESIAN_POINT('',(216.654217953953,-105.854736619068,2.90536706830019));
#6495=CARTESIAN_POINT('Origin',(208.215767664977,-87.6326673973662,1.10224477627416));
#6496=CARTESIAN_POINT('Origin',(218.646838710696,-104.704296488769,5.20624732889705));
#6497=CARTESIAN_POINT('',(218.646838710696,-104.704296488769,5.20624732889705));
#6498=CARTESIAN_POINT('',(216.654217953953,-105.854736619068,2.90536706830019));
#6499=CARTESIAN_POINT('',(208.646838710696,-87.3837884130807,5.20624732889672));
#6500=CARTESIAN_POINT('',(218.646838710696,-104.704296488769,5.20624732889705));
#6501=CARTESIAN_POINT('',(205.98294342172,-88.9217890752641,2.13024600452986));
#6502=CARTESIAN_POINT('Origin',(218.842854008656,-104.591127003727,4.97990835881178));
#6503=CARTESIAN_POINT('',(219.11989263415,-104.431178678722,4.96873732163566));
#6504=CARTESIAN_POINT('Origin',(218.842854008656,-104.591127003727,4.97990835881178));
#6505=CARTESIAN_POINT('',(209.11989263415,-87.1106706030336,4.96873732163533));
#6506=CARTESIAN_POINT('',(219.11989263415,-104.431178678722,4.96873732163566));
#6507=CARTESIAN_POINT('Origin',(208.842854008656,-87.2706189280379,4.97990835881146));
#6508=CARTESIAN_POINT('Origin',(219.055844686488,-104.468156778546,2.85090885670893));
#6509=CARTESIAN_POINT('',(219.11989263415,-104.431178678722,4.96873732163566));
#6510=CARTESIAN_POINT('',(209.008795782422,-87.1748124002845,1.29517581743456));
#6511=CARTESIAN_POINT('Origin',(210.02689089292,-103.805936132643,11.7123106012294));
#6512=CARTESIAN_POINT('',(212.217158215719,-102.438030419366,11.7123106012294));
#6513=CARTESIAN_POINT('',(212.217158215719,-102.438030419366,11.7123106012294));
#6514=CARTESIAN_POINT('',(212.261110254887,-102.511061301492,11.7123106012294));
#6515=CARTESIAN_POINT('Origin',(210.02689089292,-103.805936132643,11.7123106012294));
#6516=CARTESIAN_POINT('',(212.261110254887,-102.511061301492,11.7123106012294));
#6517=CARTESIAN_POINT('Origin',(200.,-121.584230058383,2.82473423418235));
#6518=CARTESIAN_POINT('',(200.,-122.333773178647,2.85090885670913));
#6519=CARTESIAN_POINT('',(200.,-121.61040468091,2.07519111391808));
#6520=CARTESIAN_POINT('Origin',(200.,-121.584230058383,2.82473423418235));
#6521=CARTESIAN_POINT('',(180.,-121.61040468091,2.07519111391806));
#6522=CARTESIAN_POINT('',(200.,-121.61040468091,2.07519111391808));
#6523=CARTESIAN_POINT('',(180.,-122.333773178647,2.85090885670911));
#6524=CARTESIAN_POINT('Origin',(180.,-121.584230058383,2.82473423418233));
#6525=CARTESIAN_POINT('',(200.,-122.333773178647,2.85090885670913));
#6526=CARTESIAN_POINT('Origin',(200.,-120.910831101996,2.05076146622629));
#6527=CARTESIAN_POINT('',(200.,-120.910831101996,2.05076146622629));
#6528=CARTESIAN_POINT('',(200.,-121.61040468091,2.07519111391808));
#6529=CARTESIAN_POINT('',(180.,-120.910831101996,2.05076146622627));
#6530=CARTESIAN_POINT('',(200.,-120.910831101996,2.05076146622629));
#6531=CARTESIAN_POINT('',(180.,-125.366080751239,2.20634221225591));
#6532=CARTESIAN_POINT('Origin',(200.,-120.867206731118,3.30000000000017));
#6533=CARTESIAN_POINT('',(200.,-119.617968197344,3.25637562912211));
#6534=CARTESIAN_POINT('Origin',(200.,-120.867206731118,3.30000000000017));
#6535=CARTESIAN_POINT('',(180.,-119.617968197344,3.25637562912208));
#6536=CARTESIAN_POINT('',(200.,-119.617968197344,3.25637562912211));
#6537=CARTESIAN_POINT('Origin',(180.,-120.867206731118,3.30000000000014));
#6538=CARTESIAN_POINT('Origin',(200.,-119.455303041469,7.91449623307916));
#6539=CARTESIAN_POINT('',(200.,-119.455303041469,7.91449623307916));
#6540=CARTESIAN_POINT('',(200.,-119.617968197344,3.25637562912211));
#6541=CARTESIAN_POINT('',(180.,-119.455303041469,7.91449623307913));
#6542=CARTESIAN_POINT('',(200.,-119.455303041469,7.91449623307916));
#6543=CARTESIAN_POINT('',(180.,-119.599687888437,3.77985518507134));
#6544=CARTESIAN_POINT('Origin',(200.,-121.903810567666,8.00000000000013));
#6545=CARTESIAN_POINT('',(200.,-121.989314334587,10.448507526197));
#6546=CARTESIAN_POINT('Origin',(200.,-121.903810567666,8.00000000000013));
#6547=CARTESIAN_POINT('',(180.,-121.989314334587,10.448507526197));
#6548=CARTESIAN_POINT('',(200.,-121.989314334587,10.448507526197));
#6549=CARTESIAN_POINT('Origin',(180.,-121.903810567666,8.0000000000001));
#6550=CARTESIAN_POINT('Origin',(200.,-126.647434938544,10.2858423703216));
#6551=CARTESIAN_POINT('',(200.,-126.647434938544,10.2858423703216));
#6552=CARTESIAN_POINT('',(200.,-121.989314334587,10.448507526197));
#6553=CARTESIAN_POINT('',(180.,-126.647434938544,10.2858423703216));
#6554=CARTESIAN_POINT('',(200.,-126.647434938544,10.2858423703216));
#6555=CARTESIAN_POINT('',(180.,-128.453015684573,10.2227901012908));
#6556=CARTESIAN_POINT('Origin',(200.,-133.029580409507,10.2744018216762));
#6557=CARTESIAN_POINT('',(200.,-133.029580409507,10.2744018216762));
#6558=CARTESIAN_POINT('',(200.,-126.647434938544,10.2858423703216));
#6559=CARTESIAN_POINT('',(180.,-133.029580409507,10.2744018216762));
#6560=CARTESIAN_POINT('',(200.,-133.029580409507,10.2744018216762));
#6561=CARTESIAN_POINT('',(180.,-131.475909358773,10.27718691163));
#6562=CARTESIAN_POINT('',(197.500487338384,-129.903810567666,10.2800050349048));
#6563=CARTESIAN_POINT('Origin',(195.,-129.903810567666,10.2800050349048));
#6564=CARTESIAN_POINT('',(187.500487338384,-129.903810567666,10.2800050349048));
#6565=CARTESIAN_POINT('Origin',(185.,-129.903810567666,10.2800050349048));
#6566=CARTESIAN_POINT('Origin',(200.,-133.203810567666,9.03660383654775));
#6567=CARTESIAN_POINT('',(200.,-133.160186196788,10.2858423703217));
#6568=CARTESIAN_POINT('Origin',(200.,-133.203810567666,9.03660383654775));
#6569=CARTESIAN_POINT('',(180.,-133.160186196788,10.2858423703216));
#6570=CARTESIAN_POINT('',(200.,-133.160186196788,10.2858423703217));
#6571=CARTESIAN_POINT('Origin',(180.,-133.203810567666,9.03660383654772));
#6572=CARTESIAN_POINT('Origin',(200.,-137.818306800745,10.448507526197));
#6573=CARTESIAN_POINT('',(200.,-137.818306800745,10.448507526197));
#6574=CARTESIAN_POINT('',(200.,-133.160186196788,10.2858423703217));
#6575=CARTESIAN_POINT('',(180.,-137.818306800745,10.4485075261969));
#6576=CARTESIAN_POINT('',(200.,-137.818306800745,10.448507526197));
#6577=CARTESIAN_POINT('',(180.,-133.683665752737,10.3041226792286));
#6578=CARTESIAN_POINT('Origin',(200.,-137.903810567666,8.0000000000001));
#6579=CARTESIAN_POINT('',(200.,-140.352318093863,7.91449623307917));
#6580=CARTESIAN_POINT('Origin',(200.,-137.903810567666,8.0000000000001));
#6581=CARTESIAN_POINT('',(180.,-140.352318093863,7.91449623307915));
#6582=CARTESIAN_POINT('',(200.,-140.352318093863,7.91449623307917));
#6583=CARTESIAN_POINT('Origin',(180.,-137.903810567666,8.00000000000008));
#6584=CARTESIAN_POINT('Origin',(200.,-140.189652937987,3.25637562912213));
#6585=CARTESIAN_POINT('',(200.,-140.189652937987,3.25637562912213));
#6586=CARTESIAN_POINT('',(200.,-140.352318093863,7.91449623307917));
#6587=CARTESIAN_POINT('',(180.,-140.189652937987,3.2563756291221));
#6588=CARTESIAN_POINT('',(200.,-140.189652937987,3.25637562912213));
#6589=CARTESIAN_POINT('',(180.,-140.126600668956,1.45079488309281));
#6590=CARTESIAN_POINT('Origin',(200.,-138.940414404213,3.30000000000014));
#6591=CARTESIAN_POINT('',(200.,-138.896790033335,2.05076146622631));
#6592=CARTESIAN_POINT('Origin',(200.,-138.940414404213,3.30000000000014));
#6593=CARTESIAN_POINT('',(180.,-138.896790033335,2.05076146622629));
#6594=CARTESIAN_POINT('',(200.,-138.896790033335,2.05076146622631));
#6595=CARTESIAN_POINT('Origin',(180.,-138.940414404213,3.30000000000012));
#6596=CARTESIAN_POINT('Origin',(200.,-138.197216454422,2.07519111391802));
#6597=CARTESIAN_POINT('',(200.,-138.197216454422,2.07519111391802));
#6598=CARTESIAN_POINT('',(200.,-138.896790033335,2.05076146622631));
#6599=CARTESIAN_POINT('',(180.,-138.197216454422,2.075191113918));
#6600=CARTESIAN_POINT('',(200.,-138.197216454422,2.07519111391802));
#6601=CARTESIAN_POINT('',(180.,-134.091753594636,2.21855703610129));
#6602=CARTESIAN_POINT('Origin',(200.,-138.223391076949,2.82473423418232));
#6603=CARTESIAN_POINT('',(200.,-137.473847956685,2.85090885670918));
#6604=CARTESIAN_POINT('Origin',(200.,-138.223391076949,2.82473423418232));
#6605=CARTESIAN_POINT('',(180.,-137.473847956685,2.85090885670916));
#6606=CARTESIAN_POINT('',(200.,-137.473847956685,2.85090885670918));
#6607=CARTESIAN_POINT('Origin',(180.,-138.223391076949,2.8247342341823));
#6608=CARTESIAN_POINT('Origin',(200.,-137.547804156331,4.96873732163589));
#6609=CARTESIAN_POINT('',(200.,-137.547804156331,4.96873732163589));
#6610=CARTESIAN_POINT('',(200.,-137.473847956685,2.85090885670918));
#6611=CARTESIAN_POINT('',(180.,-137.547804156331,4.96873732163587));
#6612=CARTESIAN_POINT('',(200.,-137.547804156331,4.96873732163589));
#6613=CARTESIAN_POINT('',(180.,-137.456498661653,2.35409004989816));
#6614=CARTESIAN_POINT('Origin',(200.,-137.227907506322,4.97990835881199));
#6615=CARTESIAN_POINT('',(200.,-137.001568536237,5.20624732889726));
#6616=CARTESIAN_POINT('Origin',(200.,-137.227907506322,4.97990835881199));
#6617=CARTESIAN_POINT('',(180.,-137.001568536237,5.20624732889724));
#6618=CARTESIAN_POINT('',(200.,-137.001568536237,5.20624732889726));
#6619=CARTESIAN_POINT('Origin',(180.,-137.227907506322,4.97990835881197));
#6620=CARTESIAN_POINT('Origin',(200.,-134.70068827564,2.9053670683004));
#6621=CARTESIAN_POINT('',(200.,-134.70068827564,2.9053670683004));
#6622=CARTESIAN_POINT('',(200.,-137.001568536237,5.20624732889726));
#6623=CARTESIAN_POINT('',(180.,-134.70068827564,2.90536706830037));
#6624=CARTESIAN_POINT('',(200.,-134.70068827564,2.9053670683004));
#6625=CARTESIAN_POINT('',(180.,-132.775127081571,0.979805874231775));
#6626=CARTESIAN_POINT('Origin',(200.,-136.503810567666,1.1022447762747));
#6627=CARTESIAN_POINT('',(200.,-133.953810567666,1.10224477627474));
#6628=CARTESIAN_POINT('Origin',(200.,-136.503810567666,1.1022447762747));
#6629=CARTESIAN_POINT('',(180.,-133.953810567666,1.10224477627472));
#6630=CARTESIAN_POINT('',(200.,-133.953810567666,1.10224477627474));
#6631=CARTESIAN_POINT('Origin',(180.,-136.503810567666,1.10224477627467));
#6632=CARTESIAN_POINT('Origin',(200.,-133.953810567666,-1.10224477627437));
#6633=CARTESIAN_POINT('',(200.,-133.953810567666,-1.10224477627437));
#6634=CARTESIAN_POINT('',(200.,-133.953810567666,1.10224477627474));
#6635=CARTESIAN_POINT('',(180.,-133.953810567666,-1.10224477627439));
#6636=CARTESIAN_POINT('',(200.,-133.953810567666,-1.10224477627437));
#6637=CARTESIAN_POINT('',(180.,-133.953810567666,-0.551122388137127));
#6638=CARTESIAN_POINT('Origin',(200.,-136.503810567666,-1.10224477627437));
#6639=CARTESIAN_POINT('',(200.,-134.70068827564,-2.90536706830006));
#6640=CARTESIAN_POINT('Origin',(200.,-136.503810567666,-1.10224477627437));
#6641=CARTESIAN_POINT('',(180.,-134.70068827564,-2.90536706830008));
#6642=CARTESIAN_POINT('',(200.,-134.70068827564,-2.90536706830006));
#6643=CARTESIAN_POINT('Origin',(180.,-136.503810567666,-1.10224477627439));
#6644=CARTESIAN_POINT('Origin',(200.,-137.001568536237,-5.20624732889694));
#6645=CARTESIAN_POINT('',(200.,-137.001568536237,-5.20624732889693));
#6646=CARTESIAN_POINT('',(200.,-134.70068827564,-2.90536706830006));
#6647=CARTESIAN_POINT('',(180.,-137.001568536237,-5.20624732889696));
#6648=CARTESIAN_POINT('',(200.,-137.001568536237,-5.20624732889693));
#6649=CARTESIAN_POINT('',(180.,-133.92556721187,-2.13024600452992));
#6650=CARTESIAN_POINT('Origin',(200.,-137.227907506322,-4.97990835881167));
#6651=CARTESIAN_POINT('',(200.,-137.547804156331,-4.96873732163555));
#6652=CARTESIAN_POINT('Origin',(200.,-137.227907506322,-4.97990835881167));
#6653=CARTESIAN_POINT('',(180.,-137.547804156331,-4.96873732163557));
#6654=CARTESIAN_POINT('',(200.,-137.547804156331,-4.96873732163555));
#6655=CARTESIAN_POINT('Origin',(180.,-137.227907506322,-4.97990835881169));
#6656=CARTESIAN_POINT('Origin',(200.,-137.473847956684,-2.85090885670882));
#6657=CARTESIAN_POINT('',(200.,-137.473847956684,-2.85090885670882));
#6658=CARTESIAN_POINT('',(200.,-137.547804156331,-4.96873732163555));
#6659=CARTESIAN_POINT('',(180.,-137.473847956684,-2.85090885670884));
#6660=CARTESIAN_POINT('',(200.,-137.473847956684,-2.85090885670882));
#6661=CARTESIAN_POINT('',(180.,-137.419520561829,-1.29517581743448));
#6662=CARTESIAN_POINT('Origin',(200.,-138.223391076949,-2.824734234182));
#6663=CARTESIAN_POINT('',(200.,-138.197216454422,-2.07519111391767));
#6664=CARTESIAN_POINT('Origin',(200.,-138.223391076949,-2.824734234182));
#6665=CARTESIAN_POINT('',(180.,-138.197216454422,-2.0751911139177));
#6666=CARTESIAN_POINT('',(200.,-138.197216454422,-2.07519111391767));
#6667=CARTESIAN_POINT('Origin',(180.,-138.223391076949,-2.82473423418202));
#6668=CARTESIAN_POINT('Origin',(200.,-138.896790033335,-2.05076146622596));
#6669=CARTESIAN_POINT('',(200.,-138.896790033335,-2.05076146622596));
#6670=CARTESIAN_POINT('',(200.,-138.197216454422,-2.07519111391767));
#6671=CARTESIAN_POINT('',(180.,-138.896790033335,-2.05076146622598));
#6672=CARTESIAN_POINT('',(200.,-138.896790033335,-2.05076146622596));
#6673=CARTESIAN_POINT('',(180.,-134.441540384092,-2.20634221225517));
#6674=CARTESIAN_POINT('Origin',(200.,-138.940414404213,-3.29999999999982));
#6675=CARTESIAN_POINT('',(200.,-140.189652937987,-3.25637562912177));
#6676=CARTESIAN_POINT('Origin',(200.,-138.940414404213,-3.29999999999982));
#6677=CARTESIAN_POINT('',(180.,-140.189652937987,-3.2563756291218));
#6678=CARTESIAN_POINT('',(200.,-140.189652937987,-3.25637562912177));
#6679=CARTESIAN_POINT('Origin',(180.,-138.940414404213,-3.29999999999984));
#6680=CARTESIAN_POINT('Origin',(200.,-140.352318093863,-7.91449623307882));
#6681=CARTESIAN_POINT('',(200.,-140.352318093863,-7.91449623307882));
#6682=CARTESIAN_POINT('',(200.,-140.189652937987,-3.25637562912177));
#6683=CARTESIAN_POINT('',(180.,-140.352318093863,-7.91449623307884));
#6684=CARTESIAN_POINT('',(200.,-140.352318093863,-7.91449623307882));
#6685=CARTESIAN_POINT('',(180.,-140.207933246894,-3.77985518507117));
#6686=CARTESIAN_POINT('Origin',(200.,-137.903810567666,-7.99999999999982));
#6687=CARTESIAN_POINT('',(200.,-137.818306800745,-10.4485075261966));
#6688=CARTESIAN_POINT('Origin',(200.,-137.903810567666,-7.99999999999982));
#6689=CARTESIAN_POINT('',(180.,-137.818306800745,-10.4485075261966));
#6690=CARTESIAN_POINT('',(200.,-137.818306800745,-10.4485075261966));
#6691=CARTESIAN_POINT('Origin',(180.,-137.903810567666,-7.99999999999984));
#6692=CARTESIAN_POINT('Origin',(200.,-133.160186196788,-10.2858423703213));
#6693=CARTESIAN_POINT('',(200.,-133.160186196788,-10.2858423703213));
#6694=CARTESIAN_POINT('',(200.,-137.818306800745,-10.4485075261966));
#6695=CARTESIAN_POINT('',(180.,-133.160186196788,-10.2858423703213));
#6696=CARTESIAN_POINT('',(200.,-133.160186196788,-10.2858423703213));
#6697=CARTESIAN_POINT('',(180.,-131.354605450759,-10.2227901012906));
#6698=CARTESIAN_POINT('Origin',(200.,-126.647434938544,-10.2858423703213));
#6699=CARTESIAN_POINT('',(200.,-126.647434938544,-10.2858423703213));
#6700=CARTESIAN_POINT('',(200.,-133.160186196788,-10.2858423703213));
#6701=CARTESIAN_POINT('',(180.,-126.647434938544,-10.2858423703213));
#6702=CARTESIAN_POINT('',(200.,-126.647434938544,-10.2858423703213));
#6703=CARTESIAN_POINT('',(180.,-128.275622753105,-10.2858423703213));
#6704=CARTESIAN_POINT('',(183.396654278115,-129.903810567666,-10.2858423703213));
#6705=CARTESIAN_POINT('Origin',(185.8971416165,-129.903810567666,-10.2858423703213));
#6706=CARTESIAN_POINT('Origin',(200.,-121.989314334587,-10.4485075261967));
#6707=CARTESIAN_POINT('',(200.,-121.989314334587,-10.4485075261967));
#6708=CARTESIAN_POINT('',(200.,-126.647434938544,-10.2858423703213));
#6709=CARTESIAN_POINT('',(180.,-121.989314334587,-10.4485075261967));
#6710=CARTESIAN_POINT('',(200.,-121.989314334587,-10.4485075261967));
#6711=CARTESIAN_POINT('',(180.,-126.123955382595,-10.3041226792282));
#6712=CARTESIAN_POINT('Origin',(200.,-121.903810567666,-7.99999999999985));
#6713=CARTESIAN_POINT('',(200.,-119.455303041469,-7.91449623307891));
#6714=CARTESIAN_POINT('Origin',(200.,-121.903810567666,-7.99999999999985));
#6715=CARTESIAN_POINT('',(180.,-119.455303041469,-7.91449623307893));
#6716=CARTESIAN_POINT('',(200.,-119.455303041469,-7.91449623307891));
#6717=CARTESIAN_POINT('Origin',(180.,-121.903810567666,-7.99999999999987));
#6718=CARTESIAN_POINT('Origin',(200.,-119.617968197344,-3.25637562912186));
#6719=CARTESIAN_POINT('',(200.,-119.617968197344,-3.25637562912186));
#6720=CARTESIAN_POINT('',(200.,-119.455303041469,-7.91449623307891));
#6721=CARTESIAN_POINT('',(180.,-119.617968197344,-3.25637562912188));
#6722=CARTESIAN_POINT('',(200.,-119.617968197344,-3.25637562912186));
#6723=CARTESIAN_POINT('',(180.,-119.681020466375,-1.45079488309271));
#6724=CARTESIAN_POINT('Origin',(200.,-120.867206731118,-3.29999999999987));
#6725=CARTESIAN_POINT('',(200.,-120.910831101996,-2.05076146622597));
#6726=CARTESIAN_POINT('Origin',(200.,-120.867206731118,-3.29999999999987));
#6727=CARTESIAN_POINT('',(180.,-120.910831101996,-2.05076146622599));
#6728=CARTESIAN_POINT('',(200.,-120.910831101996,-2.05076146622597));
#6729=CARTESIAN_POINT('Origin',(180.,-120.867206731118,-3.29999999999989));
#6730=CARTESIAN_POINT('Origin',(200.,-121.61040468091,-2.07519111391774));
#6731=CARTESIAN_POINT('',(200.,-121.61040468091,-2.07519111391774));
#6732=CARTESIAN_POINT('',(200.,-120.910831101996,-2.05076146622597));
#6733=CARTESIAN_POINT('',(180.,-121.61040468091,-2.07519111391777));
#6734=CARTESIAN_POINT('',(200.,-121.61040468091,-2.07519111391774));
#6735=CARTESIAN_POINT('',(180.,-125.715867540696,-2.21855703610147));
#6736=CARTESIAN_POINT('Origin',(200.,-121.584230058383,-2.82473423418203));
#6737=CARTESIAN_POINT('',(200.,-122.333773178647,-2.85090885670891));
#6738=CARTESIAN_POINT('Origin',(200.,-121.584230058383,-2.82473423418203));
#6739=CARTESIAN_POINT('',(180.,-122.333773178647,-2.85090885670894));
#6740=CARTESIAN_POINT('',(200.,-122.333773178647,-2.85090885670891));
#6741=CARTESIAN_POINT('Origin',(180.,-121.584230058383,-2.82473423418206));
#6742=CARTESIAN_POINT('Origin',(200.,-122.259816979001,-4.96873732163561));
#6743=CARTESIAN_POINT('',(200.,-122.259816979001,-4.96873732163561));
#6744=CARTESIAN_POINT('',(200.,-122.333773178647,-2.85090885670891));
#6745=CARTESIAN_POINT('',(180.,-122.259816979001,-4.96873732163563));
#6746=CARTESIAN_POINT('',(200.,-122.259816979001,-4.96873732163561));
#6747=CARTESIAN_POINT('',(180.,-122.351122473679,-2.35409004989796));
#6748=CARTESIAN_POINT('Origin',(200.,-122.579713629009,-4.9799083588117));
#6749=CARTESIAN_POINT('',(200.,-122.806052599095,-5.206247328897));
#6750=CARTESIAN_POINT('Origin',(200.,-122.579713629009,-4.9799083588117));
#6751=CARTESIAN_POINT('',(180.,-122.806052599095,-5.20624732889702));
#6752=CARTESIAN_POINT('',(200.,-122.806052599095,-5.206247328897));
#6753=CARTESIAN_POINT('Origin',(180.,-122.579713629009,-4.97990835881173));
#6754=CARTESIAN_POINT('Origin',(200.,-125.106932859692,-2.90536706830012));
#6755=CARTESIAN_POINT('',(200.,-125.106932859692,-2.90536706830012));
#6756=CARTESIAN_POINT('',(200.,-122.806052599095,-5.206247328897));
#6757=CARTESIAN_POINT('',(180.,-125.106932859692,-2.90536706830014));
#6758=CARTESIAN_POINT('',(200.,-125.106932859692,-2.90536706830012));
#6759=CARTESIAN_POINT('',(180.,-127.03249405376,-0.979805874231509));
#6760=CARTESIAN_POINT('Origin',(200.,-123.303810567666,-1.1022447762744));
#6761=CARTESIAN_POINT('',(200.,-125.853810567666,-1.10224477627444));
#6762=CARTESIAN_POINT('Origin',(200.,-123.303810567666,-1.1022447762744));
#6763=CARTESIAN_POINT('',(180.,-125.853810567666,-1.10224477627446));
#6764=CARTESIAN_POINT('',(200.,-125.853810567666,-1.10224477627444));
#6765=CARTESIAN_POINT('Origin',(180.,-123.303810567666,-1.10224477627443));
#6766=CARTESIAN_POINT('Origin',(200.,-125.853810567666,1.10224477627471));
#6767=CARTESIAN_POINT('',(200.,-125.853810567666,1.10224477627471));
#6768=CARTESIAN_POINT('',(200.,-125.853810567666,-1.10224477627444));
#6769=CARTESIAN_POINT('',(180.,-125.853810567666,1.10224477627468));
#6770=CARTESIAN_POINT('',(200.,-125.853810567666,1.10224477627471));
#6771=CARTESIAN_POINT('',(180.,-125.853810567666,0.551122388137379));
#6772=CARTESIAN_POINT('Origin',(200.,-123.303810567666,1.10224477627471));
#6773=CARTESIAN_POINT('',(200.,-125.106932859692,2.90536706830042));
#6774=CARTESIAN_POINT('Origin',(200.,-123.303810567666,1.10224477627471));
#6775=CARTESIAN_POINT('',(180.,-125.106932859692,2.9053670683004));
#6776=CARTESIAN_POINT('',(200.,-125.106932859692,2.90536706830042));
#6777=CARTESIAN_POINT('Origin',(180.,-123.303810567666,1.10224477627469));
#6778=CARTESIAN_POINT('Origin',(200.,-122.806052599095,5.20624732889729));
#6779=CARTESIAN_POINT('',(200.,-122.806052599095,5.20624732889729));
#6780=CARTESIAN_POINT('',(200.,-125.106932859692,2.90536706830042));
#6781=CARTESIAN_POINT('',(180.,-122.806052599095,5.20624732889727));
#6782=CARTESIAN_POINT('',(200.,-122.806052599095,5.20624732889729));
#6783=CARTESIAN_POINT('',(180.,-125.882053923462,2.13024600453019));
#6784=CARTESIAN_POINT('Origin',(200.,-122.579713629009,4.97990835881201));
#6785=CARTESIAN_POINT('',(200.,-122.259816979001,4.96873732163588));
#6786=CARTESIAN_POINT('Origin',(200.,-122.579713629009,4.97990835881201));
#6787=CARTESIAN_POINT('',(180.,-122.259816979001,4.96873732163586));
#6788=CARTESIAN_POINT('',(200.,-122.259816979001,4.96873732163588));
#6789=CARTESIAN_POINT('Origin',(180.,-122.579713629009,4.97990835881199));
#6790=CARTESIAN_POINT('Origin',(200.,-122.333773178647,2.85090885670913));
#6791=CARTESIAN_POINT('',(200.,-122.259816979001,4.96873732163588));
#6792=CARTESIAN_POINT('',(180.,-122.388100573502,1.29517581743484));
#6793=CARTESIAN_POINT('Origin',(205.,-95.2627944162884,11.7123106012294));
#6794=CARTESIAN_POINT('',(207.500487338385,-95.2627944162884,11.7123106012294));
#6795=CARTESIAN_POINT('Origin',(205.,-95.2627944162884,11.7123106012294));
#6796=CARTESIAN_POINT('',(207.500487338385,-95.2627944162884,11.7123106012294));
#6797=CARTESIAN_POINT('Origin',(195.,-129.903810567666,11.7123106012294));
#6798=CARTESIAN_POINT('',(197.500487338384,-129.903810567666,11.7123106012294));
#6799=CARTESIAN_POINT('Origin',(195.,-129.903810567666,11.7123106012295));
#6800=CARTESIAN_POINT('',(197.500487338384,-129.903810567666,11.7123106012294));
#6801=CARTESIAN_POINT('Origin',(212.217158215718,-102.438030419366,11.7123106012294));
#6802=CARTESIAN_POINT('',(213.484500059061,-104.543850638983,11.7123106012294));
#6803=CARTESIAN_POINT('Origin',(185.,-129.903810567666,11.7123106012294));
#6804=CARTESIAN_POINT('',(187.500487338384,-129.903810567666,11.7123106012294));
#6805=CARTESIAN_POINT('Origin',(185.,-129.903810567666,11.7123106012295));
#6806=CARTESIAN_POINT('',(187.500487338384,-129.903810567666,11.7123106012294));
#6807=CARTESIAN_POINT('Origin',(205.44857080825,-96.0397418469693,-11.7123106012292));
#6808=CARTESIAN_POINT('',(202.948083469865,-96.0397418469693,-11.7123106012292));
#6809=CARTESIAN_POINT('Origin',(205.44857080825,-96.0397418469693,-11.7123106012292));
#6810=CARTESIAN_POINT('',(202.948083469865,-96.0397418469693,-11.7123106012292));
#6811=CARTESIAN_POINT('Origin',(185.8971416165,-129.903810567666,-11.7123106012292));
#6812=CARTESIAN_POINT('',(183.396654278115,-129.903810567666,-11.7123106012292));
#6813=CARTESIAN_POINT('Origin',(185.8971416165,-129.903810567666,-11.7123106012292));
#6814=CARTESIAN_POINT('',(183.396654278115,-129.903810567666,-11.7123106012292));
#6815=CARTESIAN_POINT('Origin',(218.902342439141,-104.444016104272,-15.8055687379007));
#6816=CARTESIAN_POINT('',(215.691630642029,-108.005132065331,-15.8055687379007));
#6817=CARTESIAN_POINT('',(218.447599238168,-107.006362763908,-15.3444802595884));
#6818=CARTESIAN_POINT('Ctrl Pts',(218.447599238169,-107.006362763908,-15.3444802595883));
#6819=CARTESIAN_POINT('Ctrl Pts',(218.440738731427,-106.999411278879,-15.3263572372614));
#6820=CARTESIAN_POINT('Ctrl Pts',(218.433042374711,-106.992702317821,-15.308431593821));
#6821=CARTESIAN_POINT('Ctrl Pts',(218.392033591123,-106.961879087341,-15.2236289802484));
#6822=CARTESIAN_POINT('Ctrl Pts',(218.348225188886,-106.942254183315,-15.1619701443969));
#6823=CARTESIAN_POINT('Ctrl Pts',(218.225955602617,-106.911487490548,-15.0378215464178));
#6824=CARTESIAN_POINT('Ctrl Pts',(218.145080380913,-106.904611484757,-14.9824231481838));
#6825=CARTESIAN_POINT('Ctrl Pts',(217.935367180238,-106.909884321599,-14.8793909472504));
#6826=CARTESIAN_POINT('Ctrl Pts',(217.803039748257,-106.929866727036,-14.843554542484));
#6827=CARTESIAN_POINT('Ctrl Pts',(217.46039219636,-107.007532031683,-14.793014495575));
#6828=CARTESIAN_POINT('Ctrl Pts',(217.23052443496,-107.085639383404,-14.8015760700903));
#6829=CARTESIAN_POINT('Ctrl Pts',(216.739284116158,-107.291486417429,-14.8943059242136));
#6830=CARTESIAN_POINT('Ctrl Pts',(216.479354154416,-107.424621156841,-14.9905883670851));
#6831=CARTESIAN_POINT('Ctrl Pts',(216.121844267609,-107.638404228889,-15.2092412615196));
#6832=CARTESIAN_POINT('Ctrl Pts',(215.992786860674,-107.724153693333,-15.3121734340371));
#6833=CARTESIAN_POINT('Ctrl Pts',(215.796336426325,-107.878777039399,-15.5442476427145));
#6834=CARTESIAN_POINT('Ctrl Pts',(215.731157283158,-107.942959781529,-15.6617338791391));
#6835=CARTESIAN_POINT('Ctrl Pts',(215.695628874532,-107.998398384923,-15.7896347629539));
#6836=CARTESIAN_POINT('Ctrl Pts',(215.693562992934,-108.001785135385,-15.7975799693199));
#6837=CARTESIAN_POINT('Ctrl Pts',(215.691630642029,-108.005132065331,-15.8055687379005));
#6838=CARTESIAN_POINT('',(218.036317035357,-103.944016104272,-15.8055687379007));
#6839=CARTESIAN_POINT('',(219.670813688685,-104.887693187061,-15.3444802595884));
#6840=CARTESIAN_POINT('Origin',(220.786317035357,-99.1808763834576,-11.712));
#6841=CARTESIAN_POINT('',(217.072634070713,-105.613163961423,-11.7123106012292));
#6842=CARTESIAN_POINT('Ctrl Pts',(215.691630642029,-108.005132065331,-15.8055687379007));
#6843=CARTESIAN_POINT('Ctrl Pts',(215.757152945756,-107.891644106247,-15.5346849559089));
#6844=CARTESIAN_POINT('Ctrl Pts',(215.824618089634,-107.774789157398,-15.2679745614799));
#6845=CARTESIAN_POINT('Ctrl Pts',(215.894031194465,-107.654562486321,-15.006960085646));
#6846=CARTESIAN_POINT('Ctrl Pts',(215.944685598964,-107.566826741851,-14.8164840527518));
#6847=CARTESIAN_POINT('Ctrl Pts',(215.996377219503,-107.477295509714,-14.6290405552696));
#6848=CARTESIAN_POINT('Ctrl Pts',(216.049104658321,-107.385968906728,-14.4452039492558));
#6849=CARTESIAN_POINT('Ctrl Pts',(216.137644848435,-107.232612798938,-14.1365045621577));
#6850=CARTESIAN_POINT('Ctrl Pts',(216.231811245364,-107.069510406578,-13.8285376806994));
#6851=CARTESIAN_POINT('Ctrl Pts',(216.331645273139,-106.89659158583,-13.5276252508559));
#6852=CARTESIAN_POINT('Ctrl Pts',(216.413964389735,-106.754009693823,-13.2795049861576));
#6853=CARTESIAN_POINT('Ctrl Pts',(216.500137912447,-106.604753052548,-13.036186105305));
#6854=CARTESIAN_POINT('Ctrl Pts',(216.590188288202,-106.448782786257,-12.8012088285405));
#6855=CARTESIAN_POINT('Ctrl Pts',(216.635404649241,-106.370466534793,-12.6832213432781));
#6856=CARTESIAN_POINT('Ctrl Pts',(216.681598378667,-106.29045764762,-12.5673365310137));
#6857=CARTESIAN_POINT('Ctrl Pts',(216.728771265484,-106.208751810914,-12.4539971939309));
#6858=CARTESIAN_POINT('Ctrl Pts',(216.825237565274,-106.041667278459,-12.2222236645388));
#6859=CARTESIAN_POINT('Ctrl Pts',(216.927641980281,-105.864297804623,-11.9966661239688));
#6860=CARTESIAN_POINT('Ctrl Pts',(217.036051166516,-105.676527437034,-11.7833745974701));
#6861=CARTESIAN_POINT('Ctrl Pts',(217.048170382928,-105.655536321801,-11.7595304357505));
#6862=CARTESIAN_POINT('Ctrl Pts',(217.060364652008,-105.634415218001,-11.7358396129825));
#6863=CARTESIAN_POINT('Ctrl Pts',(217.072634070713,-105.613163961423,-11.7123106012292));
#6864=CARTESIAN_POINT('',(217.072634070713,-105.613163961423,-11.712));
#6865=CARTESIAN_POINT('',(217.072634070713,-105.613163961423,-5.85599999999996));
#6866=CARTESIAN_POINT('',(200.,-135.18383359093,-11.712));
#6867=CARTESIAN_POINT('',(216.076514442712,-107.338493767539,-11.712));
#6868=CARTESIAN_POINT('',(200.,-135.183833590931,-11.7123106012292));
#6869=CARTESIAN_POINT('',(200.,-135.18383359093,-5.85599999999999));
#6870=CARTESIAN_POINT('',(201.381003428684,-132.791865487023,-15.8055687379008));
#6871=CARTESIAN_POINT('Ctrl Pts',(200.,-135.18383359093,-11.7123106012292));
#6872=CARTESIAN_POINT('Ctrl Pts',(200.115641322579,-134.983536944768,-11.9340754707327));
#6873=CARTESIAN_POINT('Ctrl Pts',(200.224914763581,-134.794271402571,-12.1708056024046));
#6874=CARTESIAN_POINT('Ctrl Pts',(200.327884897057,-134.615921713621,-12.4157950429312));
#6875=CARTESIAN_POINT('Ctrl Pts',(200.396612831072,-134.496881315789,-12.5793144784663));
#6876=CARTESIAN_POINT('Ctrl Pts',(200.46253266539,-134.382703514314,-12.7465117431898));
#6877=CARTESIAN_POINT('Ctrl Pts',(200.525663601022,-134.273357526271,-12.9154082795093));
#6878=CARTESIAN_POINT('Ctrl Pts',(200.635014143549,-134.083956830778,-13.2079578464178));
#6879=CARTESIAN_POINT('Ctrl Pts',(200.742631805004,-133.897563776546,-13.5233580240297));
#6880=CARTESIAN_POINT('Ctrl Pts',(200.848589291983,-133.71404244845,-13.861377502882));
#6881=CARTESIAN_POINT('Ctrl Pts',(200.953711741819,-133.531967428019,-14.1967330942814));
#6882=CARTESIAN_POINT('Ctrl Pts',(201.057200081306,-133.352719044218,-14.5543528524524));
#6883=CARTESIAN_POINT('Ctrl Pts',(201.159125311579,-133.17617582395,-14.9340607571537));
#6884=CARTESIAN_POINT('Ctrl Pts',(201.233916984658,-133.046630246477,-15.2126864654131));
#6885=CARTESIAN_POINT('Ctrl Pts',(201.307867006013,-132.918541486972,-15.5032064940941));
#6886=CARTESIAN_POINT('Ctrl Pts',(201.381003428684,-132.791865487023,-15.8055687379008));
#6887=CARTESIAN_POINT('',(196.286317035357,-141.616121168895,-15.8055687379008));
#6888=CARTESIAN_POINT('',(211.286317035357,-115.635359055362,-15.8055687379008));
#6889=CARTESIAN_POINT('',(196.286317035357,-141.616121168895,-41.712));
#6890=CARTESIAN_POINT('',(196.286317035357,-141.616121168895,-11.712));
#6891=CARTESIAN_POINT('',(198.595718112115,-137.616121168895,-45.712));
#6892=CARTESIAN_POINT('Origin',(198.595718112115,-137.616121168895,-41.712));
#6893=CARTESIAN_POINT('',(218.476915958598,-103.180876383458,-45.712));
#6894=CARTESIAN_POINT('',(220.786317035357,-99.1808763834576,-45.712));
#6895=CARTESIAN_POINT('Origin',(218.476915958598,-103.180876383458,-41.712));
#6896=CARTESIAN_POINT('',(215.036317035357,-109.140168526979,-28.712));
#6897=CARTESIAN_POINT('Origin',(208.536317035357,-120.398498776176,-28.712));
#6898=CARTESIAN_POINT('Origin',(226.536317035357,-115.20234635347,-36.712));
#6899=CARTESIAN_POINT('',(226.536317035357,-115.20234635347,-36.712));
#6900=CARTESIAN_POINT('',(227.411317035357,-113.686801896847,-36.7120000000001));
#6901=CARTESIAN_POINT('',(226.536317035357,-115.20234635347,-36.712));
#6902=CARTESIAN_POINT('Ctrl Pts',(228.286317035357,-112.171257440224,-11.712));
#6903=CARTESIAN_POINT('Ctrl Pts',(226.405264196131,-108.913178350963,-11.7121035337431));
#6904=CARTESIAN_POINT('Ctrl Pts',(224.524211356905,-105.655099261702,-11.7122070674861));
#6905=CARTESIAN_POINT('Ctrl Pts',(222.643158517678,-102.39702017244,-11.7123106012292));
#6906=CARTESIAN_POINT('Ctrl Pts',(227.702983702023,-113.181620411306,-11.712));
#6907=CARTESIAN_POINT('Ctrl Pts',(225.94036425241,-109.630638667986,-11.7121035337431));
#6908=CARTESIAN_POINT('Ctrl Pts',(224.177744802796,-106.079656924666,-11.7122070674861));
#6909=CARTESIAN_POINT('Ctrl Pts',(222.415125353183,-102.528675181346,-11.7123106012292));
#6910=CARTESIAN_POINT('Ctrl Pts',(227.11965036869,-114.191983382388,-11.712));
#6911=CARTESIAN_POINT('Ctrl Pts',(225.475464308689,-110.348098985009,-11.7121035337431));
#6912=CARTESIAN_POINT('Ctrl Pts',(223.831278248688,-106.504214587631,-11.7122070674861));
#6913=CARTESIAN_POINT('Ctrl Pts',(222.187092188687,-102.660330190252,-11.7123106012292));
#6914=CARTESIAN_POINT('Ctrl Pts',(226.536317035357,-115.20234635347,-11.712));
#6915=CARTESIAN_POINT('Ctrl Pts',(225.010564364968,-111.065559302032,-11.7121035337431));
#6916=CARTESIAN_POINT('Ctrl Pts',(223.48481169458,-106.928772250595,-11.7122070674861));
#6917=CARTESIAN_POINT('Ctrl Pts',(221.959059024191,-102.791985199158,-11.7123106012292));
#6918=CARTESIAN_POINT('',(226.536317035357,-115.20234635347,-11.712));
#6919=CARTESIAN_POINT('',(225.451514442712,-117.081279560114,-11.712));
#6920=CARTESIAN_POINT('',(221.959059024191,-102.791985199158,-11.7123106012292));
#6921=CARTESIAN_POINT('',(222.643158517678,-102.39702017244,-11.7123106012292));
#6922=CARTESIAN_POINT('',(226.536317035357,-115.20234635347,-11.712));
#6923=CARTESIAN_POINT('Ctrl Pts',(226.536317035357,-115.20234635347,-11.712));
#6924=CARTESIAN_POINT('Ctrl Pts',(225.010564007092,-111.06555833172,-11.7121035337673));
#6925=CARTESIAN_POINT('Ctrl Pts',(223.484810978828,-106.92877030997,-11.7122070675347));
#6926=CARTESIAN_POINT('Ctrl Pts',(221.959057950564,-102.79198228822,-11.712310601302));
#6927=CARTESIAN_POINT('Ctrl Pts',(226.536317035357,-115.20234635347,-24.5918716097093));
#6928=CARTESIAN_POINT('Ctrl Pts',(224.171410129846,-111.55004404864,-20.2986835998855));
#6929=CARTESIAN_POINT('Ctrl Pts',(221.806503224335,-107.89774174381,-16.0054955900617));
#6930=CARTESIAN_POINT('Ctrl Pts',(219.441596318824,-104.24543943898,-11.7123075802378));
#6931=CARTESIAN_POINT('Ctrl Pts',(226.536317035357,-115.20234635347,-37.4717432194186));
#6932=CARTESIAN_POINT('Ctrl Pts',(223.332256252599,-112.034529765559,-28.8852636660036));
#6933=CARTESIAN_POINT('Ctrl Pts',(220.128195469842,-108.866713177649,-20.2987841125887));
#6934=CARTESIAN_POINT('Ctrl Pts',(216.924134687085,-105.698896589739,-11.7123045591737));
#6935=CARTESIAN_POINT('Ctrl Pts',(226.536317035357,-115.20234635347,-50.3516148291279));
#6936=CARTESIAN_POINT('Ctrl Pts',(222.493102375353,-112.519015482479,-37.4718437321218));
#6937=CARTESIAN_POINT('Ctrl Pts',(218.449887715349,-109.835684611489,-24.5920726351156));
#6938=CARTESIAN_POINT('Ctrl Pts',(214.406673055346,-107.152353740498,-11.7123015381095));
#6939=CARTESIAN_POINT('Ctrl Pts',(226.536317035357,-115.20234635347,-11.712));
#6940=CARTESIAN_POINT('Ctrl Pts',(226.536317035357,-115.20234635347,-20.0453333333333));
#6941=CARTESIAN_POINT('Ctrl Pts',(226.536317035357,-115.20234635347,-28.3786666666667));
#6942=CARTESIAN_POINT('Ctrl Pts',(226.536317035357,-115.20234635347,-36.712));
#6943=CARTESIAN_POINT('',(222.643158517678,-102.39702017244,-11.7123106012292));
#6944=CARTESIAN_POINT('Origin',(228.286317035357,-112.171257440224,-45.712));
#6945=CARTESIAN_POINT('',(225.976915958598,-116.171257440224,-45.712));
#6946=CARTESIAN_POINT('Origin',(225.976915958598,-116.171257440224,-41.712));
#6947=CARTESIAN_POINT('',(213.595718112115,-137.616121168895,-45.712));
#6948=CARTESIAN_POINT('',(228.286317035357,-112.171257440224,-45.712));
#6949=CARTESIAN_POINT('',(211.286317035357,-141.616121168895,-41.712));
#6950=CARTESIAN_POINT('Origin',(213.595718112115,-137.616121168895,-41.712));
#6951=CARTESIAN_POINT('',(211.286317035357,-141.616121168895,-36.712));
#6952=CARTESIAN_POINT('',(211.286317035357,-141.616121168895,-28.7121553006146));
#6953=CARTESIAN_POINT('',(213.036317035357,-138.58503225565,-36.712));
#6954=CARTESIAN_POINT('',(220.661317035357,-125.378144847937,-36.7120000000001));
#6955=CARTESIAN_POINT('',(213.036317035357,-138.58503225565,-11.712));
#6956=CARTESIAN_POINT('Ctrl Pts',(213.036317035357,-138.58503225565,-36.712));
#6957=CARTESIAN_POINT('Ctrl Pts',(213.036317035357,-138.58503225565,-28.3786666666667));
#6958=CARTESIAN_POINT('Ctrl Pts',(213.036317035357,-138.58503225565,-20.0453333333333));
#6959=CARTESIAN_POINT('Ctrl Pts',(213.036317035357,-138.58503225565,-11.712));
#6960=CARTESIAN_POINT('',(225.451514442712,-117.081279560114,-11.712));
#6961=CARTESIAN_POINT('',(226.286317035357,-115.635359055362,-28.712));
#6962=CARTESIAN_POINT('Origin',(219.786317035357,-126.89368930456,-28.712));
#6963=CARTESIAN_POINT('Origin',(212.152342439141,-116.135359055362,-15.8055687379008));
#6964=CARTESIAN_POINT('',(201.894028139201,-135.677988954023,-15.3444802595884));
#6965=CARTESIAN_POINT('Ctrl Pts',(201.381003428684,-132.791865487023,-15.8055687379008));
#6966=CARTESIAN_POINT('Ctrl Pts',(201.365759512835,-132.81826872378,-15.7425469980852));
#6967=CARTESIAN_POINT('Ctrl Pts',(201.352607803227,-132.852942777083,-15.6826182135352));
#6968=CARTESIAN_POINT('Ctrl Pts',(201.31375332201,-132.990466581608,-15.4897392393198));
#6969=CARTESIAN_POINT('Ctrl Pts',(201.294305886882,-133.129211414702,-15.3620409585127));
#6970=CARTESIAN_POINT('Ctrl Pts',(201.268829184957,-133.541825062731,-15.0865779707392));
#6971=CARTESIAN_POINT('Ctrl Pts',(201.273378955159,-133.838581684444,-14.9622143277683));
#6972=CARTESIAN_POINT('Ctrl Pts',(201.323151508324,-134.379887240972,-14.8270429030209));
#6973=CARTESIAN_POINT('Ctrl Pts',(201.360257450336,-134.621984049768,-14.7986827220262));
#6974=CARTESIAN_POINT('Ctrl Pts',(201.447872704174,-134.980842016141,-14.8122604685295));
#6975=CARTESIAN_POINT('Ctrl Pts',(201.490831981339,-135.120157320931,-14.8327648380959));
#6976=CARTESIAN_POINT('Ctrl Pts',(201.580570826632,-135.332966063634,-14.9055360942919));
#6977=CARTESIAN_POINT('Ctrl Pts',(201.622495144635,-135.413978154624,-14.9465702270703));
#6978=CARTESIAN_POINT('Ctrl Pts',(201.668620999763,-135.482216671782,-15.0012955313435));
#6979=CARTESIAN_POINT('Ctrl Pts',(201.692993130516,-135.51827276349,-15.0302114672662));
#6980=CARTESIAN_POINT('Ctrl Pts',(201.718263514162,-135.550375773001,-15.0626515248329));
#6981=CARTESIAN_POINT('Ctrl Pts',(201.788894598662,-135.62531175583,-15.1613827603253));
#6982=CARTESIAN_POINT('Ctrl Pts',(201.833466559694,-135.656748361975,-15.2323733686981));
#6983=CARTESIAN_POINT('Ctrl Pts',(201.881899008449,-135.674503556139,-15.3214620301718));
#6984=CARTESIAN_POINT('Ctrl Pts',(201.888008726886,-135.676418478476,-15.3329368583467));
#6985=CARTESIAN_POINT('Ctrl Pts',(201.894028139201,-135.677988954023,-15.3444802595884));
#6986=CARTESIAN_POINT('',(198.465645906461,-141.616121168895,-15.3444802595884));
#6987=CARTESIAN_POINT('',(212.920813688685,-116.579036138151,-15.3444802595884));
#6988=CARTESIAN_POINT('Origin',(197.441017573736,-141.616121168895,-15.8055687379008));
#6989=CARTESIAN_POINT('Ctrl Pts',(211.286317035357,-141.616121168895,-11.712));
#6990=CARTESIAN_POINT('Ctrl Pts',(207.524211356904,-141.616121168895,-11.7121035337431));
#6991=CARTESIAN_POINT('Ctrl Pts',(203.762105678452,-141.616121168895,-11.7122070674861));
#6992=CARTESIAN_POINT('Ctrl Pts',(200.,-141.616121168895,-11.7123106012292));
#6993=CARTESIAN_POINT('Ctrl Pts',(211.86965036869,-140.605758197813,-11.712));
#6994=CARTESIAN_POINT('Ctrl Pts',(207.913100245793,-140.854775848903,-11.7121035337431));
#6995=CARTESIAN_POINT('Ctrl Pts',(203.956550122896,-141.103793499994,-11.7122070674861));
#6996=CARTESIAN_POINT('Ctrl Pts',(200.,-141.352811151084,-11.7123106012292));
#6997=CARTESIAN_POINT('Ctrl Pts',(212.452983702023,-139.595395226731,-11.712));
#6998=CARTESIAN_POINT('Ctrl Pts',(208.301989134682,-140.093430528912,-11.7121035337431));
#6999=CARTESIAN_POINT('Ctrl Pts',(204.150994567341,-140.591465831092,-11.7122070674861));
#7000=CARTESIAN_POINT('Ctrl Pts',(200.,-141.089501133272,-11.7123106012292));
#7001=CARTESIAN_POINT('Ctrl Pts',(213.036317035357,-138.58503225565,-11.712));
#7002=CARTESIAN_POINT('Ctrl Pts',(208.690878023571,-139.33208520892,-11.7121035337431));
#7003=CARTESIAN_POINT('Ctrl Pts',(204.345439011785,-140.07913816219,-11.7122070674861));
#7004=CARTESIAN_POINT('Ctrl Pts',(200.,-140.826191115461,-11.7123106012292));
#7005=CARTESIAN_POINT('',(211.286317035357,-141.616121168895,-11.712));
#7006=CARTESIAN_POINT('',(225.451514442712,-117.081279560114,-11.712));
#7007=CARTESIAN_POINT('',(200.,-140.826191115461,-11.7123106012292));
#7008=CARTESIAN_POINT('',(213.036317035357,-138.58503225565,-11.712));
#7009=CARTESIAN_POINT('',(200.,-141.616121168895,-11.7123106012292));
#7010=CARTESIAN_POINT('',(200.,-118.191499966437,-11.7123106012292));
#7011=CARTESIAN_POINT('',(211.286317035357,-141.616121168895,-11.712));
#7012=CARTESIAN_POINT('Ctrl Pts',(213.036317035357,-138.58503225565,-11.712));
#7013=CARTESIAN_POINT('Ctrl Pts',(208.690874307245,-139.332085847818,-11.7121035338316));
#7014=CARTESIAN_POINT('Ctrl Pts',(204.345431579134,-140.079139439986,-11.7122070676632));
#7015=CARTESIAN_POINT('Ctrl Pts',(199.999988851022,-140.826193032155,-11.7123106014948));
#7016=CARTESIAN_POINT('Ctrl Pts',(213.036317035357,-138.58503225565,-24.5918714061151));
#7017=CARTESIAN_POINT('Ctrl Pts',(208.690874307245,-138.363113827886,-20.2986807995145));
#7018=CARTESIAN_POINT('Ctrl Pts',(204.345431579134,-138.141195400123,-16.0054901929139));
#7019=CARTESIAN_POINT('Ctrl Pts',(199.999988851022,-137.91927697236,-11.7122995863132));
#7020=CARTESIAN_POINT('Ctrl Pts',(213.036317035357,-138.58503225565,-37.4717428122302));
#7021=CARTESIAN_POINT('Ctrl Pts',(208.690874307245,-137.394141807955,-28.8852580651973));
#7022=CARTESIAN_POINT('Ctrl Pts',(204.345431579134,-136.20325136026,-20.2987733181645));
#7023=CARTESIAN_POINT('Ctrl Pts',(199.999988851022,-135.012360912565,-11.7122885711316));
#7024=CARTESIAN_POINT('Ctrl Pts',(213.036317035357,-138.58503225565,-50.3516142183453));
#7025=CARTESIAN_POINT('Ctrl Pts',(208.690874307245,-136.425169788023,-37.4718353308802));
#7026=CARTESIAN_POINT('Ctrl Pts',(204.345431579134,-134.265307320397,-24.5920564434151));
#7027=CARTESIAN_POINT('Ctrl Pts',(199.999988851022,-132.10544485277,-11.71227755595));
#7028=CARTESIAN_POINT('',(213.036317035357,-138.58503225565,-36.712));
#7029=CARTESIAN_POINT('',(200.,-118.191499966437,-11.7123106012292));
#7030=CARTESIAN_POINT('Origin',(213.036317035357,-138.58503225565,-36.712));
#7031=CARTESIAN_POINT('',(211.286317035357,-141.616121168895,-36.712));
#7032=CARTESIAN_POINT('Origin',(203.018158517678,-137.616121168895,-41.712));
#7033=CARTESIAN_POINT('',(186.475834592469,-141.616121168895,-41.712));
#7034=CARTESIAN_POINT('',(188.785235669227,-137.616121168895,-45.712));
#7035=CARTESIAN_POINT('Origin',(188.785235669227,-137.616121168895,-41.712));
#7036=CARTESIAN_POINT('',(203.018158517678,-137.616121168895,-45.712));
#7037=CARTESIAN_POINT('',(203.018158517678,-141.616121168895,-41.712));
#7038=CARTESIAN_POINT('Origin',(187.678455203191,-139.533121168895,-11.712));
#7039=CARTESIAN_POINT('',(202.35687166735,-114.109313346335,-11.7121360266204));
#7040=CARTESIAN_POINT('',(214.190555137971,-93.6128170665117,-11.7123106012292));
#7041=CARTESIAN_POINT('',(213.571674737154,-94.6847493645355,-45.712));
#7042=CARTESIAN_POINT('Origin',(213.571674737154,-94.6847493645355,-41.712));
#7043=CARTESIAN_POINT('',(214.678455203191,-92.7677493645355,-45.712));
#7044=CARTESIAN_POINT('',(186.475834592469,-141.616121168895,-11.7123106012292));
#7045=CARTESIAN_POINT('',(186.475834592469,-141.616121168895,-45.712));
#7046=CARTESIAN_POINT('',(200.,-118.191534821105,-11.7121360266204));
#7047=CARTESIAN_POINT('',(193.83924483261,-128.862320515997,-11.7123106012292));
#7048=CARTESIAN_POINT('',(200.,-118.191499966437,-11.712));
#7049=CARTESIAN_POINT('',(207.678455203191,-104.892105017518,-28.712));
#7050=CARTESIAN_POINT('Origin',(201.178455203191,-116.150435266715,-28.712));
#7051=CARTESIAN_POINT('Origin',(200.,-141.616121168895,-11.7123106012292));
#7052=CARTESIAN_POINT('',(180.,-141.616121168895,11.7123106012295));
#7053=CARTESIAN_POINT('',(200.,-141.616121168895,11.7123106012295));
#7054=CARTESIAN_POINT('',(180.,-141.616121168895,-11.7123106012292));
#7055=CARTESIAN_POINT('',(180.,-141.616121168895,-11.7123106012292));
#7056=CARTESIAN_POINT('',(200.,-141.616121168895,-11.7123106012292));
#7057=CARTESIAN_POINT('',(216.286317035357,-141.616121168895,-41.712));
#7058=CARTESIAN_POINT('',(210.518158517678,-141.616121168895,-41.712));
#7059=CARTESIAN_POINT('',(216.286317035357,-141.616121168895,-11.7121553006146));
#7060=CARTESIAN_POINT('',(200.,-141.616121168895,-11.712));
#7061=CARTESIAN_POINT('',(200.,-141.616121168895,-11.7123106012292));
#7062=CARTESIAN_POINT('',(200.,-141.616121168895,-11.712));
#7063=CARTESIAN_POINT('Origin',(210.518158517678,-137.616121168895,-41.712));
#7064=CARTESIAN_POINT('',(218.595718112115,-137.616121168895,-45.712));
#7065=CARTESIAN_POINT('Origin',(218.595718112115,-137.616121168895,-41.712));
#7066=CARTESIAN_POINT('',(210.518158517678,-137.616121168895,-45.712));
#7067=CARTESIAN_POINT('Origin',(230.786317035357,-116.501384459146,-11.712));
#7068=CARTESIAN_POINT('',(228.476915958598,-120.501384459146,-45.712));
#7069=CARTESIAN_POINT('',(230.786317035357,-116.501384459146,-45.712));
#7070=CARTESIAN_POINT('Origin',(228.476915958598,-120.501384459146,-41.712));
#7071=CARTESIAN_POINT('',(225.536317035357,-125.594651198883,-28.712));
#7072=CARTESIAN_POINT('Origin',(223.536317035357,-129.058752814021,-28.712));
#7073=CARTESIAN_POINT('',(224.336317035357,-127.673112167966,-36.962));
#7074=CARTESIAN_POINT('Origin',(223.536317035357,-129.058752814021,-36.962));
#7075=CARTESIAN_POINT('',(222.736317035357,-130.444393460076,-20.462));
#7076=CARTESIAN_POINT('Origin',(223.536317035357,-129.058752814021,-20.462));
#7077=CARTESIAN_POINT('Origin',(224.28188616138,-113.235379711099,-41.712));
#7078=CARTESIAN_POINT('',(224.28188616138,-113.235379711099,-45.712));
#7079=CARTESIAN_POINT('Origin',(220.53188616138,-106.740189182715,-41.712));
#7080=CARTESIAN_POINT('',(220.53188616138,-106.740189182715,-45.712));
#7081=CARTESIAN_POINT('Origin',(219.786317035357,-126.89368930456,-28.712));
#7082=CARTESIAN_POINT('',(226.286317035357,-115.635359055362,-28.712));
#7083=CARTESIAN_POINT('Origin',(222.643158517678,-102.39702017244,-11.7123106012292));
#7084=CARTESIAN_POINT('',(192.356841482322,-96.7888226979809,-11.7123106012292));
#7085=CARTESIAN_POINT('',(202.356841482322,-114.10933077367,-11.7123106012292));
#7086=CARTESIAN_POINT('',(212.643158517678,-85.0765120967516,-11.7123106012292));
#7087=CARTESIAN_POINT('Origin',(200.,-118.191499966437,-11.7123106012292));
#7088=CARTESIAN_POINT('',(180.,-118.191499966437,-11.7123106012292));
#7089=CARTESIAN_POINT('',(180.,-118.191499966437,-11.7123106012292));
#7090=CARTESIAN_POINT('',(200.,-118.191499966437,-11.7123106012292));
#7091=CARTESIAN_POINT('Origin',(206.036317035357,-118.233435266715,-45.712));
#7092=CARTESIAN_POINT('Origin',(212.5,-108.253175473055,8.65973959207622E-14));
#7093=CARTESIAN_POINT('',(213.325987036774,-107.776291635026,-11.712));
#7094=CARTESIAN_POINT('Origin',(200.,-129.903810567666,1.28600833685747E-13));
#7095=CARTESIAN_POINT('',(200.,-125.955190619167,-11.712));
#7096=CARTESIAN_POINT('Origin',(222.643158517678,-122.006570670668,-11.712));
#7097=CARTESIAN_POINT('Origin',(202.356841482322,-114.10933077367,0.));
#7098=CARTESIAN_POINT('Origin',(200.,-141.616121168895,0.));
#7099=CARTESIAN_POINT('Origin',(200.,-118.191499966437,0.));
#7100=CARTESIAN_POINT('',(202.356841482322,-114.10933077367,-11.7123106012292));
#7101=CARTESIAN_POINT('',(200.,-118.191499966437,11.7123106012295));
#7102=CARTESIAN_POINT('Origin',(200.,-118.191499966437,11.7123106012295));
#7103=CARTESIAN_POINT('',(180.,-118.191499966437,11.7123106012295));
#7104=CARTESIAN_POINT('',(180.,-118.191499966437,11.7123106012295));
#7105=CARTESIAN_POINT('',(200.,-118.191499966437,11.7123106012295));
#7106=CARTESIAN_POINT('Origin',(200.,-141.616121168895,11.7123106012295));
#7107=CARTESIAN_POINT('',(180.,-141.616121168895,11.7123106012295));
#7108=CARTESIAN_POINT('Origin',(180.,-129.903810567666,1.06396373193244E-13));
#7109=CARTESIAN_POINT('Origin',(221.518367842925,-127.89368930456,-28.712));
#7110=CARTESIAN_POINT('',(223.518367842925,-124.429587689422,-28.712));
#7111=CARTESIAN_POINT('Origin',(221.518367842926,-127.89368930456,-28.712));
#7112=CARTESIAN_POINT('',(223.518367842925,-124.429587689422,-28.712));
#7113=CARTESIAN_POINT('Origin',(221.518367842926,-127.89368930456,-20.462));
#7114=CARTESIAN_POINT('',(220.718367842925,-129.279329950615,-20.462));
#7115=CARTESIAN_POINT('Origin',(221.518367842926,-127.89368930456,-20.462));
#7116=CARTESIAN_POINT('',(220.718367842926,-129.279329950615,-20.462));
#7117=CARTESIAN_POINT('Origin',(221.518367842926,-127.89368930456,-28.712));
#7118=CARTESIAN_POINT('',(228.018367842925,-116.635359055362,-28.712));
#7119=CARTESIAN_POINT('Origin',(221.518367842926,-127.89368930456,-28.712));
#7120=CARTESIAN_POINT('',(222.318367842926,-126.508048658504,-36.962));
#7121=CARTESIAN_POINT('Origin',(221.518367842926,-127.89368930456,-36.962));
#7122=CARTESIAN_POINT('Origin',(221.518367842925,-127.89368930456,-36.962));
#7123=CARTESIAN_POINT('',(222.318367842926,-126.508048658505,-36.962));
#7124=CARTESIAN_POINT('Origin',(219.786317035357,-126.89368930456,-28.712));
#7125=CARTESIAN_POINT('',(226.286317035357,-115.635359055362,-28.712));
#7126=CARTESIAN_POINT('Origin',(221.036317035357,-126.89368930456,-45.712));
#7127=CARTESIAN_POINT('Origin',(202.356841482322,-114.10933077367,-11.7123106012292));
#7128=CARTESIAN_POINT('',(192.356841482322,-96.7888226979809,11.7123106012294));
#7129=CARTESIAN_POINT('',(202.356841482322,-114.10933077367,11.7123106012294));
#7130=CARTESIAN_POINT('',(192.356841482322,-96.7888226979809,-11.7123106012292));
#7131=CARTESIAN_POINT('Origin',(202.356841482322,-114.10933077367,11.7123106012294));
#7132=CARTESIAN_POINT('',(192.356841482322,-96.7888226979809,11.7123106012294));
#7133=CARTESIAN_POINT('Origin',(202.5,-90.9326673973662,8.65973959207622E-14));
#7134=CARTESIAN_POINT('Origin',(204.895716387273,-134.15526411081,24.7166883632945));
#7135=CARTESIAN_POINT('',(196.180508244788,-130.774233818986,42.5103327679388));
#7136=CARTESIAN_POINT('',(194.10613061447,-129.540988649739,41.0351840298899));
#7137=CARTESIAN_POINT('Origin',(195.86177534916,-128.939515820612,41.7807992130634));
#7138=CARTESIAN_POINT('',(203.140071652583,-134.756736939936,23.971073180121));
#7139=CARTESIAN_POINT('',(205.214449282901,-135.989982109184,25.4462219181699));
#7140=CARTESIAN_POINT('Origin',(203.458804548211,-136.59145493831,24.7006067349964));
#7141=CARTESIAN_POINT('',(213.231308256614,-124.932737120171,49.7517382316245));
#7142=CARTESIAN_POINT('',(222.265249294727,-130.148485410369,32.6876273818556));
#7143=CARTESIAN_POINT('',(214.986952991304,-124.331264291045,50.497353414798));
#7144=CARTESIAN_POINT('Origin',(221.946516399099,-128.313767411995,31.9580938269803));
#7145=CARTESIAN_POINT('',(214.668220095676,-122.496546292671,49.7678198599227));
#7146=CARTESIAN_POINT('Origin',(212.912575360986,-123.098019121798,49.0222046767491));
#7147=CARTESIAN_POINT('',(223.702161133789,-127.712294582869,32.7037090101538));
#7148=CARTESIAN_POINT('Origin',(224.020894029417,-129.547012581242,33.4332425650292));
#7149=CARTESIAN_POINT('',(211.572690144112,-104.677787719119,42.6825989719423));
#7150=CARTESIAN_POINT('',(220.606631182225,-109.893536009317,25.6184881221734));
#7151=CARTESIAN_POINT('',(211.253957248484,-102.843069720745,41.9530654170669));
#7152=CARTESIAN_POINT('Origin',(201.800186435709,-116.336505537258,17.6314674753142));
#7153=CARTESIAN_POINT('',(191.010600662906,-111.722230076186,33.9499631419095));
#7154=CARTESIAN_POINT('',(192.447512501968,-109.286039248687,33.9660447702077));
#7155=CARTESIAN_POINT('Origin',(192.766245397596,-111.12075724706,34.695578325083));
#7156=CARTESIAN_POINT('',(201.481453540081,-114.501787538884,16.9019339204388));
#7157=CARTESIAN_POINT('',(200.044541701019,-116.937978366384,16.8858522921406));
#7158=CARTESIAN_POINT('Origin',(199.725808805391,-115.103260368011,16.1563187372653));
#7159=CARTESIAN_POINT('',(194.424863510098,-131.375706648112,41.7647175847652));
#7160=CARTESIAN_POINT('Origin',(218.850986447535,-110.495008838443,24.8728729389999));
#7161=CARTESIAN_POINT('',(209.498312513794,-103.444542549872,41.2074502338934));
#7162=CARTESIAN_POINT('Origin',(209.817045409422,-105.279260548245,41.9369837887687));
#7163=CARTESIAN_POINT('',(218.532253551907,-108.660290840069,24.1433393841245));
#7164=CARTESIAN_POINT('Origin',(213.14093618849,-111.909612420374,22.2822872624123));
#7165=CARTESIAN_POINT('',(208.174499740629,-105.165163542659,41.0325263504664));
#7166=CARTESIAN_POINT('',(217.208440778742,-110.380911832856,23.9684155006976));
#7167=CARTESIAN_POINT('',(204.106995150377,-106.693864130176,39.3463981121811));
#7168=CARTESIAN_POINT('',(204.106995150377,-106.693864130176,39.3463981121811));
#7169=CARTESIAN_POINT('',(213.14093618849,-111.909612420374,22.2822872624123));
#7170=CARTESIAN_POINT('Origin',(207.418720307024,-113.837986591248,19.8422980380994));
#7171=CARTESIAN_POINT('',(198.384779268911,-108.62223830105,36.9064088878682));
#7172=CARTESIAN_POINT('',(204.106995150377,-106.693864130176,39.3463981121811));
#7173=CARTESIAN_POINT('',(207.418720307024,-113.837986591248,19.8422980380994));
#7174=CARTESIAN_POINT('Origin',(203.300814264863,-115.067751389958,18.0381151533187));
#7175=CARTESIAN_POINT('',(194.26687322675,-109.85200309976,35.1022260030876));
#7176=CARTESIAN_POINT('',(194.26687322675,-109.85200309976,35.1022260030876));
#7177=CARTESIAN_POINT('',(203.300814264863,-115.067751389958,18.0381151533187));
#7178=CARTESIAN_POINT('Origin',(203.605021596226,-117.342924917043,18.894586589619));
#7179=CARTESIAN_POINT('',(192.433026083179,-112.93072707392,35.0723962822072));
#7180=CARTESIAN_POINT('Origin',(194.571080558113,-112.127176626845,35.9586974393879));
#7181=CARTESIAN_POINT('',(201.466967121292,-118.146475364118,18.0082854324383));
#7182=CARTESIAN_POINT('Origin',(202.331541911573,-122.378511978987,19.7595489866655));
#7183=CARTESIAN_POINT('',(193.29760087346,-117.162763688789,36.8236598364344));
#7184=CARTESIAN_POINT('',(193.29760087346,-117.162763688789,36.8236598364344));
#7185=CARTESIAN_POINT('',(202.331541911573,-122.378511978987,19.7595489866655));
#7186=CARTESIAN_POINT('Origin',(203.422386031437,-121.968537261091,20.2117434546149));
#7187=CARTESIAN_POINT('',(194.62031106876,-117.887758128013,37.7455170934656));
#7188=CARTESIAN_POINT('Origin',(194.388444993324,-116.752788970893,37.2758543043837));
#7189=CARTESIAN_POINT('',(203.654252106873,-123.103506418211,20.6814062436968));
#7190=CARTESIAN_POINT('Origin',(204.265124813997,-122.87392057619,20.9346351457484));
#7191=CARTESIAN_POINT('',(195.231183775884,-117.658172285992,37.9987459955173));
#7192=CARTESIAN_POINT('',(195.231183775884,-117.658172285992,37.9987459955173));
#7193=CARTESIAN_POINT('',(204.265124813997,-122.87392057619,20.9346351457484));
#7194=CARTESIAN_POINT('Origin',(204.126005168736,-122.192939081918,20.6528374722993));
#7195=CARTESIAN_POINT('',(195.746570602541,-116.731205960983,37.9882650028377));
#7196=CARTESIAN_POINT('Origin',(195.092064130623,-116.97719079172,37.7169483220681));
#7197=CARTESIAN_POINT('',(204.780511640654,-121.946954251181,20.9241541530689));
#7198=CARTESIAN_POINT('Origin',(204.387430126329,-120.022846146301,20.1279369401482));
#7199=CARTESIAN_POINT('',(195.353489088216,-114.807097856103,37.192047789917));
#7200=CARTESIAN_POINT('',(195.353489088216,-114.807097856103,37.192047789917));
#7201=CARTESIAN_POINT('',(204.387430126329,-120.022846146301,20.1279369401482));
#7202=CARTESIAN_POINT('Origin',(204.666766194015,-119.917862562063,20.2437318756539));
#7203=CARTESIAN_POINT('',(195.796625165356,-114.427121332655,37.3105071288215));
#7204=CARTESIAN_POINT('Origin',(195.632825155902,-114.702114271866,37.3078427254227));
#7205=CARTESIAN_POINT('',(204.830566203469,-119.642869622852,20.2463962790527));
#7206=CARTESIAN_POINT('Origin',(207.208620812676,-121.075803651223,21.9433512852853));
#7207=CARTESIAN_POINT('',(198.174679774563,-115.860055361025,39.0074621350542));
#7208=CARTESIAN_POINT('',(198.174679774563,-115.860055361025,39.0074621350542));
#7209=CARTESIAN_POINT('',(207.208620812676,-121.075803651223,21.9433512852853));
#7210=CARTESIAN_POINT('Origin',(205.903713185104,-123.266526259239,21.922125399343));
#7211=CARTESIAN_POINT('',(199.11024624452,-117.295743124204,39.9415886455544));
#7212=CARTESIAN_POINT('Origin',(196.869772146992,-118.050777969041,38.9862362491118));
#7213=CARTESIAN_POINT('',(208.144187282632,-122.511491414402,22.8774777957856));
#7214=CARTESIAN_POINT('Origin',(208.485715477675,-124.537127512568,23.677434717809));
#7215=CARTESIAN_POINT('',(199.451774439563,-119.321379222371,40.7415455675778));
#7216=CARTESIAN_POINT('',(199.451774439563,-119.321379222371,40.7415455675778));
#7217=CARTESIAN_POINT('',(208.485715477675,-124.537127512568,23.677434717809));
#7218=CARTESIAN_POINT('Origin',(206.245241380148,-125.292162357405,22.7220823213663));
#7219=CARTESIAN_POINT('',(199.074901569333,-121.199356157591,41.1160396010876));
#7220=CARTESIAN_POINT('Origin',(197.211300342035,-120.076414067207,39.7861931711352));
#7221=CARTESIAN_POINT('',(208.108842607446,-126.415104447789,24.0519287513187));
#7222=CARTESIAN_POINT('Origin',(206.443710843805,-129.210583394236,24.0248433882269));
#7223=CARTESIAN_POINT('',(197.409769805692,-123.994835104038,41.0889542379958));
#7224=CARTESIAN_POINT('',(197.409769805692,-123.994835104038,41.0889542379958));
#7225=CARTESIAN_POINT('',(206.443710843805,-129.210583394236,24.0248433882269));
#7226=CARTESIAN_POINT('Origin',(206.209780186799,-129.069624815149,23.8579129073282));
#7227=CARTESIAN_POINT('',(196.893041758936,-123.938330679933,40.7981214132302));
#7228=CARTESIAN_POINT('Origin',(197.175839148686,-123.853876524952,40.9220237570971));
#7229=CARTESIAN_POINT('',(205.926982797049,-129.15407897013,23.7340105634614));
#7230=CARTESIAN_POINT('Origin',(205.663859674613,-127.186175172917,22.9932084349047));
#7231=CARTESIAN_POINT('',(196.629918636501,-121.970426882719,40.0573192846736));
#7232=CARTESIAN_POINT('',(196.629918636501,-121.970426882719,40.0573192846736));
#7233=CARTESIAN_POINT('',(205.663859674613,-127.186175172917,22.9932084349048));
#7234=CARTESIAN_POINT('Origin',(205.001243051683,-127.384057929245,22.7028954559241));
#7235=CARTESIAN_POINT('',(195.874177320296,-121.471827947082,39.5048211721316));
#7236=CARTESIAN_POINT('Origin',(195.96730201357,-122.168309639047,39.767006305693));
#7237=CARTESIAN_POINT('',(204.908118358409,-126.68757623728,22.4407103223628));
#7238=CARTESIAN_POINT('Origin',(204.289676177007,-126.872266809852,22.1697515419808));
#7239=CARTESIAN_POINT('',(195.255735138894,-121.656518519654,39.2338623917497));
#7240=CARTESIAN_POINT('',(195.255735138894,-121.656518519654,39.2338623917497));
#7241=CARTESIAN_POINT('',(204.289676177007,-126.872266809852,22.1697515419808));
#7242=CARTESIAN_POINT('Origin',(204.444883999131,-128.033069629793,22.606726764583));
#7243=CARTESIAN_POINT('',(194.306581922801,-123.147125933474,39.1869826493841));
#7244=CARTESIAN_POINT('Origin',(195.410942961018,-122.817321339595,39.6708376143518));
#7245=CARTESIAN_POINT('',(203.340522960914,-128.362874223672,22.1228717996153));
#7246=CARTESIAN_POINT('Origin',(203.919256913305,-132.691238572444,23.7522510036595));
#7247=CARTESIAN_POINT('',(194.885315875192,-127.475490282247,40.8163618534284));
#7248=CARTESIAN_POINT('',(194.885315875192,-127.475490282247,40.8163618534284));
#7249=CARTESIAN_POINT('',(203.919256913305,-132.691238572444,23.7522510036595));
#7250=CARTESIAN_POINT('Origin',(206.083804548211,-132.044821568442,24.7006067349964));
#7251=CARTESIAN_POINT('',(197.504321017953,-129.053612826199,42.6852566513658));
#7252=CARTESIAN_POINT('Origin',(197.049863510098,-126.829073278244,41.7647175847652));
#7253=CARTESIAN_POINT('',(206.538262056066,-134.269361116397,25.621145801597));
#7254=CARTESIAN_POINT('Origin',(210.605766646319,-132.740660528879,27.3072740398822));
#7255=CARTESIAN_POINT('',(201.571825608206,-127.524912238681,44.3713848896511));
#7256=CARTESIAN_POINT('',(201.571825608206,-127.524912238681,44.3713848896511));
#7257=CARTESIAN_POINT('',(210.605766646319,-132.740660528879,27.3072740398822));
#7258=CARTESIAN_POINT('Origin',(216.327982527784,-130.812286358005,29.7472632641951));
#7259=CARTESIAN_POINT('',(207.294041489671,-125.596538067807,46.8113741139639));
#7260=CARTESIAN_POINT('',(207.294041489671,-125.596538067807,46.8113741139639));
#7261=CARTESIAN_POINT('',(216.327982527784,-130.812286358005,29.7472632641951));
#7262=CARTESIAN_POINT('Origin',(220.445888569945,-129.582521559295,31.5514461489757));
#7263=CARTESIAN_POINT('',(211.411947531832,-124.366773269097,48.6155569987445));
#7264=CARTESIAN_POINT('',(211.411947531832,-124.366773269097,48.6155569987445));
#7265=CARTESIAN_POINT('',(220.445888569945,-129.582521559295,31.5514461489757));
#7266=CARTESIAN_POINT('Origin',(220.141681238582,-127.30734803221,30.6949747126754));
#7267=CARTESIAN_POINT('',(213.245794675403,-121.288049294938,48.645386719625));
#7268=CARTESIAN_POINT('Origin',(211.107740200469,-122.091599742013,47.7590855624443));
#7269=CARTESIAN_POINT('',(222.279735713516,-126.503797585135,31.5812758698561));
#7270=CARTESIAN_POINT('Origin',(221.415160923235,-122.271760970266,29.8300123156289));
#7271=CARTESIAN_POINT('',(212.381219885123,-117.056012680069,46.8941231653978));
#7272=CARTESIAN_POINT('',(212.381219885123,-117.056012680069,46.8941231653978));
#7273=CARTESIAN_POINT('',(221.415160923235,-122.271760970266,29.8300123156289));
#7274=CARTESIAN_POINT('Origin',(220.324316803371,-122.681735688162,29.3778178476796));
#7275=CARTESIAN_POINT('',(220.092450727935,-121.546766531042,28.9081550585977));
#7276=CARTESIAN_POINT('Origin',(211.290375765258,-117.465987397964,46.4419286974485));
#7277=CARTESIAN_POINT('Origin',(219.481578020811,-121.776352373063,28.6549261565461));
#7278=CARTESIAN_POINT('Origin',(219.35927270848,-124.627426802952,29.4616243621463));
#7279=CARTESIAN_POINT('',(210.325331670367,-119.411678512755,46.5257352119151));
#7280=CARTESIAN_POINT('',(210.325331670367,-119.411678512755,46.5257352119151));
#7281=CARTESIAN_POINT('',(219.35927270848,-124.627426802952,29.4616243621463));
#7282=CARTESIAN_POINT('Origin',(219.079936640793,-124.73241038719,29.3458294266406));
#7283=CARTESIAN_POINT('',(209.882195593226,-119.791655036203,46.4072758730106));
#7284=CARTESIAN_POINT('Origin',(210.04599560268,-119.516662096992,46.4099402764094));
#7285=CARTESIAN_POINT('',(218.916136631339,-125.007403326401,29.3431650232418));
#7286=CARTESIAN_POINT('Origin',(216.538082022132,-123.57446929803,27.6462100170091));
#7287=CARTESIAN_POINT('',(207.50414098402,-118.358721007833,44.7103208667779));
#7288=CARTESIAN_POINT('',(207.50414098402,-118.358721007833,44.7103208667779));
#7289=CARTESIAN_POINT('',(216.538082022132,-123.57446929803,27.6462100170091));
#7290=CARTESIAN_POINT('Origin',(217.842989649704,-121.383746690014,27.6674359029515));
#7291=CARTESIAN_POINT('',(206.568574514063,-116.923033244653,43.7761943562777));
#7292=CARTESIAN_POINT('Origin',(208.809048611591,-116.167998399817,44.7315467527203));
#7293=CARTESIAN_POINT('',(215.602515552176,-122.138781534851,26.7120835065089));
#7294=CARTESIAN_POINT('Origin',(215.260987357133,-120.113145436685,25.9121265844855));
#7295=CARTESIAN_POINT('',(206.22704631902,-114.897397146487,42.9762374342544));
#7296=CARTESIAN_POINT('',(206.22704631902,-114.897397146487,42.9762374342544));
#7297=CARTESIAN_POINT('',(215.260987357133,-120.113145436685,25.9121265844855));
#7298=CARTESIAN_POINT('Origin',(217.501461454661,-119.358110591848,26.8674789809281));
#7299=CARTESIAN_POINT('',(206.603919189249,-113.019420211267,42.6017434007446));
#7300=CARTESIAN_POINT('Origin',(208.467520416548,-114.14236230165,43.931589830697));
#7301=CARTESIAN_POINT('',(215.637860227362,-118.235168501464,25.5376325509757));
#7302=CARTESIAN_POINT('Origin',(217.302991991003,-115.439689555017,25.5647179140676));
#7303=CARTESIAN_POINT('',(208.26905095289,-110.22394126482,42.6288287638364));
#7304=CARTESIAN_POINT('',(208.26905095289,-110.22394126482,42.6288287638365));
#7305=CARTESIAN_POINT('',(217.302991991003,-115.439689555017,25.5647179140676));
#7306=CARTESIAN_POINT('Origin',(217.536922648009,-115.580648134104,25.7316483949663));
#7307=CARTESIAN_POINT('',(208.785778999646,-110.280445688925,42.919661588602));
#7308=CARTESIAN_POINT('Origin',(208.502981609897,-110.364899843906,42.7957592447352));
#7309=CARTESIAN_POINT('',(217.819720037759,-115.496193979123,25.8555507388332));
#7310=CARTESIAN_POINT('Origin',(218.082843160195,-117.464097776336,26.5963528673897));
#7311=CARTESIAN_POINT('',(209.048902122082,-112.248349486138,43.6604637171585));
#7312=CARTESIAN_POINT('',(209.048902122082,-112.248349486138,43.6604637171585));
#7313=CARTESIAN_POINT('',(218.082843160195,-117.464097776336,26.5963528673897));
#7314=CARTESIAN_POINT('Origin',(218.745459783125,-117.266215020009,26.8866658463704));
#7315=CARTESIAN_POINT('',(218.8385844764,-117.962696711973,27.1488509799317));
#7316=CARTESIAN_POINT('Origin',(209.711518745012,-112.050466729811,43.9507766961392));
#7317=CARTESIAN_POINT('Origin',(219.457026657801,-117.778006139401,27.4198097603137));
#7318=CARTESIAN_POINT('Origin',(219.827445921503,-111.959034376809,25.837310298635));
#7319=CARTESIAN_POINT('',(210.79350488339,-106.743286086611,42.9014211484038));
#7320=CARTESIAN_POINT('',(210.79350488339,-106.743286086611,42.9014211484038));
#7321=CARTESIAN_POINT('',(219.827445921503,-111.959034376809,25.837310298635));
#7322=CARTESIAN_POINT('Origin',(217.662898286597,-112.605451380811,24.8889545672981));
#7323=CARTESIAN_POINT('Origin',(208.628957248484,-107.389703090614,41.953065417067));
#7324=CARTESIAN_POINT('Origin',(220.287898286597,-108.058818010943,24.8889545672981));
#7325=CARTESIAN_POINT('',(190.691867767278,-109.887512077813,33.2204295870341));
#7326=CARTESIAN_POINT('Origin',(202.839410379291,-117.109388184429,41.8588915009161));
#7327=UNCERTAINTY_MEASURE_WITH_UNIT(LENGTH_MEASURE(0.01),#7331,
'DISTANCE_ACCURACY_VALUE',
'Maximum model space distance between geometric entities at asserted c
onnectivities');
#7328=UNCERTAINTY_MEASURE_WITH_UNIT(LENGTH_MEASURE(0.01),#7331,
'DISTANCE_ACCURACY_VALUE',
'Maximum model space distance between geometric entities at asserted c
onnectivities');
#7329=(
GEOMETRIC_REPRESENTATION_CONTEXT(3)
GLOBAL_UNCERTAINTY_ASSIGNED_CONTEXT((#7327))
GLOBAL_UNIT_ASSIGNED_CONTEXT((#7331,#7333,#7334))
REPRESENTATION_CONTEXT('','3D')
);
#7330=(
GEOMETRIC_REPRESENTATION_CONTEXT(3)
GLOBAL_UNCERTAINTY_ASSIGNED_CONTEXT((#7328))
GLOBAL_UNIT_ASSIGNED_CONTEXT((#7331,#7333,#7334))
REPRESENTATION_CONTEXT('','3D')
);
#7331=(
LENGTH_UNIT()
NAMED_UNIT(*)
SI_UNIT(.MILLI.,.METRE.)
);
#7332=(
LENGTH_UNIT()
NAMED_UNIT(*)
SI_UNIT($,.METRE.)
);
#7333=(
NAMED_UNIT(*)
PLANE_ANGLE_UNIT()
SI_UNIT($,.RADIAN.)
);
#7334=(
NAMED_UNIT(*)
SI_UNIT($,.STERADIAN.)
SOLID_ANGLE_UNIT()
);
#7335=SHAPE_DEFINITION_REPRESENTATION(#7336,#7337);
#7336=PRODUCT_DEFINITION_SHAPE('',$,#7339);
#7337=SHAPE_REPRESENTATION('',(#4109),#7329);
#7338=PRODUCT_DEFINITION_CONTEXT('part definition',#7343,'design');
#7339=PRODUCT_DEFINITION('2026-08-29-22-38-19-433','Motor_Mount',#7340,
#7338);
#7340=PRODUCT_DEFINITION_FORMATION('',$,#7345);
#7341=PRODUCT_RELATED_PRODUCT_CATEGORY('Motor_Mount','Motor_Mount',(#7345));
#7342=APPLICATION_PROTOCOL_DEFINITION('international standard',
'automotive_design',2009,#7343);
#7343=APPLICATION_CONTEXT(
'Core Data for Automotive Mechanical Design Process');
#7344=PRODUCT_CONTEXT('part definition',#7343,'mechanical');
#7345=PRODUCT('2026-08-29-22-38-19-433','Motor_Mount',$,(#7344));
#7346=PRESENTATION_STYLE_ASSIGNMENT((#7348));
#7347=PRESENTATION_STYLE_ASSIGNMENT((#7349));
#7348=SURFACE_STYLE_USAGE(.BOTH.,#7350);
#7349=SURFACE_STYLE_USAGE(.BOTH.,#7351);
#7350=SURFACE_SIDE_STYLE('',(#7352));
#7351=SURFACE_SIDE_STYLE('',(#7353));
#7352=SURFACE_STYLE_FILL_AREA(#7354);
#7353=SURFACE_STYLE_FILL_AREA(#7355);
#7354=FILL_AREA_STYLE('Steel - Satin',(#7356));
#7355=FILL_AREA_STYLE('ABS (White) (1)',(#7357));
#7356=FILL_AREA_STYLE_COLOUR('Steel - Satin',#7358);
#7357=FILL_AREA_STYLE_COLOUR('ABS (White) (1)',#7359);
#7358=COLOUR_RGB('Steel - Satin',0.627450980392157,0.627450980392157,0.627450980392157);
#7359=COLOUR_RGB('ABS (White) (1)',0.0745098039215686,0.129411764705882,
0.501960784313725);
ENDSEC;
END-ISO-10303-21;
