ISO-10303-21;
HEADER;
/* Generated by software containing ST-Developer
 * from STEP Tools, Inc. (www.steptools.com) 
 */

FILE_DESCRIPTION(
/* description */ (''),
/* implementation_level */ '2;1');

FILE_NAME(
/* name */ 'PCM_Mounting_Enclosure.step',
/* time_stamp */ '2026-08-29T23:05:29-05:00',
/* author */ (''),
/* organization */ (''),
/* preprocessor_version */ 'ST-DEVELOPER v20.1',
/* originating_system */ 'Autodesk Translation Framework v15.8.0.0',
/* authorisation */ '');

FILE_SCHEMA (('AUTOMOTIVE_DESIGN { 1 0 10303 214 3 1 1 }'));
ENDSEC;

DATA;
#10=MECHANICAL_DESIGN_GEOMETRIC_PRESENTATION_REPRESENTATION('',(#13),#6394);
#11=SHAPE_REPRESENTATION_RELATIONSHIP('SRR','None',#6401,#12);
#12=ADVANCED_BREP_SHAPE_REPRESENTATION('',(#14),#6393);
#13=STYLED_ITEM('',(#6410),#14);
#14=MANIFOLD_SOLID_BREP('Body1',#3648);
#15=FACE_BOUND('',#425,.T.);
#16=FACE_BOUND('',#427,.T.);
#17=FACE_BOUND('',#429,.T.);
#18=FACE_BOUND('',#431,.T.);
#19=FACE_BOUND('',#433,.T.);
#20=FACE_BOUND('',#435,.T.);
#21=FACE_BOUND('',#437,.T.);
#22=FACE_BOUND('',#439,.T.);
#23=FACE_BOUND('',#441,.T.);
#24=FACE_BOUND('',#443,.T.);
#25=FACE_BOUND('',#445,.T.);
#26=FACE_BOUND('',#447,.T.);
#27=FACE_BOUND('',#457,.T.);
#28=FACE_BOUND('',#473,.T.);
#29=FACE_BOUND('',#476,.T.);
#30=FACE_BOUND('',#481,.T.);
#31=FACE_BOUND('',#484,.T.);
#32=FACE_BOUND('',#493,.T.);
#33=FACE_BOUND('',#502,.T.);
#34=FACE_BOUND('',#503,.T.);
#35=FACE_BOUND('',#506,.T.);
#36=FACE_BOUND('',#508,.T.);
#37=FACE_BOUND('',#510,.T.);
#38=FACE_BOUND('',#593,.T.);
#39=FACE_BOUND('',#594,.T.);
#40=FACE_BOUND('',#595,.T.);
#41=FACE_BOUND('',#596,.T.);
#42=FACE_BOUND('',#597,.T.);
#43=FACE_BOUND('',#598,.T.);
#44=FACE_BOUND('',#599,.T.);
#45=FACE_BOUND('',#600,.T.);
#46=FACE_BOUND('',#601,.T.);
#47=FACE_BOUND('',#602,.T.);
#48=FACE_BOUND('',#603,.T.);
#49=FACE_BOUND('',#604,.T.);
#50=FACE_BOUND('',#609,.T.);
#51=FACE_BOUND('',#610,.T.);
#52=FACE_BOUND('',#613,.T.);
#53=FACE_BOUND('',#615,.T.);
#54=TOROIDAL_SURFACE('',#3761,4.,2.);
#55=TOROIDAL_SURFACE('',#3766,4.,2.);
#56=TOROIDAL_SURFACE('',#3793,4.,2.00000000000001);
#57=TOROIDAL_SURFACE('',#3865,4.,2.);
#58=ELLIPSE('',#3741,4.44890853114815,2.);
#59=ELLIPSE('',#3754,5.63850929932043,4.);
#60=B_SPLINE_CURVE_WITH_KNOTS('',3,(#5320,#5321,#5322,#5323,#5324),
 .UNSPECIFIED.,.F.,.F.,(4,1,4),(-0.429880504705417,-0.305749471601716,-0.21265119677394),
 .UNSPECIFIED.);
#61=B_SPLINE_CURVE_WITH_KNOTS('',3,(#5327,#5328,#5329,#5330,#5331),
 .UNSPECIFIED.,.F.,.F.,(4,1,4),(0.21265119677394,0.305749471601716,0.429880504705417),
 .UNSPECIFIED.);
#62=B_SPLINE_CURVE_WITH_KNOTS('',3,(#5358,#5359,#5360,#5361,#5362),
 .UNSPECIFIED.,.F.,.F.,(4,1,4),(0.217603229737519,0.323964017887358,0.430324806037197),
 .UNSPECIFIED.);
#63=B_SPLINE_CURVE_WITH_KNOTS('',3,(#5365,#5366,#5367,#5368,#5369),
 .UNSPECIFIED.,.F.,.F.,(4,1,4),(-0.430324806037197,-0.323964017887358,-0.217603229737519),
 .UNSPECIFIED.);
#64=B_SPLINE_CURVE_WITH_KNOTS('',3,(#5522,#5523,#5524,#5525),
 .UNSPECIFIED.,.F.,.F.,(4,4),(-0.204899564391345,0.),.UNSPECIFIED.);
#65=B_SPLINE_CURVE_WITH_KNOTS('',3,(#5544,#5545,#5546,#5547),
 .UNSPECIFIED.,.F.,.F.,(4,4),(0.,0.204899564391345),.UNSPECIFIED.);
#66=B_SPLINE_CURVE_WITH_KNOTS('',3,(#5783,#5784,#5785,#5786,#5787,#5788,
#5789,#5790,#5791,#5792),.UNSPECIFIED.,.F.,.F.,(4,2,2,2,4),(-0.456080436749374,
-0.358458832994973,-0.257355182838637,-0.128925268838242,0.),
 .UNSPECIFIED.);
#67=B_SPLINE_CURVE_WITH_KNOTS('',3,(#5796,#5797,#5798,#5799),
 .UNSPECIFIED.,.F.,.F.,(4,4),(0.,0.172363608733566),.UNSPECIFIED.);
#68=B_SPLINE_SURFACE_WITH_KNOTS('',3,3,((#5291,#5292,#5293,#5294,#5295),
(#5296,#5297,#5298,#5299,#5300),(#5301,#5302,#5303,#5304,#5305),(#5306,
#5307,#5308,#5309,#5310),(#5311,#5312,#5313,#5314,#5315)),.UNSPECIFIED.,
 .F.,.F.,.F.,(4,1,4),(4,1,4),(0.,0.571428571428571,1.),(0.21265119677394,
0.305749471601716,0.429880504705417),.UNSPECIFIED.);
#69=B_SPLINE_SURFACE_WITH_KNOTS('',3,3,((#5332,#5333,#5334,#5335,#5336),
(#5337,#5338,#5339,#5340,#5341),(#5342,#5343,#5344,#5345,#5346),(#5347,
#5348,#5349,#5350,#5351),(#5352,#5353,#5354,#5355,#5356)),.UNSPECIFIED.,
 .F.,.F.,.F.,(4,1,4),(4,1,4),(0.,0.5,1.),(0.217603229737519,0.323964017887358,
0.430324806037197),.UNSPECIFIED.);
#70=B_SPLINE_SURFACE_WITH_KNOTS('',3,3,((#5478,#5479,#5480,#5481),(#5482,
#5483,#5484,#5485),(#5486,#5487,#5488,#5489),(#5490,#5491,#5492,#5493),
(#5494,#5495,#5496,#5497)),.UNSPECIFIED.,.F.,.F.,.F.,(4,1,4),(4,4),(0.,
0.5,1.),(-0.786746196065514,-6.93889390390721E-17),.UNSPECIFIED.);
#71=B_SPLINE_SURFACE_WITH_KNOTS('',3,3,((#5526,#5527,#5528,#5529),(#5530,
#5531,#5532,#5533),(#5534,#5535,#5536,#5537),(#5538,#5539,#5540,#5541)),
 .UNSPECIFIED.,.F.,.F.,.F.,(4,4),(4,4),(0.,1.),(0.,0.204899564391345),
 .UNSPECIFIED.);
#72=PLANE('',#3665);
#73=PLANE('',#3669);
#74=PLANE('',#3673);
#75=PLANE('',#3677);
#76=PLANE('',#3678);
#77=PLANE('',#3680);
#78=PLANE('',#3682);
#79=PLANE('',#3684);
#80=PLANE('',#3686);
#81=PLANE('',#3688);
#82=PLANE('',#3690);
#83=PLANE('',#3692);
#84=PLANE('',#3694);
#85=PLANE('',#3696);
#86=PLANE('',#3698);
#87=PLANE('',#3700);
#88=PLANE('',#3702);
#89=PLANE('',#3734);
#90=PLANE('',#3738);
#91=PLANE('',#3742);
#92=PLANE('',#3769);
#93=PLANE('',#3771);
#94=PLANE('',#3773);
#95=PLANE('',#3775);
#96=PLANE('',#3777);
#97=PLANE('',#3779);
#98=PLANE('',#3781);
#99=PLANE('',#3783);
#100=PLANE('',#3785);
#101=PLANE('',#3787);
#102=PLANE('',#3789);
#103=PLANE('',#3791);
#104=PLANE('',#3799);
#105=PLANE('',#3800);
#106=PLANE('',#3805);
#107=PLANE('',#3809);
#108=PLANE('',#3810);
#109=PLANE('',#3817);
#110=PLANE('',#3851);
#111=PLANE('',#3852);
#112=PLANE('',#3859);
#113=PLANE('',#3868);
#114=PLANE('',#3875);
#115=PLANE('',#3894);
#116=PLANE('',#3895);
#117=PLANE('',#3918);
#118=PLANE('',#3919);
#119=PLANE('',#3925);
#120=PLANE('',#3931);
#121=PLANE('',#3937);
#122=PLANE('',#3939);
#123=PLANE('',#3940);
#124=PLANE('',#3941);
#125=PLANE('',#3942);
#126=PLANE('',#3943);
#127=PLANE('',#3944);
#128=PLANE('',#3945);
#129=PLANE('',#3948);
#130=PLANE('',#3949);
#131=PLANE('',#3976);
#132=PLANE('',#3979);
#133=PLANE('',#3982);
#134=PLANE('',#3985);
#135=PLANE('',#3990);
#136=PLANE('',#3993);
#137=PLANE('',#3998);
#138=PLANE('',#4001);
#139=PLANE('',#4006);
#140=PLANE('',#4009);
#141=PLANE('',#4012);
#142=PLANE('',#4015);
#143=PLANE('',#4018);
#144=PLANE('',#4021);
#145=PLANE('',#4024);
#146=PLANE('',#4027);
#147=PLANE('',#4030);
#148=PLANE('',#4033);
#149=PLANE('',#4036);
#150=PLANE('',#4039);
#151=PLANE('',#4042);
#152=PLANE('',#4045);
#153=PLANE('',#4048);
#154=PLANE('',#4049);
#155=PLANE('',#4050);
#156=PLANE('',#4051);
#157=PLANE('',#4052);
#158=PLANE('',#4053);
#159=PLANE('',#4060);
#160=PLANE('',#4061);
#161=PLANE('',#4062);
#162=PLANE('',#4063);
#163=PLANE('',#4064);
#164=PLANE('',#4069);
#165=PLANE('',#4072);
#166=PLANE('',#4073);
#167=FACE_OUTER_BOUND('',#372,.T.);
#168=FACE_OUTER_BOUND('',#373,.T.);
#169=FACE_OUTER_BOUND('',#374,.T.);
#170=FACE_OUTER_BOUND('',#375,.T.);
#171=FACE_OUTER_BOUND('',#376,.T.);
#172=FACE_OUTER_BOUND('',#377,.T.);
#173=FACE_OUTER_BOUND('',#378,.T.);
#174=FACE_OUTER_BOUND('',#379,.T.);
#175=FACE_OUTER_BOUND('',#380,.T.);
#176=FACE_OUTER_BOUND('',#381,.T.);
#177=FACE_OUTER_BOUND('',#382,.T.);
#178=FACE_OUTER_BOUND('',#383,.T.);
#179=FACE_OUTER_BOUND('',#384,.T.);
#180=FACE_OUTER_BOUND('',#385,.T.);
#181=FACE_OUTER_BOUND('',#386,.T.);
#182=FACE_OUTER_BOUND('',#387,.T.);
#183=FACE_OUTER_BOUND('',#388,.T.);
#184=FACE_OUTER_BOUND('',#389,.T.);
#185=FACE_OUTER_BOUND('',#390,.T.);
#186=FACE_OUTER_BOUND('',#391,.T.);
#187=FACE_OUTER_BOUND('',#392,.T.);
#188=FACE_OUTER_BOUND('',#393,.T.);
#189=FACE_OUTER_BOUND('',#394,.T.);
#190=FACE_OUTER_BOUND('',#395,.T.);
#191=FACE_OUTER_BOUND('',#396,.T.);
#192=FACE_OUTER_BOUND('',#397,.T.);
#193=FACE_OUTER_BOUND('',#398,.T.);
#194=FACE_OUTER_BOUND('',#399,.T.);
#195=FACE_OUTER_BOUND('',#400,.T.);
#196=FACE_OUTER_BOUND('',#401,.T.);
#197=FACE_OUTER_BOUND('',#402,.T.);
#198=FACE_OUTER_BOUND('',#403,.T.);
#199=FACE_OUTER_BOUND('',#404,.T.);
#200=FACE_OUTER_BOUND('',#405,.T.);
#201=FACE_OUTER_BOUND('',#406,.T.);
#202=FACE_OUTER_BOUND('',#407,.T.);
#203=FACE_OUTER_BOUND('',#408,.T.);
#204=FACE_OUTER_BOUND('',#409,.T.);
#205=FACE_OUTER_BOUND('',#410,.T.);
#206=FACE_OUTER_BOUND('',#411,.T.);
#207=FACE_OUTER_BOUND('',#412,.T.);
#208=FACE_OUTER_BOUND('',#413,.T.);
#209=FACE_OUTER_BOUND('',#414,.T.);
#210=FACE_OUTER_BOUND('',#415,.T.);
#211=FACE_OUTER_BOUND('',#416,.T.);
#212=FACE_OUTER_BOUND('',#417,.T.);
#213=FACE_OUTER_BOUND('',#418,.T.);
#214=FACE_OUTER_BOUND('',#419,.T.);
#215=FACE_OUTER_BOUND('',#420,.T.);
#216=FACE_OUTER_BOUND('',#421,.T.);
#217=FACE_OUTER_BOUND('',#422,.T.);
#218=FACE_OUTER_BOUND('',#423,.T.);
#219=FACE_OUTER_BOUND('',#424,.T.);
#220=FACE_OUTER_BOUND('',#426,.T.);
#221=FACE_OUTER_BOUND('',#428,.T.);
#222=FACE_OUTER_BOUND('',#430,.T.);
#223=FACE_OUTER_BOUND('',#432,.T.);
#224=FACE_OUTER_BOUND('',#434,.T.);
#225=FACE_OUTER_BOUND('',#436,.T.);
#226=FACE_OUTER_BOUND('',#438,.T.);
#227=FACE_OUTER_BOUND('',#440,.T.);
#228=FACE_OUTER_BOUND('',#442,.T.);
#229=FACE_OUTER_BOUND('',#444,.T.);
#230=FACE_OUTER_BOUND('',#446,.T.);
#231=FACE_OUTER_BOUND('',#448,.T.);
#232=FACE_OUTER_BOUND('',#449,.T.);
#233=FACE_OUTER_BOUND('',#450,.T.);
#234=FACE_OUTER_BOUND('',#451,.T.);
#235=FACE_OUTER_BOUND('',#452,.T.);
#236=FACE_OUTER_BOUND('',#453,.T.);
#237=FACE_OUTER_BOUND('',#454,.T.);
#238=FACE_OUTER_BOUND('',#455,.T.);
#239=FACE_OUTER_BOUND('',#456,.T.);
#240=FACE_OUTER_BOUND('',#458,.T.);
#241=FACE_OUTER_BOUND('',#459,.T.);
#242=FACE_OUTER_BOUND('',#460,.T.);
#243=FACE_OUTER_BOUND('',#461,.T.);
#244=FACE_OUTER_BOUND('',#462,.T.);
#245=FACE_OUTER_BOUND('',#463,.T.);
#246=FACE_OUTER_BOUND('',#464,.T.);
#247=FACE_OUTER_BOUND('',#465,.T.);
#248=FACE_OUTER_BOUND('',#466,.T.);
#249=FACE_OUTER_BOUND('',#467,.T.);
#250=FACE_OUTER_BOUND('',#468,.T.);
#251=FACE_OUTER_BOUND('',#469,.T.);
#252=FACE_OUTER_BOUND('',#470,.T.);
#253=FACE_OUTER_BOUND('',#471,.T.);
#254=FACE_OUTER_BOUND('',#472,.T.);
#255=FACE_OUTER_BOUND('',#474,.T.);
#256=FACE_OUTER_BOUND('',#475,.T.);
#257=FACE_OUTER_BOUND('',#477,.T.);
#258=FACE_OUTER_BOUND('',#478,.T.);
#259=FACE_OUTER_BOUND('',#479,.T.);
#260=FACE_OUTER_BOUND('',#480,.T.);
#261=FACE_OUTER_BOUND('',#482,.T.);
#262=FACE_OUTER_BOUND('',#483,.T.);
#263=FACE_OUTER_BOUND('',#485,.T.);
#264=FACE_OUTER_BOUND('',#486,.T.);
#265=FACE_OUTER_BOUND('',#487,.T.);
#266=FACE_OUTER_BOUND('',#488,.T.);
#267=FACE_OUTER_BOUND('',#489,.T.);
#268=FACE_OUTER_BOUND('',#490,.T.);
#269=FACE_OUTER_BOUND('',#491,.T.);
#270=FACE_OUTER_BOUND('',#492,.T.);
#271=FACE_OUTER_BOUND('',#494,.T.);
#272=FACE_OUTER_BOUND('',#495,.T.);
#273=FACE_OUTER_BOUND('',#496,.T.);
#274=FACE_OUTER_BOUND('',#497,.T.);
#275=FACE_OUTER_BOUND('',#498,.T.);
#276=FACE_OUTER_BOUND('',#499,.T.);
#277=FACE_OUTER_BOUND('',#500,.T.);
#278=FACE_OUTER_BOUND('',#501,.T.);
#279=FACE_OUTER_BOUND('',#504,.T.);
#280=FACE_OUTER_BOUND('',#505,.T.);
#281=FACE_OUTER_BOUND('',#507,.T.);
#282=FACE_OUTER_BOUND('',#509,.T.);
#283=FACE_OUTER_BOUND('',#511,.T.);
#284=FACE_OUTER_BOUND('',#512,.T.);
#285=FACE_OUTER_BOUND('',#513,.T.);
#286=FACE_OUTER_BOUND('',#514,.T.);
#287=FACE_OUTER_BOUND('',#515,.T.);
#288=FACE_OUTER_BOUND('',#516,.T.);
#289=FACE_OUTER_BOUND('',#517,.T.);
#290=FACE_OUTER_BOUND('',#518,.T.);
#291=FACE_OUTER_BOUND('',#519,.T.);
#292=FACE_OUTER_BOUND('',#520,.T.);
#293=FACE_OUTER_BOUND('',#521,.T.);
#294=FACE_OUTER_BOUND('',#522,.T.);
#295=FACE_OUTER_BOUND('',#523,.T.);
#296=FACE_OUTER_BOUND('',#524,.T.);
#297=FACE_OUTER_BOUND('',#525,.T.);
#298=FACE_OUTER_BOUND('',#526,.T.);
#299=FACE_OUTER_BOUND('',#527,.T.);
#300=FACE_OUTER_BOUND('',#528,.T.);
#301=FACE_OUTER_BOUND('',#529,.T.);
#302=FACE_OUTER_BOUND('',#530,.T.);
#303=FACE_OUTER_BOUND('',#531,.T.);
#304=FACE_OUTER_BOUND('',#532,.T.);
#305=FACE_OUTER_BOUND('',#533,.T.);
#306=FACE_OUTER_BOUND('',#534,.T.);
#307=FACE_OUTER_BOUND('',#535,.T.);
#308=FACE_OUTER_BOUND('',#536,.T.);
#309=FACE_OUTER_BOUND('',#537,.T.);
#310=FACE_OUTER_BOUND('',#538,.T.);
#311=FACE_OUTER_BOUND('',#539,.T.);
#312=FACE_OUTER_BOUND('',#540,.T.);
#313=FACE_OUTER_BOUND('',#541,.T.);
#314=FACE_OUTER_BOUND('',#542,.T.);
#315=FACE_OUTER_BOUND('',#543,.T.);
#316=FACE_OUTER_BOUND('',#544,.T.);
#317=FACE_OUTER_BOUND('',#545,.T.);
#318=FACE_OUTER_BOUND('',#546,.T.);
#319=FACE_OUTER_BOUND('',#547,.T.);
#320=FACE_OUTER_BOUND('',#548,.T.);
#321=FACE_OUTER_BOUND('',#549,.T.);
#322=FACE_OUTER_BOUND('',#550,.T.);
#323=FACE_OUTER_BOUND('',#551,.T.);
#324=FACE_OUTER_BOUND('',#552,.T.);
#325=FACE_OUTER_BOUND('',#553,.T.);
#326=FACE_OUTER_BOUND('',#554,.T.);
#327=FACE_OUTER_BOUND('',#555,.T.);
#328=FACE_OUTER_BOUND('',#556,.T.);
#329=FACE_OUTER_BOUND('',#557,.T.);
#330=FACE_OUTER_BOUND('',#558,.T.);
#331=FACE_OUTER_BOUND('',#559,.T.);
#332=FACE_OUTER_BOUND('',#560,.T.);
#333=FACE_OUTER_BOUND('',#561,.T.);
#334=FACE_OUTER_BOUND('',#562,.T.);
#335=FACE_OUTER_BOUND('',#563,.T.);
#336=FACE_OUTER_BOUND('',#564,.T.);
#337=FACE_OUTER_BOUND('',#565,.T.);
#338=FACE_OUTER_BOUND('',#566,.T.);
#339=FACE_OUTER_BOUND('',#567,.T.);
#340=FACE_OUTER_BOUND('',#568,.T.);
#341=FACE_OUTER_BOUND('',#569,.T.);
#342=FACE_OUTER_BOUND('',#570,.T.);
#343=FACE_OUTER_BOUND('',#571,.T.);
#344=FACE_OUTER_BOUND('',#572,.T.);
#345=FACE_OUTER_BOUND('',#573,.T.);
#346=FACE_OUTER_BOUND('',#574,.T.);
#347=FACE_OUTER_BOUND('',#575,.T.);
#348=FACE_OUTER_BOUND('',#576,.T.);
#349=FACE_OUTER_BOUND('',#577,.T.);
#350=FACE_OUTER_BOUND('',#578,.T.);
#351=FACE_OUTER_BOUND('',#579,.T.);
#352=FACE_OUTER_BOUND('',#580,.T.);
#353=FACE_OUTER_BOUND('',#581,.T.);
#354=FACE_OUTER_BOUND('',#582,.T.);
#355=FACE_OUTER_BOUND('',#583,.T.);
#356=FACE_OUTER_BOUND('',#584,.T.);
#357=FACE_OUTER_BOUND('',#585,.T.);
#358=FACE_OUTER_BOUND('',#586,.T.);
#359=FACE_OUTER_BOUND('',#587,.T.);
#360=FACE_OUTER_BOUND('',#588,.T.);
#361=FACE_OUTER_BOUND('',#589,.T.);
#362=FACE_OUTER_BOUND('',#590,.T.);
#363=FACE_OUTER_BOUND('',#591,.T.);
#364=FACE_OUTER_BOUND('',#592,.T.);
#365=FACE_OUTER_BOUND('',#605,.T.);
#366=FACE_OUTER_BOUND('',#606,.T.);
#367=FACE_OUTER_BOUND('',#607,.T.);
#368=FACE_OUTER_BOUND('',#608,.T.);
#369=FACE_OUTER_BOUND('',#611,.T.);
#370=FACE_OUTER_BOUND('',#612,.T.);
#371=FACE_OUTER_BOUND('',#614,.T.);
#372=EDGE_LOOP('',(#2297,#2298,#2299,#2300));
#373=EDGE_LOOP('',(#2301,#2302,#2303,#2304));
#374=EDGE_LOOP('',(#2305,#2306,#2307,#2308));
#375=EDGE_LOOP('',(#2309,#2310,#2311,#2312));
#376=EDGE_LOOP('',(#2313,#2314,#2315,#2316));
#377=EDGE_LOOP('',(#2317,#2318,#2319,#2320));
#378=EDGE_LOOP('',(#2321,#2322,#2323,#2324));
#379=EDGE_LOOP('',(#2325,#2326,#2327,#2328));
#380=EDGE_LOOP('',(#2329));
#381=EDGE_LOOP('',(#2330));
#382=EDGE_LOOP('',(#2331));
#383=EDGE_LOOP('',(#2332));
#384=EDGE_LOOP('',(#2333));
#385=EDGE_LOOP('',(#2334));
#386=EDGE_LOOP('',(#2335));
#387=EDGE_LOOP('',(#2336));
#388=EDGE_LOOP('',(#2337));
#389=EDGE_LOOP('',(#2338));
#390=EDGE_LOOP('',(#2339));
#391=EDGE_LOOP('',(#2340));
#392=EDGE_LOOP('',(#2341));
#393=EDGE_LOOP('',(#2342,#2343,#2344,#2345));
#394=EDGE_LOOP('',(#2346,#2347,#2348,#2349));
#395=EDGE_LOOP('',(#2350,#2351,#2352,#2353));
#396=EDGE_LOOP('',(#2354,#2355,#2356,#2357));
#397=EDGE_LOOP('',(#2358,#2359,#2360,#2361));
#398=EDGE_LOOP('',(#2362,#2363,#2364,#2365));
#399=EDGE_LOOP('',(#2366,#2367,#2368,#2369));
#400=EDGE_LOOP('',(#2370,#2371,#2372,#2373));
#401=EDGE_LOOP('',(#2374,#2375,#2376,#2377));
#402=EDGE_LOOP('',(#2378,#2379,#2380,#2381));
#403=EDGE_LOOP('',(#2382,#2383,#2384,#2385));
#404=EDGE_LOOP('',(#2386,#2387,#2388,#2389));
#405=EDGE_LOOP('',(#2390,#2391,#2392,#2393));
#406=EDGE_LOOP('',(#2394,#2395,#2396,#2397));
#407=EDGE_LOOP('',(#2398,#2399,#2400,#2401));
#408=EDGE_LOOP('',(#2402,#2403,#2404,#2405));
#409=EDGE_LOOP('',(#2406,#2407,#2408,#2409));
#410=EDGE_LOOP('',(#2410,#2411,#2412,#2413));
#411=EDGE_LOOP('',(#2414,#2415,#2416,#2417,#2418));
#412=EDGE_LOOP('',(#2419,#2420,#2421,#2422));
#413=EDGE_LOOP('',(#2423,#2424,#2425,#2426));
#414=EDGE_LOOP('',(#2427,#2428,#2429,#2430));
#415=EDGE_LOOP('',(#2431,#2432,#2433,#2434));
#416=EDGE_LOOP('',(#2435,#2436,#2437,#2438));
#417=EDGE_LOOP('',(#2439,#2440,#2441,#2442,#2443));
#418=EDGE_LOOP('',(#2444,#2445,#2446,#2447));
#419=EDGE_LOOP('',(#2448,#2449,#2450,#2451));
#420=EDGE_LOOP('',(#2452,#2453,#2454,#2455));
#421=EDGE_LOOP('',(#2456,#2457,#2458,#2459,#2460));
#422=EDGE_LOOP('',(#2461,#2462,#2463,#2464));
#423=EDGE_LOOP('',(#2465,#2466,#2467,#2468));
#424=EDGE_LOOP('',(#2469));
#425=EDGE_LOOP('',(#2470));
#426=EDGE_LOOP('',(#2471));
#427=EDGE_LOOP('',(#2472));
#428=EDGE_LOOP('',(#2473));
#429=EDGE_LOOP('',(#2474));
#430=EDGE_LOOP('',(#2475));
#431=EDGE_LOOP('',(#2476));
#432=EDGE_LOOP('',(#2477));
#433=EDGE_LOOP('',(#2478));
#434=EDGE_LOOP('',(#2479));
#435=EDGE_LOOP('',(#2480));
#436=EDGE_LOOP('',(#2481));
#437=EDGE_LOOP('',(#2482));
#438=EDGE_LOOP('',(#2483));
#439=EDGE_LOOP('',(#2484));
#440=EDGE_LOOP('',(#2485));
#441=EDGE_LOOP('',(#2486));
#442=EDGE_LOOP('',(#2487));
#443=EDGE_LOOP('',(#2488));
#444=EDGE_LOOP('',(#2489));
#445=EDGE_LOOP('',(#2490));
#446=EDGE_LOOP('',(#2491));
#447=EDGE_LOOP('',(#2492));
#448=EDGE_LOOP('',(#2493,#2494,#2495,#2496));
#449=EDGE_LOOP('',(#2497,#2498,#2499,#2500));
#450=EDGE_LOOP('',(#2501,#2502,#2503,#2504));
#451=EDGE_LOOP('',(#2505,#2506,#2507,#2508,#2509,#2510,#2511,#2512));
#452=EDGE_LOOP('',(#2513,#2514,#2515,#2516));
#453=EDGE_LOOP('',(#2517,#2518,#2519,#2520));
#454=EDGE_LOOP('',(#2521,#2522,#2523,#2524));
#455=EDGE_LOOP('',(#2525,#2526,#2527,#2528));
#456=EDGE_LOOP('',(#2529,#2530,#2531,#2532,#2533,#2534,#2535,#2536));
#457=EDGE_LOOP('',(#2537));
#458=EDGE_LOOP('',(#2538,#2539,#2540,#2541));
#459=EDGE_LOOP('',(#2542,#2543,#2544,#2545));
#460=EDGE_LOOP('',(#2546,#2547,#2548,#2549));
#461=EDGE_LOOP('',(#2550,#2551,#2552,#2553));
#462=EDGE_LOOP('',(#2554,#2555,#2556,#2557));
#463=EDGE_LOOP('',(#2558,#2559,#2560,#2561));
#464=EDGE_LOOP('',(#2562,#2563,#2564,#2565));
#465=EDGE_LOOP('',(#2566,#2567,#2568,#2569));
#466=EDGE_LOOP('',(#2570,#2571,#2572,#2573));
#467=EDGE_LOOP('',(#2574,#2575,#2576,#2577));
#468=EDGE_LOOP('',(#2578,#2579,#2580,#2581));
#469=EDGE_LOOP('',(#2582,#2583,#2584,#2585));
#470=EDGE_LOOP('',(#2586,#2587,#2588,#2589));
#471=EDGE_LOOP('',(#2590,#2591,#2592,#2593));
#472=EDGE_LOOP('',(#2594,#2595,#2596,#2597,#2598,#2599,#2600,#2601));
#473=EDGE_LOOP('',(#2602));
#474=EDGE_LOOP('',(#2603,#2604,#2605,#2606));
#475=EDGE_LOOP('',(#2607,#2608,#2609,#2610,#2611,#2612,#2613,#2614,#2615,
#2616,#2617,#2618,#2619));
#476=EDGE_LOOP('',(#2620));
#477=EDGE_LOOP('',(#2621,#2622,#2623,#2624));
#478=EDGE_LOOP('',(#2625,#2626,#2627,#2628));
#479=EDGE_LOOP('',(#2629,#2630,#2631,#2632,#2633));
#480=EDGE_LOOP('',(#2634,#2635,#2636,#2637,#2638,#2639,#2640,#2641));
#481=EDGE_LOOP('',(#2642));
#482=EDGE_LOOP('',(#2643,#2644,#2645,#2646));
#483=EDGE_LOOP('',(#2647,#2648,#2649,#2650,#2651,#2652,#2653));
#484=EDGE_LOOP('',(#2654));
#485=EDGE_LOOP('',(#2655,#2656,#2657,#2658));
#486=EDGE_LOOP('',(#2659,#2660,#2661,#2662));
#487=EDGE_LOOP('',(#2663,#2664,#2665,#2666));
#488=EDGE_LOOP('',(#2667,#2668,#2669,#2670));
#489=EDGE_LOOP('',(#2671,#2672,#2673,#2674));
#490=EDGE_LOOP('',(#2675,#2676,#2677,#2678));
#491=EDGE_LOOP('',(#2679,#2680,#2681,#2682));
#492=EDGE_LOOP('',(#2683,#2684,#2685,#2686,#2687,#2688,#2689,#2690));
#493=EDGE_LOOP('',(#2691));
#494=EDGE_LOOP('',(#2692,#2693,#2694,#2695));
#495=EDGE_LOOP('',(#2696,#2697,#2698,#2699));
#496=EDGE_LOOP('',(#2700,#2701,#2702,#2703));
#497=EDGE_LOOP('',(#2704,#2705,#2706,#2707));
#498=EDGE_LOOP('',(#2708,#2709,#2710,#2711));
#499=EDGE_LOOP('',(#2712,#2713,#2714,#2715));
#500=EDGE_LOOP('',(#2716,#2717,#2718,#2719));
#501=EDGE_LOOP('',(#2720,#2721,#2722,#2723,#2724,#2725,#2726,#2727,#2728,
#2729,#2730,#2731,#2732,#2733,#2734,#2735,#2736,#2737,#2738));
#502=EDGE_LOOP('',(#2739));
#503=EDGE_LOOP('',(#2740));
#504=EDGE_LOOP('',(#2741,#2742,#2743,#2744));
#505=EDGE_LOOP('',(#2745,#2746,#2747,#2748,#2749,#2750,#2751,#2752));
#506=EDGE_LOOP('',(#2753));
#507=EDGE_LOOP('',(#2754,#2755,#2756,#2757,#2758,#2759,#2760,#2761));
#508=EDGE_LOOP('',(#2762));
#509=EDGE_LOOP('',(#2763,#2764));
#510=EDGE_LOOP('',(#2765));
#511=EDGE_LOOP('',(#2766,#2767,#2768,#2769,#2770,#2771,#2772));
#512=EDGE_LOOP('',(#2773,#2774,#2775,#2776));
#513=EDGE_LOOP('',(#2777,#2778,#2779,#2780,#2781,#2782,#2783,#2784,#2785,
#2786,#2787,#2788,#2789,#2790,#2791,#2792,#2793,#2794));
#514=EDGE_LOOP('',(#2795,#2796,#2797,#2798));
#515=EDGE_LOOP('',(#2799,#2800,#2801,#2802));
#516=EDGE_LOOP('',(#2803,#2804,#2805,#2806));
#517=EDGE_LOOP('',(#2807,#2808,#2809,#2810));
#518=EDGE_LOOP('',(#2811,#2812,#2813,#2814));
#519=EDGE_LOOP('',(#2815,#2816,#2817,#2818,#2819,#2820,#2821,#2822,#2823,
#2824));
#520=EDGE_LOOP('',(#2825,#2826,#2827,#2828,#2829,#2830,#2831,#2832));
#521=EDGE_LOOP('',(#2833,#2834,#2835,#2836));
#522=EDGE_LOOP('',(#2837,#2838,#2839,#2840));
#523=EDGE_LOOP('',(#2841,#2842,#2843,#2844));
#524=EDGE_LOOP('',(#2845,#2846,#2847,#2848));
#525=EDGE_LOOP('',(#2849,#2850,#2851,#2852));
#526=EDGE_LOOP('',(#2853,#2854,#2855,#2856));
#527=EDGE_LOOP('',(#2857,#2858,#2859,#2860));
#528=EDGE_LOOP('',(#2861,#2862,#2863,#2864));
#529=EDGE_LOOP('',(#2865,#2866,#2867,#2868));
#530=EDGE_LOOP('',(#2869,#2870,#2871,#2872));
#531=EDGE_LOOP('',(#2873,#2874,#2875,#2876));
#532=EDGE_LOOP('',(#2877,#2878,#2879,#2880));
#533=EDGE_LOOP('',(#2881,#2882,#2883,#2884));
#534=EDGE_LOOP('',(#2885,#2886,#2887,#2888,#2889,#2890,#2891));
#535=EDGE_LOOP('',(#2892,#2893,#2894,#2895,#2896));
#536=EDGE_LOOP('',(#2897,#2898,#2899,#2900,#2901,#2902,#2903,#2904,#2905,
#2906));
#537=EDGE_LOOP('',(#2907,#2908,#2909,#2910));
#538=EDGE_LOOP('',(#2911,#2912,#2913,#2914));
#539=EDGE_LOOP('',(#2915,#2916,#2917,#2918));
#540=EDGE_LOOP('',(#2919,#2920,#2921,#2922));
#541=EDGE_LOOP('',(#2923,#2924,#2925,#2926));
#542=EDGE_LOOP('',(#2927,#2928,#2929,#2930));
#543=EDGE_LOOP('',(#2931,#2932,#2933,#2934));
#544=EDGE_LOOP('',(#2935,#2936,#2937,#2938));
#545=EDGE_LOOP('',(#2939,#2940,#2941,#2942));
#546=EDGE_LOOP('',(#2943,#2944,#2945,#2946));
#547=EDGE_LOOP('',(#2947,#2948,#2949,#2950));
#548=EDGE_LOOP('',(#2951,#2952,#2953,#2954));
#549=EDGE_LOOP('',(#2955,#2956,#2957,#2958));
#550=EDGE_LOOP('',(#2959,#2960,#2961,#2962));
#551=EDGE_LOOP('',(#2963,#2964,#2965,#2966));
#552=EDGE_LOOP('',(#2967,#2968,#2969,#2970));
#553=EDGE_LOOP('',(#2971,#2972,#2973,#2974));
#554=EDGE_LOOP('',(#2975,#2976,#2977,#2978));
#555=EDGE_LOOP('',(#2979,#2980,#2981,#2982));
#556=EDGE_LOOP('',(#2983,#2984,#2985,#2986));
#557=EDGE_LOOP('',(#2987,#2988,#2989,#2990,#2991,#2992));
#558=EDGE_LOOP('',(#2993,#2994,#2995,#2996));
#559=EDGE_LOOP('',(#2997,#2998,#2999,#3000));
#560=EDGE_LOOP('',(#3001,#3002,#3003,#3004));
#561=EDGE_LOOP('',(#3005,#3006,#3007,#3008));
#562=EDGE_LOOP('',(#3009,#3010,#3011,#3012));
#563=EDGE_LOOP('',(#3013,#3014,#3015,#3016,#3017,#3018));
#564=EDGE_LOOP('',(#3019,#3020,#3021,#3022));
#565=EDGE_LOOP('',(#3023,#3024,#3025,#3026));
#566=EDGE_LOOP('',(#3027,#3028,#3029,#3030));
#567=EDGE_LOOP('',(#3031,#3032,#3033,#3034));
#568=EDGE_LOOP('',(#3035,#3036,#3037,#3038));
#569=EDGE_LOOP('',(#3039,#3040,#3041,#3042,#3043,#3044,#3045,#3046,#3047,
#3048,#3049,#3050,#3051,#3052,#3053,#3054,#3055,#3056,#3057,#3058,#3059,
#3060));
#570=EDGE_LOOP('',(#3061,#3062,#3063,#3064));
#571=EDGE_LOOP('',(#3065,#3066,#3067,#3068));
#572=EDGE_LOOP('',(#3069,#3070,#3071,#3072));
#573=EDGE_LOOP('',(#3073,#3074,#3075,#3076));
#574=EDGE_LOOP('',(#3077,#3078,#3079,#3080));
#575=EDGE_LOOP('',(#3081,#3082,#3083,#3084,#3085,#3086));
#576=EDGE_LOOP('',(#3087,#3088,#3089,#3090));
#577=EDGE_LOOP('',(#3091,#3092,#3093,#3094));
#578=EDGE_LOOP('',(#3095,#3096,#3097,#3098,#3099,#3100,#3101));
#579=EDGE_LOOP('',(#3102,#3103,#3104,#3105,#3106,#3107));
#580=EDGE_LOOP('',(#3108,#3109,#3110,#3111));
#581=EDGE_LOOP('',(#3112,#3113,#3114,#3115,#3116,#3117,#3118,#3119,#3120,
#3121,#3122,#3123,#3124,#3125,#3126,#3127,#3128));
#582=EDGE_LOOP('',(#3129,#3130,#3131,#3132));
#583=EDGE_LOOP('',(#3133,#3134,#3135,#3136,#3137,#3138,#3139,#3140,#3141,
#3142,#3143,#3144,#3145));
#584=EDGE_LOOP('',(#3146,#3147,#3148,#3149,#3150,#3151,#3152,#3153,#3154,
#3155,#3156,#3157,#3158));
#585=EDGE_LOOP('',(#3159,#3160,#3161,#3162));
#586=EDGE_LOOP('',(#3163,#3164,#3165,#3166,#3167,#3168,#3169,#3170,#3171,
#3172,#3173,#3174,#3175,#3176,#3177,#3178,#3179));
#587=EDGE_LOOP('',(#3180,#3181,#3182,#3183));
#588=EDGE_LOOP('',(#3184,#3185,#3186,#3187));
#589=EDGE_LOOP('',(#3188,#3189,#3190,#3191));
#590=EDGE_LOOP('',(#3192,#3193,#3194,#3195,#3196,#3197));
#591=EDGE_LOOP('',(#3198,#3199,#3200,#3201,#3202,#3203,#3204,#3205));
#592=EDGE_LOOP('',(#3206,#3207,#3208,#3209,#3210,#3211,#3212,#3213,#3214,
#3215,#3216,#3217,#3218,#3219,#3220,#3221,#3222));
#593=EDGE_LOOP('',(#3223));
#594=EDGE_LOOP('',(#3224));
#595=EDGE_LOOP('',(#3225));
#596=EDGE_LOOP('',(#3226));
#597=EDGE_LOOP('',(#3227));
#598=EDGE_LOOP('',(#3228));
#599=EDGE_LOOP('',(#3229));
#600=EDGE_LOOP('',(#3230));
#601=EDGE_LOOP('',(#3231));
#602=EDGE_LOOP('',(#3232));
#603=EDGE_LOOP('',(#3233));
#604=EDGE_LOOP('',(#3234));
#605=EDGE_LOOP('',(#3235,#3236,#3237,#3238));
#606=EDGE_LOOP('',(#3239,#3240,#3241,#3242,#3243,#3244,#3245,#3246,#3247,
#3248,#3249,#3250,#3251,#3252,#3253,#3254,#3255,#3256,#3257,#3258,#3259,
#3260,#3261,#3262,#3263,#3264,#3265,#3266,#3267,#3268,#3269,#3270,#3271,
#3272,#3273,#3274,#3275,#3276,#3277,#3278,#3279,#3280,#3281,#3282,#3283,
#3284,#3285,#3286,#3287,#3288,#3289,#3290));
#607=EDGE_LOOP('',(#3291,#3292,#3293,#3294));
#608=EDGE_LOOP('',(#3295,#3296,#3297,#3298,#3299,#3300,#3301,#3302,#3303,
#3304,#3305,#3306,#3307,#3308,#3309,#3310));
#609=EDGE_LOOP('',(#3311));
#610=EDGE_LOOP('',(#3312));
#611=EDGE_LOOP('',(#3313,#3314,#3315,#3316));
#612=EDGE_LOOP('',(#3317,#3318,#3319,#3320));
#613=EDGE_LOOP('',(#3321,#3322,#3323,#3324,#3325,#3326,#3327,#3328));
#614=EDGE_LOOP('',(#3329,#3330,#3331,#3332));
#615=EDGE_LOOP('',(#3333,#3334,#3335,#3336,#3337,#3338,#3339,#3340));
#616=LINE('',#5209,#919);
#617=LINE('',#5212,#920);
#618=LINE('',#5215,#921);
#619=LINE('',#5217,#922);
#620=LINE('',#5218,#923);
#621=LINE('',#5224,#924);
#622=LINE('',#5227,#925);
#623=LINE('',#5229,#926);
#624=LINE('',#5230,#927);
#625=LINE('',#5235,#928);
#626=LINE('',#5239,#929);
#627=LINE('',#5241,#930);
#628=LINE('',#5242,#931);
#629=LINE('',#5247,#932);
#630=LINE('',#5250,#933);
#631=LINE('',#5251,#934);
#632=LINE('',#5373,#935);
#633=LINE('',#5377,#936);
#634=LINE('',#5381,#937);
#635=LINE('',#5385,#938);
#636=LINE('',#5389,#939);
#637=LINE('',#5393,#940);
#638=LINE('',#5397,#941);
#639=LINE('',#5401,#942);
#640=LINE('',#5405,#943);
#641=LINE('',#5409,#944);
#642=LINE('',#5413,#945);
#643=LINE('',#5417,#946);
#644=LINE('',#5423,#947);
#645=LINE('',#5426,#948);
#646=LINE('',#5429,#949);
#647=LINE('',#5431,#950);
#648=LINE('',#5432,#951);
#649=LINE('',#5437,#952);
#650=LINE('',#5442,#953);
#651=LINE('',#5444,#954);
#652=LINE('',#5446,#955);
#653=LINE('',#5447,#956);
#654=LINE('',#5451,#957);
#655=LINE('',#5454,#958);
#656=LINE('',#5455,#959);
#657=LINE('',#5460,#960);
#658=LINE('',#5466,#961);
#659=LINE('',#5472,#962);
#660=LINE('',#5477,#963);
#661=LINE('',#5504,#964);
#662=LINE('',#5509,#965);
#663=LINE('',#5517,#966);
#664=LINE('',#5593,#967);
#665=LINE('',#5597,#968);
#666=LINE('',#5599,#969);
#667=LINE('',#5601,#970);
#668=LINE('',#5602,#971);
#669=LINE('',#5605,#972);
#670=LINE('',#5606,#973);
#671=LINE('',#5608,#974);
#672=LINE('',#5614,#975);
#673=LINE('',#5618,#976);
#674=LINE('',#5620,#977);
#675=LINE('',#5621,#978);
#676=LINE('',#5627,#979);
#677=LINE('',#5630,#980);
#678=LINE('',#5632,#981);
#679=LINE('',#5633,#982);
#680=LINE('',#5639,#983);
#681=LINE('',#5643,#984);
#682=LINE('',#5647,#985);
#683=LINE('',#5650,#986);
#684=LINE('',#5653,#987);
#685=LINE('',#5656,#988);
#686=LINE('',#5660,#989);
#687=LINE('',#5662,#990);
#688=LINE('',#5664,#991);
#689=LINE('',#5665,#992);
#690=LINE('',#5669,#993);
#691=LINE('',#5677,#994);
#692=LINE('',#5681,#995);
#693=LINE('',#5689,#996);
#694=LINE('',#5693,#997);
#695=LINE('',#5701,#998);
#696=LINE('',#5705,#999);
#697=LINE('',#5713,#1000);
#698=LINE('',#5717,#1001);
#699=LINE('',#5725,#1002);
#700=LINE('',#5730,#1003);
#701=LINE('',#5734,#1004);
#702=LINE('',#5736,#1005);
#703=LINE('',#5737,#1006);
#704=LINE('',#5743,#1007);
#705=LINE('',#5747,#1008);
#706=LINE('',#5751,#1009);
#707=LINE('',#5754,#1010);
#708=LINE('',#5757,#1011);
#709=LINE('',#5760,#1012);
#710=LINE('',#5767,#1013);
#711=LINE('',#5769,#1014);
#712=LINE('',#5770,#1015);
#713=LINE('',#5771,#1016);
#714=LINE('',#5773,#1017);
#715=LINE('',#5776,#1018);
#716=LINE('',#5779,#1019);
#717=LINE('',#5800,#1020);
#718=LINE('',#5806,#1021);
#719=LINE('',#5810,#1022);
#720=LINE('',#5814,#1023);
#721=LINE('',#5817,#1024);
#722=LINE('',#5820,#1025);
#723=LINE('',#5823,#1026);
#724=LINE('',#5825,#1027);
#725=LINE('',#5827,#1028);
#726=LINE('',#5829,#1029);
#727=LINE('',#5831,#1030);
#728=LINE('',#5832,#1031);
#729=LINE('',#5838,#1032);
#730=LINE('',#5841,#1033);
#731=LINE('',#5847,#1034);
#732=LINE('',#5853,#1035);
#733=LINE('',#5859,#1036);
#734=LINE('',#5865,#1037);
#735=LINE('',#5871,#1038);
#736=LINE('',#5873,#1039);
#737=LINE('',#5874,#1040);
#738=LINE('',#5880,#1041);
#739=LINE('',#5884,#1042);
#740=LINE('',#5888,#1043);
#741=LINE('',#5891,#1044);
#742=LINE('',#5897,#1045);
#743=LINE('',#5900,#1046);
#744=LINE('',#5905,#1047);
#745=LINE('',#5911,#1048);
#746=LINE('',#5917,#1049);
#747=LINE('',#5923,#1050);
#748=LINE('',#5929,#1051);
#749=LINE('',#5934,#1052);
#750=LINE('',#5935,#1053);
#751=LINE('',#5936,#1054);
#752=LINE('',#5942,#1055);
#753=LINE('',#5945,#1056);
#754=LINE('',#5946,#1057);
#755=LINE('',#5948,#1058);
#756=LINE('',#5950,#1059);
#757=LINE('',#5952,#1060);
#758=LINE('',#5954,#1061);
#759=LINE('',#5956,#1062);
#760=LINE('',#5957,#1063);
#761=LINE('',#5959,#1064);
#762=LINE('',#5963,#1065);
#763=LINE('',#5966,#1066);
#764=LINE('',#5968,#1067);
#765=LINE('',#5969,#1068);
#766=LINE('',#5975,#1069);
#767=LINE('',#5979,#1070);
#768=LINE('',#5983,#1071);
#769=LINE('',#5986,#1072);
#770=LINE('',#5994,#1073);
#771=LINE('',#5998,#1074);
#772=LINE('',#6002,#1075);
#773=LINE('',#6005,#1076);
#774=LINE('',#6011,#1077);
#775=LINE('',#6015,#1078);
#776=LINE('',#6017,#1079);
#777=LINE('',#6018,#1080);
#778=LINE('',#6021,#1081);
#779=LINE('',#6022,#1082);
#780=LINE('',#6025,#1083);
#781=LINE('',#6026,#1084);
#782=LINE('',#6029,#1085);
#783=LINE('',#6030,#1086);
#784=LINE('',#6033,#1087);
#785=LINE('',#6034,#1088);
#786=LINE('',#6037,#1089);
#787=LINE('',#6038,#1090);
#788=LINE('',#6041,#1091);
#789=LINE('',#6042,#1092);
#790=LINE('',#6045,#1093);
#791=LINE('',#6048,#1094);
#792=LINE('',#6051,#1095);
#793=LINE('',#6053,#1096);
#794=LINE('',#6054,#1097);
#795=LINE('',#6057,#1098);
#796=LINE('',#6058,#1099);
#797=LINE('',#6064,#1100);
#798=LINE('',#6068,#1101);
#799=LINE('',#6072,#1102);
#800=LINE('',#6076,#1103);
#801=LINE('',#6080,#1104);
#802=LINE('',#6084,#1105);
#803=LINE('',#6088,#1106);
#804=LINE('',#6092,#1107);
#805=LINE('',#6096,#1108);
#806=LINE('',#6100,#1109);
#807=LINE('',#6104,#1110);
#808=LINE('',#6108,#1111);
#809=LINE('',#6111,#1112);
#810=LINE('',#6113,#1113);
#811=LINE('',#6114,#1114);
#812=LINE('',#6118,#1115);
#813=LINE('',#6121,#1116);
#814=LINE('',#6122,#1117);
#815=LINE('',#6126,#1118);
#816=LINE('',#6129,#1119);
#817=LINE('',#6130,#1120);
#818=LINE('',#6134,#1121);
#819=LINE('',#6137,#1122);
#820=LINE('',#6138,#1123);
#821=LINE('',#6142,#1124);
#822=LINE('',#6147,#1125);
#823=LINE('',#6148,#1126);
#824=LINE('',#6151,#1127);
#825=LINE('',#6152,#1128);
#826=LINE('',#6156,#1129);
#827=LINE('',#6159,#1130);
#828=LINE('',#6160,#1131);
#829=LINE('',#6164,#1132);
#830=LINE('',#6169,#1133);
#831=LINE('',#6170,#1134);
#832=LINE('',#6173,#1135);
#833=LINE('',#6174,#1136);
#834=LINE('',#6178,#1137);
#835=LINE('',#6181,#1138);
#836=LINE('',#6182,#1139);
#837=LINE('',#6186,#1140);
#838=LINE('',#6191,#1141);
#839=LINE('',#6192,#1142);
#840=LINE('',#6195,#1143);
#841=LINE('',#6196,#1144);
#842=LINE('',#6200,#1145);
#843=LINE('',#6203,#1146);
#844=LINE('',#6204,#1147);
#845=LINE('',#6208,#1148);
#846=LINE('',#6211,#1149);
#847=LINE('',#6212,#1150);
#848=LINE('',#6216,#1151);
#849=LINE('',#6219,#1152);
#850=LINE('',#6220,#1153);
#851=LINE('',#6224,#1154);
#852=LINE('',#6227,#1155);
#853=LINE('',#6228,#1156);
#854=LINE('',#6232,#1157);
#855=LINE('',#6235,#1158);
#856=LINE('',#6236,#1159);
#857=LINE('',#6240,#1160);
#858=LINE('',#6243,#1161);
#859=LINE('',#6244,#1162);
#860=LINE('',#6248,#1163);
#861=LINE('',#6251,#1164);
#862=LINE('',#6252,#1165);
#863=LINE('',#6256,#1166);
#864=LINE('',#6259,#1167);
#865=LINE('',#6260,#1168);
#866=LINE('',#6264,#1169);
#867=LINE('',#6267,#1170);
#868=LINE('',#6268,#1171);
#869=LINE('',#6272,#1172);
#870=LINE('',#6275,#1173);
#871=LINE('',#6276,#1174);
#872=LINE('',#6280,#1175);
#873=LINE('',#6283,#1176);
#874=LINE('',#6284,#1177);
#875=LINE('',#6288,#1178);
#876=LINE('',#6291,#1179);
#877=LINE('',#6292,#1180);
#878=LINE('',#6298,#1181);
#879=LINE('',#6300,#1182);
#880=LINE('',#6301,#1183);
#881=LINE('',#6302,#1184);
#882=LINE('',#6306,#1185);
#883=LINE('',#6309,#1186);
#884=LINE('',#6310,#1187);
#885=LINE('',#6311,#1188);
#886=LINE('',#6314,#1189);
#887=LINE('',#6315,#1190);
#888=LINE('',#6318,#1191);
#889=LINE('',#6320,#1192);
#890=LINE('',#6321,#1193);
#891=LINE('',#6324,#1194);
#892=LINE('',#6326,#1195);
#893=LINE('',#6328,#1196);
#894=LINE('',#6329,#1197);
#895=LINE('',#6332,#1198);
#896=LINE('',#6333,#1199);
#897=LINE('',#6336,#1200);
#898=LINE('',#6337,#1201);
#899=LINE('',#6338,#1202);
#900=LINE('',#6342,#1203);
#901=LINE('',#6346,#1204);
#902=LINE('',#6350,#1205);
#903=LINE('',#6354,#1206);
#904=LINE('',#6355,#1207);
#905=LINE('',#6356,#1208);
#906=LINE('',#6358,#1209);
#907=LINE('',#6360,#1210);
#908=LINE('',#6362,#1211);
#909=LINE('',#6363,#1212);
#910=LINE('',#6366,#1213);
#911=LINE('',#6367,#1214);
#912=LINE('',#6370,#1215);
#913=LINE('',#6371,#1216);
#914=LINE('',#6376,#1217);
#915=LINE('',#6381,#1218);
#916=LINE('',#6383,#1219);
#917=LINE('',#6385,#1220);
#918=LINE('',#6388,#1221);
#919=VECTOR('',#4080,10.);
#920=VECTOR('',#4083,10.);
#921=VECTOR('',#4086,10.);
#922=VECTOR('',#4087,10.);
#923=VECTOR('',#4088,10.);
#924=VECTOR('',#4093,10.);
#925=VECTOR('',#4096,10.);
#926=VECTOR('',#4099,10.);
#927=VECTOR('',#4100,10.);
#928=VECTOR('',#4105,10.);
#929=VECTOR('',#4110,10.);
#930=VECTOR('',#4111,10.);
#931=VECTOR('',#4112,10.);
#932=VECTOR('',#4117,10.);
#933=VECTOR('',#4122,10.);
#934=VECTOR('',#4123,10.);
#935=VECTOR('',#4186,1.00000000000001);
#936=VECTOR('',#4191,1.49999999999999);
#937=VECTOR('',#4196,1.5);
#938=VECTOR('',#4201,1.00000000000001);
#939=VECTOR('',#4206,1.00000000000001);
#940=VECTOR('',#4211,0.999999999999996);
#941=VECTOR('',#4216,1.00000000000001);
#942=VECTOR('',#4221,1.00000000000001);
#943=VECTOR('',#4226,0.999999999999996);
#944=VECTOR('',#4231,1.49999999999999);
#945=VECTOR('',#4236,0.999999999999996);
#946=VECTOR('',#4241,1.5);
#947=VECTOR('',#4246,10.);
#948=VECTOR('',#4249,10.);
#949=VECTOR('',#4252,10.);
#950=VECTOR('',#4253,10.);
#951=VECTOR('',#4254,10.);
#952=VECTOR('',#4259,1.64999999999999);
#953=VECTOR('',#4264,10.);
#954=VECTOR('',#4265,10.);
#955=VECTOR('',#4266,10.);
#956=VECTOR('',#4267,10.);
#957=VECTOR('',#4272,10.);
#958=VECTOR('',#4277,10.);
#959=VECTOR('',#4278,10.);
#960=VECTOR('',#4283,1.65);
#961=VECTOR('',#4290,1.64999999999999);
#962=VECTOR('',#4297,1.64999999999999);
#963=VECTOR('',#4304,0.999999999999996);
#964=VECTOR('',#4313,10.);
#965=VECTOR('',#4318,10.);
#966=VECTOR('',#4329,10.);
#967=VECTOR('',#4398,10.);
#968=VECTOR('',#4401,10.);
#969=VECTOR('',#4402,10.);
#970=VECTOR('',#4403,10.);
#971=VECTOR('',#4404,10.);
#972=VECTOR('',#4407,10.);
#973=VECTOR('',#4408,10.);
#974=VECTOR('',#4409,10.);
#975=VECTOR('',#4416,10.);
#976=VECTOR('',#4421,10.);
#977=VECTOR('',#4422,10.);
#978=VECTOR('',#4423,10.);
#979=VECTOR('',#4430,10.);
#980=VECTOR('',#4433,10.);
#981=VECTOR('',#4434,10.);
#982=VECTOR('',#4435,10.);
#983=VECTOR('',#4440,10.);
#984=VECTOR('',#4443,10.);
#985=VECTOR('',#4446,10.);
#986=VECTOR('',#4449,10.);
#987=VECTOR('',#4452,10.);
#988=VECTOR('',#4455,10.);
#989=VECTOR('',#4458,10.);
#990=VECTOR('',#4459,10.);
#991=VECTOR('',#4460,10.);
#992=VECTOR('',#4461,10.);
#993=VECTOR('',#4464,10.);
#994=VECTOR('',#4475,10.);
#995=VECTOR('',#4478,10.);
#996=VECTOR('',#4489,10.);
#997=VECTOR('',#4492,10.);
#998=VECTOR('',#4503,10.);
#999=VECTOR('',#4506,10.);
#1000=VECTOR('',#4517,10.);
#1001=VECTOR('',#4520,10.);
#1002=VECTOR('',#4531,10.);
#1003=VECTOR('',#4536,10.);
#1004=VECTOR('',#4541,10.);
#1005=VECTOR('',#4542,10.);
#1006=VECTOR('',#4543,10.);
#1007=VECTOR('',#4548,10.);
#1008=VECTOR('',#4551,10.);
#1009=VECTOR('',#4554,10.);
#1010=VECTOR('',#4557,10.);
#1011=VECTOR('',#4560,10.);
#1012=VECTOR('',#4563,10.);
#1013=VECTOR('',#4570,10.);
#1014=VECTOR('',#4571,10.);
#1015=VECTOR('',#4572,10.);
#1016=VECTOR('',#4573,10.);
#1017=VECTOR('',#4574,10.);
#1018=VECTOR('',#4577,10.);
#1019=VECTOR('',#4580,10.);
#1020=VECTOR('',#4589,10.);
#1021=VECTOR('',#4594,10.);
#1022=VECTOR('',#4597,10.);
#1023=VECTOR('',#4600,10.);
#1024=VECTOR('',#4603,10.);
#1025=VECTOR('',#4606,10.);
#1026=VECTOR('',#4609,10.);
#1027=VECTOR('',#4612,10.);
#1028=VECTOR('',#4613,10.);
#1029=VECTOR('',#4614,10.);
#1030=VECTOR('',#4615,10.);
#1031=VECTOR('',#4616,10.);
#1032=VECTOR('',#4621,10.);
#1033=VECTOR('',#4624,10.);
#1034=VECTOR('',#4631,10.);
#1035=VECTOR('',#4638,10.);
#1036=VECTOR('',#4645,10.);
#1037=VECTOR('',#4652,10.);
#1038=VECTOR('',#4659,10.);
#1039=VECTOR('',#4662,10.);
#1040=VECTOR('',#4663,10.);
#1041=VECTOR('',#4668,10.);
#1042=VECTOR('',#4671,10.);
#1043=VECTOR('',#4674,10.);
#1044=VECTOR('',#4677,10.);
#1045=VECTOR('',#4682,10.);
#1046=VECTOR('',#4685,10.);
#1047=VECTOR('',#4690,10.);
#1048=VECTOR('',#4697,10.);
#1049=VECTOR('',#4704,10.);
#1050=VECTOR('',#4711,10.);
#1051=VECTOR('',#4718,10.);
#1052=VECTOR('',#4723,10.);
#1053=VECTOR('',#4724,10.);
#1054=VECTOR('',#4725,10.);
#1055=VECTOR('',#4730,10.);
#1056=VECTOR('',#4733,10.);
#1057=VECTOR('',#4734,10.);
#1058=VECTOR('',#4735,10.);
#1059=VECTOR('',#4736,10.);
#1060=VECTOR('',#4737,10.);
#1061=VECTOR('',#4738,10.);
#1062=VECTOR('',#4739,10.);
#1063=VECTOR('',#4740,10.);
#1064=VECTOR('',#4741,10.);
#1065=VECTOR('',#4744,10.);
#1066=VECTOR('',#4747,10.);
#1067=VECTOR('',#4750,10.);
#1068=VECTOR('',#4751,10.);
#1069=VECTOR('',#4756,10.);
#1070=VECTOR('',#4759,10.);
#1071=VECTOR('',#4762,10.);
#1072=VECTOR('',#4765,10.);
#1073=VECTOR('',#4772,10.);
#1074=VECTOR('',#4775,10.);
#1075=VECTOR('',#4778,10.);
#1076=VECTOR('',#4781,10.);
#1077=VECTOR('',#4786,10.);
#1078=VECTOR('',#4791,10.);
#1079=VECTOR('',#4792,10.);
#1080=VECTOR('',#4793,10.);
#1081=VECTOR('',#4796,10.);
#1082=VECTOR('',#4797,10.);
#1083=VECTOR('',#4800,10.);
#1084=VECTOR('',#4801,10.);
#1085=VECTOR('',#4804,10.);
#1086=VECTOR('',#4805,10.);
#1087=VECTOR('',#4808,10.);
#1088=VECTOR('',#4809,10.);
#1089=VECTOR('',#4812,10.);
#1090=VECTOR('',#4813,10.);
#1091=VECTOR('',#4816,10.);
#1092=VECTOR('',#4817,10.);
#1093=VECTOR('',#4820,10.);
#1094=VECTOR('',#4823,10.);
#1095=VECTOR('',#4826,10.);
#1096=VECTOR('',#4827,10.);
#1097=VECTOR('',#4828,10.);
#1098=VECTOR('',#4831,10.);
#1099=VECTOR('',#4832,10.);
#1100=VECTOR('',#4841,2.74999999999999);
#1101=VECTOR('',#4846,2.74999999999999);
#1102=VECTOR('',#4851,2.75);
#1103=VECTOR('',#4856,2.74999999999999);
#1104=VECTOR('',#4861,2.74999999999999);
#1105=VECTOR('',#4866,2.75);
#1106=VECTOR('',#4871,2.74999999999999);
#1107=VECTOR('',#4876,2.74999999999999);
#1108=VECTOR('',#4881,2.75);
#1109=VECTOR('',#4886,2.74999999999999);
#1110=VECTOR('',#4891,2.75);
#1111=VECTOR('',#4896,2.75);
#1112=VECTOR('',#4899,10.);
#1113=VECTOR('',#4900,10.);
#1114=VECTOR('',#4901,10.);
#1115=VECTOR('',#4906,10.);
#1116=VECTOR('',#4909,10.);
#1117=VECTOR('',#4910,10.);
#1118=VECTOR('',#4915,10.);
#1119=VECTOR('',#4918,10.);
#1120=VECTOR('',#4919,10.);
#1121=VECTOR('',#4924,10.);
#1122=VECTOR('',#4927,10.);
#1123=VECTOR('',#4928,10.);
#1124=VECTOR('',#4933,10.);
#1125=VECTOR('',#4938,10.);
#1126=VECTOR('',#4939,10.);
#1127=VECTOR('',#4942,10.);
#1128=VECTOR('',#4943,10.);
#1129=VECTOR('',#4948,10.);
#1130=VECTOR('',#4951,10.);
#1131=VECTOR('',#4952,10.);
#1132=VECTOR('',#4957,10.);
#1133=VECTOR('',#4962,10.);
#1134=VECTOR('',#4963,10.);
#1135=VECTOR('',#4966,10.);
#1136=VECTOR('',#4967,10.);
#1137=VECTOR('',#4972,10.);
#1138=VECTOR('',#4975,10.);
#1139=VECTOR('',#4976,10.);
#1140=VECTOR('',#4981,10.);
#1141=VECTOR('',#4986,10.);
#1142=VECTOR('',#4987,10.);
#1143=VECTOR('',#4990,10.);
#1144=VECTOR('',#4991,10.);
#1145=VECTOR('',#4996,10.);
#1146=VECTOR('',#4999,10.);
#1147=VECTOR('',#5000,10.);
#1148=VECTOR('',#5005,10.);
#1149=VECTOR('',#5008,10.);
#1150=VECTOR('',#5009,10.);
#1151=VECTOR('',#5014,10.);
#1152=VECTOR('',#5017,10.);
#1153=VECTOR('',#5018,10.);
#1154=VECTOR('',#5023,10.);
#1155=VECTOR('',#5026,10.);
#1156=VECTOR('',#5027,10.);
#1157=VECTOR('',#5032,10.);
#1158=VECTOR('',#5035,10.);
#1159=VECTOR('',#5036,10.);
#1160=VECTOR('',#5041,10.);
#1161=VECTOR('',#5044,10.);
#1162=VECTOR('',#5045,10.);
#1163=VECTOR('',#5050,10.);
#1164=VECTOR('',#5053,10.);
#1165=VECTOR('',#5054,10.);
#1166=VECTOR('',#5059,10.);
#1167=VECTOR('',#5062,10.);
#1168=VECTOR('',#5063,10.);
#1169=VECTOR('',#5068,10.);
#1170=VECTOR('',#5071,10.);
#1171=VECTOR('',#5072,10.);
#1172=VECTOR('',#5077,10.);
#1173=VECTOR('',#5080,10.);
#1174=VECTOR('',#5081,10.);
#1175=VECTOR('',#5086,10.);
#1176=VECTOR('',#5089,10.);
#1177=VECTOR('',#5090,10.);
#1178=VECTOR('',#5095,10.);
#1179=VECTOR('',#5098,10.);
#1180=VECTOR('',#5099,10.);
#1181=VECTOR('',#5106,10.);
#1182=VECTOR('',#5107,10.);
#1183=VECTOR('',#5108,10.);
#1184=VECTOR('',#5109,10.);
#1185=VECTOR('',#5114,10.);
#1186=VECTOR('',#5117,10.);
#1187=VECTOR('',#5118,10.);
#1188=VECTOR('',#5119,10.);
#1189=VECTOR('',#5122,10.);
#1190=VECTOR('',#5123,10.);
#1191=VECTOR('',#5126,10.);
#1192=VECTOR('',#5127,10.);
#1193=VECTOR('',#5128,10.);
#1194=VECTOR('',#5131,10.);
#1195=VECTOR('',#5132,10.);
#1196=VECTOR('',#5133,10.);
#1197=VECTOR('',#5134,10.);
#1198=VECTOR('',#5137,10.);
#1199=VECTOR('',#5138,10.);
#1200=VECTOR('',#5141,10.);
#1201=VECTOR('',#5142,10.);
#1202=VECTOR('',#5143,10.);
#1203=VECTOR('',#5148,10.);
#1204=VECTOR('',#5153,1.64999999999999);
#1205=VECTOR('',#5158,1.64999999999999);
#1206=VECTOR('',#5161,10.);
#1207=VECTOR('',#5162,10.);
#1208=VECTOR('',#5163,10.);
#1209=VECTOR('',#5166,10.);
#1210=VECTOR('',#5167,10.);
#1211=VECTOR('',#5168,10.);
#1212=VECTOR('',#5169,10.);
#1213=VECTOR('',#5172,10.);
#1214=VECTOR('',#5173,10.);
#1215=VECTOR('',#5176,10.);
#1216=VECTOR('',#5177,10.);
#1217=VECTOR('',#5182,10.);
#1218=VECTOR('',#5189,10.);
#1219=VECTOR('',#5192,10.);
#1220=VECTOR('',#5193,10.);
#1221=VECTOR('',#5198,10.);
#1222=CIRCLE('',#3663,2.);
#1223=CIRCLE('',#3664,2.);
#1224=CIRCLE('',#3667,2.);
#1225=CIRCLE('',#3668,2.);
#1226=CIRCLE('',#3671,2.);
#1227=CIRCLE('',#3672,2.);
#1228=CIRCLE('',#3675,2.);
#1229=CIRCLE('',#3676,2.);
#1230=CIRCLE('',#3679,1.00000000000001);
#1231=CIRCLE('',#3681,1.49999999999999);
#1232=CIRCLE('',#3683,1.5);
#1233=CIRCLE('',#3685,1.00000000000001);
#1234=CIRCLE('',#3687,1.00000000000001);
#1235=CIRCLE('',#3689,0.999999999999996);
#1236=CIRCLE('',#3691,1.00000000000001);
#1237=CIRCLE('',#3693,1.00000000000001);
#1238=CIRCLE('',#3695,0.999999999999996);
#1239=CIRCLE('',#3697,1.49999999999999);
#1240=CIRCLE('',#3699,0.999999999999996);
#1241=CIRCLE('',#3701,1.5);
#1242=CIRCLE('',#3703,0.999999999999996);
#1243=CIRCLE('',#3704,2.);
#1244=CIRCLE('',#3705,2.);
#1245=CIRCLE('',#3706,2.);
#1246=CIRCLE('',#3708,1.00000000000001);
#1247=CIRCLE('',#3710,1.49999999999999);
#1248=CIRCLE('',#3712,1.5);
#1249=CIRCLE('',#3714,1.00000000000001);
#1250=CIRCLE('',#3716,1.00000000000001);
#1251=CIRCLE('',#3718,0.999999999999996);
#1252=CIRCLE('',#3720,1.00000000000001);
#1253=CIRCLE('',#3722,1.00000000000001);
#1254=CIRCLE('',#3724,0.999999999999996);
#1255=CIRCLE('',#3726,1.49999999999999);
#1256=CIRCLE('',#3728,0.999999999999996);
#1257=CIRCLE('',#3730,1.5);
#1258=CIRCLE('',#3732,2.);
#1259=CIRCLE('',#3733,2.);
#1260=CIRCLE('',#3736,1.64999999999999);
#1261=CIRCLE('',#3737,1.64999999999999);
#1262=CIRCLE('',#3740,2.);
#1263=CIRCLE('',#3744,1.65);
#1264=CIRCLE('',#3745,1.65);
#1265=CIRCLE('',#3747,1.64999999999999);
#1266=CIRCLE('',#3748,1.64999999999999);
#1267=CIRCLE('',#3750,1.64999999999999);
#1268=CIRCLE('',#3751,1.64999999999999);
#1269=CIRCLE('',#3753,0.999999999999996);
#1270=CIRCLE('',#3755,2.);
#1271=CIRCLE('',#3757,2.);
#1272=CIRCLE('',#3759,2.);
#1273=CIRCLE('',#3760,1.99999999999998);
#1274=CIRCLE('',#3762,4.);
#1275=CIRCLE('',#3763,2.);
#1276=CIRCLE('',#3765,1.99999999999999);
#1277=CIRCLE('',#3767,4.);
#1278=CIRCLE('',#3768,2.);
#1279=CIRCLE('',#3770,2.74999999999999);
#1280=CIRCLE('',#3772,2.74999999999999);
#1281=CIRCLE('',#3774,2.75);
#1282=CIRCLE('',#3776,2.74999999999999);
#1283=CIRCLE('',#3778,2.74999999999999);
#1284=CIRCLE('',#3780,2.75);
#1285=CIRCLE('',#3782,2.74999999999999);
#1286=CIRCLE('',#3784,2.74999999999999);
#1287=CIRCLE('',#3786,2.75);
#1288=CIRCLE('',#3788,2.74999999999999);
#1289=CIRCLE('',#3790,2.75);
#1290=CIRCLE('',#3792,2.75);
#1291=CIRCLE('',#3794,4.);
#1292=CIRCLE('',#3795,1.99999999999999);
#1293=CIRCLE('',#3796,2.00000000000001);
#1294=CIRCLE('',#3798,2.);
#1295=CIRCLE('',#3801,15.);
#1296=CIRCLE('',#3803,1.);
#1297=CIRCLE('',#3804,1.);
#1298=CIRCLE('',#3807,1.);
#1299=CIRCLE('',#3808,1.);
#1300=CIRCLE('',#3811,1.);
#1301=CIRCLE('',#3812,1.25);
#1302=CIRCLE('',#3813,2.99999999999997);
#1303=CIRCLE('',#3814,1.25);
#1304=CIRCLE('',#3816,1.);
#1305=CIRCLE('',#3819,3.00000000000001);
#1306=CIRCLE('',#3820,3.00000000000001);
#1307=CIRCLE('',#3822,3.);
#1308=CIRCLE('',#3823,3.);
#1309=CIRCLE('',#3825,3.00000000000001);
#1310=CIRCLE('',#3826,3.00000000000001);
#1311=CIRCLE('',#3828,3.);
#1312=CIRCLE('',#3829,3.);
#1313=CIRCLE('',#3831,3.00000000000001);
#1314=CIRCLE('',#3832,3.00000000000001);
#1315=CIRCLE('',#3834,3.);
#1316=CIRCLE('',#3835,3.);
#1317=CIRCLE('',#3837,3.00000000000001);
#1318=CIRCLE('',#3838,3.00000000000001);
#1319=CIRCLE('',#3840,3.);
#1320=CIRCLE('',#3841,3.);
#1321=CIRCLE('',#3843,3.00000000000001);
#1322=CIRCLE('',#3844,3.00000000000001);
#1323=CIRCLE('',#3846,3.);
#1324=CIRCLE('',#3847,3.);
#1325=CIRCLE('',#3849,3.00000000000001);
#1326=CIRCLE('',#3850,3.00000000000001);
#1327=CIRCLE('',#3853,1.);
#1328=CIRCLE('',#3854,1.25);
#1329=CIRCLE('',#3855,2.99999999999999);
#1330=CIRCLE('',#3856,1.25);
#1331=CIRCLE('',#3858,1.);
#1332=CIRCLE('',#3860,15.);
#1333=CIRCLE('',#3861,2.);
#1334=CIRCLE('',#3862,15.);
#1335=CIRCLE('',#3864,1.99999999999998);
#1336=CIRCLE('',#3866,2.);
#1337=CIRCLE('',#3869,1.);
#1338=CIRCLE('',#3870,1.25);
#1339=CIRCLE('',#3871,2.99999999999998);
#1340=CIRCLE('',#3872,1.25);
#1341=CIRCLE('',#3874,1.);
#1342=CIRCLE('',#3877,3.00000000000001);
#1343=CIRCLE('',#3878,3.00000000000001);
#1344=CIRCLE('',#3880,3.00000000000001);
#1345=CIRCLE('',#3881,3.00000000000001);
#1346=CIRCLE('',#3883,3.00000000000001);
#1347=CIRCLE('',#3884,3.00000000000001);
#1348=CIRCLE('',#3886,3.00000000000001);
#1349=CIRCLE('',#3887,3.00000000000001);
#1350=CIRCLE('',#3889,3.00000000000001);
#1351=CIRCLE('',#3890,3.00000000000001);
#1352=CIRCLE('',#3892,3.00000000000001);
#1353=CIRCLE('',#3893,3.00000000000001);
#1354=CIRCLE('',#3896,1.);
#1355=CIRCLE('',#3897,1.25);
#1356=CIRCLE('',#3898,2.99999999999997);
#1357=CIRCLE('',#3899,1.25);
#1358=CIRCLE('',#3901,3.00000000000001);
#1359=CIRCLE('',#3902,3.00000000000003);
#1360=CIRCLE('',#3904,3.00000000000001);
#1361=CIRCLE('',#3905,3.00000000000002);
#1362=CIRCLE('',#3907,3.00000000000001);
#1363=CIRCLE('',#3908,3.);
#1364=CIRCLE('',#3910,3.00000000000001);
#1365=CIRCLE('',#3911,3.00000000000001);
#1366=CIRCLE('',#3913,3.00000000000001);
#1367=CIRCLE('',#3914,3.00000000000002);
#1368=CIRCLE('',#3916,3.00000000000001);
#1369=CIRCLE('',#3917,2.99999999999999);
#1370=CIRCLE('',#3920,15.);
#1371=CIRCLE('',#3921,15.);
#1372=CIRCLE('',#3922,1.);
#1373=CIRCLE('',#3923,15.);
#1374=CIRCLE('',#3926,1.);
#1375=CIRCLE('',#3927,1.25);
#1376=CIRCLE('',#3928,2.99999999999999);
#1377=CIRCLE('',#3929,1.25);
#1378=CIRCLE('',#3930,1.64999999999999);
#1379=CIRCLE('',#3932,1.);
#1380=CIRCLE('',#3933,1.25);
#1381=CIRCLE('',#3934,2.99999999999997);
#1382=CIRCLE('',#3935,1.25);
#1383=CIRCLE('',#3936,1.64999999999999);
#1384=CIRCLE('',#3938,2.75);
#1385=CIRCLE('',#3947,2.75);
#1386=CIRCLE('',#3951,2.);
#1387=CIRCLE('',#3953,2.74999999999999);
#1388=CIRCLE('',#3955,2.74999999999999);
#1389=CIRCLE('',#3957,2.75);
#1390=CIRCLE('',#3959,2.74999999999999);
#1391=CIRCLE('',#3961,2.74999999999999);
#1392=CIRCLE('',#3963,2.75);
#1393=CIRCLE('',#3965,2.74999999999999);
#1394=CIRCLE('',#3967,2.74999999999999);
#1395=CIRCLE('',#3969,2.75);
#1396=CIRCLE('',#3971,2.74999999999999);
#1397=CIRCLE('',#3973,2.75);
#1398=CIRCLE('',#3975,2.75);
#1399=CIRCLE('',#3978,15.);
#1400=CIRCLE('',#3981,1.25);
#1401=CIRCLE('',#3984,2.99999999999998);
#1402=CIRCLE('',#3987,1.25);
#1403=CIRCLE('',#3989,1.25);
#1404=CIRCLE('',#3992,2.99999999999999);
#1405=CIRCLE('',#3995,1.25);
#1406=CIRCLE('',#3997,1.25);
#1407=CIRCLE('',#4000,2.99999999999997);
#1408=CIRCLE('',#4003,1.25);
#1409=CIRCLE('',#4005,1.25);
#1410=CIRCLE('',#4008,2.99999999999997);
#1411=CIRCLE('',#4011,1.25);
#1412=CIRCLE('',#4014,15.);
#1413=CIRCLE('',#4017,15.);
#1414=CIRCLE('',#4020,15.);
#1415=CIRCLE('',#4023,1.25);
#1416=CIRCLE('',#4026,2.99999999999997);
#1417=CIRCLE('',#4029,1.25);
#1418=CIRCLE('',#4032,1.25);
#1419=CIRCLE('',#4035,2.99999999999999);
#1420=CIRCLE('',#4038,1.25);
#1421=CIRCLE('',#4041,15.);
#1422=CIRCLE('',#4044,15.);
#1423=CIRCLE('',#4047,1.);
#1424=CIRCLE('',#4055,1.);
#1425=CIRCLE('',#4057,1.64999999999999);
#1426=CIRCLE('',#4059,1.64999999999999);
#1427=CIRCLE('',#4065,15.);
#1428=CIRCLE('',#4066,15.);
#1429=CIRCLE('',#4068,15.);
#1430=CIRCLE('',#4070,15.);
#1431=VERTEX_POINT('',#5205);
#1432=VERTEX_POINT('',#5206);
#1433=VERTEX_POINT('',#5208);
#1434=VERTEX_POINT('',#5210);
#1435=VERTEX_POINT('',#5214);
#1436=VERTEX_POINT('',#5216);
#1437=VERTEX_POINT('',#5220);
#1438=VERTEX_POINT('',#5221);
#1439=VERTEX_POINT('',#5223);
#1440=VERTEX_POINT('',#5225);
#1441=VERTEX_POINT('',#5232);
#1442=VERTEX_POINT('',#5234);
#1443=VERTEX_POINT('',#5238);
#1444=VERTEX_POINT('',#5240);
#1445=VERTEX_POINT('',#5244);
#1446=VERTEX_POINT('',#5246);
#1447=VERTEX_POINT('',#5253);
#1448=VERTEX_POINT('',#5256);
#1449=VERTEX_POINT('',#5259);
#1450=VERTEX_POINT('',#5262);
#1451=VERTEX_POINT('',#5265);
#1452=VERTEX_POINT('',#5268);
#1453=VERTEX_POINT('',#5271);
#1454=VERTEX_POINT('',#5274);
#1455=VERTEX_POINT('',#5277);
#1456=VERTEX_POINT('',#5280);
#1457=VERTEX_POINT('',#5283);
#1458=VERTEX_POINT('',#5286);
#1459=VERTEX_POINT('',#5289);
#1460=VERTEX_POINT('',#5316);
#1461=VERTEX_POINT('',#5317);
#1462=VERTEX_POINT('',#5319);
#1463=VERTEX_POINT('',#5325);
#1464=VERTEX_POINT('',#5357);
#1465=VERTEX_POINT('',#5363);
#1466=VERTEX_POINT('',#5371);
#1467=VERTEX_POINT('',#5375);
#1468=VERTEX_POINT('',#5379);
#1469=VERTEX_POINT('',#5383);
#1470=VERTEX_POINT('',#5387);
#1471=VERTEX_POINT('',#5391);
#1472=VERTEX_POINT('',#5395);
#1473=VERTEX_POINT('',#5399);
#1474=VERTEX_POINT('',#5403);
#1475=VERTEX_POINT('',#5407);
#1476=VERTEX_POINT('',#5411);
#1477=VERTEX_POINT('',#5415);
#1478=VERTEX_POINT('',#5419);
#1479=VERTEX_POINT('',#5420);
#1480=VERTEX_POINT('',#5422);
#1481=VERTEX_POINT('',#5424);
#1482=VERTEX_POINT('',#5428);
#1483=VERTEX_POINT('',#5430);
#1484=VERTEX_POINT('',#5434);
#1485=VERTEX_POINT('',#5436);
#1486=VERTEX_POINT('',#5440);
#1487=VERTEX_POINT('',#5441);
#1488=VERTEX_POINT('',#5443);
#1489=VERTEX_POINT('',#5445);
#1490=VERTEX_POINT('',#5449);
#1491=VERTEX_POINT('',#5457);
#1492=VERTEX_POINT('',#5459);
#1493=VERTEX_POINT('',#5463);
#1494=VERTEX_POINT('',#5465);
#1495=VERTEX_POINT('',#5469);
#1496=VERTEX_POINT('',#5471);
#1497=VERTEX_POINT('',#5475);
#1498=VERTEX_POINT('',#5498);
#1499=VERTEX_POINT('',#5502);
#1500=VERTEX_POINT('',#5506);
#1501=VERTEX_POINT('',#5508);
#1502=VERTEX_POINT('',#5512);
#1503=VERTEX_POINT('',#5516);
#1504=VERTEX_POINT('',#5520);
#1505=VERTEX_POINT('',#5542);
#1506=VERTEX_POINT('',#5549);
#1507=VERTEX_POINT('',#5552);
#1508=VERTEX_POINT('',#5555);
#1509=VERTEX_POINT('',#5558);
#1510=VERTEX_POINT('',#5561);
#1511=VERTEX_POINT('',#5564);
#1512=VERTEX_POINT('',#5567);
#1513=VERTEX_POINT('',#5570);
#1514=VERTEX_POINT('',#5573);
#1515=VERTEX_POINT('',#5576);
#1516=VERTEX_POINT('',#5579);
#1517=VERTEX_POINT('',#5582);
#1518=VERTEX_POINT('',#5585);
#1519=VERTEX_POINT('',#5586);
#1520=VERTEX_POINT('',#5591);
#1521=VERTEX_POINT('',#5595);
#1522=VERTEX_POINT('',#5596);
#1523=VERTEX_POINT('',#5598);
#1524=VERTEX_POINT('',#5600);
#1525=VERTEX_POINT('',#5604);
#1526=VERTEX_POINT('',#5607);
#1527=VERTEX_POINT('',#5611);
#1528=VERTEX_POINT('',#5613);
#1529=VERTEX_POINT('',#5617);
#1530=VERTEX_POINT('',#5619);
#1531=VERTEX_POINT('',#5623);
#1532=VERTEX_POINT('',#5625);
#1533=VERTEX_POINT('',#5629);
#1534=VERTEX_POINT('',#5631);
#1535=VERTEX_POINT('',#5635);
#1536=VERTEX_POINT('',#5636);
#1537=VERTEX_POINT('',#5638);
#1538=VERTEX_POINT('',#5640);
#1539=VERTEX_POINT('',#5642);
#1540=VERTEX_POINT('',#5644);
#1541=VERTEX_POINT('',#5646);
#1542=VERTEX_POINT('',#5648);
#1543=VERTEX_POINT('',#5652);
#1544=VERTEX_POINT('',#5654);
#1545=VERTEX_POINT('',#5658);
#1546=VERTEX_POINT('',#5659);
#1547=VERTEX_POINT('',#5661);
#1548=VERTEX_POINT('',#5663);
#1549=VERTEX_POINT('',#5667);
#1550=VERTEX_POINT('',#5668);
#1551=VERTEX_POINT('',#5673);
#1552=VERTEX_POINT('',#5675);
#1553=VERTEX_POINT('',#5679);
#1554=VERTEX_POINT('',#5680);
#1555=VERTEX_POINT('',#5685);
#1556=VERTEX_POINT('',#5687);
#1557=VERTEX_POINT('',#5691);
#1558=VERTEX_POINT('',#5692);
#1559=VERTEX_POINT('',#5697);
#1560=VERTEX_POINT('',#5699);
#1561=VERTEX_POINT('',#5703);
#1562=VERTEX_POINT('',#5704);
#1563=VERTEX_POINT('',#5709);
#1564=VERTEX_POINT('',#5711);
#1565=VERTEX_POINT('',#5715);
#1566=VERTEX_POINT('',#5716);
#1567=VERTEX_POINT('',#5721);
#1568=VERTEX_POINT('',#5723);
#1569=VERTEX_POINT('',#5727);
#1570=VERTEX_POINT('',#5729);
#1571=VERTEX_POINT('',#5733);
#1572=VERTEX_POINT('',#5735);
#1573=VERTEX_POINT('',#5739);
#1574=VERTEX_POINT('',#5740);
#1575=VERTEX_POINT('',#5742);
#1576=VERTEX_POINT('',#5744);
#1577=VERTEX_POINT('',#5746);
#1578=VERTEX_POINT('',#5748);
#1579=VERTEX_POINT('',#5750);
#1580=VERTEX_POINT('',#5752);
#1581=VERTEX_POINT('',#5756);
#1582=VERTEX_POINT('',#5758);
#1583=VERTEX_POINT('',#5762);
#1584=VERTEX_POINT('',#5763);
#1585=VERTEX_POINT('',#5766);
#1586=VERTEX_POINT('',#5768);
#1587=VERTEX_POINT('',#5772);
#1588=VERTEX_POINT('',#5774);
#1589=VERTEX_POINT('',#5778);
#1590=VERTEX_POINT('',#5782);
#1591=VERTEX_POINT('',#5795);
#1592=VERTEX_POINT('',#5802);
#1593=VERTEX_POINT('',#5803);
#1594=VERTEX_POINT('',#5805);
#1595=VERTEX_POINT('',#5807);
#1596=VERTEX_POINT('',#5809);
#1597=VERTEX_POINT('',#5811);
#1598=VERTEX_POINT('',#5813);
#1599=VERTEX_POINT('',#5815);
#1600=VERTEX_POINT('',#5819);
#1601=VERTEX_POINT('',#5821);
#1602=VERTEX_POINT('',#5826);
#1603=VERTEX_POINT('',#5828);
#1604=VERTEX_POINT('',#5830);
#1605=VERTEX_POINT('',#5834);
#1606=VERTEX_POINT('',#5835);
#1607=VERTEX_POINT('',#5837);
#1608=VERTEX_POINT('',#5839);
#1609=VERTEX_POINT('',#5843);
#1610=VERTEX_POINT('',#5845);
#1611=VERTEX_POINT('',#5849);
#1612=VERTEX_POINT('',#5851);
#1613=VERTEX_POINT('',#5855);
#1614=VERTEX_POINT('',#5857);
#1615=VERTEX_POINT('',#5861);
#1616=VERTEX_POINT('',#5863);
#1617=VERTEX_POINT('',#5867);
#1618=VERTEX_POINT('',#5869);
#1619=VERTEX_POINT('',#5876);
#1620=VERTEX_POINT('',#5877);
#1621=VERTEX_POINT('',#5879);
#1622=VERTEX_POINT('',#5881);
#1623=VERTEX_POINT('',#5883);
#1624=VERTEX_POINT('',#5885);
#1625=VERTEX_POINT('',#5887);
#1626=VERTEX_POINT('',#5889);
#1627=VERTEX_POINT('',#5893);
#1628=VERTEX_POINT('',#5894);
#1629=VERTEX_POINT('',#5896);
#1630=VERTEX_POINT('',#5898);
#1631=VERTEX_POINT('',#5902);
#1632=VERTEX_POINT('',#5904);
#1633=VERTEX_POINT('',#5908);
#1634=VERTEX_POINT('',#5910);
#1635=VERTEX_POINT('',#5914);
#1636=VERTEX_POINT('',#5916);
#1637=VERTEX_POINT('',#5920);
#1638=VERTEX_POINT('',#5922);
#1639=VERTEX_POINT('',#5926);
#1640=VERTEX_POINT('',#5928);
#1641=VERTEX_POINT('',#5932);
#1642=VERTEX_POINT('',#5933);
#1643=VERTEX_POINT('',#5938);
#1644=VERTEX_POINT('',#5939);
#1645=VERTEX_POINT('',#5941);
#1646=VERTEX_POINT('',#5943);
#1647=VERTEX_POINT('',#5947);
#1648=VERTEX_POINT('',#5949);
#1649=VERTEX_POINT('',#5951);
#1650=VERTEX_POINT('',#5953);
#1651=VERTEX_POINT('',#5955);
#1652=VERTEX_POINT('',#5958);
#1653=VERTEX_POINT('',#5960);
#1654=VERTEX_POINT('',#5962);
#1655=VERTEX_POINT('',#5964);
#1656=VERTEX_POINT('',#5971);
#1657=VERTEX_POINT('',#5972);
#1658=VERTEX_POINT('',#5974);
#1659=VERTEX_POINT('',#5976);
#1660=VERTEX_POINT('',#5978);
#1661=VERTEX_POINT('',#5980);
#1662=VERTEX_POINT('',#5982);
#1663=VERTEX_POINT('',#5984);
#1664=VERTEX_POINT('',#5987);
#1665=VERTEX_POINT('',#5990);
#1666=VERTEX_POINT('',#5991);
#1667=VERTEX_POINT('',#5993);
#1668=VERTEX_POINT('',#5995);
#1669=VERTEX_POINT('',#5997);
#1670=VERTEX_POINT('',#5999);
#1671=VERTEX_POINT('',#6001);
#1672=VERTEX_POINT('',#6003);
#1673=VERTEX_POINT('',#6006);
#1674=VERTEX_POINT('',#6009);
#1675=VERTEX_POINT('',#6010);
#1676=VERTEX_POINT('',#6014);
#1677=VERTEX_POINT('',#6016);
#1678=VERTEX_POINT('',#6020);
#1679=VERTEX_POINT('',#6024);
#1680=VERTEX_POINT('',#6028);
#1681=VERTEX_POINT('',#6032);
#1682=VERTEX_POINT('',#6036);
#1683=VERTEX_POINT('',#6040);
#1684=VERTEX_POINT('',#6044);
#1685=VERTEX_POINT('',#6046);
#1686=VERTEX_POINT('',#6050);
#1687=VERTEX_POINT('',#6052);
#1688=VERTEX_POINT('',#6056);
#1689=VERTEX_POINT('',#6062);
#1690=VERTEX_POINT('',#6066);
#1691=VERTEX_POINT('',#6070);
#1692=VERTEX_POINT('',#6074);
#1693=VERTEX_POINT('',#6078);
#1694=VERTEX_POINT('',#6082);
#1695=VERTEX_POINT('',#6086);
#1696=VERTEX_POINT('',#6090);
#1697=VERTEX_POINT('',#6094);
#1698=VERTEX_POINT('',#6098);
#1699=VERTEX_POINT('',#6102);
#1700=VERTEX_POINT('',#6106);
#1701=VERTEX_POINT('',#6110);
#1702=VERTEX_POINT('',#6112);
#1703=VERTEX_POINT('',#6116);
#1704=VERTEX_POINT('',#6120);
#1705=VERTEX_POINT('',#6124);
#1706=VERTEX_POINT('',#6128);
#1707=VERTEX_POINT('',#6132);
#1708=VERTEX_POINT('',#6136);
#1709=VERTEX_POINT('',#6140);
#1710=VERTEX_POINT('',#6144);
#1711=VERTEX_POINT('',#6145);
#1712=VERTEX_POINT('',#6150);
#1713=VERTEX_POINT('',#6154);
#1714=VERTEX_POINT('',#6158);
#1715=VERTEX_POINT('',#6162);
#1716=VERTEX_POINT('',#6166);
#1717=VERTEX_POINT('',#6167);
#1718=VERTEX_POINT('',#6172);
#1719=VERTEX_POINT('',#6176);
#1720=VERTEX_POINT('',#6180);
#1721=VERTEX_POINT('',#6184);
#1722=VERTEX_POINT('',#6188);
#1723=VERTEX_POINT('',#6189);
#1724=VERTEX_POINT('',#6194);
#1725=VERTEX_POINT('',#6198);
#1726=VERTEX_POINT('',#6202);
#1727=VERTEX_POINT('',#6206);
#1728=VERTEX_POINT('',#6210);
#1729=VERTEX_POINT('',#6214);
#1730=VERTEX_POINT('',#6218);
#1731=VERTEX_POINT('',#6222);
#1732=VERTEX_POINT('',#6226);
#1733=VERTEX_POINT('',#6230);
#1734=VERTEX_POINT('',#6234);
#1735=VERTEX_POINT('',#6238);
#1736=VERTEX_POINT('',#6242);
#1737=VERTEX_POINT('',#6246);
#1738=VERTEX_POINT('',#6250);
#1739=VERTEX_POINT('',#6254);
#1740=VERTEX_POINT('',#6258);
#1741=VERTEX_POINT('',#6262);
#1742=VERTEX_POINT('',#6266);
#1743=VERTEX_POINT('',#6270);
#1744=VERTEX_POINT('',#6274);
#1745=VERTEX_POINT('',#6278);
#1746=VERTEX_POINT('',#6282);
#1747=VERTEX_POINT('',#6286);
#1748=VERTEX_POINT('',#6290);
#1749=VERTEX_POINT('',#6296);
#1750=VERTEX_POINT('',#6297);
#1751=VERTEX_POINT('',#6299);
#1752=VERTEX_POINT('',#6304);
#1753=VERTEX_POINT('',#6308);
#1754=VERTEX_POINT('',#6313);
#1755=VERTEX_POINT('',#6317);
#1756=VERTEX_POINT('',#6319);
#1757=VERTEX_POINT('',#6323);
#1758=VERTEX_POINT('',#6325);
#1759=VERTEX_POINT('',#6327);
#1760=VERTEX_POINT('',#6331);
#1761=VERTEX_POINT('',#6335);
#1762=VERTEX_POINT('',#6340);
#1763=VERTEX_POINT('',#6344);
#1764=VERTEX_POINT('',#6348);
#1765=VERTEX_POINT('',#6352);
#1766=VERTEX_POINT('',#6353);
#1767=VERTEX_POINT('',#6359);
#1768=VERTEX_POINT('',#6361);
#1769=VERTEX_POINT('',#6365);
#1770=VERTEX_POINT('',#6369);
#1771=VERTEX_POINT('',#6373);
#1772=VERTEX_POINT('',#6375);
#1773=VERTEX_POINT('',#6379);
#1774=VERTEX_POINT('',#6384);
#1775=EDGE_CURVE('',#1431,#1432,#1222,.T.);
#1776=EDGE_CURVE('',#1432,#1433,#616,.T.);
#1777=EDGE_CURVE('',#1433,#1434,#1223,.T.);
#1778=EDGE_CURVE('',#1434,#1431,#617,.T.);
#1779=EDGE_CURVE('',#1435,#1432,#618,.T.);
#1780=EDGE_CURVE('',#1436,#1435,#619,.T.);
#1781=EDGE_CURVE('',#1433,#1436,#620,.T.);
#1782=EDGE_CURVE('',#1437,#1438,#1224,.T.);
#1783=EDGE_CURVE('',#1438,#1439,#621,.T.);
#1784=EDGE_CURVE('',#1439,#1440,#1225,.T.);
#1785=EDGE_CURVE('',#1440,#1437,#622,.T.);
#1786=EDGE_CURVE('',#1439,#1434,#623,.T.);
#1787=EDGE_CURVE('',#1431,#1438,#624,.T.);
#1788=EDGE_CURVE('',#1435,#1441,#1226,.T.);
#1789=EDGE_CURVE('',#1441,#1442,#625,.T.);
#1790=EDGE_CURVE('',#1442,#1436,#1227,.T.);
#1791=EDGE_CURVE('',#1443,#1441,#626,.T.);
#1792=EDGE_CURVE('',#1444,#1443,#627,.T.);
#1793=EDGE_CURVE('',#1442,#1444,#628,.T.);
#1794=EDGE_CURVE('',#1443,#1445,#1228,.T.);
#1795=EDGE_CURVE('',#1445,#1446,#629,.T.);
#1796=EDGE_CURVE('',#1446,#1444,#1229,.T.);
#1797=EDGE_CURVE('',#1446,#1440,#630,.T.);
#1798=EDGE_CURVE('',#1437,#1445,#631,.T.);
#1799=EDGE_CURVE('',#1447,#1447,#1230,.T.);
#1800=EDGE_CURVE('',#1448,#1448,#1231,.T.);
#1801=EDGE_CURVE('',#1449,#1449,#1232,.T.);
#1802=EDGE_CURVE('',#1450,#1450,#1233,.T.);
#1803=EDGE_CURVE('',#1451,#1451,#1234,.T.);
#1804=EDGE_CURVE('',#1452,#1452,#1235,.T.);
#1805=EDGE_CURVE('',#1453,#1453,#1236,.T.);
#1806=EDGE_CURVE('',#1454,#1454,#1237,.T.);
#1807=EDGE_CURVE('',#1455,#1455,#1238,.T.);
#1808=EDGE_CURVE('',#1456,#1456,#1239,.T.);
#1809=EDGE_CURVE('',#1457,#1457,#1240,.T.);
#1810=EDGE_CURVE('',#1458,#1458,#1241,.T.);
#1811=EDGE_CURVE('',#1459,#1459,#1242,.T.);
#1812=EDGE_CURVE('',#1460,#1461,#1243,.T.);
#1813=EDGE_CURVE('',#1461,#1462,#60,.T.);
#1814=EDGE_CURVE('',#1463,#1462,#1244,.T.);
#1815=EDGE_CURVE('',#1463,#1460,#61,.T.);
#1816=EDGE_CURVE('',#1462,#1464,#62,.T.);
#1817=EDGE_CURVE('',#1465,#1464,#1245,.T.);
#1818=EDGE_CURVE('',#1465,#1463,#63,.T.);
#1819=EDGE_CURVE('',#1466,#1466,#1246,.T.);
#1820=EDGE_CURVE('',#1466,#1447,#632,.T.);
#1821=EDGE_CURVE('',#1467,#1467,#1247,.T.);
#1822=EDGE_CURVE('',#1467,#1448,#633,.T.);
#1823=EDGE_CURVE('',#1468,#1468,#1248,.T.);
#1824=EDGE_CURVE('',#1468,#1449,#634,.T.);
#1825=EDGE_CURVE('',#1469,#1469,#1249,.T.);
#1826=EDGE_CURVE('',#1469,#1450,#635,.T.);
#1827=EDGE_CURVE('',#1470,#1470,#1250,.T.);
#1828=EDGE_CURVE('',#1470,#1451,#636,.T.);
#1829=EDGE_CURVE('',#1471,#1471,#1251,.T.);
#1830=EDGE_CURVE('',#1471,#1452,#637,.T.);
#1831=EDGE_CURVE('',#1472,#1472,#1252,.T.);
#1832=EDGE_CURVE('',#1472,#1453,#638,.T.);
#1833=EDGE_CURVE('',#1473,#1473,#1253,.T.);
#1834=EDGE_CURVE('',#1473,#1454,#639,.T.);
#1835=EDGE_CURVE('',#1474,#1474,#1254,.T.);
#1836=EDGE_CURVE('',#1474,#1455,#640,.T.);
#1837=EDGE_CURVE('',#1475,#1475,#1255,.T.);
#1838=EDGE_CURVE('',#1475,#1456,#641,.T.);
#1839=EDGE_CURVE('',#1476,#1476,#1256,.T.);
#1840=EDGE_CURVE('',#1476,#1457,#642,.T.);
#1841=EDGE_CURVE('',#1477,#1477,#1257,.T.);
#1842=EDGE_CURVE('',#1477,#1458,#643,.T.);
#1843=EDGE_CURVE('',#1478,#1479,#1258,.F.);
#1844=EDGE_CURVE('',#1479,#1480,#644,.T.);
#1845=EDGE_CURVE('',#1480,#1481,#1259,.F.);
#1846=EDGE_CURVE('',#1481,#1478,#645,.T.);
#1847=EDGE_CURVE('',#1480,#1482,#646,.T.);
#1848=EDGE_CURVE('',#1483,#1479,#647,.T.);
#1849=EDGE_CURVE('',#1482,#1483,#648,.T.);
#1850=EDGE_CURVE('',#1484,#1484,#1260,.T.);
#1851=EDGE_CURVE('',#1484,#1485,#649,.T.);
#1852=EDGE_CURVE('',#1485,#1485,#1261,.T.);
#1853=EDGE_CURVE('',#1486,#1487,#650,.T.);
#1854=EDGE_CURVE('',#1488,#1486,#651,.T.);
#1855=EDGE_CURVE('',#1489,#1488,#652,.T.);
#1856=EDGE_CURVE('',#1487,#1489,#653,.T.);
#1857=EDGE_CURVE('',#1490,#1486,#1262,.T.);
#1858=EDGE_CURVE('',#1490,#1461,#654,.T.);
#1859=EDGE_CURVE('',#1488,#1460,#58,.T.);
#1860=EDGE_CURVE('',#1478,#1490,#655,.T.);
#1861=EDGE_CURVE('',#1461,#1481,#656,.T.);
#1862=EDGE_CURVE('',#1491,#1491,#1263,.T.);
#1863=EDGE_CURVE('',#1491,#1492,#657,.T.);
#1864=EDGE_CURVE('',#1492,#1492,#1264,.T.);
#1865=EDGE_CURVE('',#1493,#1493,#1265,.T.);
#1866=EDGE_CURVE('',#1493,#1494,#658,.T.);
#1867=EDGE_CURVE('',#1494,#1494,#1266,.T.);
#1868=EDGE_CURVE('',#1495,#1495,#1267,.T.);
#1869=EDGE_CURVE('',#1495,#1496,#659,.T.);
#1870=EDGE_CURVE('',#1496,#1496,#1268,.T.);
#1871=EDGE_CURVE('',#1497,#1497,#1269,.T.);
#1872=EDGE_CURVE('',#1497,#1459,#660,.T.);
#1873=EDGE_CURVE('',#1465,#1498,#59,.T.);
#1874=EDGE_CURVE('',#1488,#1498,#1270,.T.);
#1875=EDGE_CURVE('',#1499,#1489,#1271,.T.);
#1876=EDGE_CURVE('',#1498,#1499,#661,.T.);
#1877=EDGE_CURVE('',#1482,#1500,#1272,.T.);
#1878=EDGE_CURVE('',#1500,#1501,#662,.T.);
#1879=EDGE_CURVE('',#1501,#1480,#1273,.T.);
#1880=EDGE_CURVE('',#1501,#1502,#1274,.T.);
#1881=EDGE_CURVE('',#1481,#1502,#1275,.T.);
#1882=EDGE_CURVE('',#1502,#1503,#663,.T.);
#1883=EDGE_CURVE('',#1503,#1462,#1276,.T.);
#1884=EDGE_CURVE('',#1503,#1504,#1277,.T.);
#1885=EDGE_CURVE('',#1464,#1504,#64,.T.);
#1886=EDGE_CURVE('',#1505,#1504,#1278,.T.);
#1887=EDGE_CURVE('',#1505,#1465,#65,.T.);
#1888=EDGE_CURVE('',#1506,#1506,#1279,.T.);
#1889=EDGE_CURVE('',#1507,#1507,#1280,.T.);
#1890=EDGE_CURVE('',#1508,#1508,#1281,.T.);
#1891=EDGE_CURVE('',#1509,#1509,#1282,.T.);
#1892=EDGE_CURVE('',#1510,#1510,#1283,.T.);
#1893=EDGE_CURVE('',#1511,#1511,#1284,.T.);
#1894=EDGE_CURVE('',#1512,#1512,#1285,.T.);
#1895=EDGE_CURVE('',#1513,#1513,#1286,.T.);
#1896=EDGE_CURVE('',#1514,#1514,#1287,.T.);
#1897=EDGE_CURVE('',#1515,#1515,#1288,.T.);
#1898=EDGE_CURVE('',#1516,#1516,#1289,.T.);
#1899=EDGE_CURVE('',#1517,#1517,#1290,.T.);
#1900=EDGE_CURVE('',#1518,#1519,#1291,.T.);
#1901=EDGE_CURVE('',#1479,#1519,#1292,.T.);
#1902=EDGE_CURVE('',#1518,#1478,#1293,.T.);
#1903=EDGE_CURVE('',#1520,#1483,#1294,.T.);
#1904=EDGE_CURVE('',#1519,#1520,#664,.T.);
#1905=EDGE_CURVE('',#1521,#1522,#665,.T.);
#1906=EDGE_CURVE('',#1523,#1521,#666,.T.);
#1907=EDGE_CURVE('',#1524,#1523,#667,.T.);
#1908=EDGE_CURVE('',#1522,#1524,#668,.T.);
#1909=EDGE_CURVE('',#1523,#1525,#669,.T.);
#1910=EDGE_CURVE('',#1525,#1500,#670,.T.);
#1911=EDGE_CURVE('',#1520,#1526,#671,.T.);
#1912=EDGE_CURVE('',#1524,#1526,#1295,.T.);
#1913=EDGE_CURVE('',#1527,#1522,#1296,.F.);
#1914=EDGE_CURVE('',#1527,#1528,#672,.T.);
#1915=EDGE_CURVE('',#1528,#1521,#1297,.T.);
#1916=EDGE_CURVE('',#1529,#1527,#673,.T.);
#1917=EDGE_CURVE('',#1530,#1529,#674,.T.);
#1918=EDGE_CURVE('',#1528,#1530,#675,.T.);
#1919=EDGE_CURVE('',#1531,#1530,#1298,.T.);
#1920=EDGE_CURVE('',#1529,#1532,#1299,.T.);
#1921=EDGE_CURVE('',#1532,#1531,#676,.T.);
#1922=EDGE_CURVE('',#1533,#1532,#677,.T.);
#1923=EDGE_CURVE('',#1534,#1533,#678,.T.);
#1924=EDGE_CURVE('',#1531,#1534,#679,.T.);
#1925=EDGE_CURVE('',#1535,#1536,#1300,.T.);
#1926=EDGE_CURVE('',#1537,#1535,#680,.T.);
#1927=EDGE_CURVE('',#1538,#1537,#1301,.F.);
#1928=EDGE_CURVE('',#1539,#1538,#681,.T.);
#1929=EDGE_CURVE('',#1540,#1539,#1302,.T.);
#1930=EDGE_CURVE('',#1541,#1540,#682,.T.);
#1931=EDGE_CURVE('',#1542,#1541,#1303,.F.);
#1932=EDGE_CURVE('',#1536,#1542,#683,.T.);
#1933=EDGE_CURVE('',#1536,#1543,#684,.T.);
#1934=EDGE_CURVE('',#1543,#1544,#1304,.T.);
#1935=EDGE_CURVE('',#1544,#1535,#685,.T.);
#1936=EDGE_CURVE('',#1545,#1546,#686,.T.);
#1937=EDGE_CURVE('',#1546,#1547,#687,.T.);
#1938=EDGE_CURVE('',#1548,#1547,#688,.T.);
#1939=EDGE_CURVE('',#1545,#1548,#689,.T.);
#1940=EDGE_CURVE('',#1549,#1550,#690,.T.);
#1941=EDGE_CURVE('',#1546,#1549,#1305,.T.);
#1942=EDGE_CURVE('',#1550,#1545,#1306,.T.);
#1943=EDGE_CURVE('',#1551,#1549,#1307,.T.);
#1944=EDGE_CURVE('',#1550,#1552,#1308,.T.);
#1945=EDGE_CURVE('',#1552,#1551,#691,.T.);
#1946=EDGE_CURVE('',#1553,#1554,#692,.T.);
#1947=EDGE_CURVE('',#1551,#1553,#1309,.T.);
#1948=EDGE_CURVE('',#1554,#1552,#1310,.T.);
#1949=EDGE_CURVE('',#1555,#1553,#1311,.T.);
#1950=EDGE_CURVE('',#1554,#1556,#1312,.T.);
#1951=EDGE_CURVE('',#1556,#1555,#693,.T.);
#1952=EDGE_CURVE('',#1557,#1558,#694,.T.);
#1953=EDGE_CURVE('',#1555,#1557,#1313,.T.);
#1954=EDGE_CURVE('',#1558,#1556,#1314,.T.);
#1955=EDGE_CURVE('',#1559,#1557,#1315,.T.);
#1956=EDGE_CURVE('',#1558,#1560,#1316,.T.);
#1957=EDGE_CURVE('',#1560,#1559,#695,.T.);
#1958=EDGE_CURVE('',#1561,#1562,#696,.T.);
#1959=EDGE_CURVE('',#1559,#1561,#1317,.T.);
#1960=EDGE_CURVE('',#1562,#1560,#1318,.T.);
#1961=EDGE_CURVE('',#1563,#1561,#1319,.T.);
#1962=EDGE_CURVE('',#1562,#1564,#1320,.T.);
#1963=EDGE_CURVE('',#1564,#1563,#697,.T.);
#1964=EDGE_CURVE('',#1565,#1566,#698,.T.);
#1965=EDGE_CURVE('',#1563,#1565,#1321,.T.);
#1966=EDGE_CURVE('',#1566,#1564,#1322,.T.);
#1967=EDGE_CURVE('',#1567,#1565,#1323,.T.);
#1968=EDGE_CURVE('',#1566,#1568,#1324,.T.);
#1969=EDGE_CURVE('',#1568,#1567,#699,.T.);
#1970=EDGE_CURVE('',#1569,#1568,#1325,.T.);
#1971=EDGE_CURVE('',#1570,#1569,#700,.T.);
#1972=EDGE_CURVE('',#1567,#1570,#1326,.T.);
#1973=EDGE_CURVE('',#1569,#1571,#701,.T.);
#1974=EDGE_CURVE('',#1572,#1571,#702,.T.);
#1975=EDGE_CURVE('',#1570,#1572,#703,.T.);
#1976=EDGE_CURVE('',#1573,#1574,#1327,.T.);
#1977=EDGE_CURVE('',#1575,#1573,#704,.T.);
#1978=EDGE_CURVE('',#1576,#1575,#1328,.F.);
#1979=EDGE_CURVE('',#1577,#1576,#705,.T.);
#1980=EDGE_CURVE('',#1578,#1577,#1329,.T.);
#1981=EDGE_CURVE('',#1579,#1578,#706,.T.);
#1982=EDGE_CURVE('',#1580,#1579,#1330,.F.);
#1983=EDGE_CURVE('',#1574,#1580,#707,.T.);
#1984=EDGE_CURVE('',#1574,#1581,#708,.T.);
#1985=EDGE_CURVE('',#1581,#1582,#1331,.T.);
#1986=EDGE_CURVE('',#1582,#1573,#709,.T.);
#1987=EDGE_CURVE('',#1583,#1584,#1332,.T.);
#1988=EDGE_CURVE('',#1487,#1583,#1333,.T.);
#1989=EDGE_CURVE('',#1499,#1585,#710,.T.);
#1990=EDGE_CURVE('',#1585,#1586,#711,.T.);
#1991=EDGE_CURVE('',#1586,#1572,#712,.T.);
#1992=EDGE_CURVE('',#1571,#1582,#713,.T.);
#1993=EDGE_CURVE('',#1581,#1587,#714,.T.);
#1994=EDGE_CURVE('',#1588,#1587,#1334,.T.);
#1995=EDGE_CURVE('',#1588,#1584,#715,.T.);
#1996=EDGE_CURVE('',#1589,#1583,#716,.T.);
#1997=EDGE_CURVE('',#1589,#1486,#1335,.T.);
#1998=EDGE_CURVE('',#1590,#1589,#66,.T.);
#1999=EDGE_CURVE('',#1490,#1590,#1336,.T.);
#2000=EDGE_CURVE('',#1591,#1590,#67,.T.);
#2001=EDGE_CURVE('',#1591,#1518,#717,.T.);
#2002=EDGE_CURVE('',#1592,#1593,#1337,.T.);
#2003=EDGE_CURVE('',#1594,#1592,#718,.T.);
#2004=EDGE_CURVE('',#1595,#1594,#1338,.F.);
#2005=EDGE_CURVE('',#1596,#1595,#719,.T.);
#2006=EDGE_CURVE('',#1597,#1596,#1339,.T.);
#2007=EDGE_CURVE('',#1598,#1597,#720,.T.);
#2008=EDGE_CURVE('',#1599,#1598,#1340,.F.);
#2009=EDGE_CURVE('',#1593,#1599,#721,.T.);
#2010=EDGE_CURVE('',#1593,#1600,#722,.T.);
#2011=EDGE_CURVE('',#1600,#1601,#1341,.T.);
#2012=EDGE_CURVE('',#1601,#1592,#723,.T.);
#2013=EDGE_CURVE('',#1533,#1601,#724,.T.);
#2014=EDGE_CURVE('',#1600,#1602,#725,.T.);
#2015=EDGE_CURVE('',#1602,#1603,#726,.T.);
#2016=EDGE_CURVE('',#1603,#1604,#727,.T.);
#2017=EDGE_CURVE('',#1604,#1534,#728,.T.);
#2018=EDGE_CURVE('',#1605,#1606,#1342,.T.);
#2019=EDGE_CURVE('',#1607,#1605,#729,.T.);
#2020=EDGE_CURVE('',#1608,#1607,#1343,.T.);
#2021=EDGE_CURVE('',#1606,#1608,#730,.T.);
#2022=EDGE_CURVE('',#1606,#1609,#1344,.T.);
#2023=EDGE_CURVE('',#1610,#1608,#1345,.T.);
#2024=EDGE_CURVE('',#1609,#1610,#731,.T.);
#2025=EDGE_CURVE('',#1609,#1611,#1346,.T.);
#2026=EDGE_CURVE('',#1612,#1610,#1347,.T.);
#2027=EDGE_CURVE('',#1611,#1612,#732,.T.);
#2028=EDGE_CURVE('',#1611,#1613,#1348,.T.);
#2029=EDGE_CURVE('',#1614,#1612,#1349,.T.);
#2030=EDGE_CURVE('',#1613,#1614,#733,.T.);
#2031=EDGE_CURVE('',#1613,#1615,#1350,.T.);
#2032=EDGE_CURVE('',#1616,#1614,#1351,.T.);
#2033=EDGE_CURVE('',#1615,#1616,#734,.T.);
#2034=EDGE_CURVE('',#1615,#1617,#1352,.T.);
#2035=EDGE_CURVE('',#1618,#1616,#1353,.T.);
#2036=EDGE_CURVE('',#1617,#1618,#735,.T.);
#2037=EDGE_CURVE('',#1617,#1602,#736,.T.);
#2038=EDGE_CURVE('',#1603,#1618,#737,.T.);
#2039=EDGE_CURVE('',#1619,#1620,#1354,.T.);
#2040=EDGE_CURVE('',#1621,#1619,#738,.T.);
#2041=EDGE_CURVE('',#1622,#1621,#1355,.F.);
#2042=EDGE_CURVE('',#1623,#1622,#739,.T.);
#2043=EDGE_CURVE('',#1624,#1623,#1356,.T.);
#2044=EDGE_CURVE('',#1625,#1624,#740,.T.);
#2045=EDGE_CURVE('',#1626,#1625,#1357,.F.);
#2046=EDGE_CURVE('',#1620,#1626,#741,.T.);
#2047=EDGE_CURVE('',#1627,#1628,#1358,.T.);
#2048=EDGE_CURVE('',#1627,#1629,#742,.T.);
#2049=EDGE_CURVE('',#1630,#1629,#1359,.T.);
#2050=EDGE_CURVE('',#1628,#1630,#743,.T.);
#2051=EDGE_CURVE('',#1631,#1627,#1360,.T.);
#2052=EDGE_CURVE('',#1631,#1632,#744,.T.);
#2053=EDGE_CURVE('',#1629,#1632,#1361,.T.);
#2054=EDGE_CURVE('',#1633,#1631,#1362,.T.);
#2055=EDGE_CURVE('',#1633,#1634,#745,.T.);
#2056=EDGE_CURVE('',#1632,#1634,#1363,.T.);
#2057=EDGE_CURVE('',#1635,#1633,#1364,.T.);
#2058=EDGE_CURVE('',#1635,#1636,#746,.T.);
#2059=EDGE_CURVE('',#1634,#1636,#1365,.T.);
#2060=EDGE_CURVE('',#1637,#1635,#1366,.T.);
#2061=EDGE_CURVE('',#1637,#1638,#747,.T.);
#2062=EDGE_CURVE('',#1636,#1638,#1367,.T.);
#2063=EDGE_CURVE('',#1639,#1637,#1368,.T.);
#2064=EDGE_CURVE('',#1640,#1639,#748,.T.);
#2065=EDGE_CURVE('',#1638,#1640,#1369,.T.);
#2066=EDGE_CURVE('',#1641,#1642,#749,.T.);
#2067=EDGE_CURVE('',#1640,#1641,#750,.T.);
#2068=EDGE_CURVE('',#1642,#1639,#751,.T.);
#2069=EDGE_CURVE('',#1643,#1644,#1370,.T.);
#2070=EDGE_CURVE('',#1643,#1645,#752,.T.);
#2071=EDGE_CURVE('',#1646,#1645,#1371,.T.);
#2072=EDGE_CURVE('',#1646,#1544,#753,.T.);
#2073=EDGE_CURVE('',#1543,#1548,#754,.T.);
#2074=EDGE_CURVE('',#1547,#1647,#755,.T.);
#2075=EDGE_CURVE('',#1647,#1648,#756,.T.);
#2076=EDGE_CURVE('',#1648,#1649,#757,.T.);
#2077=EDGE_CURVE('',#1649,#1650,#758,.T.);
#2078=EDGE_CURVE('',#1650,#1651,#759,.T.);
#2079=EDGE_CURVE('',#1651,#1641,#760,.T.);
#2080=EDGE_CURVE('',#1642,#1652,#761,.T.);
#2081=EDGE_CURVE('',#1653,#1652,#1372,.T.);
#2082=EDGE_CURVE('',#1653,#1654,#762,.T.);
#2083=EDGE_CURVE('',#1655,#1654,#1373,.T.);
#2084=EDGE_CURVE('',#1655,#1644,#763,.T.);
#2085=EDGE_CURVE('',#1620,#1653,#764,.T.);
#2086=EDGE_CURVE('',#1652,#1619,#765,.T.);
#2087=EDGE_CURVE('',#1656,#1657,#1374,.T.);
#2088=EDGE_CURVE('',#1658,#1656,#766,.T.);
#2089=EDGE_CURVE('',#1659,#1658,#1375,.F.);
#2090=EDGE_CURVE('',#1660,#1659,#767,.T.);
#2091=EDGE_CURVE('',#1661,#1660,#1376,.T.);
#2092=EDGE_CURVE('',#1662,#1661,#768,.T.);
#2093=EDGE_CURVE('',#1663,#1662,#1377,.F.);
#2094=EDGE_CURVE('',#1657,#1663,#769,.T.);
#2095=EDGE_CURVE('',#1664,#1664,#1378,.T.);
#2096=EDGE_CURVE('',#1665,#1666,#1379,.T.);
#2097=EDGE_CURVE('',#1667,#1665,#770,.T.);
#2098=EDGE_CURVE('',#1668,#1667,#1380,.F.);
#2099=EDGE_CURVE('',#1669,#1668,#771,.T.);
#2100=EDGE_CURVE('',#1670,#1669,#1381,.T.);
#2101=EDGE_CURVE('',#1671,#1670,#772,.T.);
#2102=EDGE_CURVE('',#1672,#1671,#1382,.F.);
#2103=EDGE_CURVE('',#1666,#1672,#773,.T.);
#2104=EDGE_CURVE('',#1673,#1673,#1383,.T.);
#2105=EDGE_CURVE('',#1674,#1675,#774,.T.);
#2106=EDGE_CURVE('',#1675,#1674,#1384,.T.);
#2107=EDGE_CURVE('',#1676,#1505,#775,.T.);
#2108=EDGE_CURVE('',#1677,#1676,#776,.T.);
#2109=EDGE_CURVE('',#1677,#1585,#777,.T.);
#2110=EDGE_CURVE('',#1678,#1677,#778,.T.);
#2111=EDGE_CURVE('',#1678,#1586,#779,.F.);
#2112=EDGE_CURVE('',#1679,#1678,#780,.T.);
#2113=EDGE_CURVE('',#1679,#1647,#781,.F.);
#2114=EDGE_CURVE('',#1680,#1679,#782,.T.);
#2115=EDGE_CURVE('',#1680,#1648,#783,.F.);
#2116=EDGE_CURVE('',#1681,#1680,#784,.T.);
#2117=EDGE_CURVE('',#1649,#1681,#785,.T.);
#2118=EDGE_CURVE('',#1682,#1681,#786,.T.);
#2119=EDGE_CURVE('',#1682,#1650,#787,.T.);
#2120=EDGE_CURVE('',#1683,#1682,#788,.T.);
#2121=EDGE_CURVE('',#1683,#1651,#789,.T.);
#2122=EDGE_CURVE('',#1684,#1674,#790,.T.);
#2123=EDGE_CURVE('',#1685,#1684,#1385,.T.);
#2124=EDGE_CURVE('',#1675,#1685,#791,.T.);
#2125=EDGE_CURVE('',#1686,#1604,#792,.T.);
#2126=EDGE_CURVE('',#1687,#1686,#793,.T.);
#2127=EDGE_CURVE('',#1687,#1525,#794,.F.);
#2128=EDGE_CURVE('',#1504,#1688,#795,.T.);
#2129=EDGE_CURVE('',#1688,#1687,#796,.T.);
#2130=EDGE_CURVE('',#1676,#1688,#1386,.T.);
#2131=EDGE_CURVE('',#1689,#1689,#1387,.T.);
#2132=EDGE_CURVE('',#1689,#1506,#797,.T.);
#2133=EDGE_CURVE('',#1690,#1690,#1388,.T.);
#2134=EDGE_CURVE('',#1690,#1507,#798,.T.);
#2135=EDGE_CURVE('',#1691,#1691,#1389,.T.);
#2136=EDGE_CURVE('',#1691,#1508,#799,.T.);
#2137=EDGE_CURVE('',#1692,#1692,#1390,.T.);
#2138=EDGE_CURVE('',#1692,#1509,#800,.T.);
#2139=EDGE_CURVE('',#1693,#1693,#1391,.T.);
#2140=EDGE_CURVE('',#1693,#1510,#801,.T.);
#2141=EDGE_CURVE('',#1694,#1694,#1392,.T.);
#2142=EDGE_CURVE('',#1694,#1511,#802,.T.);
#2143=EDGE_CURVE('',#1695,#1695,#1393,.T.);
#2144=EDGE_CURVE('',#1695,#1512,#803,.T.);
#2145=EDGE_CURVE('',#1696,#1696,#1394,.T.);
#2146=EDGE_CURVE('',#1696,#1513,#804,.T.);
#2147=EDGE_CURVE('',#1697,#1697,#1395,.T.);
#2148=EDGE_CURVE('',#1697,#1514,#805,.T.);
#2149=EDGE_CURVE('',#1698,#1698,#1396,.T.);
#2150=EDGE_CURVE('',#1698,#1515,#806,.T.);
#2151=EDGE_CURVE('',#1699,#1699,#1397,.T.);
#2152=EDGE_CURVE('',#1699,#1516,#807,.T.);
#2153=EDGE_CURVE('',#1700,#1700,#1398,.T.);
#2154=EDGE_CURVE('',#1700,#1517,#808,.T.);
#2155=EDGE_CURVE('',#1526,#1701,#809,.T.);
#2156=EDGE_CURVE('',#1702,#1591,#810,.T.);
#2157=EDGE_CURVE('',#1701,#1702,#811,.T.);
#2158=EDGE_CURVE('',#1701,#1703,#1399,.T.);
#2159=EDGE_CURVE('',#1703,#1522,#812,.T.);
#2160=EDGE_CURVE('',#1704,#1703,#813,.T.);
#2161=EDGE_CURVE('',#1594,#1704,#814,.T.);
#2162=EDGE_CURVE('',#1704,#1705,#1400,.T.);
#2163=EDGE_CURVE('',#1705,#1595,#815,.T.);
#2164=EDGE_CURVE('',#1706,#1705,#816,.T.);
#2165=EDGE_CURVE('',#1706,#1596,#817,.T.);
#2166=EDGE_CURVE('',#1707,#1706,#1401,.T.);
#2167=EDGE_CURVE('',#1707,#1597,#818,.T.);
#2168=EDGE_CURVE('',#1598,#1708,#819,.T.);
#2169=EDGE_CURVE('',#1708,#1707,#820,.T.);
#2170=EDGE_CURVE('',#1708,#1709,#1402,.T.);
#2171=EDGE_CURVE('',#1709,#1599,#821,.T.);
#2172=EDGE_CURVE('',#1710,#1711,#1403,.T.);
#2173=EDGE_CURVE('',#1711,#1659,#822,.T.);
#2174=EDGE_CURVE('',#1658,#1710,#823,.T.);
#2175=EDGE_CURVE('',#1712,#1711,#824,.T.);
#2176=EDGE_CURVE('',#1712,#1660,#825,.T.);
#2177=EDGE_CURVE('',#1713,#1712,#1404,.T.);
#2178=EDGE_CURVE('',#1713,#1661,#826,.T.);
#2179=EDGE_CURVE('',#1662,#1714,#827,.T.);
#2180=EDGE_CURVE('',#1714,#1713,#828,.T.);
#2181=EDGE_CURVE('',#1714,#1715,#1405,.T.);
#2182=EDGE_CURVE('',#1715,#1663,#829,.T.);
#2183=EDGE_CURVE('',#1716,#1717,#1406,.T.);
#2184=EDGE_CURVE('',#1717,#1668,#830,.T.);
#2185=EDGE_CURVE('',#1667,#1716,#831,.T.);
#2186=EDGE_CURVE('',#1718,#1717,#832,.T.);
#2187=EDGE_CURVE('',#1718,#1669,#833,.T.);
#2188=EDGE_CURVE('',#1719,#1718,#1407,.T.);
#2189=EDGE_CURVE('',#1719,#1670,#834,.T.);
#2190=EDGE_CURVE('',#1671,#1720,#835,.T.);
#2191=EDGE_CURVE('',#1720,#1719,#836,.T.);
#2192=EDGE_CURVE('',#1720,#1721,#1408,.T.);
#2193=EDGE_CURVE('',#1721,#1672,#837,.T.);
#2194=EDGE_CURVE('',#1722,#1723,#1409,.T.);
#2195=EDGE_CURVE('',#1723,#1622,#838,.T.);
#2196=EDGE_CURVE('',#1621,#1722,#839,.T.);
#2197=EDGE_CURVE('',#1724,#1723,#840,.T.);
#2198=EDGE_CURVE('',#1724,#1623,#841,.T.);
#2199=EDGE_CURVE('',#1725,#1724,#1410,.T.);
#2200=EDGE_CURVE('',#1725,#1624,#842,.T.);
#2201=EDGE_CURVE('',#1625,#1726,#843,.T.);
#2202=EDGE_CURVE('',#1726,#1725,#844,.T.);
#2203=EDGE_CURVE('',#1726,#1727,#1411,.T.);
#2204=EDGE_CURVE('',#1727,#1626,#845,.T.);
#2205=EDGE_CURVE('',#1654,#1728,#846,.T.);
#2206=EDGE_CURVE('',#1728,#1727,#847,.T.);
#2207=EDGE_CURVE('',#1728,#1729,#1412,.T.);
#2208=EDGE_CURVE('',#1729,#1655,#848,.T.);
#2209=EDGE_CURVE('',#1730,#1729,#849,.T.);
#2210=EDGE_CURVE('',#1644,#1730,#850,.T.);
#2211=EDGE_CURVE('',#1730,#1731,#1413,.T.);
#2212=EDGE_CURVE('',#1731,#1643,#851,.T.);
#2213=EDGE_CURVE('',#1645,#1732,#852,.T.);
#2214=EDGE_CURVE('',#1732,#1731,#853,.T.);
#2215=EDGE_CURVE('',#1732,#1733,#1414,.T.);
#2216=EDGE_CURVE('',#1733,#1646,#854,.T.);
#2217=EDGE_CURVE('',#1734,#1733,#855,.T.);
#2218=EDGE_CURVE('',#1537,#1734,#856,.T.);
#2219=EDGE_CURVE('',#1734,#1735,#1415,.T.);
#2220=EDGE_CURVE('',#1735,#1538,#857,.T.);
#2221=EDGE_CURVE('',#1736,#1735,#858,.T.);
#2222=EDGE_CURVE('',#1736,#1539,#859,.T.);
#2223=EDGE_CURVE('',#1737,#1736,#1416,.T.);
#2224=EDGE_CURVE('',#1737,#1540,#860,.T.);
#2225=EDGE_CURVE('',#1541,#1738,#861,.T.);
#2226=EDGE_CURVE('',#1738,#1737,#862,.T.);
#2227=EDGE_CURVE('',#1738,#1739,#1417,.T.);
#2228=EDGE_CURVE('',#1739,#1542,#863,.T.);
#2229=EDGE_CURVE('',#1740,#1739,#864,.T.);
#2230=EDGE_CURVE('',#1575,#1740,#865,.T.);
#2231=EDGE_CURVE('',#1740,#1741,#1418,.T.);
#2232=EDGE_CURVE('',#1741,#1576,#866,.T.);
#2233=EDGE_CURVE('',#1742,#1741,#867,.T.);
#2234=EDGE_CURVE('',#1742,#1577,#868,.T.);
#2235=EDGE_CURVE('',#1743,#1742,#1419,.T.);
#2236=EDGE_CURVE('',#1743,#1578,#869,.T.);
#2237=EDGE_CURVE('',#1579,#1744,#870,.T.);
#2238=EDGE_CURVE('',#1744,#1743,#871,.T.);
#2239=EDGE_CURVE('',#1744,#1745,#1420,.T.);
#2240=EDGE_CURVE('',#1745,#1580,#872,.T.);
#2241=EDGE_CURVE('',#1587,#1746,#873,.T.);
#2242=EDGE_CURVE('',#1746,#1745,#874,.T.);
#2243=EDGE_CURVE('',#1746,#1747,#1421,.T.);
#2244=EDGE_CURVE('',#1747,#1588,#875,.T.);
#2245=EDGE_CURVE('',#1584,#1748,#876,.T.);
#2246=EDGE_CURVE('',#1748,#1747,#877,.T.);
#2247=EDGE_CURVE('',#1748,#1702,#1422,.T.);
#2248=EDGE_CURVE('',#1749,#1750,#878,.T.);
#2249=EDGE_CURVE('',#1751,#1749,#879,.T.);
#2250=EDGE_CURVE('',#1657,#1751,#880,.T.);
#2251=EDGE_CURVE('',#1750,#1715,#881,.T.);
#2252=EDGE_CURVE('',#1751,#1752,#1423,.T.);
#2253=EDGE_CURVE('',#1752,#1656,#882,.T.);
#2254=EDGE_CURVE('',#1753,#1752,#883,.T.);
#2255=EDGE_CURVE('',#1753,#1605,#884,.T.);
#2256=EDGE_CURVE('',#1710,#1709,#885,.T.);
#2257=EDGE_CURVE('',#1754,#1753,#886,.T.);
#2258=EDGE_CURVE('',#1607,#1754,#887,.T.);
#2259=EDGE_CURVE('',#1755,#1754,#888,.T.);
#2260=EDGE_CURVE('',#1756,#1755,#889,.T.);
#2261=EDGE_CURVE('',#1686,#1756,#890,.T.);
#2262=EDGE_CURVE('',#1757,#1683,#891,.T.);
#2263=EDGE_CURVE('',#1757,#1758,#892,.T.);
#2264=EDGE_CURVE('',#1759,#1758,#893,.T.);
#2265=EDGE_CURVE('',#1759,#1630,#894,.T.);
#2266=EDGE_CURVE('',#1760,#1759,#895,.T.);
#2267=EDGE_CURVE('',#1628,#1760,#896,.T.);
#2268=EDGE_CURVE('',#1761,#1760,#897,.T.);
#2269=EDGE_CURVE('',#1666,#1761,#898,.T.);
#2270=EDGE_CURVE('',#1722,#1721,#899,.T.);
#2271=EDGE_CURVE('',#1761,#1762,#1424,.T.);
#2272=EDGE_CURVE('',#1762,#1665,#900,.T.);
#2273=EDGE_CURVE('',#1763,#1763,#1425,.T.);
#2274=EDGE_CURVE('',#1763,#1664,#901,.T.);
#2275=EDGE_CURVE('',#1764,#1764,#1426,.T.);
#2276=EDGE_CURVE('',#1764,#1673,#902,.T.);
#2277=EDGE_CURVE('',#1765,#1766,#903,.T.);
#2278=EDGE_CURVE('',#1716,#1765,#904,.T.);
#2279=EDGE_CURVE('',#1766,#1762,#905,.T.);
#2280=EDGE_CURVE('',#1756,#1685,#906,.T.);
#2281=EDGE_CURVE('',#1767,#1755,#907,.T.);
#2282=EDGE_CURVE('',#1768,#1767,#908,.T.);
#2283=EDGE_CURVE('',#1684,#1768,#909,.T.);
#2284=EDGE_CURVE('',#1768,#1769,#910,.T.);
#2285=EDGE_CURVE('',#1769,#1757,#911,.T.);
#2286=EDGE_CURVE('',#1769,#1770,#912,.T.);
#2287=EDGE_CURVE('',#1758,#1770,#913,.T.);
#2288=EDGE_CURVE('',#1771,#1765,#1427,.T.);
#2289=EDGE_CURVE('',#1771,#1772,#914,.T.);
#2290=EDGE_CURVE('',#1750,#1772,#1428,.T.);
#2291=EDGE_CURVE('',#1773,#1749,#1429,.T.);
#2292=EDGE_CURVE('',#1772,#1773,#915,.T.);
#2293=EDGE_CURVE('',#1770,#1767,#916,.T.);
#2294=EDGE_CURVE('',#1773,#1774,#917,.T.);
#2295=EDGE_CURVE('',#1766,#1774,#1430,.T.);
#2296=EDGE_CURVE('',#1774,#1771,#918,.T.);
#2297=ORIENTED_EDGE('',*,*,#1775,.T.);
#2298=ORIENTED_EDGE('',*,*,#1776,.T.);
#2299=ORIENTED_EDGE('',*,*,#1777,.T.);
#2300=ORIENTED_EDGE('',*,*,#1778,.T.);
#2301=ORIENTED_EDGE('',*,*,#1776,.F.);
#2302=ORIENTED_EDGE('',*,*,#1779,.F.);
#2303=ORIENTED_EDGE('',*,*,#1780,.F.);
#2304=ORIENTED_EDGE('',*,*,#1781,.F.);
#2305=ORIENTED_EDGE('',*,*,#1782,.T.);
#2306=ORIENTED_EDGE('',*,*,#1783,.T.);
#2307=ORIENTED_EDGE('',*,*,#1784,.T.);
#2308=ORIENTED_EDGE('',*,*,#1785,.T.);
#2309=ORIENTED_EDGE('',*,*,#1778,.F.);
#2310=ORIENTED_EDGE('',*,*,#1786,.F.);
#2311=ORIENTED_EDGE('',*,*,#1783,.F.);
#2312=ORIENTED_EDGE('',*,*,#1787,.F.);
#2313=ORIENTED_EDGE('',*,*,#1788,.T.);
#2314=ORIENTED_EDGE('',*,*,#1789,.T.);
#2315=ORIENTED_EDGE('',*,*,#1790,.T.);
#2316=ORIENTED_EDGE('',*,*,#1780,.T.);
#2317=ORIENTED_EDGE('',*,*,#1789,.F.);
#2318=ORIENTED_EDGE('',*,*,#1791,.F.);
#2319=ORIENTED_EDGE('',*,*,#1792,.F.);
#2320=ORIENTED_EDGE('',*,*,#1793,.F.);
#2321=ORIENTED_EDGE('',*,*,#1794,.T.);
#2322=ORIENTED_EDGE('',*,*,#1795,.T.);
#2323=ORIENTED_EDGE('',*,*,#1796,.T.);
#2324=ORIENTED_EDGE('',*,*,#1792,.T.);
#2325=ORIENTED_EDGE('',*,*,#1785,.F.);
#2326=ORIENTED_EDGE('',*,*,#1797,.F.);
#2327=ORIENTED_EDGE('',*,*,#1795,.F.);
#2328=ORIENTED_EDGE('',*,*,#1798,.F.);
#2329=ORIENTED_EDGE('',*,*,#1799,.F.);
#2330=ORIENTED_EDGE('',*,*,#1800,.F.);
#2331=ORIENTED_EDGE('',*,*,#1801,.F.);
#2332=ORIENTED_EDGE('',*,*,#1802,.F.);
#2333=ORIENTED_EDGE('',*,*,#1803,.F.);
#2334=ORIENTED_EDGE('',*,*,#1804,.F.);
#2335=ORIENTED_EDGE('',*,*,#1805,.F.);
#2336=ORIENTED_EDGE('',*,*,#1806,.F.);
#2337=ORIENTED_EDGE('',*,*,#1807,.F.);
#2338=ORIENTED_EDGE('',*,*,#1808,.F.);
#2339=ORIENTED_EDGE('',*,*,#1809,.F.);
#2340=ORIENTED_EDGE('',*,*,#1810,.F.);
#2341=ORIENTED_EDGE('',*,*,#1811,.F.);
#2342=ORIENTED_EDGE('',*,*,#1812,.T.);
#2343=ORIENTED_EDGE('',*,*,#1813,.T.);
#2344=ORIENTED_EDGE('',*,*,#1814,.F.);
#2345=ORIENTED_EDGE('',*,*,#1815,.T.);
#2346=ORIENTED_EDGE('',*,*,#1814,.T.);
#2347=ORIENTED_EDGE('',*,*,#1816,.T.);
#2348=ORIENTED_EDGE('',*,*,#1817,.F.);
#2349=ORIENTED_EDGE('',*,*,#1818,.T.);
#2350=ORIENTED_EDGE('',*,*,#1819,.F.);
#2351=ORIENTED_EDGE('',*,*,#1820,.T.);
#2352=ORIENTED_EDGE('',*,*,#1799,.T.);
#2353=ORIENTED_EDGE('',*,*,#1820,.F.);
#2354=ORIENTED_EDGE('',*,*,#1821,.F.);
#2355=ORIENTED_EDGE('',*,*,#1822,.T.);
#2356=ORIENTED_EDGE('',*,*,#1800,.T.);
#2357=ORIENTED_EDGE('',*,*,#1822,.F.);
#2358=ORIENTED_EDGE('',*,*,#1823,.F.);
#2359=ORIENTED_EDGE('',*,*,#1824,.T.);
#2360=ORIENTED_EDGE('',*,*,#1801,.T.);
#2361=ORIENTED_EDGE('',*,*,#1824,.F.);
#2362=ORIENTED_EDGE('',*,*,#1825,.F.);
#2363=ORIENTED_EDGE('',*,*,#1826,.T.);
#2364=ORIENTED_EDGE('',*,*,#1802,.T.);
#2365=ORIENTED_EDGE('',*,*,#1826,.F.);
#2366=ORIENTED_EDGE('',*,*,#1827,.F.);
#2367=ORIENTED_EDGE('',*,*,#1828,.T.);
#2368=ORIENTED_EDGE('',*,*,#1803,.T.);
#2369=ORIENTED_EDGE('',*,*,#1828,.F.);
#2370=ORIENTED_EDGE('',*,*,#1829,.F.);
#2371=ORIENTED_EDGE('',*,*,#1830,.T.);
#2372=ORIENTED_EDGE('',*,*,#1804,.T.);
#2373=ORIENTED_EDGE('',*,*,#1830,.F.);
#2374=ORIENTED_EDGE('',*,*,#1831,.F.);
#2375=ORIENTED_EDGE('',*,*,#1832,.T.);
#2376=ORIENTED_EDGE('',*,*,#1805,.T.);
#2377=ORIENTED_EDGE('',*,*,#1832,.F.);
#2378=ORIENTED_EDGE('',*,*,#1833,.F.);
#2379=ORIENTED_EDGE('',*,*,#1834,.T.);
#2380=ORIENTED_EDGE('',*,*,#1806,.T.);
#2381=ORIENTED_EDGE('',*,*,#1834,.F.);
#2382=ORIENTED_EDGE('',*,*,#1835,.F.);
#2383=ORIENTED_EDGE('',*,*,#1836,.T.);
#2384=ORIENTED_EDGE('',*,*,#1807,.T.);
#2385=ORIENTED_EDGE('',*,*,#1836,.F.);
#2386=ORIENTED_EDGE('',*,*,#1837,.F.);
#2387=ORIENTED_EDGE('',*,*,#1838,.T.);
#2388=ORIENTED_EDGE('',*,*,#1808,.T.);
#2389=ORIENTED_EDGE('',*,*,#1838,.F.);
#2390=ORIENTED_EDGE('',*,*,#1839,.F.);
#2391=ORIENTED_EDGE('',*,*,#1840,.T.);
#2392=ORIENTED_EDGE('',*,*,#1809,.T.);
#2393=ORIENTED_EDGE('',*,*,#1840,.F.);
#2394=ORIENTED_EDGE('',*,*,#1841,.F.);
#2395=ORIENTED_EDGE('',*,*,#1842,.T.);
#2396=ORIENTED_EDGE('',*,*,#1810,.T.);
#2397=ORIENTED_EDGE('',*,*,#1842,.F.);
#2398=ORIENTED_EDGE('',*,*,#1843,.T.);
#2399=ORIENTED_EDGE('',*,*,#1844,.T.);
#2400=ORIENTED_EDGE('',*,*,#1845,.T.);
#2401=ORIENTED_EDGE('',*,*,#1846,.T.);
#2402=ORIENTED_EDGE('',*,*,#1847,.F.);
#2403=ORIENTED_EDGE('',*,*,#1844,.F.);
#2404=ORIENTED_EDGE('',*,*,#1848,.F.);
#2405=ORIENTED_EDGE('',*,*,#1849,.F.);
#2406=ORIENTED_EDGE('',*,*,#1850,.F.);
#2407=ORIENTED_EDGE('',*,*,#1851,.T.);
#2408=ORIENTED_EDGE('',*,*,#1852,.T.);
#2409=ORIENTED_EDGE('',*,*,#1851,.F.);
#2410=ORIENTED_EDGE('',*,*,#1853,.F.);
#2411=ORIENTED_EDGE('',*,*,#1854,.F.);
#2412=ORIENTED_EDGE('',*,*,#1855,.F.);
#2413=ORIENTED_EDGE('',*,*,#1856,.F.);
#2414=ORIENTED_EDGE('',*,*,#1857,.F.);
#2415=ORIENTED_EDGE('',*,*,#1858,.T.);
#2416=ORIENTED_EDGE('',*,*,#1812,.F.);
#2417=ORIENTED_EDGE('',*,*,#1859,.F.);
#2418=ORIENTED_EDGE('',*,*,#1854,.T.);
#2419=ORIENTED_EDGE('',*,*,#1860,.F.);
#2420=ORIENTED_EDGE('',*,*,#1846,.F.);
#2421=ORIENTED_EDGE('',*,*,#1861,.F.);
#2422=ORIENTED_EDGE('',*,*,#1858,.F.);
#2423=ORIENTED_EDGE('',*,*,#1862,.F.);
#2424=ORIENTED_EDGE('',*,*,#1863,.T.);
#2425=ORIENTED_EDGE('',*,*,#1864,.T.);
#2426=ORIENTED_EDGE('',*,*,#1863,.F.);
#2427=ORIENTED_EDGE('',*,*,#1865,.F.);
#2428=ORIENTED_EDGE('',*,*,#1866,.T.);
#2429=ORIENTED_EDGE('',*,*,#1867,.T.);
#2430=ORIENTED_EDGE('',*,*,#1866,.F.);
#2431=ORIENTED_EDGE('',*,*,#1868,.F.);
#2432=ORIENTED_EDGE('',*,*,#1869,.T.);
#2433=ORIENTED_EDGE('',*,*,#1870,.T.);
#2434=ORIENTED_EDGE('',*,*,#1869,.F.);
#2435=ORIENTED_EDGE('',*,*,#1871,.F.);
#2436=ORIENTED_EDGE('',*,*,#1872,.T.);
#2437=ORIENTED_EDGE('',*,*,#1811,.T.);
#2438=ORIENTED_EDGE('',*,*,#1872,.F.);
#2439=ORIENTED_EDGE('',*,*,#1815,.F.);
#2440=ORIENTED_EDGE('',*,*,#1818,.F.);
#2441=ORIENTED_EDGE('',*,*,#1873,.T.);
#2442=ORIENTED_EDGE('',*,*,#1874,.F.);
#2443=ORIENTED_EDGE('',*,*,#1859,.T.);
#2444=ORIENTED_EDGE('',*,*,#1875,.T.);
#2445=ORIENTED_EDGE('',*,*,#1855,.T.);
#2446=ORIENTED_EDGE('',*,*,#1874,.T.);
#2447=ORIENTED_EDGE('',*,*,#1876,.T.);
#2448=ORIENTED_EDGE('',*,*,#1877,.T.);
#2449=ORIENTED_EDGE('',*,*,#1878,.T.);
#2450=ORIENTED_EDGE('',*,*,#1879,.T.);
#2451=ORIENTED_EDGE('',*,*,#1847,.T.);
#2452=ORIENTED_EDGE('',*,*,#1845,.F.);
#2453=ORIENTED_EDGE('',*,*,#1879,.F.);
#2454=ORIENTED_EDGE('',*,*,#1880,.T.);
#2455=ORIENTED_EDGE('',*,*,#1881,.F.);
#2456=ORIENTED_EDGE('',*,*,#1813,.F.);
#2457=ORIENTED_EDGE('',*,*,#1861,.T.);
#2458=ORIENTED_EDGE('',*,*,#1881,.T.);
#2459=ORIENTED_EDGE('',*,*,#1882,.T.);
#2460=ORIENTED_EDGE('',*,*,#1883,.T.);
#2461=ORIENTED_EDGE('',*,*,#1816,.F.);
#2462=ORIENTED_EDGE('',*,*,#1883,.F.);
#2463=ORIENTED_EDGE('',*,*,#1884,.T.);
#2464=ORIENTED_EDGE('',*,*,#1885,.F.);
#2465=ORIENTED_EDGE('',*,*,#1817,.T.);
#2466=ORIENTED_EDGE('',*,*,#1885,.T.);
#2467=ORIENTED_EDGE('',*,*,#1886,.F.);
#2468=ORIENTED_EDGE('',*,*,#1887,.T.);
#2469=ORIENTED_EDGE('',*,*,#1888,.F.);
#2470=ORIENTED_EDGE('',*,*,#1819,.T.);
#2471=ORIENTED_EDGE('',*,*,#1889,.F.);
#2472=ORIENTED_EDGE('',*,*,#1821,.T.);
#2473=ORIENTED_EDGE('',*,*,#1890,.F.);
#2474=ORIENTED_EDGE('',*,*,#1823,.T.);
#2475=ORIENTED_EDGE('',*,*,#1891,.F.);
#2476=ORIENTED_EDGE('',*,*,#1825,.T.);
#2477=ORIENTED_EDGE('',*,*,#1892,.F.);
#2478=ORIENTED_EDGE('',*,*,#1827,.T.);
#2479=ORIENTED_EDGE('',*,*,#1893,.F.);
#2480=ORIENTED_EDGE('',*,*,#1829,.T.);
#2481=ORIENTED_EDGE('',*,*,#1894,.F.);
#2482=ORIENTED_EDGE('',*,*,#1831,.T.);
#2483=ORIENTED_EDGE('',*,*,#1895,.F.);
#2484=ORIENTED_EDGE('',*,*,#1833,.T.);
#2485=ORIENTED_EDGE('',*,*,#1896,.F.);
#2486=ORIENTED_EDGE('',*,*,#1835,.T.);
#2487=ORIENTED_EDGE('',*,*,#1897,.F.);
#2488=ORIENTED_EDGE('',*,*,#1837,.T.);
#2489=ORIENTED_EDGE('',*,*,#1898,.F.);
#2490=ORIENTED_EDGE('',*,*,#1839,.T.);
#2491=ORIENTED_EDGE('',*,*,#1899,.F.);
#2492=ORIENTED_EDGE('',*,*,#1841,.T.);
#2493=ORIENTED_EDGE('',*,*,#1900,.T.);
#2494=ORIENTED_EDGE('',*,*,#1901,.F.);
#2495=ORIENTED_EDGE('',*,*,#1843,.F.);
#2496=ORIENTED_EDGE('',*,*,#1902,.F.);
#2497=ORIENTED_EDGE('',*,*,#1903,.T.);
#2498=ORIENTED_EDGE('',*,*,#1848,.T.);
#2499=ORIENTED_EDGE('',*,*,#1901,.T.);
#2500=ORIENTED_EDGE('',*,*,#1904,.T.);
#2501=ORIENTED_EDGE('',*,*,#1905,.F.);
#2502=ORIENTED_EDGE('',*,*,#1906,.F.);
#2503=ORIENTED_EDGE('',*,*,#1907,.F.);
#2504=ORIENTED_EDGE('',*,*,#1908,.F.);
#2505=ORIENTED_EDGE('',*,*,#1907,.T.);
#2506=ORIENTED_EDGE('',*,*,#1909,.T.);
#2507=ORIENTED_EDGE('',*,*,#1910,.T.);
#2508=ORIENTED_EDGE('',*,*,#1877,.F.);
#2509=ORIENTED_EDGE('',*,*,#1849,.T.);
#2510=ORIENTED_EDGE('',*,*,#1903,.F.);
#2511=ORIENTED_EDGE('',*,*,#1911,.T.);
#2512=ORIENTED_EDGE('',*,*,#1912,.F.);
#2513=ORIENTED_EDGE('',*,*,#1913,.F.);
#2514=ORIENTED_EDGE('',*,*,#1914,.T.);
#2515=ORIENTED_EDGE('',*,*,#1915,.T.);
#2516=ORIENTED_EDGE('',*,*,#1905,.T.);
#2517=ORIENTED_EDGE('',*,*,#1914,.F.);
#2518=ORIENTED_EDGE('',*,*,#1916,.F.);
#2519=ORIENTED_EDGE('',*,*,#1917,.F.);
#2520=ORIENTED_EDGE('',*,*,#1918,.F.);
#2521=ORIENTED_EDGE('',*,*,#1919,.T.);
#2522=ORIENTED_EDGE('',*,*,#1917,.T.);
#2523=ORIENTED_EDGE('',*,*,#1920,.T.);
#2524=ORIENTED_EDGE('',*,*,#1921,.T.);
#2525=ORIENTED_EDGE('',*,*,#1921,.F.);
#2526=ORIENTED_EDGE('',*,*,#1922,.F.);
#2527=ORIENTED_EDGE('',*,*,#1923,.F.);
#2528=ORIENTED_EDGE('',*,*,#1924,.F.);
#2529=ORIENTED_EDGE('',*,*,#1925,.F.);
#2530=ORIENTED_EDGE('',*,*,#1926,.F.);
#2531=ORIENTED_EDGE('',*,*,#1927,.F.);
#2532=ORIENTED_EDGE('',*,*,#1928,.F.);
#2533=ORIENTED_EDGE('',*,*,#1929,.F.);
#2534=ORIENTED_EDGE('',*,*,#1930,.F.);
#2535=ORIENTED_EDGE('',*,*,#1931,.F.);
#2536=ORIENTED_EDGE('',*,*,#1932,.F.);
#2537=ORIENTED_EDGE('',*,*,#1870,.F.);
#2538=ORIENTED_EDGE('',*,*,#1925,.T.);
#2539=ORIENTED_EDGE('',*,*,#1933,.T.);
#2540=ORIENTED_EDGE('',*,*,#1934,.T.);
#2541=ORIENTED_EDGE('',*,*,#1935,.T.);
#2542=ORIENTED_EDGE('',*,*,#1936,.T.);
#2543=ORIENTED_EDGE('',*,*,#1937,.T.);
#2544=ORIENTED_EDGE('',*,*,#1938,.F.);
#2545=ORIENTED_EDGE('',*,*,#1939,.F.);
#2546=ORIENTED_EDGE('',*,*,#1940,.F.);
#2547=ORIENTED_EDGE('',*,*,#1941,.F.);
#2548=ORIENTED_EDGE('',*,*,#1936,.F.);
#2549=ORIENTED_EDGE('',*,*,#1942,.F.);
#2550=ORIENTED_EDGE('',*,*,#1943,.T.);
#2551=ORIENTED_EDGE('',*,*,#1940,.T.);
#2552=ORIENTED_EDGE('',*,*,#1944,.T.);
#2553=ORIENTED_EDGE('',*,*,#1945,.T.);
#2554=ORIENTED_EDGE('',*,*,#1946,.F.);
#2555=ORIENTED_EDGE('',*,*,#1947,.F.);
#2556=ORIENTED_EDGE('',*,*,#1945,.F.);
#2557=ORIENTED_EDGE('',*,*,#1948,.F.);
#2558=ORIENTED_EDGE('',*,*,#1949,.T.);
#2559=ORIENTED_EDGE('',*,*,#1946,.T.);
#2560=ORIENTED_EDGE('',*,*,#1950,.T.);
#2561=ORIENTED_EDGE('',*,*,#1951,.T.);
#2562=ORIENTED_EDGE('',*,*,#1952,.F.);
#2563=ORIENTED_EDGE('',*,*,#1953,.F.);
#2564=ORIENTED_EDGE('',*,*,#1951,.F.);
#2565=ORIENTED_EDGE('',*,*,#1954,.F.);
#2566=ORIENTED_EDGE('',*,*,#1955,.T.);
#2567=ORIENTED_EDGE('',*,*,#1952,.T.);
#2568=ORIENTED_EDGE('',*,*,#1956,.T.);
#2569=ORIENTED_EDGE('',*,*,#1957,.T.);
#2570=ORIENTED_EDGE('',*,*,#1958,.F.);
#2571=ORIENTED_EDGE('',*,*,#1959,.F.);
#2572=ORIENTED_EDGE('',*,*,#1957,.F.);
#2573=ORIENTED_EDGE('',*,*,#1960,.F.);
#2574=ORIENTED_EDGE('',*,*,#1961,.T.);
#2575=ORIENTED_EDGE('',*,*,#1958,.T.);
#2576=ORIENTED_EDGE('',*,*,#1962,.T.);
#2577=ORIENTED_EDGE('',*,*,#1963,.T.);
#2578=ORIENTED_EDGE('',*,*,#1964,.F.);
#2579=ORIENTED_EDGE('',*,*,#1965,.F.);
#2580=ORIENTED_EDGE('',*,*,#1963,.F.);
#2581=ORIENTED_EDGE('',*,*,#1966,.F.);
#2582=ORIENTED_EDGE('',*,*,#1967,.T.);
#2583=ORIENTED_EDGE('',*,*,#1964,.T.);
#2584=ORIENTED_EDGE('',*,*,#1968,.T.);
#2585=ORIENTED_EDGE('',*,*,#1969,.T.);
#2586=ORIENTED_EDGE('',*,*,#1969,.F.);
#2587=ORIENTED_EDGE('',*,*,#1970,.F.);
#2588=ORIENTED_EDGE('',*,*,#1971,.F.);
#2589=ORIENTED_EDGE('',*,*,#1972,.F.);
#2590=ORIENTED_EDGE('',*,*,#1971,.T.);
#2591=ORIENTED_EDGE('',*,*,#1973,.T.);
#2592=ORIENTED_EDGE('',*,*,#1974,.F.);
#2593=ORIENTED_EDGE('',*,*,#1975,.F.);
#2594=ORIENTED_EDGE('',*,*,#1976,.F.);
#2595=ORIENTED_EDGE('',*,*,#1977,.F.);
#2596=ORIENTED_EDGE('',*,*,#1978,.F.);
#2597=ORIENTED_EDGE('',*,*,#1979,.F.);
#2598=ORIENTED_EDGE('',*,*,#1980,.F.);
#2599=ORIENTED_EDGE('',*,*,#1981,.F.);
#2600=ORIENTED_EDGE('',*,*,#1982,.F.);
#2601=ORIENTED_EDGE('',*,*,#1983,.F.);
#2602=ORIENTED_EDGE('',*,*,#1852,.F.);
#2603=ORIENTED_EDGE('',*,*,#1976,.T.);
#2604=ORIENTED_EDGE('',*,*,#1984,.T.);
#2605=ORIENTED_EDGE('',*,*,#1985,.T.);
#2606=ORIENTED_EDGE('',*,*,#1986,.T.);
#2607=ORIENTED_EDGE('',*,*,#1987,.F.);
#2608=ORIENTED_EDGE('',*,*,#1988,.F.);
#2609=ORIENTED_EDGE('',*,*,#1856,.T.);
#2610=ORIENTED_EDGE('',*,*,#1875,.F.);
#2611=ORIENTED_EDGE('',*,*,#1989,.T.);
#2612=ORIENTED_EDGE('',*,*,#1990,.T.);
#2613=ORIENTED_EDGE('',*,*,#1991,.T.);
#2614=ORIENTED_EDGE('',*,*,#1974,.T.);
#2615=ORIENTED_EDGE('',*,*,#1992,.T.);
#2616=ORIENTED_EDGE('',*,*,#1985,.F.);
#2617=ORIENTED_EDGE('',*,*,#1993,.T.);
#2618=ORIENTED_EDGE('',*,*,#1994,.F.);
#2619=ORIENTED_EDGE('',*,*,#1995,.T.);
#2620=ORIENTED_EDGE('',*,*,#1850,.T.);
#2621=ORIENTED_EDGE('',*,*,#1996,.F.);
#2622=ORIENTED_EDGE('',*,*,#1997,.T.);
#2623=ORIENTED_EDGE('',*,*,#1853,.T.);
#2624=ORIENTED_EDGE('',*,*,#1988,.T.);
#2625=ORIENTED_EDGE('',*,*,#1998,.F.);
#2626=ORIENTED_EDGE('',*,*,#1999,.F.);
#2627=ORIENTED_EDGE('',*,*,#1857,.T.);
#2628=ORIENTED_EDGE('',*,*,#1997,.F.);
#2629=ORIENTED_EDGE('',*,*,#2000,.F.);
#2630=ORIENTED_EDGE('',*,*,#2001,.T.);
#2631=ORIENTED_EDGE('',*,*,#1902,.T.);
#2632=ORIENTED_EDGE('',*,*,#1860,.T.);
#2633=ORIENTED_EDGE('',*,*,#1999,.T.);
#2634=ORIENTED_EDGE('',*,*,#2002,.F.);
#2635=ORIENTED_EDGE('',*,*,#2003,.F.);
#2636=ORIENTED_EDGE('',*,*,#2004,.F.);
#2637=ORIENTED_EDGE('',*,*,#2005,.F.);
#2638=ORIENTED_EDGE('',*,*,#2006,.F.);
#2639=ORIENTED_EDGE('',*,*,#2007,.F.);
#2640=ORIENTED_EDGE('',*,*,#2008,.F.);
#2641=ORIENTED_EDGE('',*,*,#2009,.F.);
#2642=ORIENTED_EDGE('',*,*,#1864,.F.);
#2643=ORIENTED_EDGE('',*,*,#2002,.T.);
#2644=ORIENTED_EDGE('',*,*,#2010,.T.);
#2645=ORIENTED_EDGE('',*,*,#2011,.T.);
#2646=ORIENTED_EDGE('',*,*,#2012,.T.);
#2647=ORIENTED_EDGE('',*,*,#1923,.T.);
#2648=ORIENTED_EDGE('',*,*,#2013,.T.);
#2649=ORIENTED_EDGE('',*,*,#2011,.F.);
#2650=ORIENTED_EDGE('',*,*,#2014,.T.);
#2651=ORIENTED_EDGE('',*,*,#2015,.T.);
#2652=ORIENTED_EDGE('',*,*,#2016,.T.);
#2653=ORIENTED_EDGE('',*,*,#2017,.T.);
#2654=ORIENTED_EDGE('',*,*,#1862,.T.);
#2655=ORIENTED_EDGE('',*,*,#2018,.F.);
#2656=ORIENTED_EDGE('',*,*,#2019,.F.);
#2657=ORIENTED_EDGE('',*,*,#2020,.F.);
#2658=ORIENTED_EDGE('',*,*,#2021,.F.);
#2659=ORIENTED_EDGE('',*,*,#2022,.F.);
#2660=ORIENTED_EDGE('',*,*,#2021,.T.);
#2661=ORIENTED_EDGE('',*,*,#2023,.F.);
#2662=ORIENTED_EDGE('',*,*,#2024,.F.);
#2663=ORIENTED_EDGE('',*,*,#2025,.F.);
#2664=ORIENTED_EDGE('',*,*,#2024,.T.);
#2665=ORIENTED_EDGE('',*,*,#2026,.F.);
#2666=ORIENTED_EDGE('',*,*,#2027,.F.);
#2667=ORIENTED_EDGE('',*,*,#2028,.F.);
#2668=ORIENTED_EDGE('',*,*,#2027,.T.);
#2669=ORIENTED_EDGE('',*,*,#2029,.F.);
#2670=ORIENTED_EDGE('',*,*,#2030,.F.);
#2671=ORIENTED_EDGE('',*,*,#2031,.F.);
#2672=ORIENTED_EDGE('',*,*,#2030,.T.);
#2673=ORIENTED_EDGE('',*,*,#2032,.F.);
#2674=ORIENTED_EDGE('',*,*,#2033,.F.);
#2675=ORIENTED_EDGE('',*,*,#2034,.F.);
#2676=ORIENTED_EDGE('',*,*,#2033,.T.);
#2677=ORIENTED_EDGE('',*,*,#2035,.F.);
#2678=ORIENTED_EDGE('',*,*,#2036,.F.);
#2679=ORIENTED_EDGE('',*,*,#2015,.F.);
#2680=ORIENTED_EDGE('',*,*,#2037,.F.);
#2681=ORIENTED_EDGE('',*,*,#2036,.T.);
#2682=ORIENTED_EDGE('',*,*,#2038,.F.);
#2683=ORIENTED_EDGE('',*,*,#2039,.F.);
#2684=ORIENTED_EDGE('',*,*,#2040,.F.);
#2685=ORIENTED_EDGE('',*,*,#2041,.F.);
#2686=ORIENTED_EDGE('',*,*,#2042,.F.);
#2687=ORIENTED_EDGE('',*,*,#2043,.F.);
#2688=ORIENTED_EDGE('',*,*,#2044,.F.);
#2689=ORIENTED_EDGE('',*,*,#2045,.F.);
#2690=ORIENTED_EDGE('',*,*,#2046,.F.);
#2691=ORIENTED_EDGE('',*,*,#1867,.F.);
#2692=ORIENTED_EDGE('',*,*,#2047,.F.);
#2693=ORIENTED_EDGE('',*,*,#2048,.T.);
#2694=ORIENTED_EDGE('',*,*,#2049,.F.);
#2695=ORIENTED_EDGE('',*,*,#2050,.F.);
#2696=ORIENTED_EDGE('',*,*,#2051,.F.);
#2697=ORIENTED_EDGE('',*,*,#2052,.T.);
#2698=ORIENTED_EDGE('',*,*,#2053,.F.);
#2699=ORIENTED_EDGE('',*,*,#2048,.F.);
#2700=ORIENTED_EDGE('',*,*,#2054,.F.);
#2701=ORIENTED_EDGE('',*,*,#2055,.T.);
#2702=ORIENTED_EDGE('',*,*,#2056,.F.);
#2703=ORIENTED_EDGE('',*,*,#2052,.F.);
#2704=ORIENTED_EDGE('',*,*,#2057,.F.);
#2705=ORIENTED_EDGE('',*,*,#2058,.T.);
#2706=ORIENTED_EDGE('',*,*,#2059,.F.);
#2707=ORIENTED_EDGE('',*,*,#2055,.F.);
#2708=ORIENTED_EDGE('',*,*,#2060,.F.);
#2709=ORIENTED_EDGE('',*,*,#2061,.T.);
#2710=ORIENTED_EDGE('',*,*,#2062,.F.);
#2711=ORIENTED_EDGE('',*,*,#2058,.F.);
#2712=ORIENTED_EDGE('',*,*,#2063,.F.);
#2713=ORIENTED_EDGE('',*,*,#2064,.F.);
#2714=ORIENTED_EDGE('',*,*,#2065,.F.);
#2715=ORIENTED_EDGE('',*,*,#2061,.F.);
#2716=ORIENTED_EDGE('',*,*,#2066,.F.);
#2717=ORIENTED_EDGE('',*,*,#2067,.F.);
#2718=ORIENTED_EDGE('',*,*,#2064,.T.);
#2719=ORIENTED_EDGE('',*,*,#2068,.F.);
#2720=ORIENTED_EDGE('',*,*,#2069,.F.);
#2721=ORIENTED_EDGE('',*,*,#2070,.T.);
#2722=ORIENTED_EDGE('',*,*,#2071,.F.);
#2723=ORIENTED_EDGE('',*,*,#2072,.T.);
#2724=ORIENTED_EDGE('',*,*,#1934,.F.);
#2725=ORIENTED_EDGE('',*,*,#2073,.T.);
#2726=ORIENTED_EDGE('',*,*,#1938,.T.);
#2727=ORIENTED_EDGE('',*,*,#2074,.T.);
#2728=ORIENTED_EDGE('',*,*,#2075,.T.);
#2729=ORIENTED_EDGE('',*,*,#2076,.T.);
#2730=ORIENTED_EDGE('',*,*,#2077,.T.);
#2731=ORIENTED_EDGE('',*,*,#2078,.T.);
#2732=ORIENTED_EDGE('',*,*,#2079,.T.);
#2733=ORIENTED_EDGE('',*,*,#2066,.T.);
#2734=ORIENTED_EDGE('',*,*,#2080,.T.);
#2735=ORIENTED_EDGE('',*,*,#2081,.F.);
#2736=ORIENTED_EDGE('',*,*,#2082,.T.);
#2737=ORIENTED_EDGE('',*,*,#2083,.F.);
#2738=ORIENTED_EDGE('',*,*,#2084,.T.);
#2739=ORIENTED_EDGE('',*,*,#1868,.T.);
#2740=ORIENTED_EDGE('',*,*,#1865,.T.);
#2741=ORIENTED_EDGE('',*,*,#2039,.T.);
#2742=ORIENTED_EDGE('',*,*,#2085,.T.);
#2743=ORIENTED_EDGE('',*,*,#2081,.T.);
#2744=ORIENTED_EDGE('',*,*,#2086,.T.);
#2745=ORIENTED_EDGE('',*,*,#2087,.F.);
#2746=ORIENTED_EDGE('',*,*,#2088,.F.);
#2747=ORIENTED_EDGE('',*,*,#2089,.F.);
#2748=ORIENTED_EDGE('',*,*,#2090,.F.);
#2749=ORIENTED_EDGE('',*,*,#2091,.F.);
#2750=ORIENTED_EDGE('',*,*,#2092,.F.);
#2751=ORIENTED_EDGE('',*,*,#2093,.F.);
#2752=ORIENTED_EDGE('',*,*,#2094,.F.);
#2753=ORIENTED_EDGE('',*,*,#2095,.F.);
#2754=ORIENTED_EDGE('',*,*,#2096,.F.);
#2755=ORIENTED_EDGE('',*,*,#2097,.F.);
#2756=ORIENTED_EDGE('',*,*,#2098,.F.);
#2757=ORIENTED_EDGE('',*,*,#2099,.F.);
#2758=ORIENTED_EDGE('',*,*,#2100,.F.);
#2759=ORIENTED_EDGE('',*,*,#2101,.F.);
#2760=ORIENTED_EDGE('',*,*,#2102,.F.);
#2761=ORIENTED_EDGE('',*,*,#2103,.F.);
#2762=ORIENTED_EDGE('',*,*,#2104,.F.);
#2763=ORIENTED_EDGE('',*,*,#2105,.F.);
#2764=ORIENTED_EDGE('',*,*,#2106,.F.);
#2765=ORIENTED_EDGE('',*,*,#1871,.T.);
#2766=ORIENTED_EDGE('',*,*,#1887,.F.);
#2767=ORIENTED_EDGE('',*,*,#2107,.F.);
#2768=ORIENTED_EDGE('',*,*,#2108,.F.);
#2769=ORIENTED_EDGE('',*,*,#2109,.T.);
#2770=ORIENTED_EDGE('',*,*,#1989,.F.);
#2771=ORIENTED_EDGE('',*,*,#1876,.F.);
#2772=ORIENTED_EDGE('',*,*,#1873,.F.);
#2773=ORIENTED_EDGE('',*,*,#2109,.F.);
#2774=ORIENTED_EDGE('',*,*,#2110,.F.);
#2775=ORIENTED_EDGE('',*,*,#2111,.T.);
#2776=ORIENTED_EDGE('',*,*,#1990,.F.);
#2777=ORIENTED_EDGE('',*,*,#1967,.F.);
#2778=ORIENTED_EDGE('',*,*,#1972,.T.);
#2779=ORIENTED_EDGE('',*,*,#1975,.T.);
#2780=ORIENTED_EDGE('',*,*,#1991,.F.);
#2781=ORIENTED_EDGE('',*,*,#2111,.F.);
#2782=ORIENTED_EDGE('',*,*,#2112,.F.);
#2783=ORIENTED_EDGE('',*,*,#2113,.T.);
#2784=ORIENTED_EDGE('',*,*,#2074,.F.);
#2785=ORIENTED_EDGE('',*,*,#1937,.F.);
#2786=ORIENTED_EDGE('',*,*,#1941,.T.);
#2787=ORIENTED_EDGE('',*,*,#1943,.F.);
#2788=ORIENTED_EDGE('',*,*,#1947,.T.);
#2789=ORIENTED_EDGE('',*,*,#1949,.F.);
#2790=ORIENTED_EDGE('',*,*,#1953,.T.);
#2791=ORIENTED_EDGE('',*,*,#1955,.F.);
#2792=ORIENTED_EDGE('',*,*,#1959,.T.);
#2793=ORIENTED_EDGE('',*,*,#1961,.F.);
#2794=ORIENTED_EDGE('',*,*,#1965,.T.);
#2795=ORIENTED_EDGE('',*,*,#2113,.F.);
#2796=ORIENTED_EDGE('',*,*,#2114,.F.);
#2797=ORIENTED_EDGE('',*,*,#2115,.T.);
#2798=ORIENTED_EDGE('',*,*,#2075,.F.);
#2799=ORIENTED_EDGE('',*,*,#2115,.F.);
#2800=ORIENTED_EDGE('',*,*,#2116,.F.);
#2801=ORIENTED_EDGE('',*,*,#2117,.F.);
#2802=ORIENTED_EDGE('',*,*,#2076,.F.);
#2803=ORIENTED_EDGE('',*,*,#2117,.T.);
#2804=ORIENTED_EDGE('',*,*,#2118,.F.);
#2805=ORIENTED_EDGE('',*,*,#2119,.T.);
#2806=ORIENTED_EDGE('',*,*,#2077,.F.);
#2807=ORIENTED_EDGE('',*,*,#2119,.F.);
#2808=ORIENTED_EDGE('',*,*,#2120,.F.);
#2809=ORIENTED_EDGE('',*,*,#2121,.T.);
#2810=ORIENTED_EDGE('',*,*,#2078,.F.);
#2811=ORIENTED_EDGE('',*,*,#2122,.F.);
#2812=ORIENTED_EDGE('',*,*,#2123,.F.);
#2813=ORIENTED_EDGE('',*,*,#2124,.F.);
#2814=ORIENTED_EDGE('',*,*,#2106,.T.);
#2815=ORIENTED_EDGE('',*,*,#1924,.T.);
#2816=ORIENTED_EDGE('',*,*,#2017,.F.);
#2817=ORIENTED_EDGE('',*,*,#2125,.F.);
#2818=ORIENTED_EDGE('',*,*,#2126,.F.);
#2819=ORIENTED_EDGE('',*,*,#2127,.T.);
#2820=ORIENTED_EDGE('',*,*,#1909,.F.);
#2821=ORIENTED_EDGE('',*,*,#1906,.T.);
#2822=ORIENTED_EDGE('',*,*,#1915,.F.);
#2823=ORIENTED_EDGE('',*,*,#1918,.T.);
#2824=ORIENTED_EDGE('',*,*,#1919,.F.);
#2825=ORIENTED_EDGE('',*,*,#2128,.F.);
#2826=ORIENTED_EDGE('',*,*,#1884,.F.);
#2827=ORIENTED_EDGE('',*,*,#1882,.F.);
#2828=ORIENTED_EDGE('',*,*,#1880,.F.);
#2829=ORIENTED_EDGE('',*,*,#1878,.F.);
#2830=ORIENTED_EDGE('',*,*,#1910,.F.);
#2831=ORIENTED_EDGE('',*,*,#2127,.F.);
#2832=ORIENTED_EDGE('',*,*,#2129,.F.);
#2833=ORIENTED_EDGE('',*,*,#2130,.F.);
#2834=ORIENTED_EDGE('',*,*,#2107,.T.);
#2835=ORIENTED_EDGE('',*,*,#1886,.T.);
#2836=ORIENTED_EDGE('',*,*,#2128,.T.);
#2837=ORIENTED_EDGE('',*,*,#2131,.F.);
#2838=ORIENTED_EDGE('',*,*,#2132,.T.);
#2839=ORIENTED_EDGE('',*,*,#1888,.T.);
#2840=ORIENTED_EDGE('',*,*,#2132,.F.);
#2841=ORIENTED_EDGE('',*,*,#2133,.F.);
#2842=ORIENTED_EDGE('',*,*,#2134,.T.);
#2843=ORIENTED_EDGE('',*,*,#1889,.T.);
#2844=ORIENTED_EDGE('',*,*,#2134,.F.);
#2845=ORIENTED_EDGE('',*,*,#2135,.F.);
#2846=ORIENTED_EDGE('',*,*,#2136,.T.);
#2847=ORIENTED_EDGE('',*,*,#1890,.T.);
#2848=ORIENTED_EDGE('',*,*,#2136,.F.);
#2849=ORIENTED_EDGE('',*,*,#2137,.F.);
#2850=ORIENTED_EDGE('',*,*,#2138,.T.);
#2851=ORIENTED_EDGE('',*,*,#1891,.T.);
#2852=ORIENTED_EDGE('',*,*,#2138,.F.);
#2853=ORIENTED_EDGE('',*,*,#2139,.F.);
#2854=ORIENTED_EDGE('',*,*,#2140,.T.);
#2855=ORIENTED_EDGE('',*,*,#1892,.T.);
#2856=ORIENTED_EDGE('',*,*,#2140,.F.);
#2857=ORIENTED_EDGE('',*,*,#2141,.F.);
#2858=ORIENTED_EDGE('',*,*,#2142,.T.);
#2859=ORIENTED_EDGE('',*,*,#1893,.T.);
#2860=ORIENTED_EDGE('',*,*,#2142,.F.);
#2861=ORIENTED_EDGE('',*,*,#2143,.F.);
#2862=ORIENTED_EDGE('',*,*,#2144,.T.);
#2863=ORIENTED_EDGE('',*,*,#1894,.T.);
#2864=ORIENTED_EDGE('',*,*,#2144,.F.);
#2865=ORIENTED_EDGE('',*,*,#2145,.F.);
#2866=ORIENTED_EDGE('',*,*,#2146,.T.);
#2867=ORIENTED_EDGE('',*,*,#1895,.T.);
#2868=ORIENTED_EDGE('',*,*,#2146,.F.);
#2869=ORIENTED_EDGE('',*,*,#2147,.F.);
#2870=ORIENTED_EDGE('',*,*,#2148,.T.);
#2871=ORIENTED_EDGE('',*,*,#1896,.T.);
#2872=ORIENTED_EDGE('',*,*,#2148,.F.);
#2873=ORIENTED_EDGE('',*,*,#2149,.F.);
#2874=ORIENTED_EDGE('',*,*,#2150,.T.);
#2875=ORIENTED_EDGE('',*,*,#1897,.T.);
#2876=ORIENTED_EDGE('',*,*,#2150,.F.);
#2877=ORIENTED_EDGE('',*,*,#2151,.F.);
#2878=ORIENTED_EDGE('',*,*,#2152,.T.);
#2879=ORIENTED_EDGE('',*,*,#1898,.T.);
#2880=ORIENTED_EDGE('',*,*,#2152,.F.);
#2881=ORIENTED_EDGE('',*,*,#2153,.F.);
#2882=ORIENTED_EDGE('',*,*,#2154,.T.);
#2883=ORIENTED_EDGE('',*,*,#1899,.T.);
#2884=ORIENTED_EDGE('',*,*,#2154,.F.);
#2885=ORIENTED_EDGE('',*,*,#2155,.F.);
#2886=ORIENTED_EDGE('',*,*,#1911,.F.);
#2887=ORIENTED_EDGE('',*,*,#1904,.F.);
#2888=ORIENTED_EDGE('',*,*,#1900,.F.);
#2889=ORIENTED_EDGE('',*,*,#2001,.F.);
#2890=ORIENTED_EDGE('',*,*,#2156,.F.);
#2891=ORIENTED_EDGE('',*,*,#2157,.F.);
#2892=ORIENTED_EDGE('',*,*,#1912,.T.);
#2893=ORIENTED_EDGE('',*,*,#2155,.T.);
#2894=ORIENTED_EDGE('',*,*,#2158,.T.);
#2895=ORIENTED_EDGE('',*,*,#2159,.T.);
#2896=ORIENTED_EDGE('',*,*,#1908,.T.);
#2897=ORIENTED_EDGE('',*,*,#1922,.T.);
#2898=ORIENTED_EDGE('',*,*,#1920,.F.);
#2899=ORIENTED_EDGE('',*,*,#1916,.T.);
#2900=ORIENTED_EDGE('',*,*,#1913,.T.);
#2901=ORIENTED_EDGE('',*,*,#2159,.F.);
#2902=ORIENTED_EDGE('',*,*,#2160,.F.);
#2903=ORIENTED_EDGE('',*,*,#2161,.F.);
#2904=ORIENTED_EDGE('',*,*,#2003,.T.);
#2905=ORIENTED_EDGE('',*,*,#2012,.F.);
#2906=ORIENTED_EDGE('',*,*,#2013,.F.);
#2907=ORIENTED_EDGE('',*,*,#2162,.T.);
#2908=ORIENTED_EDGE('',*,*,#2163,.T.);
#2909=ORIENTED_EDGE('',*,*,#2004,.T.);
#2910=ORIENTED_EDGE('',*,*,#2161,.T.);
#2911=ORIENTED_EDGE('',*,*,#2163,.F.);
#2912=ORIENTED_EDGE('',*,*,#2164,.F.);
#2913=ORIENTED_EDGE('',*,*,#2165,.T.);
#2914=ORIENTED_EDGE('',*,*,#2005,.T.);
#2915=ORIENTED_EDGE('',*,*,#2166,.F.);
#2916=ORIENTED_EDGE('',*,*,#2167,.T.);
#2917=ORIENTED_EDGE('',*,*,#2006,.T.);
#2918=ORIENTED_EDGE('',*,*,#2165,.F.);
#2919=ORIENTED_EDGE('',*,*,#2168,.F.);
#2920=ORIENTED_EDGE('',*,*,#2007,.T.);
#2921=ORIENTED_EDGE('',*,*,#2167,.F.);
#2922=ORIENTED_EDGE('',*,*,#2169,.F.);
#2923=ORIENTED_EDGE('',*,*,#2170,.T.);
#2924=ORIENTED_EDGE('',*,*,#2171,.T.);
#2925=ORIENTED_EDGE('',*,*,#2008,.T.);
#2926=ORIENTED_EDGE('',*,*,#2168,.T.);
#2927=ORIENTED_EDGE('',*,*,#2172,.T.);
#2928=ORIENTED_EDGE('',*,*,#2173,.T.);
#2929=ORIENTED_EDGE('',*,*,#2089,.T.);
#2930=ORIENTED_EDGE('',*,*,#2174,.T.);
#2931=ORIENTED_EDGE('',*,*,#2173,.F.);
#2932=ORIENTED_EDGE('',*,*,#2175,.F.);
#2933=ORIENTED_EDGE('',*,*,#2176,.T.);
#2934=ORIENTED_EDGE('',*,*,#2090,.T.);
#2935=ORIENTED_EDGE('',*,*,#2177,.F.);
#2936=ORIENTED_EDGE('',*,*,#2178,.T.);
#2937=ORIENTED_EDGE('',*,*,#2091,.T.);
#2938=ORIENTED_EDGE('',*,*,#2176,.F.);
#2939=ORIENTED_EDGE('',*,*,#2179,.F.);
#2940=ORIENTED_EDGE('',*,*,#2092,.T.);
#2941=ORIENTED_EDGE('',*,*,#2178,.F.);
#2942=ORIENTED_EDGE('',*,*,#2180,.F.);
#2943=ORIENTED_EDGE('',*,*,#2181,.T.);
#2944=ORIENTED_EDGE('',*,*,#2182,.T.);
#2945=ORIENTED_EDGE('',*,*,#2093,.T.);
#2946=ORIENTED_EDGE('',*,*,#2179,.T.);
#2947=ORIENTED_EDGE('',*,*,#2183,.T.);
#2948=ORIENTED_EDGE('',*,*,#2184,.T.);
#2949=ORIENTED_EDGE('',*,*,#2098,.T.);
#2950=ORIENTED_EDGE('',*,*,#2185,.T.);
#2951=ORIENTED_EDGE('',*,*,#2184,.F.);
#2952=ORIENTED_EDGE('',*,*,#2186,.F.);
#2953=ORIENTED_EDGE('',*,*,#2187,.T.);
#2954=ORIENTED_EDGE('',*,*,#2099,.T.);
#2955=ORIENTED_EDGE('',*,*,#2188,.F.);
#2956=ORIENTED_EDGE('',*,*,#2189,.T.);
#2957=ORIENTED_EDGE('',*,*,#2100,.T.);
#2958=ORIENTED_EDGE('',*,*,#2187,.F.);
#2959=ORIENTED_EDGE('',*,*,#2190,.F.);
#2960=ORIENTED_EDGE('',*,*,#2101,.T.);
#2961=ORIENTED_EDGE('',*,*,#2189,.F.);
#2962=ORIENTED_EDGE('',*,*,#2191,.F.);
#2963=ORIENTED_EDGE('',*,*,#2192,.T.);
#2964=ORIENTED_EDGE('',*,*,#2193,.T.);
#2965=ORIENTED_EDGE('',*,*,#2102,.T.);
#2966=ORIENTED_EDGE('',*,*,#2190,.T.);
#2967=ORIENTED_EDGE('',*,*,#2194,.T.);
#2968=ORIENTED_EDGE('',*,*,#2195,.T.);
#2969=ORIENTED_EDGE('',*,*,#2041,.T.);
#2970=ORIENTED_EDGE('',*,*,#2196,.T.);
#2971=ORIENTED_EDGE('',*,*,#2195,.F.);
#2972=ORIENTED_EDGE('',*,*,#2197,.F.);
#2973=ORIENTED_EDGE('',*,*,#2198,.T.);
#2974=ORIENTED_EDGE('',*,*,#2042,.T.);
#2975=ORIENTED_EDGE('',*,*,#2199,.F.);
#2976=ORIENTED_EDGE('',*,*,#2200,.T.);
#2977=ORIENTED_EDGE('',*,*,#2043,.T.);
#2978=ORIENTED_EDGE('',*,*,#2198,.F.);
#2979=ORIENTED_EDGE('',*,*,#2201,.F.);
#2980=ORIENTED_EDGE('',*,*,#2044,.T.);
#2981=ORIENTED_EDGE('',*,*,#2200,.F.);
#2982=ORIENTED_EDGE('',*,*,#2202,.F.);
#2983=ORIENTED_EDGE('',*,*,#2203,.T.);
#2984=ORIENTED_EDGE('',*,*,#2204,.T.);
#2985=ORIENTED_EDGE('',*,*,#2045,.T.);
#2986=ORIENTED_EDGE('',*,*,#2201,.T.);
#2987=ORIENTED_EDGE('',*,*,#2205,.F.);
#2988=ORIENTED_EDGE('',*,*,#2082,.F.);
#2989=ORIENTED_EDGE('',*,*,#2085,.F.);
#2990=ORIENTED_EDGE('',*,*,#2046,.T.);
#2991=ORIENTED_EDGE('',*,*,#2204,.F.);
#2992=ORIENTED_EDGE('',*,*,#2206,.F.);
#2993=ORIENTED_EDGE('',*,*,#2083,.T.);
#2994=ORIENTED_EDGE('',*,*,#2205,.T.);
#2995=ORIENTED_EDGE('',*,*,#2207,.T.);
#2996=ORIENTED_EDGE('',*,*,#2208,.T.);
#2997=ORIENTED_EDGE('',*,*,#2208,.F.);
#2998=ORIENTED_EDGE('',*,*,#2209,.F.);
#2999=ORIENTED_EDGE('',*,*,#2210,.F.);
#3000=ORIENTED_EDGE('',*,*,#2084,.F.);
#3001=ORIENTED_EDGE('',*,*,#2211,.T.);
#3002=ORIENTED_EDGE('',*,*,#2212,.T.);
#3003=ORIENTED_EDGE('',*,*,#2069,.T.);
#3004=ORIENTED_EDGE('',*,*,#2210,.T.);
#3005=ORIENTED_EDGE('',*,*,#2213,.F.);
#3006=ORIENTED_EDGE('',*,*,#2070,.F.);
#3007=ORIENTED_EDGE('',*,*,#2212,.F.);
#3008=ORIENTED_EDGE('',*,*,#2214,.F.);
#3009=ORIENTED_EDGE('',*,*,#2071,.T.);
#3010=ORIENTED_EDGE('',*,*,#2213,.T.);
#3011=ORIENTED_EDGE('',*,*,#2215,.T.);
#3012=ORIENTED_EDGE('',*,*,#2216,.T.);
#3013=ORIENTED_EDGE('',*,*,#2216,.F.);
#3014=ORIENTED_EDGE('',*,*,#2217,.F.);
#3015=ORIENTED_EDGE('',*,*,#2218,.F.);
#3016=ORIENTED_EDGE('',*,*,#1926,.T.);
#3017=ORIENTED_EDGE('',*,*,#1935,.F.);
#3018=ORIENTED_EDGE('',*,*,#2072,.F.);
#3019=ORIENTED_EDGE('',*,*,#2219,.T.);
#3020=ORIENTED_EDGE('',*,*,#2220,.T.);
#3021=ORIENTED_EDGE('',*,*,#1927,.T.);
#3022=ORIENTED_EDGE('',*,*,#2218,.T.);
#3023=ORIENTED_EDGE('',*,*,#2220,.F.);
#3024=ORIENTED_EDGE('',*,*,#2221,.F.);
#3025=ORIENTED_EDGE('',*,*,#2222,.T.);
#3026=ORIENTED_EDGE('',*,*,#1928,.T.);
#3027=ORIENTED_EDGE('',*,*,#2223,.F.);
#3028=ORIENTED_EDGE('',*,*,#2224,.T.);
#3029=ORIENTED_EDGE('',*,*,#1929,.T.);
#3030=ORIENTED_EDGE('',*,*,#2222,.F.);
#3031=ORIENTED_EDGE('',*,*,#2225,.F.);
#3032=ORIENTED_EDGE('',*,*,#1930,.T.);
#3033=ORIENTED_EDGE('',*,*,#2224,.F.);
#3034=ORIENTED_EDGE('',*,*,#2226,.F.);
#3035=ORIENTED_EDGE('',*,*,#2227,.T.);
#3036=ORIENTED_EDGE('',*,*,#2228,.T.);
#3037=ORIENTED_EDGE('',*,*,#1931,.T.);
#3038=ORIENTED_EDGE('',*,*,#2225,.T.);
#3039=ORIENTED_EDGE('',*,*,#1986,.F.);
#3040=ORIENTED_EDGE('',*,*,#1992,.F.);
#3041=ORIENTED_EDGE('',*,*,#1973,.F.);
#3042=ORIENTED_EDGE('',*,*,#1970,.T.);
#3043=ORIENTED_EDGE('',*,*,#1968,.F.);
#3044=ORIENTED_EDGE('',*,*,#1966,.T.);
#3045=ORIENTED_EDGE('',*,*,#1962,.F.);
#3046=ORIENTED_EDGE('',*,*,#1960,.T.);
#3047=ORIENTED_EDGE('',*,*,#1956,.F.);
#3048=ORIENTED_EDGE('',*,*,#1954,.T.);
#3049=ORIENTED_EDGE('',*,*,#1950,.F.);
#3050=ORIENTED_EDGE('',*,*,#1948,.T.);
#3051=ORIENTED_EDGE('',*,*,#1944,.F.);
#3052=ORIENTED_EDGE('',*,*,#1942,.T.);
#3053=ORIENTED_EDGE('',*,*,#1939,.T.);
#3054=ORIENTED_EDGE('',*,*,#2073,.F.);
#3055=ORIENTED_EDGE('',*,*,#1933,.F.);
#3056=ORIENTED_EDGE('',*,*,#1932,.T.);
#3057=ORIENTED_EDGE('',*,*,#2228,.F.);
#3058=ORIENTED_EDGE('',*,*,#2229,.F.);
#3059=ORIENTED_EDGE('',*,*,#2230,.F.);
#3060=ORIENTED_EDGE('',*,*,#1977,.T.);
#3061=ORIENTED_EDGE('',*,*,#2231,.T.);
#3062=ORIENTED_EDGE('',*,*,#2232,.T.);
#3063=ORIENTED_EDGE('',*,*,#1978,.T.);
#3064=ORIENTED_EDGE('',*,*,#2230,.T.);
#3065=ORIENTED_EDGE('',*,*,#2232,.F.);
#3066=ORIENTED_EDGE('',*,*,#2233,.F.);
#3067=ORIENTED_EDGE('',*,*,#2234,.T.);
#3068=ORIENTED_EDGE('',*,*,#1979,.T.);
#3069=ORIENTED_EDGE('',*,*,#2235,.F.);
#3070=ORIENTED_EDGE('',*,*,#2236,.T.);
#3071=ORIENTED_EDGE('',*,*,#1980,.T.);
#3072=ORIENTED_EDGE('',*,*,#2234,.F.);
#3073=ORIENTED_EDGE('',*,*,#2237,.F.);
#3074=ORIENTED_EDGE('',*,*,#1981,.T.);
#3075=ORIENTED_EDGE('',*,*,#2236,.F.);
#3076=ORIENTED_EDGE('',*,*,#2238,.F.);
#3077=ORIENTED_EDGE('',*,*,#2239,.T.);
#3078=ORIENTED_EDGE('',*,*,#2240,.T.);
#3079=ORIENTED_EDGE('',*,*,#1982,.T.);
#3080=ORIENTED_EDGE('',*,*,#2237,.T.);
#3081=ORIENTED_EDGE('',*,*,#2241,.F.);
#3082=ORIENTED_EDGE('',*,*,#1993,.F.);
#3083=ORIENTED_EDGE('',*,*,#1984,.F.);
#3084=ORIENTED_EDGE('',*,*,#1983,.T.);
#3085=ORIENTED_EDGE('',*,*,#2240,.F.);
#3086=ORIENTED_EDGE('',*,*,#2242,.F.);
#3087=ORIENTED_EDGE('',*,*,#1994,.T.);
#3088=ORIENTED_EDGE('',*,*,#2241,.T.);
#3089=ORIENTED_EDGE('',*,*,#2243,.T.);
#3090=ORIENTED_EDGE('',*,*,#2244,.T.);
#3091=ORIENTED_EDGE('',*,*,#2245,.F.);
#3092=ORIENTED_EDGE('',*,*,#1995,.F.);
#3093=ORIENTED_EDGE('',*,*,#2244,.F.);
#3094=ORIENTED_EDGE('',*,*,#2246,.F.);
#3095=ORIENTED_EDGE('',*,*,#2247,.T.);
#3096=ORIENTED_EDGE('',*,*,#2156,.T.);
#3097=ORIENTED_EDGE('',*,*,#2000,.T.);
#3098=ORIENTED_EDGE('',*,*,#1998,.T.);
#3099=ORIENTED_EDGE('',*,*,#1996,.T.);
#3100=ORIENTED_EDGE('',*,*,#1987,.T.);
#3101=ORIENTED_EDGE('',*,*,#2245,.T.);
#3102=ORIENTED_EDGE('',*,*,#2248,.F.);
#3103=ORIENTED_EDGE('',*,*,#2249,.F.);
#3104=ORIENTED_EDGE('',*,*,#2250,.F.);
#3105=ORIENTED_EDGE('',*,*,#2094,.T.);
#3106=ORIENTED_EDGE('',*,*,#2182,.F.);
#3107=ORIENTED_EDGE('',*,*,#2251,.F.);
#3108=ORIENTED_EDGE('',*,*,#2087,.T.);
#3109=ORIENTED_EDGE('',*,*,#2250,.T.);
#3110=ORIENTED_EDGE('',*,*,#2252,.T.);
#3111=ORIENTED_EDGE('',*,*,#2253,.T.);
#3112=ORIENTED_EDGE('',*,*,#2253,.F.);
#3113=ORIENTED_EDGE('',*,*,#2254,.F.);
#3114=ORIENTED_EDGE('',*,*,#2255,.T.);
#3115=ORIENTED_EDGE('',*,*,#2018,.T.);
#3116=ORIENTED_EDGE('',*,*,#2022,.T.);
#3117=ORIENTED_EDGE('',*,*,#2025,.T.);
#3118=ORIENTED_EDGE('',*,*,#2028,.T.);
#3119=ORIENTED_EDGE('',*,*,#2031,.T.);
#3120=ORIENTED_EDGE('',*,*,#2034,.T.);
#3121=ORIENTED_EDGE('',*,*,#2037,.T.);
#3122=ORIENTED_EDGE('',*,*,#2014,.F.);
#3123=ORIENTED_EDGE('',*,*,#2010,.F.);
#3124=ORIENTED_EDGE('',*,*,#2009,.T.);
#3125=ORIENTED_EDGE('',*,*,#2171,.F.);
#3126=ORIENTED_EDGE('',*,*,#2256,.F.);
#3127=ORIENTED_EDGE('',*,*,#2174,.F.);
#3128=ORIENTED_EDGE('',*,*,#2088,.T.);
#3129=ORIENTED_EDGE('',*,*,#2257,.F.);
#3130=ORIENTED_EDGE('',*,*,#2258,.F.);
#3131=ORIENTED_EDGE('',*,*,#2019,.T.);
#3132=ORIENTED_EDGE('',*,*,#2255,.F.);
#3133=ORIENTED_EDGE('',*,*,#2038,.T.);
#3134=ORIENTED_EDGE('',*,*,#2035,.T.);
#3135=ORIENTED_EDGE('',*,*,#2032,.T.);
#3136=ORIENTED_EDGE('',*,*,#2029,.T.);
#3137=ORIENTED_EDGE('',*,*,#2026,.T.);
#3138=ORIENTED_EDGE('',*,*,#2023,.T.);
#3139=ORIENTED_EDGE('',*,*,#2020,.T.);
#3140=ORIENTED_EDGE('',*,*,#2258,.T.);
#3141=ORIENTED_EDGE('',*,*,#2259,.F.);
#3142=ORIENTED_EDGE('',*,*,#2260,.F.);
#3143=ORIENTED_EDGE('',*,*,#2261,.F.);
#3144=ORIENTED_EDGE('',*,*,#2125,.T.);
#3145=ORIENTED_EDGE('',*,*,#2016,.F.);
#3146=ORIENTED_EDGE('',*,*,#2067,.T.);
#3147=ORIENTED_EDGE('',*,*,#2079,.F.);
#3148=ORIENTED_EDGE('',*,*,#2121,.F.);
#3149=ORIENTED_EDGE('',*,*,#2262,.F.);
#3150=ORIENTED_EDGE('',*,*,#2263,.T.);
#3151=ORIENTED_EDGE('',*,*,#2264,.F.);
#3152=ORIENTED_EDGE('',*,*,#2265,.T.);
#3153=ORIENTED_EDGE('',*,*,#2049,.T.);
#3154=ORIENTED_EDGE('',*,*,#2053,.T.);
#3155=ORIENTED_EDGE('',*,*,#2056,.T.);
#3156=ORIENTED_EDGE('',*,*,#2059,.T.);
#3157=ORIENTED_EDGE('',*,*,#2062,.T.);
#3158=ORIENTED_EDGE('',*,*,#2065,.T.);
#3159=ORIENTED_EDGE('',*,*,#2266,.F.);
#3160=ORIENTED_EDGE('',*,*,#2267,.F.);
#3161=ORIENTED_EDGE('',*,*,#2050,.T.);
#3162=ORIENTED_EDGE('',*,*,#2265,.F.);
#3163=ORIENTED_EDGE('',*,*,#2086,.F.);
#3164=ORIENTED_EDGE('',*,*,#2080,.F.);
#3165=ORIENTED_EDGE('',*,*,#2068,.T.);
#3166=ORIENTED_EDGE('',*,*,#2063,.T.);
#3167=ORIENTED_EDGE('',*,*,#2060,.T.);
#3168=ORIENTED_EDGE('',*,*,#2057,.T.);
#3169=ORIENTED_EDGE('',*,*,#2054,.T.);
#3170=ORIENTED_EDGE('',*,*,#2051,.T.);
#3171=ORIENTED_EDGE('',*,*,#2047,.T.);
#3172=ORIENTED_EDGE('',*,*,#2267,.T.);
#3173=ORIENTED_EDGE('',*,*,#2268,.F.);
#3174=ORIENTED_EDGE('',*,*,#2269,.F.);
#3175=ORIENTED_EDGE('',*,*,#2103,.T.);
#3176=ORIENTED_EDGE('',*,*,#2193,.F.);
#3177=ORIENTED_EDGE('',*,*,#2270,.F.);
#3178=ORIENTED_EDGE('',*,*,#2196,.F.);
#3179=ORIENTED_EDGE('',*,*,#2040,.T.);
#3180=ORIENTED_EDGE('',*,*,#2096,.T.);
#3181=ORIENTED_EDGE('',*,*,#2269,.T.);
#3182=ORIENTED_EDGE('',*,*,#2271,.T.);
#3183=ORIENTED_EDGE('',*,*,#2272,.T.);
#3184=ORIENTED_EDGE('',*,*,#2273,.F.);
#3185=ORIENTED_EDGE('',*,*,#2274,.T.);
#3186=ORIENTED_EDGE('',*,*,#2095,.T.);
#3187=ORIENTED_EDGE('',*,*,#2274,.F.);
#3188=ORIENTED_EDGE('',*,*,#2275,.F.);
#3189=ORIENTED_EDGE('',*,*,#2276,.T.);
#3190=ORIENTED_EDGE('',*,*,#2104,.T.);
#3191=ORIENTED_EDGE('',*,*,#2276,.F.);
#3192=ORIENTED_EDGE('',*,*,#2277,.F.);
#3193=ORIENTED_EDGE('',*,*,#2278,.F.);
#3194=ORIENTED_EDGE('',*,*,#2185,.F.);
#3195=ORIENTED_EDGE('',*,*,#2097,.T.);
#3196=ORIENTED_EDGE('',*,*,#2272,.F.);
#3197=ORIENTED_EDGE('',*,*,#2279,.F.);
#3198=ORIENTED_EDGE('',*,*,#2122,.T.);
#3199=ORIENTED_EDGE('',*,*,#2105,.T.);
#3200=ORIENTED_EDGE('',*,*,#2124,.T.);
#3201=ORIENTED_EDGE('',*,*,#2280,.F.);
#3202=ORIENTED_EDGE('',*,*,#2260,.T.);
#3203=ORIENTED_EDGE('',*,*,#2281,.F.);
#3204=ORIENTED_EDGE('',*,*,#2282,.F.);
#3205=ORIENTED_EDGE('',*,*,#2283,.F.);
#3206=ORIENTED_EDGE('',*,*,#2130,.T.);
#3207=ORIENTED_EDGE('',*,*,#2129,.T.);
#3208=ORIENTED_EDGE('',*,*,#2126,.T.);
#3209=ORIENTED_EDGE('',*,*,#2261,.T.);
#3210=ORIENTED_EDGE('',*,*,#2280,.T.);
#3211=ORIENTED_EDGE('',*,*,#2123,.T.);
#3212=ORIENTED_EDGE('',*,*,#2283,.T.);
#3213=ORIENTED_EDGE('',*,*,#2284,.T.);
#3214=ORIENTED_EDGE('',*,*,#2285,.T.);
#3215=ORIENTED_EDGE('',*,*,#2262,.T.);
#3216=ORIENTED_EDGE('',*,*,#2120,.T.);
#3217=ORIENTED_EDGE('',*,*,#2118,.T.);
#3218=ORIENTED_EDGE('',*,*,#2116,.T.);
#3219=ORIENTED_EDGE('',*,*,#2114,.T.);
#3220=ORIENTED_EDGE('',*,*,#2112,.T.);
#3221=ORIENTED_EDGE('',*,*,#2110,.T.);
#3222=ORIENTED_EDGE('',*,*,#2108,.T.);
#3223=ORIENTED_EDGE('',*,*,#2153,.T.);
#3224=ORIENTED_EDGE('',*,*,#2151,.T.);
#3225=ORIENTED_EDGE('',*,*,#2149,.T.);
#3226=ORIENTED_EDGE('',*,*,#2147,.T.);
#3227=ORIENTED_EDGE('',*,*,#2145,.T.);
#3228=ORIENTED_EDGE('',*,*,#2143,.T.);
#3229=ORIENTED_EDGE('',*,*,#2141,.T.);
#3230=ORIENTED_EDGE('',*,*,#2139,.T.);
#3231=ORIENTED_EDGE('',*,*,#2137,.T.);
#3232=ORIENTED_EDGE('',*,*,#2135,.T.);
#3233=ORIENTED_EDGE('',*,*,#2133,.T.);
#3234=ORIENTED_EDGE('',*,*,#2131,.T.);
#3235=ORIENTED_EDGE('',*,*,#2263,.F.);
#3236=ORIENTED_EDGE('',*,*,#2285,.F.);
#3237=ORIENTED_EDGE('',*,*,#2286,.T.);
#3238=ORIENTED_EDGE('',*,*,#2287,.F.);
#3239=ORIENTED_EDGE('',*,*,#2247,.F.);
#3240=ORIENTED_EDGE('',*,*,#2246,.T.);
#3241=ORIENTED_EDGE('',*,*,#2243,.F.);
#3242=ORIENTED_EDGE('',*,*,#2242,.T.);
#3243=ORIENTED_EDGE('',*,*,#2239,.F.);
#3244=ORIENTED_EDGE('',*,*,#2238,.T.);
#3245=ORIENTED_EDGE('',*,*,#2235,.T.);
#3246=ORIENTED_EDGE('',*,*,#2233,.T.);
#3247=ORIENTED_EDGE('',*,*,#2231,.F.);
#3248=ORIENTED_EDGE('',*,*,#2229,.T.);
#3249=ORIENTED_EDGE('',*,*,#2227,.F.);
#3250=ORIENTED_EDGE('',*,*,#2226,.T.);
#3251=ORIENTED_EDGE('',*,*,#2223,.T.);
#3252=ORIENTED_EDGE('',*,*,#2221,.T.);
#3253=ORIENTED_EDGE('',*,*,#2219,.F.);
#3254=ORIENTED_EDGE('',*,*,#2217,.T.);
#3255=ORIENTED_EDGE('',*,*,#2215,.F.);
#3256=ORIENTED_EDGE('',*,*,#2214,.T.);
#3257=ORIENTED_EDGE('',*,*,#2211,.F.);
#3258=ORIENTED_EDGE('',*,*,#2209,.T.);
#3259=ORIENTED_EDGE('',*,*,#2207,.F.);
#3260=ORIENTED_EDGE('',*,*,#2206,.T.);
#3261=ORIENTED_EDGE('',*,*,#2203,.F.);
#3262=ORIENTED_EDGE('',*,*,#2202,.T.);
#3263=ORIENTED_EDGE('',*,*,#2199,.T.);
#3264=ORIENTED_EDGE('',*,*,#2197,.T.);
#3265=ORIENTED_EDGE('',*,*,#2194,.F.);
#3266=ORIENTED_EDGE('',*,*,#2270,.T.);
#3267=ORIENTED_EDGE('',*,*,#2192,.F.);
#3268=ORIENTED_EDGE('',*,*,#2191,.T.);
#3269=ORIENTED_EDGE('',*,*,#2188,.T.);
#3270=ORIENTED_EDGE('',*,*,#2186,.T.);
#3271=ORIENTED_EDGE('',*,*,#2183,.F.);
#3272=ORIENTED_EDGE('',*,*,#2278,.T.);
#3273=ORIENTED_EDGE('',*,*,#2288,.F.);
#3274=ORIENTED_EDGE('',*,*,#2289,.T.);
#3275=ORIENTED_EDGE('',*,*,#2290,.F.);
#3276=ORIENTED_EDGE('',*,*,#2251,.T.);
#3277=ORIENTED_EDGE('',*,*,#2181,.F.);
#3278=ORIENTED_EDGE('',*,*,#2180,.T.);
#3279=ORIENTED_EDGE('',*,*,#2177,.T.);
#3280=ORIENTED_EDGE('',*,*,#2175,.T.);
#3281=ORIENTED_EDGE('',*,*,#2172,.F.);
#3282=ORIENTED_EDGE('',*,*,#2256,.T.);
#3283=ORIENTED_EDGE('',*,*,#2170,.F.);
#3284=ORIENTED_EDGE('',*,*,#2169,.T.);
#3285=ORIENTED_EDGE('',*,*,#2166,.T.);
#3286=ORIENTED_EDGE('',*,*,#2164,.T.);
#3287=ORIENTED_EDGE('',*,*,#2162,.F.);
#3288=ORIENTED_EDGE('',*,*,#2160,.T.);
#3289=ORIENTED_EDGE('',*,*,#2158,.F.);
#3290=ORIENTED_EDGE('',*,*,#2157,.T.);
#3291=ORIENTED_EDGE('',*,*,#2291,.T.);
#3292=ORIENTED_EDGE('',*,*,#2248,.T.);
#3293=ORIENTED_EDGE('',*,*,#2290,.T.);
#3294=ORIENTED_EDGE('',*,*,#2292,.T.);
#3295=ORIENTED_EDGE('',*,*,#2271,.F.);
#3296=ORIENTED_EDGE('',*,*,#2268,.T.);
#3297=ORIENTED_EDGE('',*,*,#2266,.T.);
#3298=ORIENTED_EDGE('',*,*,#2264,.T.);
#3299=ORIENTED_EDGE('',*,*,#2287,.T.);
#3300=ORIENTED_EDGE('',*,*,#2293,.T.);
#3301=ORIENTED_EDGE('',*,*,#2281,.T.);
#3302=ORIENTED_EDGE('',*,*,#2259,.T.);
#3303=ORIENTED_EDGE('',*,*,#2257,.T.);
#3304=ORIENTED_EDGE('',*,*,#2254,.T.);
#3305=ORIENTED_EDGE('',*,*,#2252,.F.);
#3306=ORIENTED_EDGE('',*,*,#2249,.T.);
#3307=ORIENTED_EDGE('',*,*,#2291,.F.);
#3308=ORIENTED_EDGE('',*,*,#2294,.T.);
#3309=ORIENTED_EDGE('',*,*,#2295,.F.);
#3310=ORIENTED_EDGE('',*,*,#2279,.T.);
#3311=ORIENTED_EDGE('',*,*,#2275,.T.);
#3312=ORIENTED_EDGE('',*,*,#2273,.T.);
#3313=ORIENTED_EDGE('',*,*,#2288,.T.);
#3314=ORIENTED_EDGE('',*,*,#2277,.T.);
#3315=ORIENTED_EDGE('',*,*,#2295,.T.);
#3316=ORIENTED_EDGE('',*,*,#2296,.T.);
#3317=ORIENTED_EDGE('',*,*,#2286,.F.);
#3318=ORIENTED_EDGE('',*,*,#2284,.F.);
#3319=ORIENTED_EDGE('',*,*,#2282,.T.);
#3320=ORIENTED_EDGE('',*,*,#2293,.F.);
#3321=ORIENTED_EDGE('',*,*,#1797,.T.);
#3322=ORIENTED_EDGE('',*,*,#1784,.F.);
#3323=ORIENTED_EDGE('',*,*,#1786,.T.);
#3324=ORIENTED_EDGE('',*,*,#1777,.F.);
#3325=ORIENTED_EDGE('',*,*,#1781,.T.);
#3326=ORIENTED_EDGE('',*,*,#1790,.F.);
#3327=ORIENTED_EDGE('',*,*,#1793,.T.);
#3328=ORIENTED_EDGE('',*,*,#1796,.F.);
#3329=ORIENTED_EDGE('',*,*,#2296,.F.);
#3330=ORIENTED_EDGE('',*,*,#2294,.F.);
#3331=ORIENTED_EDGE('',*,*,#2292,.F.);
#3332=ORIENTED_EDGE('',*,*,#2289,.F.);
#3333=ORIENTED_EDGE('',*,*,#1798,.T.);
#3334=ORIENTED_EDGE('',*,*,#1794,.F.);
#3335=ORIENTED_EDGE('',*,*,#1791,.T.);
#3336=ORIENTED_EDGE('',*,*,#1788,.F.);
#3337=ORIENTED_EDGE('',*,*,#1779,.T.);
#3338=ORIENTED_EDGE('',*,*,#1775,.F.);
#3339=ORIENTED_EDGE('',*,*,#1787,.T.);
#3340=ORIENTED_EDGE('',*,*,#1782,.F.);
#3341=CYLINDRICAL_SURFACE('',#3662,2.);
#3342=CYLINDRICAL_SURFACE('',#3666,2.);
#3343=CYLINDRICAL_SURFACE('',#3670,2.);
#3344=CYLINDRICAL_SURFACE('',#3674,2.);
#3345=CYLINDRICAL_SURFACE('',#3707,1.00000000000001);
#3346=CYLINDRICAL_SURFACE('',#3709,1.49999999999999);
#3347=CYLINDRICAL_SURFACE('',#3711,1.5);
#3348=CYLINDRICAL_SURFACE('',#3713,1.00000000000001);
#3349=CYLINDRICAL_SURFACE('',#3715,1.00000000000001);
#3350=CYLINDRICAL_SURFACE('',#3717,0.999999999999996);
#3351=CYLINDRICAL_SURFACE('',#3719,1.00000000000001);
#3352=CYLINDRICAL_SURFACE('',#3721,1.00000000000001);
#3353=CYLINDRICAL_SURFACE('',#3723,0.999999999999996);
#3354=CYLINDRICAL_SURFACE('',#3725,1.49999999999999);
#3355=CYLINDRICAL_SURFACE('',#3727,0.999999999999996);
#3356=CYLINDRICAL_SURFACE('',#3729,1.5);
#3357=CYLINDRICAL_SURFACE('',#3731,2.);
#3358=CYLINDRICAL_SURFACE('',#3735,1.64999999999999);
#3359=CYLINDRICAL_SURFACE('',#3739,2.);
#3360=CYLINDRICAL_SURFACE('',#3743,1.65);
#3361=CYLINDRICAL_SURFACE('',#3746,1.64999999999999);
#3362=CYLINDRICAL_SURFACE('',#3749,1.64999999999999);
#3363=CYLINDRICAL_SURFACE('',#3752,0.999999999999996);
#3364=CYLINDRICAL_SURFACE('',#3756,2.);
#3365=CYLINDRICAL_SURFACE('',#3758,2.);
#3366=CYLINDRICAL_SURFACE('',#3764,2.);
#3367=CYLINDRICAL_SURFACE('',#3797,2.);
#3368=CYLINDRICAL_SURFACE('',#3802,1.);
#3369=CYLINDRICAL_SURFACE('',#3806,1.);
#3370=CYLINDRICAL_SURFACE('',#3815,1.);
#3371=CYLINDRICAL_SURFACE('',#3818,3.00000000000001);
#3372=CYLINDRICAL_SURFACE('',#3821,3.);
#3373=CYLINDRICAL_SURFACE('',#3824,3.00000000000001);
#3374=CYLINDRICAL_SURFACE('',#3827,3.);
#3375=CYLINDRICAL_SURFACE('',#3830,3.00000000000001);
#3376=CYLINDRICAL_SURFACE('',#3833,3.);
#3377=CYLINDRICAL_SURFACE('',#3836,3.00000000000001);
#3378=CYLINDRICAL_SURFACE('',#3839,3.);
#3379=CYLINDRICAL_SURFACE('',#3842,3.00000000000001);
#3380=CYLINDRICAL_SURFACE('',#3845,3.);
#3381=CYLINDRICAL_SURFACE('',#3848,3.00000000000001);
#3382=CYLINDRICAL_SURFACE('',#3857,1.);
#3383=CYLINDRICAL_SURFACE('',#3863,2.);
#3384=CYLINDRICAL_SURFACE('',#3867,2.);
#3385=CYLINDRICAL_SURFACE('',#3873,1.);
#3386=CYLINDRICAL_SURFACE('',#3876,3.00000000000001);
#3387=CYLINDRICAL_SURFACE('',#3879,3.00000000000001);
#3388=CYLINDRICAL_SURFACE('',#3882,3.00000000000001);
#3389=CYLINDRICAL_SURFACE('',#3885,3.00000000000001);
#3390=CYLINDRICAL_SURFACE('',#3888,3.00000000000001);
#3391=CYLINDRICAL_SURFACE('',#3891,3.00000000000001);
#3392=CYLINDRICAL_SURFACE('',#3900,3.00000000000001);
#3393=CYLINDRICAL_SURFACE('',#3903,3.00000000000001);
#3394=CYLINDRICAL_SURFACE('',#3906,3.00000000000001);
#3395=CYLINDRICAL_SURFACE('',#3909,3.00000000000001);
#3396=CYLINDRICAL_SURFACE('',#3912,3.00000000000001);
#3397=CYLINDRICAL_SURFACE('',#3915,3.00000000000001);
#3398=CYLINDRICAL_SURFACE('',#3924,1.);
#3399=CYLINDRICAL_SURFACE('',#3946,2.75);
#3400=CYLINDRICAL_SURFACE('',#3950,2.);
#3401=CYLINDRICAL_SURFACE('',#3952,2.74999999999999);
#3402=CYLINDRICAL_SURFACE('',#3954,2.74999999999999);
#3403=CYLINDRICAL_SURFACE('',#3956,2.75);
#3404=CYLINDRICAL_SURFACE('',#3958,2.74999999999999);
#3405=CYLINDRICAL_SURFACE('',#3960,2.74999999999999);
#3406=CYLINDRICAL_SURFACE('',#3962,2.75);
#3407=CYLINDRICAL_SURFACE('',#3964,2.74999999999999);
#3408=CYLINDRICAL_SURFACE('',#3966,2.74999999999999);
#3409=CYLINDRICAL_SURFACE('',#3968,2.75);
#3410=CYLINDRICAL_SURFACE('',#3970,2.74999999999999);
#3411=CYLINDRICAL_SURFACE('',#3972,2.75);
#3412=CYLINDRICAL_SURFACE('',#3974,2.75);
#3413=CYLINDRICAL_SURFACE('',#3977,15.);
#3414=CYLINDRICAL_SURFACE('',#3980,1.25);
#3415=CYLINDRICAL_SURFACE('',#3983,2.99999999999998);
#3416=CYLINDRICAL_SURFACE('',#3986,1.25);
#3417=CYLINDRICAL_SURFACE('',#3988,1.25);
#3418=CYLINDRICAL_SURFACE('',#3991,2.99999999999999);
#3419=CYLINDRICAL_SURFACE('',#3994,1.25);
#3420=CYLINDRICAL_SURFACE('',#3996,1.25);
#3421=CYLINDRICAL_SURFACE('',#3999,2.99999999999997);
#3422=CYLINDRICAL_SURFACE('',#4002,1.25);
#3423=CYLINDRICAL_SURFACE('',#4004,1.25);
#3424=CYLINDRICAL_SURFACE('',#4007,2.99999999999997);
#3425=CYLINDRICAL_SURFACE('',#4010,1.25);
#3426=CYLINDRICAL_SURFACE('',#4013,15.);
#3427=CYLINDRICAL_SURFACE('',#4016,15.);
#3428=CYLINDRICAL_SURFACE('',#4019,15.);
#3429=CYLINDRICAL_SURFACE('',#4022,1.25);
#3430=CYLINDRICAL_SURFACE('',#4025,2.99999999999997);
#3431=CYLINDRICAL_SURFACE('',#4028,1.25);
#3432=CYLINDRICAL_SURFACE('',#4031,1.25);
#3433=CYLINDRICAL_SURFACE('',#4034,2.99999999999999);
#3434=CYLINDRICAL_SURFACE('',#4037,1.25);
#3435=CYLINDRICAL_SURFACE('',#4040,15.);
#3436=CYLINDRICAL_SURFACE('',#4043,15.);
#3437=CYLINDRICAL_SURFACE('',#4046,1.);
#3438=CYLINDRICAL_SURFACE('',#4054,1.);
#3439=CYLINDRICAL_SURFACE('',#4056,1.64999999999999);
#3440=CYLINDRICAL_SURFACE('',#4058,1.64999999999999);
#3441=CYLINDRICAL_SURFACE('',#4067,15.);
#3442=CYLINDRICAL_SURFACE('',#4071,15.);
#3443=ADVANCED_FACE('',(#167),#3341,.F.);
#3444=ADVANCED_FACE('',(#168),#72,.F.);
#3445=ADVANCED_FACE('',(#169),#3342,.F.);
#3446=ADVANCED_FACE('',(#170),#73,.F.);
#3447=ADVANCED_FACE('',(#171),#3343,.F.);
#3448=ADVANCED_FACE('',(#172),#74,.F.);
#3449=ADVANCED_FACE('',(#173),#3344,.F.);
#3450=ADVANCED_FACE('',(#174),#75,.F.);
#3451=ADVANCED_FACE('',(#175),#76,.F.);
#3452=ADVANCED_FACE('',(#176),#77,.F.);
#3453=ADVANCED_FACE('',(#177),#78,.F.);
#3454=ADVANCED_FACE('',(#178),#79,.F.);
#3455=ADVANCED_FACE('',(#179),#80,.F.);
#3456=ADVANCED_FACE('',(#180),#81,.F.);
#3457=ADVANCED_FACE('',(#181),#82,.F.);
#3458=ADVANCED_FACE('',(#182),#83,.F.);
#3459=ADVANCED_FACE('',(#183),#84,.F.);
#3460=ADVANCED_FACE('',(#184),#85,.F.);
#3461=ADVANCED_FACE('',(#185),#86,.F.);
#3462=ADVANCED_FACE('',(#186),#87,.F.);
#3463=ADVANCED_FACE('',(#187),#88,.F.);
#3464=ADVANCED_FACE('',(#188),#68,.T.);
#3465=ADVANCED_FACE('',(#189),#69,.T.);
#3466=ADVANCED_FACE('',(#190),#3345,.F.);
#3467=ADVANCED_FACE('',(#191),#3346,.F.);
#3468=ADVANCED_FACE('',(#192),#3347,.F.);
#3469=ADVANCED_FACE('',(#193),#3348,.F.);
#3470=ADVANCED_FACE('',(#194),#3349,.F.);
#3471=ADVANCED_FACE('',(#195),#3350,.F.);
#3472=ADVANCED_FACE('',(#196),#3351,.F.);
#3473=ADVANCED_FACE('',(#197),#3352,.F.);
#3474=ADVANCED_FACE('',(#198),#3353,.F.);
#3475=ADVANCED_FACE('',(#199),#3354,.F.);
#3476=ADVANCED_FACE('',(#200),#3355,.F.);
#3477=ADVANCED_FACE('',(#201),#3356,.F.);
#3478=ADVANCED_FACE('',(#202),#3357,.F.);
#3479=ADVANCED_FACE('',(#203),#89,.F.);
#3480=ADVANCED_FACE('',(#204),#3358,.F.);
#3481=ADVANCED_FACE('',(#205),#90,.F.);
#3482=ADVANCED_FACE('',(#206),#3359,.F.);
#3483=ADVANCED_FACE('',(#207),#91,.F.);
#3484=ADVANCED_FACE('',(#208),#3360,.F.);
#3485=ADVANCED_FACE('',(#209),#3361,.F.);
#3486=ADVANCED_FACE('',(#210),#3362,.F.);
#3487=ADVANCED_FACE('',(#211),#3363,.F.);
#3488=ADVANCED_FACE('',(#212),#70,.F.);
#3489=ADVANCED_FACE('',(#213),#3364,.T.);
#3490=ADVANCED_FACE('',(#214),#3365,.T.);
#3491=ADVANCED_FACE('',(#215),#54,.T.);
#3492=ADVANCED_FACE('',(#216),#3366,.T.);
#3493=ADVANCED_FACE('',(#217),#55,.T.);
#3494=ADVANCED_FACE('',(#218),#71,.T.);
#3495=ADVANCED_FACE('',(#219,#15),#92,.F.);
#3496=ADVANCED_FACE('',(#220,#16),#93,.F.);
#3497=ADVANCED_FACE('',(#221,#17),#94,.F.);
#3498=ADVANCED_FACE('',(#222,#18),#95,.F.);
#3499=ADVANCED_FACE('',(#223,#19),#96,.F.);
#3500=ADVANCED_FACE('',(#224,#20),#97,.F.);
#3501=ADVANCED_FACE('',(#225,#21),#98,.F.);
#3502=ADVANCED_FACE('',(#226,#22),#99,.F.);
#3503=ADVANCED_FACE('',(#227,#23),#100,.F.);
#3504=ADVANCED_FACE('',(#228,#24),#101,.F.);
#3505=ADVANCED_FACE('',(#229,#25),#102,.F.);
#3506=ADVANCED_FACE('',(#230,#26),#103,.F.);
#3507=ADVANCED_FACE('',(#231),#56,.T.);
#3508=ADVANCED_FACE('',(#232),#3367,.T.);
#3509=ADVANCED_FACE('',(#233),#104,.F.);
#3510=ADVANCED_FACE('',(#234),#105,.T.);
#3511=ADVANCED_FACE('',(#235),#3368,.F.);
#3512=ADVANCED_FACE('',(#236),#106,.F.);
#3513=ADVANCED_FACE('',(#237),#3369,.F.);
#3514=ADVANCED_FACE('',(#238),#107,.F.);
#3515=ADVANCED_FACE('',(#239,#27),#108,.T.);
#3516=ADVANCED_FACE('',(#240),#3370,.T.);
#3517=ADVANCED_FACE('',(#241),#109,.T.);
#3518=ADVANCED_FACE('',(#242),#3371,.F.);
#3519=ADVANCED_FACE('',(#243),#3372,.T.);
#3520=ADVANCED_FACE('',(#244),#3373,.F.);
#3521=ADVANCED_FACE('',(#245),#3374,.T.);
#3522=ADVANCED_FACE('',(#246),#3375,.F.);
#3523=ADVANCED_FACE('',(#247),#3376,.T.);
#3524=ADVANCED_FACE('',(#248),#3377,.F.);
#3525=ADVANCED_FACE('',(#249),#3378,.T.);
#3526=ADVANCED_FACE('',(#250),#3379,.F.);
#3527=ADVANCED_FACE('',(#251),#3380,.T.);
#3528=ADVANCED_FACE('',(#252),#3381,.F.);
#3529=ADVANCED_FACE('',(#253),#110,.T.);
#3530=ADVANCED_FACE('',(#254,#28),#111,.T.);
#3531=ADVANCED_FACE('',(#255),#3382,.T.);
#3532=ADVANCED_FACE('',(#256,#29),#112,.T.);
#3533=ADVANCED_FACE('',(#257),#3383,.T.);
#3534=ADVANCED_FACE('',(#258),#57,.T.);
#3535=ADVANCED_FACE('',(#259),#3384,.T.);
#3536=ADVANCED_FACE('',(#260,#30),#113,.T.);
#3537=ADVANCED_FACE('',(#261),#3385,.T.);
#3538=ADVANCED_FACE('',(#262,#31),#114,.T.);
#3539=ADVANCED_FACE('',(#263),#3386,.F.);
#3540=ADVANCED_FACE('',(#264),#3387,.F.);
#3541=ADVANCED_FACE('',(#265),#3388,.F.);
#3542=ADVANCED_FACE('',(#266),#3389,.F.);
#3543=ADVANCED_FACE('',(#267),#3390,.F.);
#3544=ADVANCED_FACE('',(#268),#3391,.F.);
#3545=ADVANCED_FACE('',(#269),#115,.F.);
#3546=ADVANCED_FACE('',(#270,#32),#116,.T.);
#3547=ADVANCED_FACE('',(#271),#3392,.F.);
#3548=ADVANCED_FACE('',(#272),#3393,.F.);
#3549=ADVANCED_FACE('',(#273),#3394,.F.);
#3550=ADVANCED_FACE('',(#274),#3395,.F.);
#3551=ADVANCED_FACE('',(#275),#3396,.F.);
#3552=ADVANCED_FACE('',(#276),#3397,.F.);
#3553=ADVANCED_FACE('',(#277),#117,.F.);
#3554=ADVANCED_FACE('',(#278,#33,#34),#118,.T.);
#3555=ADVANCED_FACE('',(#279),#3398,.T.);
#3556=ADVANCED_FACE('',(#280,#35),#119,.T.);
#3557=ADVANCED_FACE('',(#281,#36),#120,.T.);
#3558=ADVANCED_FACE('',(#282,#37),#121,.F.);
#3559=ADVANCED_FACE('',(#283),#122,.T.);
#3560=ADVANCED_FACE('',(#284),#123,.T.);
#3561=ADVANCED_FACE('',(#285),#124,.T.);
#3562=ADVANCED_FACE('',(#286),#125,.T.);
#3563=ADVANCED_FACE('',(#287),#126,.T.);
#3564=ADVANCED_FACE('',(#288),#127,.T.);
#3565=ADVANCED_FACE('',(#289),#128,.T.);
#3566=ADVANCED_FACE('',(#290),#3399,.T.);
#3567=ADVANCED_FACE('',(#291),#129,.T.);
#3568=ADVANCED_FACE('',(#292),#130,.T.);
#3569=ADVANCED_FACE('',(#293),#3400,.F.);
#3570=ADVANCED_FACE('',(#294),#3401,.T.);
#3571=ADVANCED_FACE('',(#295),#3402,.T.);
#3572=ADVANCED_FACE('',(#296),#3403,.T.);
#3573=ADVANCED_FACE('',(#297),#3404,.T.);
#3574=ADVANCED_FACE('',(#298),#3405,.T.);
#3575=ADVANCED_FACE('',(#299),#3406,.T.);
#3576=ADVANCED_FACE('',(#300),#3407,.T.);
#3577=ADVANCED_FACE('',(#301),#3408,.T.);
#3578=ADVANCED_FACE('',(#302),#3409,.T.);
#3579=ADVANCED_FACE('',(#303),#3410,.T.);
#3580=ADVANCED_FACE('',(#304),#3411,.T.);
#3581=ADVANCED_FACE('',(#305),#3412,.T.);
#3582=ADVANCED_FACE('',(#306),#131,.F.);
#3583=ADVANCED_FACE('',(#307),#3413,.F.);
#3584=ADVANCED_FACE('',(#308),#132,.F.);
#3585=ADVANCED_FACE('',(#309),#3414,.T.);
#3586=ADVANCED_FACE('',(#310),#133,.F.);
#3587=ADVANCED_FACE('',(#311),#3415,.F.);
#3588=ADVANCED_FACE('',(#312),#134,.F.);
#3589=ADVANCED_FACE('',(#313),#3416,.T.);
#3590=ADVANCED_FACE('',(#314),#3417,.T.);
#3591=ADVANCED_FACE('',(#315),#135,.F.);
#3592=ADVANCED_FACE('',(#316),#3418,.F.);
#3593=ADVANCED_FACE('',(#317),#136,.F.);
#3594=ADVANCED_FACE('',(#318),#3419,.T.);
#3595=ADVANCED_FACE('',(#319),#3420,.T.);
#3596=ADVANCED_FACE('',(#320),#137,.F.);
#3597=ADVANCED_FACE('',(#321),#3421,.F.);
#3598=ADVANCED_FACE('',(#322),#138,.F.);
#3599=ADVANCED_FACE('',(#323),#3422,.T.);
#3600=ADVANCED_FACE('',(#324),#3423,.T.);
#3601=ADVANCED_FACE('',(#325),#139,.F.);
#3602=ADVANCED_FACE('',(#326),#3424,.F.);
#3603=ADVANCED_FACE('',(#327),#140,.F.);
#3604=ADVANCED_FACE('',(#328),#3425,.T.);
#3605=ADVANCED_FACE('',(#329),#141,.F.);
#3606=ADVANCED_FACE('',(#330),#3426,.F.);
#3607=ADVANCED_FACE('',(#331),#142,.F.);
#3608=ADVANCED_FACE('',(#332),#3427,.T.);
#3609=ADVANCED_FACE('',(#333),#143,.F.);
#3610=ADVANCED_FACE('',(#334),#3428,.F.);
#3611=ADVANCED_FACE('',(#335),#144,.F.);
#3612=ADVANCED_FACE('',(#336),#3429,.T.);
#3613=ADVANCED_FACE('',(#337),#145,.F.);
#3614=ADVANCED_FACE('',(#338),#3430,.F.);
#3615=ADVANCED_FACE('',(#339),#146,.F.);
#3616=ADVANCED_FACE('',(#340),#3431,.T.);
#3617=ADVANCED_FACE('',(#341),#147,.F.);
#3618=ADVANCED_FACE('',(#342),#3432,.T.);
#3619=ADVANCED_FACE('',(#343),#148,.F.);
#3620=ADVANCED_FACE('',(#344),#3433,.F.);
#3621=ADVANCED_FACE('',(#345),#149,.F.);
#3622=ADVANCED_FACE('',(#346),#3434,.T.);
#3623=ADVANCED_FACE('',(#347),#150,.F.);
#3624=ADVANCED_FACE('',(#348),#3435,.F.);
#3625=ADVANCED_FACE('',(#349),#151,.F.);
#3626=ADVANCED_FACE('',(#350),#3436,.T.);
#3627=ADVANCED_FACE('',(#351),#152,.F.);
#3628=ADVANCED_FACE('',(#352),#3437,.T.);
#3629=ADVANCED_FACE('',(#353),#153,.F.);
#3630=ADVANCED_FACE('',(#354),#154,.F.);
#3631=ADVANCED_FACE('',(#355),#155,.T.);
#3632=ADVANCED_FACE('',(#356),#156,.T.);
#3633=ADVANCED_FACE('',(#357),#157,.F.);
#3634=ADVANCED_FACE('',(#358),#158,.F.);
#3635=ADVANCED_FACE('',(#359),#3438,.T.);
#3636=ADVANCED_FACE('',(#360),#3439,.F.);
#3637=ADVANCED_FACE('',(#361),#3440,.F.);
#3638=ADVANCED_FACE('',(#362),#159,.F.);
#3639=ADVANCED_FACE('',(#363),#160,.T.);
#3640=ADVANCED_FACE('',(#364,#38,#39,#40,#41,#42,#43,#44,#45,#46,#47,#48,
#49),#161,.F.);
#3641=ADVANCED_FACE('',(#365),#162,.T.);
#3642=ADVANCED_FACE('',(#366),#163,.T.);
#3643=ADVANCED_FACE('',(#367),#3441,.F.);
#3644=ADVANCED_FACE('',(#368,#50,#51),#164,.T.);
#3645=ADVANCED_FACE('',(#369),#3442,.F.);
#3646=ADVANCED_FACE('',(#370,#52),#165,.T.);
#3647=ADVANCED_FACE('',(#371,#53),#166,.F.);
#3648=CLOSED_SHELL('',(#3443,#3444,#3445,#3446,#3447,#3448,#3449,#3450,
#3451,#3452,#3453,#3454,#3455,#3456,#3457,#3458,#3459,#3460,#3461,#3462,
#3463,#3464,#3465,#3466,#3467,#3468,#3469,#3470,#3471,#3472,#3473,#3474,
#3475,#3476,#3477,#3478,#3479,#3480,#3481,#3482,#3483,#3484,#3485,#3486,
#3487,#3488,#3489,#3490,#3491,#3492,#3493,#3494,#3495,#3496,#3497,#3498,
#3499,#3500,#3501,#3502,#3503,#3504,#3505,#3506,#3507,#3508,#3509,#3510,
#3511,#3512,#3513,#3514,#3515,#3516,#3517,#3518,#3519,#3520,#3521,#3522,
#3523,#3524,#3525,#3526,#3527,#3528,#3529,#3530,#3531,#3532,#3533,#3534,
#3535,#3536,#3537,#3538,#3539,#3540,#3541,#3542,#3543,#3544,#3545,#3546,
#3547,#3548,#3549,#3550,#3551,#3552,#3553,#3554,#3555,#3556,#3557,#3558,
#3559,#3560,#3561,#3562,#3563,#3564,#3565,#3566,#3567,#3568,#3569,#3570,
#3571,#3572,#3573,#3574,#3575,#3576,#3577,#3578,#3579,#3580,#3581,#3582,
#3583,#3584,#3585,#3586,#3587,#3588,#3589,#3590,#3591,#3592,#3593,#3594,
#3595,#3596,#3597,#3598,#3599,#3600,#3601,#3602,#3603,#3604,#3605,#3606,
#3607,#3608,#3609,#3610,#3611,#3612,#3613,#3614,#3615,#3616,#3617,#3618,
#3619,#3620,#3621,#3622,#3623,#3624,#3625,#3626,#3627,#3628,#3629,#3630,
#3631,#3632,#3633,#3634,#3635,#3636,#3637,#3638,#3639,#3640,#3641,#3642,
#3643,#3644,#3645,#3646,#3647));
#3649=DERIVED_UNIT_ELEMENT(#3651,1.);
#3650=DERIVED_UNIT_ELEMENT(#6396,-3.);
#3651=(
MASS_UNIT()
NAMED_UNIT(*)
SI_UNIT(.KILO.,.GRAM.)
);
#3652=DERIVED_UNIT((#3649,#3650));
#3653=MEASURE_REPRESENTATION_ITEM('density measure',
POSITIVE_RATIO_MEASURE(7850.),#3652);
#3654=PROPERTY_DEFINITION_REPRESENTATION(#3659,#3656);
#3655=PROPERTY_DEFINITION_REPRESENTATION(#3660,#3657);
#3656=REPRESENTATION('material name',(#3658),#6393);
#3657=REPRESENTATION('density',(#3653),#6393);
#3658=DESCRIPTIVE_REPRESENTATION_ITEM('Steel','Steel');
#3659=PROPERTY_DEFINITION('material property','material name',#6403);
#3660=PROPERTY_DEFINITION('material property','density of part',#6403);
#3661=AXIS2_PLACEMENT_3D('',#5203,#4074,#4075);
#3662=AXIS2_PLACEMENT_3D('',#5204,#4076,#4077);
#3663=AXIS2_PLACEMENT_3D('',#5207,#4078,#4079);
#3664=AXIS2_PLACEMENT_3D('',#5211,#4081,#4082);
#3665=AXIS2_PLACEMENT_3D('',#5213,#4084,#4085);
#3666=AXIS2_PLACEMENT_3D('',#5219,#4089,#4090);
#3667=AXIS2_PLACEMENT_3D('',#5222,#4091,#4092);
#3668=AXIS2_PLACEMENT_3D('',#5226,#4094,#4095);
#3669=AXIS2_PLACEMENT_3D('',#5228,#4097,#4098);
#3670=AXIS2_PLACEMENT_3D('',#5231,#4101,#4102);
#3671=AXIS2_PLACEMENT_3D('',#5233,#4103,#4104);
#3672=AXIS2_PLACEMENT_3D('',#5236,#4106,#4107);
#3673=AXIS2_PLACEMENT_3D('',#5237,#4108,#4109);
#3674=AXIS2_PLACEMENT_3D('',#5243,#4113,#4114);
#3675=AXIS2_PLACEMENT_3D('',#5245,#4115,#4116);
#3676=AXIS2_PLACEMENT_3D('',#5248,#4118,#4119);
#3677=AXIS2_PLACEMENT_3D('',#5249,#4120,#4121);
#3678=AXIS2_PLACEMENT_3D('',#5252,#4124,#4125);
#3679=AXIS2_PLACEMENT_3D('',#5254,#4126,#4127);
#3680=AXIS2_PLACEMENT_3D('',#5255,#4128,#4129);
#3681=AXIS2_PLACEMENT_3D('',#5257,#4130,#4131);
#3682=AXIS2_PLACEMENT_3D('',#5258,#4132,#4133);
#3683=AXIS2_PLACEMENT_3D('',#5260,#4134,#4135);
#3684=AXIS2_PLACEMENT_3D('',#5261,#4136,#4137);
#3685=AXIS2_PLACEMENT_3D('',#5263,#4138,#4139);
#3686=AXIS2_PLACEMENT_3D('',#5264,#4140,#4141);
#3687=AXIS2_PLACEMENT_3D('',#5266,#4142,#4143);
#3688=AXIS2_PLACEMENT_3D('',#5267,#4144,#4145);
#3689=AXIS2_PLACEMENT_3D('',#5269,#4146,#4147);
#3690=AXIS2_PLACEMENT_3D('',#5270,#4148,#4149);
#3691=AXIS2_PLACEMENT_3D('',#5272,#4150,#4151);
#3692=AXIS2_PLACEMENT_3D('',#5273,#4152,#4153);
#3693=AXIS2_PLACEMENT_3D('',#5275,#4154,#4155);
#3694=AXIS2_PLACEMENT_3D('',#5276,#4156,#4157);
#3695=AXIS2_PLACEMENT_3D('',#5278,#4158,#4159);
#3696=AXIS2_PLACEMENT_3D('',#5279,#4160,#4161);
#3697=AXIS2_PLACEMENT_3D('',#5281,#4162,#4163);
#3698=AXIS2_PLACEMENT_3D('',#5282,#4164,#4165);
#3699=AXIS2_PLACEMENT_3D('',#5284,#4166,#4167);
#3700=AXIS2_PLACEMENT_3D('',#5285,#4168,#4169);
#3701=AXIS2_PLACEMENT_3D('',#5287,#4170,#4171);
#3702=AXIS2_PLACEMENT_3D('',#5288,#4172,#4173);
#3703=AXIS2_PLACEMENT_3D('',#5290,#4174,#4175);
#3704=AXIS2_PLACEMENT_3D('',#5318,#4176,#4177);
#3705=AXIS2_PLACEMENT_3D('',#5326,#4178,#4179);
#3706=AXIS2_PLACEMENT_3D('',#5364,#4180,#4181);
#3707=AXIS2_PLACEMENT_3D('',#5370,#4182,#4183);
#3708=AXIS2_PLACEMENT_3D('',#5372,#4184,#4185);
#3709=AXIS2_PLACEMENT_3D('',#5374,#4187,#4188);
#3710=AXIS2_PLACEMENT_3D('',#5376,#4189,#4190);
#3711=AXIS2_PLACEMENT_3D('',#5378,#4192,#4193);
#3712=AXIS2_PLACEMENT_3D('',#5380,#4194,#4195);
#3713=AXIS2_PLACEMENT_3D('',#5382,#4197,#4198);
#3714=AXIS2_PLACEMENT_3D('',#5384,#4199,#4200);
#3715=AXIS2_PLACEMENT_3D('',#5386,#4202,#4203);
#3716=AXIS2_PLACEMENT_3D('',#5388,#4204,#4205);
#3717=AXIS2_PLACEMENT_3D('',#5390,#4207,#4208);
#3718=AXIS2_PLACEMENT_3D('',#5392,#4209,#4210);
#3719=AXIS2_PLACEMENT_3D('',#5394,#4212,#4213);
#3720=AXIS2_PLACEMENT_3D('',#5396,#4214,#4215);
#3721=AXIS2_PLACEMENT_3D('',#5398,#4217,#4218);
#3722=AXIS2_PLACEMENT_3D('',#5400,#4219,#4220);
#3723=AXIS2_PLACEMENT_3D('',#5402,#4222,#4223);
#3724=AXIS2_PLACEMENT_3D('',#5404,#4224,#4225);
#3725=AXIS2_PLACEMENT_3D('',#5406,#4227,#4228);
#3726=AXIS2_PLACEMENT_3D('',#5408,#4229,#4230);
#3727=AXIS2_PLACEMENT_3D('',#5410,#4232,#4233);
#3728=AXIS2_PLACEMENT_3D('',#5412,#4234,#4235);
#3729=AXIS2_PLACEMENT_3D('',#5414,#4237,#4238);
#3730=AXIS2_PLACEMENT_3D('',#5416,#4239,#4240);
#3731=AXIS2_PLACEMENT_3D('',#5418,#4242,#4243);
#3732=AXIS2_PLACEMENT_3D('',#5421,#4244,#4245);
#3733=AXIS2_PLACEMENT_3D('',#5425,#4247,#4248);
#3734=AXIS2_PLACEMENT_3D('',#5427,#4250,#4251);
#3735=AXIS2_PLACEMENT_3D('',#5433,#4255,#4256);
#3736=AXIS2_PLACEMENT_3D('',#5435,#4257,#4258);
#3737=AXIS2_PLACEMENT_3D('',#5438,#4260,#4261);
#3738=AXIS2_PLACEMENT_3D('',#5439,#4262,#4263);
#3739=AXIS2_PLACEMENT_3D('',#5448,#4268,#4269);
#3740=AXIS2_PLACEMENT_3D('',#5450,#4270,#4271);
#3741=AXIS2_PLACEMENT_3D('',#5452,#4273,#4274);
#3742=AXIS2_PLACEMENT_3D('',#5453,#4275,#4276);
#3743=AXIS2_PLACEMENT_3D('',#5456,#4279,#4280);
#3744=AXIS2_PLACEMENT_3D('',#5458,#4281,#4282);
#3745=AXIS2_PLACEMENT_3D('',#5461,#4284,#4285);
#3746=AXIS2_PLACEMENT_3D('',#5462,#4286,#4287);
#3747=AXIS2_PLACEMENT_3D('',#5464,#4288,#4289);
#3748=AXIS2_PLACEMENT_3D('',#5467,#4291,#4292);
#3749=AXIS2_PLACEMENT_3D('',#5468,#4293,#4294);
#3750=AXIS2_PLACEMENT_3D('',#5470,#4295,#4296);
#3751=AXIS2_PLACEMENT_3D('',#5473,#4298,#4299);
#3752=AXIS2_PLACEMENT_3D('',#5474,#4300,#4301);
#3753=AXIS2_PLACEMENT_3D('',#5476,#4302,#4303);
#3754=AXIS2_PLACEMENT_3D('',#5499,#4305,#4306);
#3755=AXIS2_PLACEMENT_3D('',#5500,#4307,#4308);
#3756=AXIS2_PLACEMENT_3D('',#5501,#4309,#4310);
#3757=AXIS2_PLACEMENT_3D('',#5503,#4311,#4312);
#3758=AXIS2_PLACEMENT_3D('',#5505,#4314,#4315);
#3759=AXIS2_PLACEMENT_3D('',#5507,#4316,#4317);
#3760=AXIS2_PLACEMENT_3D('',#5510,#4319,#4320);
#3761=AXIS2_PLACEMENT_3D('',#5511,#4321,#4322);
#3762=AXIS2_PLACEMENT_3D('',#5513,#4323,#4324);
#3763=AXIS2_PLACEMENT_3D('',#5514,#4325,#4326);
#3764=AXIS2_PLACEMENT_3D('',#5515,#4327,#4328);
#3765=AXIS2_PLACEMENT_3D('',#5518,#4330,#4331);
#3766=AXIS2_PLACEMENT_3D('',#5519,#4332,#4333);
#3767=AXIS2_PLACEMENT_3D('',#5521,#4334,#4335);
#3768=AXIS2_PLACEMENT_3D('',#5543,#4336,#4337);
#3769=AXIS2_PLACEMENT_3D('',#5548,#4338,#4339);
#3770=AXIS2_PLACEMENT_3D('',#5550,#4340,#4341);
#3771=AXIS2_PLACEMENT_3D('',#5551,#4342,#4343);
#3772=AXIS2_PLACEMENT_3D('',#5553,#4344,#4345);
#3773=AXIS2_PLACEMENT_3D('',#5554,#4346,#4347);
#3774=AXIS2_PLACEMENT_3D('',#5556,#4348,#4349);
#3775=AXIS2_PLACEMENT_3D('',#5557,#4350,#4351);
#3776=AXIS2_PLACEMENT_3D('',#5559,#4352,#4353);
#3777=AXIS2_PLACEMENT_3D('',#5560,#4354,#4355);
#3778=AXIS2_PLACEMENT_3D('',#5562,#4356,#4357);
#3779=AXIS2_PLACEMENT_3D('',#5563,#4358,#4359);
#3780=AXIS2_PLACEMENT_3D('',#5565,#4360,#4361);
#3781=AXIS2_PLACEMENT_3D('',#5566,#4362,#4363);
#3782=AXIS2_PLACEMENT_3D('',#5568,#4364,#4365);
#3783=AXIS2_PLACEMENT_3D('',#5569,#4366,#4367);
#3784=AXIS2_PLACEMENT_3D('',#5571,#4368,#4369);
#3785=AXIS2_PLACEMENT_3D('',#5572,#4370,#4371);
#3786=AXIS2_PLACEMENT_3D('',#5574,#4372,#4373);
#3787=AXIS2_PLACEMENT_3D('',#5575,#4374,#4375);
#3788=AXIS2_PLACEMENT_3D('',#5577,#4376,#4377);
#3789=AXIS2_PLACEMENT_3D('',#5578,#4378,#4379);
#3790=AXIS2_PLACEMENT_3D('',#5580,#4380,#4381);
#3791=AXIS2_PLACEMENT_3D('',#5581,#4382,#4383);
#3792=AXIS2_PLACEMENT_3D('',#5583,#4384,#4385);
#3793=AXIS2_PLACEMENT_3D('',#5584,#4386,#4387);
#3794=AXIS2_PLACEMENT_3D('',#5587,#4388,#4389);
#3795=AXIS2_PLACEMENT_3D('',#5588,#4390,#4391);
#3796=AXIS2_PLACEMENT_3D('',#5589,#4392,#4393);
#3797=AXIS2_PLACEMENT_3D('',#5590,#4394,#4395);
#3798=AXIS2_PLACEMENT_3D('',#5592,#4396,#4397);
#3799=AXIS2_PLACEMENT_3D('',#5594,#4399,#4400);
#3800=AXIS2_PLACEMENT_3D('',#5603,#4405,#4406);
#3801=AXIS2_PLACEMENT_3D('',#5609,#4410,#4411);
#3802=AXIS2_PLACEMENT_3D('',#5610,#4412,#4413);
#3803=AXIS2_PLACEMENT_3D('',#5612,#4414,#4415);
#3804=AXIS2_PLACEMENT_3D('',#5615,#4417,#4418);
#3805=AXIS2_PLACEMENT_3D('',#5616,#4419,#4420);
#3806=AXIS2_PLACEMENT_3D('',#5622,#4424,#4425);
#3807=AXIS2_PLACEMENT_3D('',#5624,#4426,#4427);
#3808=AXIS2_PLACEMENT_3D('',#5626,#4428,#4429);
#3809=AXIS2_PLACEMENT_3D('',#5628,#4431,#4432);
#3810=AXIS2_PLACEMENT_3D('',#5634,#4436,#4437);
#3811=AXIS2_PLACEMENT_3D('',#5637,#4438,#4439);
#3812=AXIS2_PLACEMENT_3D('',#5641,#4441,#4442);
#3813=AXIS2_PLACEMENT_3D('',#5645,#4444,#4445);
#3814=AXIS2_PLACEMENT_3D('',#5649,#4447,#4448);
#3815=AXIS2_PLACEMENT_3D('',#5651,#4450,#4451);
#3816=AXIS2_PLACEMENT_3D('',#5655,#4453,#4454);
#3817=AXIS2_PLACEMENT_3D('',#5657,#4456,#4457);
#3818=AXIS2_PLACEMENT_3D('',#5666,#4462,#4463);
#3819=AXIS2_PLACEMENT_3D('',#5670,#4465,#4466);
#3820=AXIS2_PLACEMENT_3D('',#5671,#4467,#4468);
#3821=AXIS2_PLACEMENT_3D('',#5672,#4469,#4470);
#3822=AXIS2_PLACEMENT_3D('',#5674,#4471,#4472);
#3823=AXIS2_PLACEMENT_3D('',#5676,#4473,#4474);
#3824=AXIS2_PLACEMENT_3D('',#5678,#4476,#4477);
#3825=AXIS2_PLACEMENT_3D('',#5682,#4479,#4480);
#3826=AXIS2_PLACEMENT_3D('',#5683,#4481,#4482);
#3827=AXIS2_PLACEMENT_3D('',#5684,#4483,#4484);
#3828=AXIS2_PLACEMENT_3D('',#5686,#4485,#4486);
#3829=AXIS2_PLACEMENT_3D('',#5688,#4487,#4488);
#3830=AXIS2_PLACEMENT_3D('',#5690,#4490,#4491);
#3831=AXIS2_PLACEMENT_3D('',#5694,#4493,#4494);
#3832=AXIS2_PLACEMENT_3D('',#5695,#4495,#4496);
#3833=AXIS2_PLACEMENT_3D('',#5696,#4497,#4498);
#3834=AXIS2_PLACEMENT_3D('',#5698,#4499,#4500);
#3835=AXIS2_PLACEMENT_3D('',#5700,#4501,#4502);
#3836=AXIS2_PLACEMENT_3D('',#5702,#4504,#4505);
#3837=AXIS2_PLACEMENT_3D('',#5706,#4507,#4508);
#3838=AXIS2_PLACEMENT_3D('',#5707,#4509,#4510);
#3839=AXIS2_PLACEMENT_3D('',#5708,#4511,#4512);
#3840=AXIS2_PLACEMENT_3D('',#5710,#4513,#4514);
#3841=AXIS2_PLACEMENT_3D('',#5712,#4515,#4516);
#3842=AXIS2_PLACEMENT_3D('',#5714,#4518,#4519);
#3843=AXIS2_PLACEMENT_3D('',#5718,#4521,#4522);
#3844=AXIS2_PLACEMENT_3D('',#5719,#4523,#4524);
#3845=AXIS2_PLACEMENT_3D('',#5720,#4525,#4526);
#3846=AXIS2_PLACEMENT_3D('',#5722,#4527,#4528);
#3847=AXIS2_PLACEMENT_3D('',#5724,#4529,#4530);
#3848=AXIS2_PLACEMENT_3D('',#5726,#4532,#4533);
#3849=AXIS2_PLACEMENT_3D('',#5728,#4534,#4535);
#3850=AXIS2_PLACEMENT_3D('',#5731,#4537,#4538);
#3851=AXIS2_PLACEMENT_3D('',#5732,#4539,#4540);
#3852=AXIS2_PLACEMENT_3D('',#5738,#4544,#4545);
#3853=AXIS2_PLACEMENT_3D('',#5741,#4546,#4547);
#3854=AXIS2_PLACEMENT_3D('',#5745,#4549,#4550);
#3855=AXIS2_PLACEMENT_3D('',#5749,#4552,#4553);
#3856=AXIS2_PLACEMENT_3D('',#5753,#4555,#4556);
#3857=AXIS2_PLACEMENT_3D('',#5755,#4558,#4559);
#3858=AXIS2_PLACEMENT_3D('',#5759,#4561,#4562);
#3859=AXIS2_PLACEMENT_3D('',#5761,#4564,#4565);
#3860=AXIS2_PLACEMENT_3D('',#5764,#4566,#4567);
#3861=AXIS2_PLACEMENT_3D('',#5765,#4568,#4569);
#3862=AXIS2_PLACEMENT_3D('',#5775,#4575,#4576);
#3863=AXIS2_PLACEMENT_3D('',#5777,#4578,#4579);
#3864=AXIS2_PLACEMENT_3D('',#5780,#4581,#4582);
#3865=AXIS2_PLACEMENT_3D('',#5781,#4583,#4584);
#3866=AXIS2_PLACEMENT_3D('',#5793,#4585,#4586);
#3867=AXIS2_PLACEMENT_3D('',#5794,#4587,#4588);
#3868=AXIS2_PLACEMENT_3D('',#5801,#4590,#4591);
#3869=AXIS2_PLACEMENT_3D('',#5804,#4592,#4593);
#3870=AXIS2_PLACEMENT_3D('',#5808,#4595,#4596);
#3871=AXIS2_PLACEMENT_3D('',#5812,#4598,#4599);
#3872=AXIS2_PLACEMENT_3D('',#5816,#4601,#4602);
#3873=AXIS2_PLACEMENT_3D('',#5818,#4604,#4605);
#3874=AXIS2_PLACEMENT_3D('',#5822,#4607,#4608);
#3875=AXIS2_PLACEMENT_3D('',#5824,#4610,#4611);
#3876=AXIS2_PLACEMENT_3D('',#5833,#4617,#4618);
#3877=AXIS2_PLACEMENT_3D('',#5836,#4619,#4620);
#3878=AXIS2_PLACEMENT_3D('',#5840,#4622,#4623);
#3879=AXIS2_PLACEMENT_3D('',#5842,#4625,#4626);
#3880=AXIS2_PLACEMENT_3D('',#5844,#4627,#4628);
#3881=AXIS2_PLACEMENT_3D('',#5846,#4629,#4630);
#3882=AXIS2_PLACEMENT_3D('',#5848,#4632,#4633);
#3883=AXIS2_PLACEMENT_3D('',#5850,#4634,#4635);
#3884=AXIS2_PLACEMENT_3D('',#5852,#4636,#4637);
#3885=AXIS2_PLACEMENT_3D('',#5854,#4639,#4640);
#3886=AXIS2_PLACEMENT_3D('',#5856,#4641,#4642);
#3887=AXIS2_PLACEMENT_3D('',#5858,#4643,#4644);
#3888=AXIS2_PLACEMENT_3D('',#5860,#4646,#4647);
#3889=AXIS2_PLACEMENT_3D('',#5862,#4648,#4649);
#3890=AXIS2_PLACEMENT_3D('',#5864,#4650,#4651);
#3891=AXIS2_PLACEMENT_3D('',#5866,#4653,#4654);
#3892=AXIS2_PLACEMENT_3D('',#5868,#4655,#4656);
#3893=AXIS2_PLACEMENT_3D('',#5870,#4657,#4658);
#3894=AXIS2_PLACEMENT_3D('',#5872,#4660,#4661);
#3895=AXIS2_PLACEMENT_3D('',#5875,#4664,#4665);
#3896=AXIS2_PLACEMENT_3D('',#5878,#4666,#4667);
#3897=AXIS2_PLACEMENT_3D('',#5882,#4669,#4670);
#3898=AXIS2_PLACEMENT_3D('',#5886,#4672,#4673);
#3899=AXIS2_PLACEMENT_3D('',#5890,#4675,#4676);
#3900=AXIS2_PLACEMENT_3D('',#5892,#4678,#4679);
#3901=AXIS2_PLACEMENT_3D('',#5895,#4680,#4681);
#3902=AXIS2_PLACEMENT_3D('',#5899,#4683,#4684);
#3903=AXIS2_PLACEMENT_3D('',#5901,#4686,#4687);
#3904=AXIS2_PLACEMENT_3D('',#5903,#4688,#4689);
#3905=AXIS2_PLACEMENT_3D('',#5906,#4691,#4692);
#3906=AXIS2_PLACEMENT_3D('',#5907,#4693,#4694);
#3907=AXIS2_PLACEMENT_3D('',#5909,#4695,#4696);
#3908=AXIS2_PLACEMENT_3D('',#5912,#4698,#4699);
#3909=AXIS2_PLACEMENT_3D('',#5913,#4700,#4701);
#3910=AXIS2_PLACEMENT_3D('',#5915,#4702,#4703);
#3911=AXIS2_PLACEMENT_3D('',#5918,#4705,#4706);
#3912=AXIS2_PLACEMENT_3D('',#5919,#4707,#4708);
#3913=AXIS2_PLACEMENT_3D('',#5921,#4709,#4710);
#3914=AXIS2_PLACEMENT_3D('',#5924,#4712,#4713);
#3915=AXIS2_PLACEMENT_3D('',#5925,#4714,#4715);
#3916=AXIS2_PLACEMENT_3D('',#5927,#4716,#4717);
#3917=AXIS2_PLACEMENT_3D('',#5930,#4719,#4720);
#3918=AXIS2_PLACEMENT_3D('',#5931,#4721,#4722);
#3919=AXIS2_PLACEMENT_3D('',#5937,#4726,#4727);
#3920=AXIS2_PLACEMENT_3D('',#5940,#4728,#4729);
#3921=AXIS2_PLACEMENT_3D('',#5944,#4731,#4732);
#3922=AXIS2_PLACEMENT_3D('',#5961,#4742,#4743);
#3923=AXIS2_PLACEMENT_3D('',#5965,#4745,#4746);
#3924=AXIS2_PLACEMENT_3D('',#5967,#4748,#4749);
#3925=AXIS2_PLACEMENT_3D('',#5970,#4752,#4753);
#3926=AXIS2_PLACEMENT_3D('',#5973,#4754,#4755);
#3927=AXIS2_PLACEMENT_3D('',#5977,#4757,#4758);
#3928=AXIS2_PLACEMENT_3D('',#5981,#4760,#4761);
#3929=AXIS2_PLACEMENT_3D('',#5985,#4763,#4764);
#3930=AXIS2_PLACEMENT_3D('',#5988,#4766,#4767);
#3931=AXIS2_PLACEMENT_3D('',#5989,#4768,#4769);
#3932=AXIS2_PLACEMENT_3D('',#5992,#4770,#4771);
#3933=AXIS2_PLACEMENT_3D('',#5996,#4773,#4774);
#3934=AXIS2_PLACEMENT_3D('',#6000,#4776,#4777);
#3935=AXIS2_PLACEMENT_3D('',#6004,#4779,#4780);
#3936=AXIS2_PLACEMENT_3D('',#6007,#4782,#4783);
#3937=AXIS2_PLACEMENT_3D('',#6008,#4784,#4785);
#3938=AXIS2_PLACEMENT_3D('',#6012,#4787,#4788);
#3939=AXIS2_PLACEMENT_3D('',#6013,#4789,#4790);
#3940=AXIS2_PLACEMENT_3D('',#6019,#4794,#4795);
#3941=AXIS2_PLACEMENT_3D('',#6023,#4798,#4799);
#3942=AXIS2_PLACEMENT_3D('',#6027,#4802,#4803);
#3943=AXIS2_PLACEMENT_3D('',#6031,#4806,#4807);
#3944=AXIS2_PLACEMENT_3D('',#6035,#4810,#4811);
#3945=AXIS2_PLACEMENT_3D('',#6039,#4814,#4815);
#3946=AXIS2_PLACEMENT_3D('',#6043,#4818,#4819);
#3947=AXIS2_PLACEMENT_3D('',#6047,#4821,#4822);
#3948=AXIS2_PLACEMENT_3D('',#6049,#4824,#4825);
#3949=AXIS2_PLACEMENT_3D('',#6055,#4829,#4830);
#3950=AXIS2_PLACEMENT_3D('',#6059,#4833,#4834);
#3951=AXIS2_PLACEMENT_3D('',#6060,#4835,#4836);
#3952=AXIS2_PLACEMENT_3D('',#6061,#4837,#4838);
#3953=AXIS2_PLACEMENT_3D('',#6063,#4839,#4840);
#3954=AXIS2_PLACEMENT_3D('',#6065,#4842,#4843);
#3955=AXIS2_PLACEMENT_3D('',#6067,#4844,#4845);
#3956=AXIS2_PLACEMENT_3D('',#6069,#4847,#4848);
#3957=AXIS2_PLACEMENT_3D('',#6071,#4849,#4850);
#3958=AXIS2_PLACEMENT_3D('',#6073,#4852,#4853);
#3959=AXIS2_PLACEMENT_3D('',#6075,#4854,#4855);
#3960=AXIS2_PLACEMENT_3D('',#6077,#4857,#4858);
#3961=AXIS2_PLACEMENT_3D('',#6079,#4859,#4860);
#3962=AXIS2_PLACEMENT_3D('',#6081,#4862,#4863);
#3963=AXIS2_PLACEMENT_3D('',#6083,#4864,#4865);
#3964=AXIS2_PLACEMENT_3D('',#6085,#4867,#4868);
#3965=AXIS2_PLACEMENT_3D('',#6087,#4869,#4870);
#3966=AXIS2_PLACEMENT_3D('',#6089,#4872,#4873);
#3967=AXIS2_PLACEMENT_3D('',#6091,#4874,#4875);
#3968=AXIS2_PLACEMENT_3D('',#6093,#4877,#4878);
#3969=AXIS2_PLACEMENT_3D('',#6095,#4879,#4880);
#3970=AXIS2_PLACEMENT_3D('',#6097,#4882,#4883);
#3971=AXIS2_PLACEMENT_3D('',#6099,#4884,#4885);
#3972=AXIS2_PLACEMENT_3D('',#6101,#4887,#4888);
#3973=AXIS2_PLACEMENT_3D('',#6103,#4889,#4890);
#3974=AXIS2_PLACEMENT_3D('',#6105,#4892,#4893);
#3975=AXIS2_PLACEMENT_3D('',#6107,#4894,#4895);
#3976=AXIS2_PLACEMENT_3D('',#6109,#4897,#4898);
#3977=AXIS2_PLACEMENT_3D('',#6115,#4902,#4903);
#3978=AXIS2_PLACEMENT_3D('',#6117,#4904,#4905);
#3979=AXIS2_PLACEMENT_3D('',#6119,#4907,#4908);
#3980=AXIS2_PLACEMENT_3D('',#6123,#4911,#4912);
#3981=AXIS2_PLACEMENT_3D('',#6125,#4913,#4914);
#3982=AXIS2_PLACEMENT_3D('',#6127,#4916,#4917);
#3983=AXIS2_PLACEMENT_3D('',#6131,#4920,#4921);
#3984=AXIS2_PLACEMENT_3D('',#6133,#4922,#4923);
#3985=AXIS2_PLACEMENT_3D('',#6135,#4925,#4926);
#3986=AXIS2_PLACEMENT_3D('',#6139,#4929,#4930);
#3987=AXIS2_PLACEMENT_3D('',#6141,#4931,#4932);
#3988=AXIS2_PLACEMENT_3D('',#6143,#4934,#4935);
#3989=AXIS2_PLACEMENT_3D('',#6146,#4936,#4937);
#3990=AXIS2_PLACEMENT_3D('',#6149,#4940,#4941);
#3991=AXIS2_PLACEMENT_3D('',#6153,#4944,#4945);
#3992=AXIS2_PLACEMENT_3D('',#6155,#4946,#4947);
#3993=AXIS2_PLACEMENT_3D('',#6157,#4949,#4950);
#3994=AXIS2_PLACEMENT_3D('',#6161,#4953,#4954);
#3995=AXIS2_PLACEMENT_3D('',#6163,#4955,#4956);
#3996=AXIS2_PLACEMENT_3D('',#6165,#4958,#4959);
#3997=AXIS2_PLACEMENT_3D('',#6168,#4960,#4961);
#3998=AXIS2_PLACEMENT_3D('',#6171,#4964,#4965);
#3999=AXIS2_PLACEMENT_3D('',#6175,#4968,#4969);
#4000=AXIS2_PLACEMENT_3D('',#6177,#4970,#4971);
#4001=AXIS2_PLACEMENT_3D('',#6179,#4973,#4974);
#4002=AXIS2_PLACEMENT_3D('',#6183,#4977,#4978);
#4003=AXIS2_PLACEMENT_3D('',#6185,#4979,#4980);
#4004=AXIS2_PLACEMENT_3D('',#6187,#4982,#4983);
#4005=AXIS2_PLACEMENT_3D('',#6190,#4984,#4985);
#4006=AXIS2_PLACEMENT_3D('',#6193,#4988,#4989);
#4007=AXIS2_PLACEMENT_3D('',#6197,#4992,#4993);
#4008=AXIS2_PLACEMENT_3D('',#6199,#4994,#4995);
#4009=AXIS2_PLACEMENT_3D('',#6201,#4997,#4998);
#4010=AXIS2_PLACEMENT_3D('',#6205,#5001,#5002);
#4011=AXIS2_PLACEMENT_3D('',#6207,#5003,#5004);
#4012=AXIS2_PLACEMENT_3D('',#6209,#5006,#5007);
#4013=AXIS2_PLACEMENT_3D('',#6213,#5010,#5011);
#4014=AXIS2_PLACEMENT_3D('',#6215,#5012,#5013);
#4015=AXIS2_PLACEMENT_3D('',#6217,#5015,#5016);
#4016=AXIS2_PLACEMENT_3D('',#6221,#5019,#5020);
#4017=AXIS2_PLACEMENT_3D('',#6223,#5021,#5022);
#4018=AXIS2_PLACEMENT_3D('',#6225,#5024,#5025);
#4019=AXIS2_PLACEMENT_3D('',#6229,#5028,#5029);
#4020=AXIS2_PLACEMENT_3D('',#6231,#5030,#5031);
#4021=AXIS2_PLACEMENT_3D('',#6233,#5033,#5034);
#4022=AXIS2_PLACEMENT_3D('',#6237,#5037,#5038);
#4023=AXIS2_PLACEMENT_3D('',#6239,#5039,#5040);
#4024=AXIS2_PLACEMENT_3D('',#6241,#5042,#5043);
#4025=AXIS2_PLACEMENT_3D('',#6245,#5046,#5047);
#4026=AXIS2_PLACEMENT_3D('',#6247,#5048,#5049);
#4027=AXIS2_PLACEMENT_3D('',#6249,#5051,#5052);
#4028=AXIS2_PLACEMENT_3D('',#6253,#5055,#5056);
#4029=AXIS2_PLACEMENT_3D('',#6255,#5057,#5058);
#4030=AXIS2_PLACEMENT_3D('',#6257,#5060,#5061);
#4031=AXIS2_PLACEMENT_3D('',#6261,#5064,#5065);
#4032=AXIS2_PLACEMENT_3D('',#6263,#5066,#5067);
#4033=AXIS2_PLACEMENT_3D('',#6265,#5069,#5070);
#4034=AXIS2_PLACEMENT_3D('',#6269,#5073,#5074);
#4035=AXIS2_PLACEMENT_3D('',#6271,#5075,#5076);
#4036=AXIS2_PLACEMENT_3D('',#6273,#5078,#5079);
#4037=AXIS2_PLACEMENT_3D('',#6277,#5082,#5083);
#4038=AXIS2_PLACEMENT_3D('',#6279,#5084,#5085);
#4039=AXIS2_PLACEMENT_3D('',#6281,#5087,#5088);
#4040=AXIS2_PLACEMENT_3D('',#6285,#5091,#5092);
#4041=AXIS2_PLACEMENT_3D('',#6287,#5093,#5094);
#4042=AXIS2_PLACEMENT_3D('',#6289,#5096,#5097);
#4043=AXIS2_PLACEMENT_3D('',#6293,#5100,#5101);
#4044=AXIS2_PLACEMENT_3D('',#6294,#5102,#5103);
#4045=AXIS2_PLACEMENT_3D('',#6295,#5104,#5105);
#4046=AXIS2_PLACEMENT_3D('',#6303,#5110,#5111);
#4047=AXIS2_PLACEMENT_3D('',#6305,#5112,#5113);
#4048=AXIS2_PLACEMENT_3D('',#6307,#5115,#5116);
#4049=AXIS2_PLACEMENT_3D('',#6312,#5120,#5121);
#4050=AXIS2_PLACEMENT_3D('',#6316,#5124,#5125);
#4051=AXIS2_PLACEMENT_3D('',#6322,#5129,#5130);
#4052=AXIS2_PLACEMENT_3D('',#6330,#5135,#5136);
#4053=AXIS2_PLACEMENT_3D('',#6334,#5139,#5140);
#4054=AXIS2_PLACEMENT_3D('',#6339,#5144,#5145);
#4055=AXIS2_PLACEMENT_3D('',#6341,#5146,#5147);
#4056=AXIS2_PLACEMENT_3D('',#6343,#5149,#5150);
#4057=AXIS2_PLACEMENT_3D('',#6345,#5151,#5152);
#4058=AXIS2_PLACEMENT_3D('',#6347,#5154,#5155);
#4059=AXIS2_PLACEMENT_3D('',#6349,#5156,#5157);
#4060=AXIS2_PLACEMENT_3D('',#6351,#5159,#5160);
#4061=AXIS2_PLACEMENT_3D('',#6357,#5164,#5165);
#4062=AXIS2_PLACEMENT_3D('',#6364,#5170,#5171);
#4063=AXIS2_PLACEMENT_3D('',#6368,#5174,#5175);
#4064=AXIS2_PLACEMENT_3D('',#6372,#5178,#5179);
#4065=AXIS2_PLACEMENT_3D('',#6374,#5180,#5181);
#4066=AXIS2_PLACEMENT_3D('',#6377,#5183,#5184);
#4067=AXIS2_PLACEMENT_3D('',#6378,#5185,#5186);
#4068=AXIS2_PLACEMENT_3D('',#6380,#5187,#5188);
#4069=AXIS2_PLACEMENT_3D('',#6382,#5190,#5191);
#4070=AXIS2_PLACEMENT_3D('',#6386,#5194,#5195);
#4071=AXIS2_PLACEMENT_3D('',#6387,#5196,#5197);
#4072=AXIS2_PLACEMENT_3D('',#6389,#5199,#5200);
#4073=AXIS2_PLACEMENT_3D('',#6390,#5201,#5202);
#4074=DIRECTION('axis',(0.,0.,1.));
#4075=DIRECTION('refdir',(1.,0.,0.));
#4076=DIRECTION('center_axis',(0.,1.,0.));
#4077=DIRECTION('ref_axis',(0.707106781186546,0.,-0.707106781186549));
#4078=DIRECTION('center_axis',(0.,-1.,0.));
#4079=DIRECTION('ref_axis',(0.707106781186546,0.,-0.707106781186549));
#4080=DIRECTION('',(0.,1.,0.));
#4081=DIRECTION('center_axis',(0.,1.,0.));
#4082=DIRECTION('ref_axis',(0.707106781186546,0.,-0.707106781186549));
#4083=DIRECTION('',(0.,-1.,0.));
#4084=DIRECTION('center_axis',(1.,0.,0.));
#4085=DIRECTION('ref_axis',(0.,0.,-1.));
#4086=DIRECTION('',(0.,0.,-1.));
#4087=DIRECTION('',(0.,-1.,0.));
#4088=DIRECTION('',(0.,0.,1.));
#4089=DIRECTION('center_axis',(0.,1.,0.));
#4090=DIRECTION('ref_axis',(-0.707106781186546,0.,-0.707106781186549));
#4091=DIRECTION('center_axis',(0.,-1.,0.));
#4092=DIRECTION('ref_axis',(-0.707106781186546,0.,-0.707106781186549));
#4093=DIRECTION('',(0.,1.,0.));
#4094=DIRECTION('center_axis',(0.,1.,0.));
#4095=DIRECTION('ref_axis',(-0.707106781186546,0.,-0.707106781186549));
#4096=DIRECTION('',(0.,-1.,0.));
#4097=DIRECTION('center_axis',(-1.85037170770859E-17,0.,-1.));
#4098=DIRECTION('ref_axis',(-1.,0.,1.85037170770859E-17));
#4099=DIRECTION('',(1.,0.,-1.85037170770859E-17));
#4100=DIRECTION('',(-1.,0.,1.85037170770859E-17));
#4101=DIRECTION('center_axis',(0.,1.,0.));
#4102=DIRECTION('ref_axis',(0.707106781186546,0.,0.707106781186549));
#4103=DIRECTION('center_axis',(0.,-1.,0.));
#4104=DIRECTION('ref_axis',(0.707106781186546,0.,0.707106781186549));
#4105=DIRECTION('',(0.,1.,0.));
#4106=DIRECTION('center_axis',(0.,1.,0.));
#4107=DIRECTION('ref_axis',(0.707106781186546,0.,0.707106781186549));
#4108=DIRECTION('center_axis',(0.,0.,1.));
#4109=DIRECTION('ref_axis',(1.,0.,0.));
#4110=DIRECTION('',(1.,0.,0.));
#4111=DIRECTION('',(0.,-1.,0.));
#4112=DIRECTION('',(-1.,0.,0.));
#4113=DIRECTION('center_axis',(0.,1.,0.));
#4114=DIRECTION('ref_axis',(-0.707106781186546,0.,0.707106781186549));
#4115=DIRECTION('center_axis',(0.,-1.,0.));
#4116=DIRECTION('ref_axis',(-0.707106781186546,0.,0.707106781186549));
#4117=DIRECTION('',(0.,1.,0.));
#4118=DIRECTION('center_axis',(0.,1.,0.));
#4119=DIRECTION('ref_axis',(-0.707106781186546,0.,0.707106781186549));
#4120=DIRECTION('center_axis',(-1.,0.,0.));
#4121=DIRECTION('ref_axis',(0.,0.,1.));
#4122=DIRECTION('',(0.,0.,-1.));
#4123=DIRECTION('',(0.,0.,1.));
#4124=DIRECTION('center_axis',(0.,0.,-1.));
#4125=DIRECTION('ref_axis',(1.,0.,0.));
#4126=DIRECTION('center_axis',(0.,0.,-1.));
#4127=DIRECTION('ref_axis',(1.,0.,0.));
#4128=DIRECTION('center_axis',(0.,0.,-1.));
#4129=DIRECTION('ref_axis',(1.,0.,0.));
#4130=DIRECTION('center_axis',(0.,0.,-1.));
#4131=DIRECTION('ref_axis',(1.,0.,0.));
#4132=DIRECTION('center_axis',(0.,0.,-1.));
#4133=DIRECTION('ref_axis',(1.,0.,0.));
#4134=DIRECTION('center_axis',(0.,0.,-1.));
#4135=DIRECTION('ref_axis',(1.,0.,0.));
#4136=DIRECTION('center_axis',(0.,0.,-1.));
#4137=DIRECTION('ref_axis',(1.,0.,0.));
#4138=DIRECTION('center_axis',(0.,0.,-1.));
#4139=DIRECTION('ref_axis',(1.,0.,0.));
#4140=DIRECTION('center_axis',(0.,0.,-1.));
#4141=DIRECTION('ref_axis',(1.,0.,0.));
#4142=DIRECTION('center_axis',(0.,0.,-1.));
#4143=DIRECTION('ref_axis',(1.,0.,0.));
#4144=DIRECTION('center_axis',(0.,0.,-1.));
#4145=DIRECTION('ref_axis',(1.,0.,0.));
#4146=DIRECTION('center_axis',(0.,0.,-1.));
#4147=DIRECTION('ref_axis',(1.,0.,0.));
#4148=DIRECTION('center_axis',(0.,0.,-1.));
#4149=DIRECTION('ref_axis',(1.,0.,0.));
#4150=DIRECTION('center_axis',(0.,0.,-1.));
#4151=DIRECTION('ref_axis',(1.,0.,0.));
#4152=DIRECTION('center_axis',(0.,0.,-1.));
#4153=DIRECTION('ref_axis',(1.,0.,0.));
#4154=DIRECTION('center_axis',(0.,0.,-1.));
#4155=DIRECTION('ref_axis',(1.,0.,0.));
#4156=DIRECTION('center_axis',(0.,0.,-1.));
#4157=DIRECTION('ref_axis',(1.,0.,0.));
#4158=DIRECTION('center_axis',(0.,0.,-1.));
#4159=DIRECTION('ref_axis',(1.,0.,0.));
#4160=DIRECTION('center_axis',(0.,0.,-1.));
#4161=DIRECTION('ref_axis',(1.,0.,0.));
#4162=DIRECTION('center_axis',(0.,0.,-1.));
#4163=DIRECTION('ref_axis',(1.,0.,0.));
#4164=DIRECTION('center_axis',(0.,0.,-1.));
#4165=DIRECTION('ref_axis',(1.,0.,0.));
#4166=DIRECTION('center_axis',(0.,0.,-1.));
#4167=DIRECTION('ref_axis',(1.,0.,0.));
#4168=DIRECTION('center_axis',(0.,0.,-1.));
#4169=DIRECTION('ref_axis',(1.,0.,0.));
#4170=DIRECTION('center_axis',(0.,0.,-1.));
#4171=DIRECTION('ref_axis',(1.,0.,0.));
#4172=DIRECTION('center_axis',(0.,0.,-1.));
#4173=DIRECTION('ref_axis',(1.,0.,0.));
#4174=DIRECTION('center_axis',(0.,0.,-1.));
#4175=DIRECTION('ref_axis',(1.,0.,0.));
#4176=DIRECTION('center_axis',(-0.999994690029918,0.00325882064074237,0.));
#4177=DIRECTION('ref_axis',(0.00230433417373944,0.707103026470693,-0.707106781186549));
#4178=DIRECTION('center_axis',(-0.848433170520503,-0.137200665410562,0.511211436268229));
#4179=DIRECTION('ref_axis',(-0.311946666871519,0.909874644960864,-0.27352770880679));
#4180=DIRECTION('center_axis',(-0.474834355735487,-0.474834355730566,0.74098898050592));
#4181=DIRECTION('ref_axis',(-0.707106781183999,0.707106781189097,-1.42941214420489E-12));
#4182=DIRECTION('center_axis',(0.,0.,-1.));
#4183=DIRECTION('ref_axis',(1.,0.,0.));
#4184=DIRECTION('center_axis',(0.,0.,-1.));
#4185=DIRECTION('ref_axis',(1.,0.,0.));
#4186=DIRECTION('',(0.,0.,-1.));
#4187=DIRECTION('center_axis',(0.,0.,-1.));
#4188=DIRECTION('ref_axis',(1.,0.,0.));
#4189=DIRECTION('center_axis',(0.,0.,-1.));
#4190=DIRECTION('ref_axis',(1.,0.,0.));
#4191=DIRECTION('',(0.,0.,-1.));
#4192=DIRECTION('center_axis',(0.,0.,-1.));
#4193=DIRECTION('ref_axis',(1.,0.,0.));
#4194=DIRECTION('center_axis',(0.,0.,-1.));
#4195=DIRECTION('ref_axis',(1.,0.,0.));
#4196=DIRECTION('',(0.,0.,-1.));
#4197=DIRECTION('center_axis',(0.,0.,-1.));
#4198=DIRECTION('ref_axis',(1.,0.,0.));
#4199=DIRECTION('center_axis',(0.,0.,-1.));
#4200=DIRECTION('ref_axis',(1.,0.,0.));
#4201=DIRECTION('',(0.,0.,-1.));
#4202=DIRECTION('center_axis',(0.,0.,-1.));
#4203=DIRECTION('ref_axis',(1.,0.,0.));
#4204=DIRECTION('center_axis',(0.,0.,-1.));
#4205=DIRECTION('ref_axis',(1.,0.,0.));
#4206=DIRECTION('',(0.,0.,-1.));
#4207=DIRECTION('center_axis',(0.,0.,-1.));
#4208=DIRECTION('ref_axis',(1.,0.,0.));
#4209=DIRECTION('center_axis',(0.,0.,-1.));
#4210=DIRECTION('ref_axis',(1.,0.,0.));
#4211=DIRECTION('',(0.,0.,-1.));
#4212=DIRECTION('center_axis',(0.,0.,-1.));
#4213=DIRECTION('ref_axis',(1.,0.,0.));
#4214=DIRECTION('center_axis',(0.,0.,-1.));
#4215=DIRECTION('ref_axis',(1.,0.,0.));
#4216=DIRECTION('',(0.,0.,-1.));
#4217=DIRECTION('center_axis',(0.,0.,-1.));
#4218=DIRECTION('ref_axis',(1.,0.,0.));
#4219=DIRECTION('center_axis',(0.,0.,-1.));
#4220=DIRECTION('ref_axis',(1.,0.,0.));
#4221=DIRECTION('',(0.,0.,-1.));
#4222=DIRECTION('center_axis',(0.,0.,-1.));
#4223=DIRECTION('ref_axis',(1.,0.,0.));
#4224=DIRECTION('center_axis',(0.,0.,-1.));
#4225=DIRECTION('ref_axis',(1.,0.,0.));
#4226=DIRECTION('',(0.,0.,-1.));
#4227=DIRECTION('center_axis',(0.,0.,-1.));
#4228=DIRECTION('ref_axis',(1.,0.,0.));
#4229=DIRECTION('center_axis',(0.,0.,-1.));
#4230=DIRECTION('ref_axis',(1.,0.,0.));
#4231=DIRECTION('',(0.,0.,-1.));
#4232=DIRECTION('center_axis',(0.,0.,-1.));
#4233=DIRECTION('ref_axis',(1.,0.,0.));
#4234=DIRECTION('center_axis',(0.,0.,-1.));
#4235=DIRECTION('ref_axis',(1.,0.,0.));
#4236=DIRECTION('',(0.,0.,-1.));
#4237=DIRECTION('center_axis',(0.,0.,-1.));
#4238=DIRECTION('ref_axis',(1.,0.,0.));
#4239=DIRECTION('center_axis',(0.,0.,-1.));
#4240=DIRECTION('ref_axis',(1.,0.,0.));
#4241=DIRECTION('',(0.,0.,-1.));
#4242=DIRECTION('center_axis',(-0.999994690029918,0.00325882064074208,0.));
#4243=DIRECTION('ref_axis',(-0.00230433417373419,-0.707103026470694,-0.707106781186548));
#4244=DIRECTION('center_axis',(0.999994690029918,-0.00325882064074356,0.));
#4245=DIRECTION('ref_axis',(0.,0.,-1.));
#4246=DIRECTION('',(0.999994690029918,-0.00325882064074208,0.));
#4247=DIRECTION('center_axis',(-0.999994690029918,0.00325882064074356,8.88173703499289E-15));
#4248=DIRECTION('ref_axis',(-0.00325882064074356,-0.999994690029918,0.));
#4249=DIRECTION('',(-0.999994690029918,0.00325882064074208,0.));
#4250=DIRECTION('center_axis',(-0.00325882064074208,-0.999994690029918,
0.));
#4251=DIRECTION('ref_axis',(-0.999994690029918,0.00325882064074208,0.));
#4252=DIRECTION('',(0.,0.,1.));
#4253=DIRECTION('',(0.,0.,-1.));
#4254=DIRECTION('',(-0.999994690029918,0.00325882064074208,0.));
#4255=DIRECTION('center_axis',(0.,0.,-1.));
#4256=DIRECTION('ref_axis',(-1.,0.,0.));
#4257=DIRECTION('center_axis',(0.,0.,-1.));
#4258=DIRECTION('ref_axis',(-1.,0.,0.));
#4259=DIRECTION('',(0.,0.,-1.));
#4260=DIRECTION('center_axis',(0.,0.,-1.));
#4261=DIRECTION('ref_axis',(-1.,0.,0.));
#4262=DIRECTION('center_axis',(0.00325882064074208,0.999994690029918,0.));
#4263=DIRECTION('ref_axis',(0.999994690029918,-0.00325882064074208,0.));
#4264=DIRECTION('',(0.,0.,1.));
#4265=DIRECTION('',(-0.999994690029918,0.00325882064074208,0.));
#4266=DIRECTION('',(0.,0.,-1.));
#4267=DIRECTION('',(0.999994690029918,-0.00325882064074208,0.));
#4268=DIRECTION('center_axis',(0.999994690029918,-0.00325882064074208,0.));
#4269=DIRECTION('ref_axis',(0.00230433417373418,0.707103026470697,-0.707106781186545));
#4270=DIRECTION('center_axis',(0.999994690029918,-0.00325882064074274,0.));
#4271=DIRECTION('ref_axis',(0.00230433417374,0.707103026470692,-0.70710678118655));
#4272=DIRECTION('',(0.999994690029918,-0.00325882064074208,0.));
#4273=DIRECTION('center_axis',(-0.446635116762052,0.894716196609265,3.97333808792262E-15));
#4274=DIRECTION('ref_axis',(0.894716196609265,0.446635116762052,0.));
#4275=DIRECTION('center_axis',(0.,0.,-1.));
#4276=DIRECTION('ref_axis',(-1.,0.,0.));
#4277=DIRECTION('',(0.00325882064074274,0.999994690029918,0.));
#4278=DIRECTION('',(-0.00325882064074237,-0.999994690029918,0.));
#4279=DIRECTION('center_axis',(0.,0.,-1.));
#4280=DIRECTION('ref_axis',(-1.,0.,0.));
#4281=DIRECTION('center_axis',(0.,0.,-1.));
#4282=DIRECTION('ref_axis',(-1.,0.,0.));
#4283=DIRECTION('',(0.,0.,-1.));
#4284=DIRECTION('center_axis',(0.,0.,-1.));
#4285=DIRECTION('ref_axis',(-1.,0.,0.));
#4286=DIRECTION('center_axis',(0.,0.,-1.));
#4287=DIRECTION('ref_axis',(-1.,0.,0.));
#4288=DIRECTION('center_axis',(0.,0.,-1.));
#4289=DIRECTION('ref_axis',(-1.,0.,0.));
#4290=DIRECTION('',(0.,0.,-1.));
#4291=DIRECTION('center_axis',(0.,0.,-1.));
#4292=DIRECTION('ref_axis',(-1.,0.,0.));
#4293=DIRECTION('center_axis',(0.,0.,-1.));
#4294=DIRECTION('ref_axis',(-1.,0.,0.));
#4295=DIRECTION('center_axis',(0.,0.,-1.));
#4296=DIRECTION('ref_axis',(-1.,0.,0.));
#4297=DIRECTION('',(0.,0.,-1.));
#4298=DIRECTION('center_axis',(0.,0.,-1.));
#4299=DIRECTION('ref_axis',(-1.,0.,0.));
#4300=DIRECTION('center_axis',(0.,0.,-1.));
#4301=DIRECTION('ref_axis',(1.,0.,0.));
#4302=DIRECTION('center_axis',(0.,0.,-1.));
#4303=DIRECTION('ref_axis',(1.,0.,0.));
#4304=DIRECTION('',(0.,0.,-1.));
#4305=DIRECTION('center_axis',(0.707106781186548,-0.707106781186548,0.));
#4306=DIRECTION('ref_axis',(0.707106781186547,0.707106781186547,4.92250241016258E-17));
#4307=DIRECTION('center_axis',(0.,0.,1.));
#4308=DIRECTION('ref_axis',(-0.00325882064074356,-0.999994690029918,0.));
#4309=DIRECTION('center_axis',(0.,0.,1.));
#4310=DIRECTION('ref_axis',(0.381177543511925,-0.92450185522919,0.));
#4311=DIRECTION('center_axis',(0.,0.,-1.));
#4312=DIRECTION('ref_axis',(0.381177543511925,-0.92450185522919,0.));
#4313=DIRECTION('',(0.,0.,1.));
#4314=DIRECTION('center_axis',(0.,0.,1.));
#4315=DIRECTION('ref_axis',(0.709407360644429,0.70479869229696,0.));
#4316=DIRECTION('center_axis',(0.,0.,-1.));
#4317=DIRECTION('ref_axis',(0.709407360644429,0.70479869229696,0.));
#4318=DIRECTION('',(0.,0.,-1.));
#4319=DIRECTION('center_axis',(0.,0.,1.));
#4320=DIRECTION('ref_axis',(0.999994690029918,-0.0032588206407436,0.));
#4321=DIRECTION('center_axis',(-0.999994690029918,0.00325882064074357,0.));
#4322=DIRECTION('ref_axis',(0.,0.,1.));
#4323=DIRECTION('center_axis',(0.999994690029918,-0.00325882064074237,0.));
#4324=DIRECTION('ref_axis',(-0.00230433417374046,-0.707103026470695,-0.707106781186547));
#4325=DIRECTION('center_axis',(0.00325882064074357,0.999994690029918,0.));
#4326=DIRECTION('ref_axis',(0.,0.,1.));
#4327=DIRECTION('center_axis',(-0.00325882064074237,-0.999994690029918,
0.));
#4328=DIRECTION('ref_axis',(0.707103026470694,-0.00230433417374675,0.707106781186548));
#4329=DIRECTION('',(0.00325882064074237,0.999994690029918,0.));
#4330=DIRECTION('center_axis',(-0.00325882064074357,-0.999994690029918,
-4.44086851749645E-15));
#4331=DIRECTION('ref_axis',(0.999994690029918,-0.00325882064074357,0.));
#4332=DIRECTION('center_axis',(0.999994690029918,-0.00325882064074237,0.));
#4333=DIRECTION('ref_axis',(0.,0.,-1.));
#4334=DIRECTION('center_axis',(0.999994690029918,-0.00325882064074237,0.));
#4335=DIRECTION('ref_axis',(0.00230433417373961,0.707103026470693,-0.707106781186549));
#4336=DIRECTION('center_axis',(0.,0.,1.));
#4337=DIRECTION('ref_axis',(-0.707106781186548,0.707106781186548,0.));
#4338=DIRECTION('center_axis',(0.,0.,-1.));
#4339=DIRECTION('ref_axis',(1.,0.,0.));
#4340=DIRECTION('center_axis',(0.,0.,-1.));
#4341=DIRECTION('ref_axis',(1.,0.,0.));
#4342=DIRECTION('center_axis',(0.,0.,-1.));
#4343=DIRECTION('ref_axis',(1.,0.,0.));
#4344=DIRECTION('center_axis',(0.,0.,-1.));
#4345=DIRECTION('ref_axis',(1.,0.,0.));
#4346=DIRECTION('center_axis',(0.,0.,-1.));
#4347=DIRECTION('ref_axis',(1.,0.,0.));
#4348=DIRECTION('center_axis',(0.,0.,-1.));
#4349=DIRECTION('ref_axis',(1.,0.,0.));
#4350=DIRECTION('center_axis',(0.,0.,-1.));
#4351=DIRECTION('ref_axis',(1.,0.,0.));
#4352=DIRECTION('center_axis',(0.,0.,-1.));
#4353=DIRECTION('ref_axis',(1.,0.,0.));
#4354=DIRECTION('center_axis',(0.,0.,-1.));
#4355=DIRECTION('ref_axis',(1.,0.,0.));
#4356=DIRECTION('center_axis',(0.,0.,-1.));
#4357=DIRECTION('ref_axis',(1.,0.,0.));
#4358=DIRECTION('center_axis',(0.,0.,-1.));
#4359=DIRECTION('ref_axis',(1.,0.,0.));
#4360=DIRECTION('center_axis',(0.,0.,-1.));
#4361=DIRECTION('ref_axis',(1.,0.,0.));
#4362=DIRECTION('center_axis',(0.,0.,-1.));
#4363=DIRECTION('ref_axis',(1.,0.,0.));
#4364=DIRECTION('center_axis',(0.,0.,-1.));
#4365=DIRECTION('ref_axis',(1.,0.,0.));
#4366=DIRECTION('center_axis',(0.,0.,-1.));
#4367=DIRECTION('ref_axis',(1.,0.,0.));
#4368=DIRECTION('center_axis',(0.,0.,-1.));
#4369=DIRECTION('ref_axis',(1.,0.,0.));
#4370=DIRECTION('center_axis',(0.,0.,-1.));
#4371=DIRECTION('ref_axis',(1.,0.,0.));
#4372=DIRECTION('center_axis',(0.,0.,-1.));
#4373=DIRECTION('ref_axis',(1.,0.,0.));
#4374=DIRECTION('center_axis',(0.,0.,-1.));
#4375=DIRECTION('ref_axis',(1.,0.,0.));
#4376=DIRECTION('center_axis',(0.,0.,-1.));
#4377=DIRECTION('ref_axis',(1.,0.,0.));
#4378=DIRECTION('center_axis',(0.,0.,-1.));
#4379=DIRECTION('ref_axis',(1.,0.,0.));
#4380=DIRECTION('center_axis',(0.,0.,-1.));
#4381=DIRECTION('ref_axis',(1.,0.,0.));
#4382=DIRECTION('center_axis',(0.,0.,-1.));
#4383=DIRECTION('ref_axis',(1.,0.,0.));
#4384=DIRECTION('center_axis',(0.,0.,-1.));
#4385=DIRECTION('ref_axis',(1.,0.,0.));
#4386=DIRECTION('center_axis',(-0.999994690029918,0.00325882064074355,0.));
#4387=DIRECTION('ref_axis',(0.,0.,1.));
#4388=DIRECTION('center_axis',(-0.999994690029918,0.00325882064074274,0.));
#4389=DIRECTION('ref_axis',(-0.00230433417374046,-0.707103026470695,-0.707106781186547));
#4390=DIRECTION('center_axis',(0.,0.,1.));
#4391=DIRECTION('ref_axis',(0.00325882064074357,0.999994690029918,0.));
#4392=DIRECTION('center_axis',(0.00325882064074355,0.999994690029918,0.));
#4393=DIRECTION('ref_axis',(-0.999994690029918,0.00325882064074355,0.));
#4394=DIRECTION('center_axis',(0.,0.,-1.));
#4395=DIRECTION('ref_axis',(-0.70479869229696,0.709407360644429,0.));
#4396=DIRECTION('center_axis',(0.,0.,-1.));
#4397=DIRECTION('ref_axis',(-0.70479869229696,0.709407360644429,0.));
#4398=DIRECTION('',(0.,0.,1.));
#4399=DIRECTION('center_axis',(0.86542578938204,0.501037127439148,0.));
#4400=DIRECTION('ref_axis',(0.501037127439148,-0.86542578938204,0.));
#4401=DIRECTION('',(-0.501037127439148,0.86542578938204,0.));
#4402=DIRECTION('',(0.,0.,-1.));
#4403=DIRECTION('',(0.501037127439148,-0.86542578938204,0.));
#4404=DIRECTION('',(0.,0.,1.));
#4405=DIRECTION('center_axis',(0.,0.,1.));
#4406=DIRECTION('ref_axis',(-1.,0.,0.));
#4407=DIRECTION('',(0.865425789382041,0.501037127439146,0.));
#4408=DIRECTION('',(0.00325882064074296,0.999994690029918,0.));
#4409=DIRECTION('',(-0.00325882064074274,-0.999994690029918,0.));
#4410=DIRECTION('center_axis',(0.,0.,1.));
#4411=DIRECTION('ref_axis',(0.865509734064708,-0.500892104388998,0.));
#4412=DIRECTION('center_axis',(0.501037127439148,-0.86542578938204,0.));
#4413=DIRECTION('ref_axis',(0.611948444285759,0.354286750438454,-0.707106781186548));
#4414=DIRECTION('center_axis',(-0.501037127439146,0.865425789382041,0.));
#4415=DIRECTION('ref_axis',(0.611948444285759,0.354286750438454,-0.707106781186548));
#4416=DIRECTION('',(0.501037127439148,-0.86542578938204,0.));
#4417=DIRECTION('center_axis',(0.501037127439147,-0.865425789382041,0.));
#4418=DIRECTION('ref_axis',(0.611948444285759,0.354286750438454,-0.707106781186548));
#4419=DIRECTION('center_axis',(0.,0.,-1.));
#4420=DIRECTION('ref_axis',(-1.,0.,0.));
#4421=DIRECTION('',(0.865425789382041,0.501037127439146,0.));
#4422=DIRECTION('',(-0.501037127439145,0.865425789382042,0.));
#4423=DIRECTION('',(-0.865425789382041,-0.501037127439146,0.));
#4424=DIRECTION('center_axis',(-0.501037127439145,0.865425789382042,0.));
#4425=DIRECTION('ref_axis',(-0.611948444285759,-0.354286750438454,-0.707106781186548));
#4426=DIRECTION('center_axis',(0.501037127439147,-0.865425789382041,0.));
#4427=DIRECTION('ref_axis',(-0.611948444285759,-0.354286750438454,-0.707106781186548));
#4428=DIRECTION('center_axis',(-0.501037127439146,0.865425789382041,0.));
#4429=DIRECTION('ref_axis',(-0.611948444285759,-0.354286750438454,-0.707106781186548));
#4430=DIRECTION('',(0.501037127439145,-0.865425789382042,0.));
#4431=DIRECTION('center_axis',(-0.865425789382042,-0.501037127439145,0.));
#4432=DIRECTION('ref_axis',(-0.501037127439145,0.865425789382042,0.));
#4433=DIRECTION('',(0.,0.,-1.));
#4434=DIRECTION('',(-0.501037127439145,0.865425789382042,0.));
#4435=DIRECTION('',(0.,0.,1.));
#4436=DIRECTION('center_axis',(0.,0.,-1.));
#4437=DIRECTION('ref_axis',(1.,0.,0.));
#4438=DIRECTION('center_axis',(0.,0.,1.));
#4439=DIRECTION('ref_axis',(0.701789275545421,0.712384596078153,0.));
#4440=DIRECTION('',(-0.0149836254588954,0.999887739182808,0.));
#4441=DIRECTION('center_axis',(0.,0.,1.));
#4442=DIRECTION('ref_axis',(0.701789275545421,0.712384596078153,0.));
#4443=DIRECTION('',(1.,0.,0.));
#4444=DIRECTION('center_axis',(0.,0.,1.));
#4445=DIRECTION('ref_axis',(1.,0.,0.));
#4446=DIRECTION('',(0.,-1.,0.));
#4447=DIRECTION('center_axis',(0.,0.,1.));
#4448=DIRECTION('ref_axis',(0.707106781186547,0.707106781186547,0.));
#4449=DIRECTION('',(-1.,0.,0.));
#4450=DIRECTION('center_axis',(0.,0.,-1.));
#4451=DIRECTION('ref_axis',(0.701789275545421,0.712384596078153,0.));
#4452=DIRECTION('',(0.,0.,1.));
#4453=DIRECTION('center_axis',(0.,0.,-1.));
#4454=DIRECTION('ref_axis',(0.701789275545421,0.712384596078153,0.));
#4455=DIRECTION('',(0.,0.,-1.));
#4456=DIRECTION('center_axis',(-1.,0.,0.));
#4457=DIRECTION('ref_axis',(0.,-1.,0.));
#4458=DIRECTION('',(0.,-1.,0.));
#4459=DIRECTION('',(0.,0.,1.));
#4460=DIRECTION('',(0.,-1.,0.));
#4461=DIRECTION('',(0.,0.,1.));
#4462=DIRECTION('center_axis',(0.,-1.,0.));
#4463=DIRECTION('ref_axis',(-1.,0.,0.));
#4464=DIRECTION('',(0.,1.,0.));
#4465=DIRECTION('center_axis',(0.,1.,0.));
#4466=DIRECTION('ref_axis',(-1.,0.,0.));
#4467=DIRECTION('center_axis',(0.,-1.,0.));
#4468=DIRECTION('ref_axis',(-1.,0.,0.));
#4469=DIRECTION('center_axis',(0.,-1.,0.));
#4470=DIRECTION('ref_axis',(0.,0.,1.));
#4471=DIRECTION('center_axis',(0.,1.,0.));
#4472=DIRECTION('ref_axis',(0.,0.,1.));
#4473=DIRECTION('center_axis',(0.,-1.,0.));
#4474=DIRECTION('ref_axis',(0.,0.,1.));
#4475=DIRECTION('',(0.,-1.,0.));
#4476=DIRECTION('center_axis',(0.,-1.,0.));
#4477=DIRECTION('ref_axis',(-1.,0.,0.));
#4478=DIRECTION('',(0.,1.,0.));
#4479=DIRECTION('center_axis',(0.,1.,0.));
#4480=DIRECTION('ref_axis',(-1.,0.,0.));
#4481=DIRECTION('center_axis',(0.,-1.,0.));
#4482=DIRECTION('ref_axis',(-1.,0.,0.));
#4483=DIRECTION('center_axis',(0.,-1.,0.));
#4484=DIRECTION('ref_axis',(0.,0.,1.));
#4485=DIRECTION('center_axis',(0.,1.,0.));
#4486=DIRECTION('ref_axis',(0.,0.,1.));
#4487=DIRECTION('center_axis',(0.,-1.,0.));
#4488=DIRECTION('ref_axis',(0.,0.,1.));
#4489=DIRECTION('',(0.,-1.,0.));
#4490=DIRECTION('center_axis',(0.,-1.,0.));
#4491=DIRECTION('ref_axis',(-1.,0.,0.));
#4492=DIRECTION('',(0.,1.,0.));
#4493=DIRECTION('center_axis',(0.,1.,0.));
#4494=DIRECTION('ref_axis',(-1.,0.,0.));
#4495=DIRECTION('center_axis',(0.,-1.,0.));
#4496=DIRECTION('ref_axis',(-1.,0.,0.));
#4497=DIRECTION('center_axis',(0.,-1.,0.));
#4498=DIRECTION('ref_axis',(-6.28036983473508E-15,0.,1.));
#4499=DIRECTION('center_axis',(0.,1.,0.));
#4500=DIRECTION('ref_axis',(-6.28036983473508E-15,0.,1.));
#4501=DIRECTION('center_axis',(0.,-1.,0.));
#4502=DIRECTION('ref_axis',(-6.28036983473508E-15,0.,1.));
#4503=DIRECTION('',(0.,-1.,0.));
#4504=DIRECTION('center_axis',(0.,-1.,0.));
#4505=DIRECTION('ref_axis',(-1.,0.,0.));
#4506=DIRECTION('',(0.,1.,0.));
#4507=DIRECTION('center_axis',(0.,1.,0.));
#4508=DIRECTION('ref_axis',(-1.,0.,0.));
#4509=DIRECTION('center_axis',(0.,-1.,0.));
#4510=DIRECTION('ref_axis',(-1.,0.,0.));
#4511=DIRECTION('center_axis',(0.,-1.,0.));
#4512=DIRECTION('ref_axis',(0.,0.,1.));
#4513=DIRECTION('center_axis',(0.,1.,0.));
#4514=DIRECTION('ref_axis',(0.,0.,1.));
#4515=DIRECTION('center_axis',(0.,-1.,0.));
#4516=DIRECTION('ref_axis',(0.,0.,1.));
#4517=DIRECTION('',(0.,-1.,0.));
#4518=DIRECTION('center_axis',(0.,-1.,0.));
#4519=DIRECTION('ref_axis',(-1.,0.,0.));
#4520=DIRECTION('',(0.,1.,0.));
#4521=DIRECTION('center_axis',(0.,1.,0.));
#4522=DIRECTION('ref_axis',(-1.,0.,0.));
#4523=DIRECTION('center_axis',(0.,-1.,0.));
#4524=DIRECTION('ref_axis',(-1.,0.,0.));
#4525=DIRECTION('center_axis',(0.,-1.,0.));
#4526=DIRECTION('ref_axis',(0.,0.,1.));
#4527=DIRECTION('center_axis',(0.,1.,0.));
#4528=DIRECTION('ref_axis',(0.,0.,1.));
#4529=DIRECTION('center_axis',(0.,-1.,0.));
#4530=DIRECTION('ref_axis',(0.,0.,1.));
#4531=DIRECTION('',(0.,-1.,0.));
#4532=DIRECTION('center_axis',(0.,-1.,0.));
#4533=DIRECTION('ref_axis',(-1.,0.,0.));
#4534=DIRECTION('center_axis',(0.,-1.,0.));
#4535=DIRECTION('ref_axis',(-1.,0.,0.));
#4536=DIRECTION('',(0.,1.,0.));
#4537=DIRECTION('center_axis',(0.,1.,0.));
#4538=DIRECTION('ref_axis',(-1.,0.,0.));
#4539=DIRECTION('center_axis',(1.,0.,0.));
#4540=DIRECTION('ref_axis',(0.,1.,0.));
#4541=DIRECTION('',(0.,0.,1.));
#4542=DIRECTION('',(0.,1.,0.));
#4543=DIRECTION('',(0.,0.,1.));
#4544=DIRECTION('center_axis',(0.,0.,-1.));
#4545=DIRECTION('ref_axis',(1.,0.,0.));
#4546=DIRECTION('center_axis',(0.,0.,1.));
#4547=DIRECTION('ref_axis',(-0.70725595170703,0.706957579190565,0.));
#4548=DIRECTION('',(-1.,0.,0.));
#4549=DIRECTION('center_axis',(0.,0.,1.));
#4550=DIRECTION('ref_axis',(-0.707106781186549,0.707106781186546,0.));
#4551=DIRECTION('',(0.,1.,0.));
#4552=DIRECTION('center_axis',(0.,0.,1.));
#4553=DIRECTION('ref_axis',(1.,0.,0.));
#4554=DIRECTION('',(1.,0.,0.));
#4555=DIRECTION('center_axis',(0.,0.,1.));
#4556=DIRECTION('ref_axis',(-0.707255951707037,0.706957579190557,0.));
#4557=DIRECTION('',(0.000421962450036966,-0.999999910973841,0.));
#4558=DIRECTION('center_axis',(0.,0.,-1.));
#4559=DIRECTION('ref_axis',(-0.70725595170703,0.706957579190565,0.));
#4560=DIRECTION('',(0.,0.,1.));
#4561=DIRECTION('center_axis',(0.,0.,-1.));
#4562=DIRECTION('ref_axis',(-0.70725595170703,0.706957579190565,0.));
#4563=DIRECTION('',(0.,0.,-1.));
#4564=DIRECTION('center_axis',(0.,0.,1.));
#4565=DIRECTION('ref_axis',(-1.,0.,0.));
#4566=DIRECTION('center_axis',(0.,0.,-1.));
#4567=DIRECTION('ref_axis',(-0.923254756905415,0.384188305198795,0.));
#4568=DIRECTION('center_axis',(0.,0.,-1.));
#4569=DIRECTION('ref_axis',(-0.709407360644432,-0.704798692296957,0.));
#4570=DIRECTION('',(0.707106781186546,0.707106781186549,0.));
#4571=DIRECTION('',(-0.000421962450036936,0.999999910973841,0.));
#4572=DIRECTION('',(1.,-6.92470062569555E-16,0.));
#4573=DIRECTION('',(-1.,-3.57685022702245E-16,0.));
#4574=DIRECTION('',(0.000421962450036966,-0.999999910973841,0.));
#4575=DIRECTION('center_axis',(0.,0.,1.));
#4576=DIRECTION('ref_axis',(0.923960250970077,-0.382488502608003,0.));
#4577=DIRECTION('',(-0.707106781186546,-0.707106781186549,0.));
#4578=DIRECTION('center_axis',(0.,0.,1.));
#4579=DIRECTION('ref_axis',(-0.709407360644432,-0.704798692296957,0.));
#4580=DIRECTION('',(0.,0.,1.));
#4581=DIRECTION('center_axis',(0.,0.,1.));
#4582=DIRECTION('ref_axis',(-0.999994690029918,0.0032588206407436,0.));
#4583=DIRECTION('center_axis',(-0.999994690029918,0.00325882064074274,0.));
#4584=DIRECTION('ref_axis',(0.,0.,1.));
#4585=DIRECTION('center_axis',(-0.00325882064074355,-0.999994690029918,
0.));
#4586=DIRECTION('ref_axis',(0.,0.,1.));
#4587=DIRECTION('center_axis',(0.00325882064074274,0.999994690029918,0.));
#4588=DIRECTION('ref_axis',(-0.7071030264707,0.00230433417374045,0.707106781186542));
#4589=DIRECTION('',(-0.00325882064074274,-0.999994690029918,0.));
#4590=DIRECTION('center_axis',(0.,0.,-1.));
#4591=DIRECTION('ref_axis',(1.,0.,0.));
#4592=DIRECTION('center_axis',(0.,0.,1.));
#4593=DIRECTION('ref_axis',(-0.966080683666555,0.258240416368859,0.));
#4594=DIRECTION('',(-0.865425789382041,-0.501037127439146,0.));
#4595=DIRECTION('center_axis',(0.,0.,1.));
#4596=DIRECTION('ref_axis',(-0.966235194724213,0.257661693847305,0.));
#4597=DIRECTION('',(-0.501037127439145,0.865425789382042,0.));
#4598=DIRECTION('center_axis',(0.,0.,1.));
#4599=DIRECTION('ref_axis',(1.,0.,0.));
#4600=DIRECTION('',(0.86542578938204,0.501037127439148,0.));
#4601=DIRECTION('center_axis',(0.,0.,1.));
#4602=DIRECTION('ref_axis',(-0.966080683666557,0.258240416368851,0.));
#4603=DIRECTION('',(0.499999998984256,-0.866025404370879,0.));
#4604=DIRECTION('center_axis',(0.,0.,-1.));
#4605=DIRECTION('ref_axis',(-0.966080683666555,0.258240416368859,0.));
#4606=DIRECTION('',(0.,0.,1.));
#4607=DIRECTION('center_axis',(0.,0.,-1.));
#4608=DIRECTION('ref_axis',(-0.966080683666555,0.258240416368859,0.));
#4609=DIRECTION('',(0.,0.,-1.));
#4610=DIRECTION('center_axis',(0.,0.,1.));
#4611=DIRECTION('ref_axis',(-1.,0.,0.));
#4612=DIRECTION('',(-0.865425789382041,-0.501037127439146,0.));
#4613=DIRECTION('',(0.499999998984256,-0.866025404370879,0.));
#4614=DIRECTION('',(0.866025403784439,0.5,0.));
#4615=DIRECTION('',(-0.499999998984256,0.866025404370879,0.));
#4616=DIRECTION('',(0.865425789382041,0.501037127439146,0.));
#4617=DIRECTION('center_axis',(0.866025403784439,0.5,0.));
#4618=DIRECTION('ref_axis',(0.5,-0.866025403784439,0.));
#4619=DIRECTION('center_axis',(0.866025404370879,0.499999998984256,0.));
#4620=DIRECTION('ref_axis',(0.,0.,-1.));
#4621=DIRECTION('',(-0.866025403784439,-0.5,0.));
#4622=DIRECTION('center_axis',(-0.866025404370878,-0.499999998984257,0.));
#4623=DIRECTION('ref_axis',(0.499999998984257,-0.866025404370878,0.));
#4624=DIRECTION('',(0.866025403784439,0.5,0.));
#4625=DIRECTION('center_axis',(0.866025403784439,0.5,0.));
#4626=DIRECTION('ref_axis',(0.5,-0.866025403784439,0.));
#4627=DIRECTION('center_axis',(0.866025404370879,0.499999998984256,0.));
#4628=DIRECTION('ref_axis',(0.,0.,-1.));
#4629=DIRECTION('center_axis',(-0.866025404370878,-0.499999998984257,0.));
#4630=DIRECTION('ref_axis',(0.499999998984257,-0.866025404370878,0.));
#4631=DIRECTION('',(0.866025403784439,0.5,0.));
#4632=DIRECTION('center_axis',(0.866025403784439,0.5,0.));
#4633=DIRECTION('ref_axis',(0.5,-0.866025403784439,0.));
#4634=DIRECTION('center_axis',(0.866025404370879,0.499999998984256,0.));
#4635=DIRECTION('ref_axis',(0.,0.,-1.));
#4636=DIRECTION('center_axis',(-0.866025404370878,-0.499999998984257,0.));
#4637=DIRECTION('ref_axis',(0.499999998984257,-0.866025404370878,0.));
#4638=DIRECTION('',(0.866025403784439,0.5,0.));
#4639=DIRECTION('center_axis',(0.866025403784439,0.5,0.));
#4640=DIRECTION('ref_axis',(0.5,-0.866025403784439,0.));
#4641=DIRECTION('center_axis',(0.866025404370879,0.499999998984256,0.));
#4642=DIRECTION('ref_axis',(0.,0.,-1.));
#4643=DIRECTION('center_axis',(-0.866025404370878,-0.499999998984257,0.));
#4644=DIRECTION('ref_axis',(0.499999998984257,-0.866025404370878,0.));
#4645=DIRECTION('',(0.866025403784439,0.5,0.));
#4646=DIRECTION('center_axis',(0.866025403784439,0.5,0.));
#4647=DIRECTION('ref_axis',(0.5,-0.866025403784439,0.));
#4648=DIRECTION('center_axis',(0.866025404370879,0.499999998984256,0.));
#4649=DIRECTION('ref_axis',(0.,0.,-1.));
#4650=DIRECTION('center_axis',(-0.866025404370878,-0.499999998984257,0.));
#4651=DIRECTION('ref_axis',(0.499999998984257,-0.866025404370878,0.));
#4652=DIRECTION('',(0.866025403784439,0.5,0.));
#4653=DIRECTION('center_axis',(0.866025403784439,0.5,0.));
#4654=DIRECTION('ref_axis',(0.5,-0.866025403784439,0.));
#4655=DIRECTION('center_axis',(0.866025404370879,0.499999998984256,0.));
#4656=DIRECTION('ref_axis',(0.,0.,-1.));
#4657=DIRECTION('center_axis',(-0.866025404370878,-0.499999998984257,0.));
#4658=DIRECTION('ref_axis',(0.499999998984257,-0.866025404370878,0.));
#4659=DIRECTION('',(0.866025403784439,0.5,0.));
#4660=DIRECTION('center_axis',(-0.5,0.866025403784439,0.));
#4661=DIRECTION('ref_axis',(-0.866025403784439,-0.5,0.));
#4662=DIRECTION('',(0.,0.,1.));
#4663=DIRECTION('',(0.,0.,-1.));
#4664=DIRECTION('center_axis',(0.,0.,-1.));
#4665=DIRECTION('ref_axis',(1.,0.,0.));
#4666=DIRECTION('center_axis',(0.,0.,1.));
#4667=DIRECTION('ref_axis',(0.966586782493736,0.256339602692226,0.));
#4668=DIRECTION('',(0.500000006361655,0.866025400111536,0.));
#4669=DIRECTION('center_axis',(0.,0.,1.));
#4670=DIRECTION('ref_axis',(0.966586782493732,0.256339602692238,0.));
#4671=DIRECTION('',(0.863447985759388,-0.504437881099404,0.));
#4672=DIRECTION('center_axis',(0.,0.,1.));
#4673=DIRECTION('ref_axis',(1.,0.,0.));
#4674=DIRECTION('',(-0.504437881099397,-0.863447985759392,0.));
#4675=DIRECTION('center_axis',(0.,0.,1.));
#4676=DIRECTION('ref_axis',(0.96724137234509,0.253858479519569,0.));
#4677=DIRECTION('',(-0.863447985759388,0.504437881099404,0.));
#4678=DIRECTION('center_axis',(-0.866025403784438,0.500000000000001,0.));
#4679=DIRECTION('ref_axis',(0.5,0.866025403784438,0.));
#4680=DIRECTION('center_axis',(-0.866025400111536,0.500000006361655,0.));
#4681=DIRECTION('ref_axis',(0.,0.,-1.));
#4682=DIRECTION('',(-0.866025403784438,0.5,0.));
#4683=DIRECTION('center_axis',(0.866025400111536,-0.500000006361654,0.));
#4684=DIRECTION('ref_axis',(-0.500000006361654,-0.866025400111536,-7.4014868308343E-16));
#4685=DIRECTION('',(-0.866025403784438,0.5,0.));
#4686=DIRECTION('center_axis',(-0.866025403784438,0.500000000000001,0.));
#4687=DIRECTION('ref_axis',(0.5,0.866025403784438,0.));
#4688=DIRECTION('center_axis',(-0.866025400111536,0.500000006361655,0.));
#4689=DIRECTION('ref_axis',(0.,0.,-1.));
#4690=DIRECTION('',(-0.866025403784438,0.5,0.));
#4691=DIRECTION('center_axis',(0.866025400111536,-0.500000006361654,0.));
#4692=DIRECTION('ref_axis',(-0.37267800099166,-0.645497221630279,0.666666666666672));
#4693=DIRECTION('center_axis',(-0.866025403784438,0.500000000000001,0.));
#4694=DIRECTION('ref_axis',(0.5,0.866025403784438,0.));
#4695=DIRECTION('center_axis',(-0.866025400111536,0.500000006361655,0.));
#4696=DIRECTION('ref_axis',(0.,0.,-1.));
#4697=DIRECTION('',(-0.866025403784438,0.5,0.));
#4698=DIRECTION('center_axis',(0.866025400111536,-0.500000006361654,0.));
#4699=DIRECTION('ref_axis',(-0.372678000991664,-0.645497221630287,0.666666666666662));
#4700=DIRECTION('center_axis',(-0.866025403784438,0.500000000000001,0.));
#4701=DIRECTION('ref_axis',(0.5,0.866025403784438,0.));
#4702=DIRECTION('center_axis',(-0.866025400111536,0.500000006361655,0.));
#4703=DIRECTION('ref_axis',(0.,0.,-1.));
#4704=DIRECTION('',(-0.866025403784438,0.5,0.));
#4705=DIRECTION('center_axis',(0.866025400111536,-0.500000006361654,0.));
#4706=DIRECTION('ref_axis',(-0.333333337574433,-0.577350266741018,-0.745355992499936));
#4707=DIRECTION('center_axis',(-0.866025403784438,0.500000000000001,0.));
#4708=DIRECTION('ref_axis',(0.5,0.866025403784438,0.));
#4709=DIRECTION('center_axis',(-0.866025400111536,0.500000006361655,0.));
#4710=DIRECTION('ref_axis',(0.,0.,-1.));
#4711=DIRECTION('',(-0.866025403784438,0.5,0.));
#4712=DIRECTION('center_axis',(0.866025400111536,-0.500000006361654,0.));
#4713=DIRECTION('ref_axis',(-0.372678000991662,-0.645497221630283,0.666666666666666));
#4714=DIRECTION('center_axis',(-0.866025403784438,0.500000000000001,0.));
#4715=DIRECTION('ref_axis',(0.5,0.866025403784438,0.));
#4716=DIRECTION('center_axis',(-0.866025400111536,0.500000006361655,0.));
#4717=DIRECTION('ref_axis',(0.,0.,-1.));
#4718=DIRECTION('',(0.866025403784438,-0.5,0.));
#4719=DIRECTION('center_axis',(0.866025400111536,-0.500000006361654,0.));
#4720=DIRECTION('ref_axis',(-0.333333337574436,-0.577350266741023,-0.745355992499931));
#4721=DIRECTION('center_axis',(0.5,0.866025403784438,0.));
#4722=DIRECTION('ref_axis',(-0.866025403784438,0.5,0.));
#4723=DIRECTION('',(0.866025403784438,-0.5,0.));
#4724=DIRECTION('',(0.,0.,1.));
#4725=DIRECTION('',(0.,0.,-1.));
#4726=DIRECTION('center_axis',(0.,0.,1.));
#4727=DIRECTION('ref_axis',(-1.,0.,0.));
#4728=DIRECTION('center_axis',(0.,0.,-1.));
#4729=DIRECTION('ref_axis',(0.924681113727643,0.380742482414829,0.));
#4730=DIRECTION('',(-0.707106781186548,0.707106781186547,0.));
#4731=DIRECTION('center_axis',(0.,0.,1.));
#4732=DIRECTION('ref_axis',(-0.920986530203538,-0.389594418830207,0.));
#4733=DIRECTION('',(-0.0149836254588954,0.999887739182808,0.));
#4734=DIRECTION('',(-1.,3.75006502676368E-16,0.));
#4735=DIRECTION('',(1.,7.48707433999628E-16,0.));
#4736=DIRECTION('',(0.0149836254588957,-0.999887739182808,0.));
#4737=DIRECTION('',(0.707106781186547,-0.707106781186547,0.));
#4738=DIRECTION('',(-0.00419990230731439,-0.999991180371411,0.));
#4739=DIRECTION('',(0.863447985759388,-0.504437881099403,0.));
#4740=DIRECTION('',(-0.500000006361654,-0.866025400111536,0.));
#4741=DIRECTION('',(0.500000006361655,0.866025400111536,0.));
#4742=DIRECTION('center_axis',(0.,0.,-1.));
#4743=DIRECTION('ref_axis',(0.966586782493736,0.256339602692226,0.));
#4744=DIRECTION('',(-0.863447985759388,0.504437881099404,0.));
#4745=DIRECTION('center_axis',(0.,0.,1.));
#4746=DIRECTION('ref_axis',(-0.868348959040167,-0.495953712894519,0.));
#4747=DIRECTION('',(0.00419990230731397,0.999991180371412,0.));
#4748=DIRECTION('center_axis',(0.,0.,-1.));
#4749=DIRECTION('ref_axis',(0.966586782493736,0.256339602692226,0.));
#4750=DIRECTION('',(0.,0.,1.));
#4751=DIRECTION('',(0.,0.,-1.));
#4752=DIRECTION('center_axis',(0.,0.,-1.));
#4753=DIRECTION('ref_axis',(1.,0.,0.));
#4754=DIRECTION('center_axis',(0.,0.,1.));
#4755=DIRECTION('ref_axis',(-0.256930919883098,-0.966429771068765,0.));
#4756=DIRECTION('',(0.499999998984256,-0.866025404370879,0.));
#4757=DIRECTION('center_axis',(0.,0.,1.));
#4758=DIRECTION('ref_axis',(-0.256930919883091,-0.966429771068766,0.));
#4759=DIRECTION('',(-0.864064572850012,-0.503380982900156,0.));
#4760=DIRECTION('center_axis',(0.,0.,1.));
#4761=DIRECTION('ref_axis',(1.,0.,0.));
#4762=DIRECTION('',(-0.503380982900158,0.86406457285001,0.));
#4763=DIRECTION('center_axis',(0.,0.,1.));
#4764=DIRECTION('ref_axis',(-0.25504181231626,-0.966930025374348,0.));
#4765=DIRECTION('',(0.86406457285001,0.503380982900159,0.));
#4766=DIRECTION('center_axis',(0.,0.,-1.));
#4767=DIRECTION('ref_axis',(-1.,0.,0.));
#4768=DIRECTION('center_axis',(0.,0.,-1.));
#4769=DIRECTION('ref_axis',(1.,0.,0.));
#4770=DIRECTION('center_axis',(0.,0.,1.));
#4771=DIRECTION('ref_axis',(0.25489270190235,-0.966969343111208,0.));
#4772=DIRECTION('',(0.86193421515777,-0.507020126563393,0.));
#4773=DIRECTION('center_axis',(0.,0.,1.));
#4774=DIRECTION('ref_axis',(0.254892701902338,-0.966969343111211,0.));
#4775=DIRECTION('',(-0.500000006361652,-0.866025400111537,0.));
#4776=DIRECTION('center_axis',(0.,0.,1.));
#4777=DIRECTION('ref_axis',(1.,0.,0.));
#4778=DIRECTION('',(-0.86602540011154,0.500000006361648,0.));
#4779=DIRECTION('center_axis',(0.,0.,1.));
#4780=DIRECTION('ref_axis',(0.258819038006996,-0.965925828190308,0.));
#4781=DIRECTION('',(0.500000006361655,0.866025400111536,0.));
#4782=DIRECTION('center_axis',(0.,0.,-1.));
#4783=DIRECTION('ref_axis',(-1.,0.,0.));
#4784=DIRECTION('center_axis',(0.,0.,-1.));
#4785=DIRECTION('ref_axis',(1.,0.,0.));
#4786=DIRECTION('',(-0.86406457285001,-0.503380982900158,0.));
#4787=DIRECTION('center_axis',(0.,0.,-1.));
#4788=DIRECTION('ref_axis',(1.,0.,0.));
#4789=DIRECTION('center_axis',(0.707106781186548,-0.707106781186548,0.));
#4790=DIRECTION('ref_axis',(0.707106781186548,0.707106781186548,0.));
#4791=DIRECTION('',(0.,0.,1.));
#4792=DIRECTION('',(-0.707106781186548,-0.707106781186548,0.));
#4793=DIRECTION('',(0.,0.,1.));
#4794=DIRECTION('center_axis',(0.999999910973841,0.000421962450037436,0.));
#4795=DIRECTION('ref_axis',(-0.000421962450037436,0.999999910973841,0.));
#4796=DIRECTION('',(0.000421962450037436,-0.999999910973841,0.));
#4797=DIRECTION('',(0.,0.,-1.));
#4798=DIRECTION('center_axis',(0.,-1.,0.));
#4799=DIRECTION('ref_axis',(1.,0.,0.));
#4800=DIRECTION('',(-1.,0.,0.));
#4801=DIRECTION('',(0.,0.,-1.));
#4802=DIRECTION('center_axis',(-0.999887739182808,-0.0149836254588957,0.));
#4803=DIRECTION('ref_axis',(0.0149836254588957,-0.999887739182808,0.));
#4804=DIRECTION('',(-0.0149836254588957,0.999887739182808,0.));
#4805=DIRECTION('',(0.,0.,-1.));
#4806=DIRECTION('center_axis',(-0.707106781186548,-0.707106781186548,0.));
#4807=DIRECTION('ref_axis',(0.707106781186548,-0.707106781186548,0.));
#4808=DIRECTION('',(-0.707106781186547,0.707106781186547,0.));
#4809=DIRECTION('',(0.,0.,-1.));
#4810=DIRECTION('center_axis',(-0.999991180371412,0.00419990230731481,0.));
#4811=DIRECTION('ref_axis',(-0.00419990230731481,-0.999991180371411,0.));
#4812=DIRECTION('',(0.00419990230731481,0.999991180371411,0.));
#4813=DIRECTION('',(0.,0.,1.));
#4814=DIRECTION('center_axis',(-0.504437881099403,-0.863447985759388,0.));
#4815=DIRECTION('ref_axis',(0.863447985759388,-0.504437881099403,0.));
#4816=DIRECTION('',(-0.863447985759388,0.504437881099403,0.));
#4817=DIRECTION('',(0.,0.,1.));
#4818=DIRECTION('center_axis',(0.,0.,-1.));
#4819=DIRECTION('ref_axis',(-0.503380982900156,0.864064572850012,0.));
#4820=DIRECTION('',(0.,0.,1.));
#4821=DIRECTION('center_axis',(0.,0.,-1.));
#4822=DIRECTION('ref_axis',(1.,0.,0.));
#4823=DIRECTION('',(0.,0.,-1.));
#4824=DIRECTION('center_axis',(0.501037127439147,-0.865425789382041,0.));
#4825=DIRECTION('ref_axis',(0.865425789382041,0.501037127439146,0.));
#4826=DIRECTION('',(0.,0.,1.));
#4827=DIRECTION('',(-0.865425789382041,-0.501037127439146,0.));
#4828=DIRECTION('',(0.,0.,-1.));
#4829=DIRECTION('center_axis',(0.999994690029918,-0.00325882064074237,0.));
#4830=DIRECTION('ref_axis',(0.00325882064074237,0.999994690029918,0.));
#4831=DIRECTION('',(0.,0.,-1.));
#4832=DIRECTION('',(-0.00325882064074237,-0.999994690029918,0.));
#4833=DIRECTION('center_axis',(0.,0.,1.));
#4834=DIRECTION('ref_axis',(-0.923254756905415,0.384188305198796,0.));
#4835=DIRECTION('center_axis',(0.,0.,1.));
#4836=DIRECTION('ref_axis',(-0.923254756905415,0.384188305198796,0.));
#4837=DIRECTION('center_axis',(0.,0.,-1.));
#4838=DIRECTION('ref_axis',(1.,0.,0.));
#4839=DIRECTION('center_axis',(0.,0.,-1.));
#4840=DIRECTION('ref_axis',(1.,0.,0.));
#4841=DIRECTION('',(0.,0.,1.));
#4842=DIRECTION('center_axis',(0.,0.,-1.));
#4843=DIRECTION('ref_axis',(1.,0.,0.));
#4844=DIRECTION('center_axis',(0.,0.,-1.));
#4845=DIRECTION('ref_axis',(1.,0.,0.));
#4846=DIRECTION('',(0.,0.,1.));
#4847=DIRECTION('center_axis',(0.,0.,-1.));
#4848=DIRECTION('ref_axis',(1.,0.,0.));
#4849=DIRECTION('center_axis',(0.,0.,-1.));
#4850=DIRECTION('ref_axis',(1.,0.,0.));
#4851=DIRECTION('',(0.,0.,1.));
#4852=DIRECTION('center_axis',(0.,0.,-1.));
#4853=DIRECTION('ref_axis',(1.,0.,0.));
#4854=DIRECTION('center_axis',(0.,0.,-1.));
#4855=DIRECTION('ref_axis',(1.,0.,0.));
#4856=DIRECTION('',(0.,0.,1.));
#4857=DIRECTION('center_axis',(0.,0.,-1.));
#4858=DIRECTION('ref_axis',(1.,0.,0.));
#4859=DIRECTION('center_axis',(0.,0.,-1.));
#4860=DIRECTION('ref_axis',(1.,0.,0.));
#4861=DIRECTION('',(0.,0.,1.));
#4862=DIRECTION('center_axis',(0.,0.,-1.));
#4863=DIRECTION('ref_axis',(1.,0.,0.));
#4864=DIRECTION('center_axis',(0.,0.,-1.));
#4865=DIRECTION('ref_axis',(1.,0.,0.));
#4866=DIRECTION('',(0.,0.,1.));
#4867=DIRECTION('center_axis',(0.,0.,-1.));
#4868=DIRECTION('ref_axis',(1.,0.,0.));
#4869=DIRECTION('center_axis',(0.,0.,-1.));
#4870=DIRECTION('ref_axis',(1.,0.,0.));
#4871=DIRECTION('',(0.,0.,1.));
#4872=DIRECTION('center_axis',(0.,0.,-1.));
#4873=DIRECTION('ref_axis',(1.,0.,0.));
#4874=DIRECTION('center_axis',(0.,0.,-1.));
#4875=DIRECTION('ref_axis',(1.,0.,0.));
#4876=DIRECTION('',(0.,0.,1.));
#4877=DIRECTION('center_axis',(0.,0.,-1.));
#4878=DIRECTION('ref_axis',(1.,0.,0.));
#4879=DIRECTION('center_axis',(0.,0.,-1.));
#4880=DIRECTION('ref_axis',(1.,0.,0.));
#4881=DIRECTION('',(0.,0.,1.));
#4882=DIRECTION('center_axis',(0.,0.,-1.));
#4883=DIRECTION('ref_axis',(1.,0.,0.));
#4884=DIRECTION('center_axis',(0.,0.,-1.));
#4885=DIRECTION('ref_axis',(1.,0.,0.));
#4886=DIRECTION('',(0.,0.,1.));
#4887=DIRECTION('center_axis',(0.,0.,-1.));
#4888=DIRECTION('ref_axis',(1.,0.,0.));
#4889=DIRECTION('center_axis',(0.,0.,-1.));
#4890=DIRECTION('ref_axis',(1.,0.,0.));
#4891=DIRECTION('',(0.,0.,1.));
#4892=DIRECTION('center_axis',(0.,0.,-1.));
#4893=DIRECTION('ref_axis',(1.,0.,0.));
#4894=DIRECTION('center_axis',(0.,0.,-1.));
#4895=DIRECTION('ref_axis',(1.,0.,0.));
#4896=DIRECTION('',(0.,0.,1.));
#4897=DIRECTION('center_axis',(0.999994690029918,-0.00325882064074274,0.));
#4898=DIRECTION('ref_axis',(-0.00325882064074274,-0.999994690029918,0.));
#4899=DIRECTION('',(0.,0.,-1.));
#4900=DIRECTION('',(0.,0.,1.));
#4901=DIRECTION('',(0.00325882064074274,0.999994690029918,0.));
#4902=DIRECTION('center_axis',(0.,0.,-1.));
#4903=DIRECTION('ref_axis',(0.865509734064708,-0.500892104388998,0.));
#4904=DIRECTION('center_axis',(0.,0.,-1.));
#4905=DIRECTION('ref_axis',(0.865509734064708,-0.500892104388998,0.));
#4906=DIRECTION('',(0.,0.,1.));
#4907=DIRECTION('center_axis',(0.501037127439146,-0.865425789382041,0.));
#4908=DIRECTION('ref_axis',(-0.865425789382041,-0.501037127439146,0.));
#4909=DIRECTION('',(0.865425789382041,0.501037127439146,0.));
#4910=DIRECTION('',(0.,0.,-1.));
#4911=DIRECTION('center_axis',(0.,0.,1.));
#4912=DIRECTION('ref_axis',(-0.966235194724213,0.257661693847305,0.));
#4913=DIRECTION('center_axis',(0.,0.,1.));
#4914=DIRECTION('ref_axis',(-0.966235194724213,0.257661693847305,0.));
#4915=DIRECTION('',(0.,0.,1.));
#4916=DIRECTION('center_axis',(0.865425789382042,0.501037127439145,0.));
#4917=DIRECTION('ref_axis',(-0.501037127439145,0.865425789382042,0.));
#4918=DIRECTION('',(-0.501037127439145,0.865425789382042,0.));
#4919=DIRECTION('',(0.,0.,1.));
#4920=DIRECTION('center_axis',(0.,0.,1.));
#4921=DIRECTION('ref_axis',(1.,0.,0.));
#4922=DIRECTION('center_axis',(0.,0.,1.));
#4923=DIRECTION('ref_axis',(1.,0.,0.));
#4924=DIRECTION('',(0.,0.,1.));
#4925=DIRECTION('center_axis',(0.501037127439148,-0.86542578938204,0.));
#4926=DIRECTION('ref_axis',(0.86542578938204,0.501037127439148,0.));
#4927=DIRECTION('',(0.,0.,-1.));
#4928=DIRECTION('',(0.86542578938204,0.501037127439148,0.));
#4929=DIRECTION('center_axis',(0.,0.,-1.));
#4930=DIRECTION('ref_axis',(-0.966080683666557,0.258240416368851,0.));
#4931=DIRECTION('center_axis',(0.,0.,1.));
#4932=DIRECTION('ref_axis',(-0.966080683666557,0.258240416368851,0.));
#4933=DIRECTION('',(0.,0.,1.));
#4934=DIRECTION('center_axis',(0.,0.,1.));
#4935=DIRECTION('ref_axis',(-0.256930919883091,-0.966429771068766,0.));
#4936=DIRECTION('center_axis',(0.,0.,1.));
#4937=DIRECTION('ref_axis',(-0.256930919883091,-0.966429771068766,0.));
#4938=DIRECTION('',(0.,0.,1.));
#4939=DIRECTION('',(0.,0.,-1.));
#4940=DIRECTION('center_axis',(-0.503380982900156,0.864064572850012,0.));
#4941=DIRECTION('ref_axis',(-0.864064572850012,-0.503380982900156,0.));
#4942=DIRECTION('',(-0.864064572850012,-0.503380982900156,0.));
#4943=DIRECTION('',(0.,0.,1.));
#4944=DIRECTION('center_axis',(0.,0.,1.));
#4945=DIRECTION('ref_axis',(1.,0.,0.));
#4946=DIRECTION('center_axis',(0.,0.,1.));
#4947=DIRECTION('ref_axis',(1.,0.,0.));
#4948=DIRECTION('',(0.,0.,1.));
#4949=DIRECTION('center_axis',(0.86406457285001,0.503380982900158,0.));
#4950=DIRECTION('ref_axis',(-0.503380982900158,0.86406457285001,0.));
#4951=DIRECTION('',(0.,0.,-1.));
#4952=DIRECTION('',(-0.503380982900158,0.86406457285001,0.));
#4953=DIRECTION('center_axis',(0.,0.,-1.));
#4954=DIRECTION('ref_axis',(-0.25504181231626,-0.966930025374348,0.));
#4955=DIRECTION('center_axis',(0.,0.,1.));
#4956=DIRECTION('ref_axis',(-0.25504181231626,-0.966930025374348,0.));
#4957=DIRECTION('',(0.,0.,1.));
#4958=DIRECTION('center_axis',(0.,0.,1.));
#4959=DIRECTION('ref_axis',(0.254892701902338,-0.966969343111211,0.));
#4960=DIRECTION('center_axis',(0.,0.,1.));
#4961=DIRECTION('ref_axis',(0.254892701902338,-0.966969343111211,0.));
#4962=DIRECTION('',(0.,0.,1.));
#4963=DIRECTION('',(0.,0.,-1.));
#4964=DIRECTION('center_axis',(-0.866025400111537,0.500000006361652,0.));
#4965=DIRECTION('ref_axis',(-0.500000006361652,-0.866025400111537,0.));
#4966=DIRECTION('',(-0.500000006361652,-0.866025400111537,0.));
#4967=DIRECTION('',(0.,0.,1.));
#4968=DIRECTION('center_axis',(0.,0.,1.));
#4969=DIRECTION('ref_axis',(1.,0.,0.));
#4970=DIRECTION('center_axis',(0.,0.,1.));
#4971=DIRECTION('ref_axis',(1.,0.,0.));
#4972=DIRECTION('',(0.,0.,1.));
#4973=DIRECTION('center_axis',(0.500000006361648,0.86602540011154,0.));
#4974=DIRECTION('ref_axis',(-0.86602540011154,0.500000006361648,0.));
#4975=DIRECTION('',(0.,0.,-1.));
#4976=DIRECTION('',(-0.86602540011154,0.500000006361648,0.));
#4977=DIRECTION('center_axis',(0.,0.,-1.));
#4978=DIRECTION('ref_axis',(0.258819038006996,-0.965925828190308,0.));
#4979=DIRECTION('center_axis',(0.,0.,1.));
#4980=DIRECTION('ref_axis',(0.258819038006996,-0.965925828190308,0.));
#4981=DIRECTION('',(0.,0.,1.));
#4982=DIRECTION('center_axis',(0.,0.,1.));
#4983=DIRECTION('ref_axis',(0.966586782493732,0.256339602692238,0.));
#4984=DIRECTION('center_axis',(0.,0.,1.));
#4985=DIRECTION('ref_axis',(0.966586782493732,0.256339602692238,0.));
#4986=DIRECTION('',(0.,0.,1.));
#4987=DIRECTION('',(0.,0.,-1.));
#4988=DIRECTION('center_axis',(-0.504437881099404,-0.863447985759388,0.));
#4989=DIRECTION('ref_axis',(0.863447985759388,-0.504437881099404,0.));
#4990=DIRECTION('',(0.863447985759388,-0.504437881099404,0.));
#4991=DIRECTION('',(0.,0.,1.));
#4992=DIRECTION('center_axis',(0.,0.,1.));
#4993=DIRECTION('ref_axis',(-0.967241372345089,-0.25385847951957,0.));
#4994=DIRECTION('center_axis',(0.,0.,1.));
#4995=DIRECTION('ref_axis',(1.,0.,0.));
#4996=DIRECTION('',(0.,0.,1.));
#4997=DIRECTION('center_axis',(-0.863447985759392,0.504437881099397,0.));
#4998=DIRECTION('ref_axis',(-0.504437881099397,-0.863447985759392,0.));
#4999=DIRECTION('',(0.,0.,-1.));
#5000=DIRECTION('',(-0.504437881099397,-0.863447985759392,0.));
#5001=DIRECTION('center_axis',(0.,0.,-1.));
#5002=DIRECTION('ref_axis',(0.96724137234509,0.253858479519569,0.));
#5003=DIRECTION('center_axis',(0.,0.,1.));
#5004=DIRECTION('ref_axis',(0.96724137234509,0.253858479519569,0.));
#5005=DIRECTION('',(0.,0.,1.));
#5006=DIRECTION('center_axis',(-0.504437881099404,-0.863447985759388,0.));
#5007=DIRECTION('ref_axis',(-0.863447985759388,0.504437881099404,0.));
#5008=DIRECTION('',(0.,0.,-1.));
#5009=DIRECTION('',(0.863447985759388,-0.504437881099404,0.));
#5010=DIRECTION('center_axis',(0.,0.,-1.));
#5011=DIRECTION('ref_axis',(-0.868348959040167,-0.495953712894519,0.));
#5012=DIRECTION('center_axis',(0.,0.,-1.));
#5013=DIRECTION('ref_axis',(-0.868348959040167,-0.495953712894519,0.));
#5014=DIRECTION('',(0.,0.,1.));
#5015=DIRECTION('center_axis',(-0.999991180371412,0.00419990230731397,0.));
#5016=DIRECTION('ref_axis',(0.00419990230731397,0.999991180371412,0.));
#5017=DIRECTION('',(-0.00419990230731397,-0.999991180371412,0.));
#5018=DIRECTION('',(0.,0.,-1.));
#5019=DIRECTION('center_axis',(0.,0.,-1.));
#5020=DIRECTION('ref_axis',(0.924681113727643,0.380742482414829,0.));
#5021=DIRECTION('center_axis',(0.,0.,1.));
#5022=DIRECTION('ref_axis',(0.924681113727643,0.380742482414829,0.));
#5023=DIRECTION('',(0.,0.,1.));
#5024=DIRECTION('center_axis',(-0.707106781186547,-0.707106781186548,0.));
#5025=DIRECTION('ref_axis',(-0.707106781186548,0.707106781186547,0.));
#5026=DIRECTION('',(0.,0.,-1.));
#5027=DIRECTION('',(0.707106781186548,-0.707106781186547,0.));
#5028=DIRECTION('center_axis',(0.,0.,-1.));
#5029=DIRECTION('ref_axis',(-0.920986530203538,-0.389594418830207,0.));
#5030=DIRECTION('center_axis',(0.,0.,-1.));
#5031=DIRECTION('ref_axis',(-0.920986530203538,-0.389594418830207,0.));
#5032=DIRECTION('',(0.,0.,1.));
#5033=DIRECTION('center_axis',(-0.999887739182808,-0.0149836254588954,0.));
#5034=DIRECTION('ref_axis',(-0.0149836254588954,0.999887739182808,0.));
#5035=DIRECTION('',(0.0149836254588954,-0.999887739182808,0.));
#5036=DIRECTION('',(0.,0.,-1.));
#5037=DIRECTION('center_axis',(0.,0.,1.));
#5038=DIRECTION('ref_axis',(0.701789275545421,0.712384596078153,0.));
#5039=DIRECTION('center_axis',(0.,0.,1.));
#5040=DIRECTION('ref_axis',(0.701789275545421,0.712384596078153,0.));
#5041=DIRECTION('',(0.,0.,1.));
#5042=DIRECTION('center_axis',(0.,-1.,0.));
#5043=DIRECTION('ref_axis',(1.,0.,0.));
#5044=DIRECTION('',(1.,0.,0.));
#5045=DIRECTION('',(0.,0.,1.));
#5046=DIRECTION('center_axis',(0.,0.,1.));
#5047=DIRECTION('ref_axis',(1.,0.,0.));
#5048=DIRECTION('center_axis',(0.,0.,1.));
#5049=DIRECTION('ref_axis',(1.,0.,0.));
#5050=DIRECTION('',(0.,0.,1.));
#5051=DIRECTION('center_axis',(-1.,0.,0.));
#5052=DIRECTION('ref_axis',(0.,-1.,0.));
#5053=DIRECTION('',(0.,0.,-1.));
#5054=DIRECTION('',(0.,-1.,0.));
#5055=DIRECTION('center_axis',(0.,0.,-1.));
#5056=DIRECTION('ref_axis',(0.707106781186547,0.707106781186547,0.));
#5057=DIRECTION('center_axis',(0.,0.,1.));
#5058=DIRECTION('ref_axis',(0.707106781186547,0.707106781186547,0.));
#5059=DIRECTION('',(0.,0.,1.));
#5060=DIRECTION('center_axis',(0.,-1.,0.));
#5061=DIRECTION('ref_axis',(-1.,0.,0.));
#5062=DIRECTION('',(1.,0.,0.));
#5063=DIRECTION('',(0.,0.,-1.));
#5064=DIRECTION('center_axis',(0.,0.,1.));
#5065=DIRECTION('ref_axis',(-0.707106781186549,0.707106781186546,0.));
#5066=DIRECTION('center_axis',(0.,0.,1.));
#5067=DIRECTION('ref_axis',(-0.707106781186549,0.707106781186546,0.));
#5068=DIRECTION('',(0.,0.,1.));
#5069=DIRECTION('center_axis',(1.,0.,0.));
#5070=DIRECTION('ref_axis',(0.,1.,0.));
#5071=DIRECTION('',(0.,1.,0.));
#5072=DIRECTION('',(0.,0.,1.));
#5073=DIRECTION('center_axis',(0.,0.,1.));
#5074=DIRECTION('ref_axis',(1.,0.,0.));
#5075=DIRECTION('center_axis',(0.,0.,1.));
#5076=DIRECTION('ref_axis',(1.,0.,0.));
#5077=DIRECTION('',(0.,0.,1.));
#5078=DIRECTION('center_axis',(0.,-1.,0.));
#5079=DIRECTION('ref_axis',(1.,0.,0.));
#5080=DIRECTION('',(0.,0.,-1.));
#5081=DIRECTION('',(1.,0.,0.));
#5082=DIRECTION('center_axis',(0.,0.,-1.));
#5083=DIRECTION('ref_axis',(-0.707255951707037,0.706957579190557,0.));
#5084=DIRECTION('center_axis',(0.,0.,1.));
#5085=DIRECTION('ref_axis',(-0.707255951707037,0.706957579190557,0.));
#5086=DIRECTION('',(0.,0.,1.));
#5087=DIRECTION('center_axis',(0.999999910973841,0.000421962450036965,0.));
#5088=DIRECTION('ref_axis',(0.000421962450036966,-0.999999910973841,0.));
#5089=DIRECTION('',(0.,0.,-1.));
#5090=DIRECTION('',(-0.000421962450036966,0.999999910973841,0.));
#5091=DIRECTION('center_axis',(0.,0.,-1.));
#5092=DIRECTION('ref_axis',(0.923960250970077,-0.382488502608003,0.));
#5093=DIRECTION('center_axis',(0.,0.,-1.));
#5094=DIRECTION('ref_axis',(0.923960250970077,-0.382488502608003,0.));
#5095=DIRECTION('',(0.,0.,1.));
#5096=DIRECTION('center_axis',(0.707106781186549,-0.707106781186546,0.));
#5097=DIRECTION('ref_axis',(-0.707106781186546,-0.707106781186549,0.));
#5098=DIRECTION('',(0.,0.,-1.));
#5099=DIRECTION('',(0.707106781186546,0.707106781186549,0.));
#5100=DIRECTION('center_axis',(0.,0.,-1.));
#5101=DIRECTION('ref_axis',(-0.923254756905415,0.384188305198795,0.));
#5102=DIRECTION('center_axis',(0.,0.,1.));
#5103=DIRECTION('ref_axis',(-0.923254756905415,0.384188305198795,0.));
#5104=DIRECTION('center_axis',(-0.503380982900159,0.86406457285001,0.));
#5105=DIRECTION('ref_axis',(0.86406457285001,0.503380982900159,0.));
#5106=DIRECTION('',(0.,0.,-1.));
#5107=DIRECTION('',(0.86406457285001,0.503380982900159,0.));
#5108=DIRECTION('',(0.,0.,1.));
#5109=DIRECTION('',(-0.86406457285001,-0.503380982900159,0.));
#5110=DIRECTION('center_axis',(0.,0.,-1.));
#5111=DIRECTION('ref_axis',(-0.256930919883098,-0.966429771068765,0.));
#5112=DIRECTION('center_axis',(0.,0.,-1.));
#5113=DIRECTION('ref_axis',(-0.256930919883098,-0.966429771068765,0.));
#5114=DIRECTION('',(0.,0.,-1.));
#5115=DIRECTION('center_axis',(0.866025404370879,0.499999998984256,0.));
#5116=DIRECTION('ref_axis',(0.499999998984256,-0.866025404370879,0.));
#5117=DIRECTION('',(0.499999998984256,-0.866025404370879,0.));
#5118=DIRECTION('',(0.,0.,-1.));
#5119=DIRECTION('',(-0.499999998984256,0.866025404370879,0.));
#5120=DIRECTION('center_axis',(0.5,-0.866025403784439,0.));
#5121=DIRECTION('ref_axis',(0.866025403784439,0.5,0.));
#5122=DIRECTION('',(-0.866025403784439,-0.5,0.));
#5123=DIRECTION('',(0.,0.,1.));
#5124=DIRECTION('center_axis',(0.866025404370878,0.499999998984257,0.));
#5125=DIRECTION('ref_axis',(-0.499999998984257,0.866025404370878,0.));
#5126=DIRECTION('',(-0.499999998984256,0.866025404370879,0.));
#5127=DIRECTION('',(0.,0.,1.));
#5128=DIRECTION('',(0.499999998984257,-0.866025404370878,0.));
#5129=DIRECTION('center_axis',(-0.866025400111536,0.500000006361654,0.));
#5130=DIRECTION('ref_axis',(-0.500000006361654,-0.866025400111536,0.));
#5131=DIRECTION('',(0.500000006361654,0.866025400111536,0.));
#5132=DIRECTION('',(0.,0.,1.));
#5133=DIRECTION('',(-0.500000006361654,-0.866025400111536,0.));
#5134=DIRECTION('',(0.,0.,-1.));
#5135=DIRECTION('center_axis',(-0.5,-0.866025403784438,0.));
#5136=DIRECTION('ref_axis',(0.866025403784438,-0.5,0.));
#5137=DIRECTION('',(-0.866025403784438,0.5,0.));
#5138=DIRECTION('',(0.,0.,1.));
#5139=DIRECTION('center_axis',(-0.866025400111536,0.500000006361655,0.));
#5140=DIRECTION('ref_axis',(0.500000006361655,0.866025400111536,0.));
#5141=DIRECTION('',(0.500000006361655,0.866025400111536,0.));
#5142=DIRECTION('',(0.,0.,1.));
#5143=DIRECTION('',(-0.500000006361655,-0.866025400111536,0.));
#5144=DIRECTION('center_axis',(0.,0.,-1.));
#5145=DIRECTION('ref_axis',(0.25489270190235,-0.966969343111208,0.));
#5146=DIRECTION('center_axis',(0.,0.,-1.));
#5147=DIRECTION('ref_axis',(0.25489270190235,-0.966969343111208,0.));
#5148=DIRECTION('',(0.,0.,-1.));
#5149=DIRECTION('center_axis',(0.,0.,-1.));
#5150=DIRECTION('ref_axis',(-1.,0.,0.));
#5151=DIRECTION('center_axis',(0.,0.,-1.));
#5152=DIRECTION('ref_axis',(-1.,0.,0.));
#5153=DIRECTION('',(0.,0.,-1.));
#5154=DIRECTION('center_axis',(0.,0.,-1.));
#5155=DIRECTION('ref_axis',(-1.,0.,0.));
#5156=DIRECTION('center_axis',(0.,0.,-1.));
#5157=DIRECTION('ref_axis',(-1.,0.,0.));
#5158=DIRECTION('',(0.,0.,-1.));
#5159=DIRECTION('center_axis',(0.507020126563393,0.86193421515777,0.));
#5160=DIRECTION('ref_axis',(0.86193421515777,-0.507020126563393,0.));
#5161=DIRECTION('',(0.,0.,1.));
#5162=DIRECTION('',(-0.86193421515777,0.507020126563393,0.));
#5163=DIRECTION('',(0.86193421515777,-0.507020126563393,0.));
#5164=DIRECTION('center_axis',(-0.503380982900158,0.86406457285001,0.));
#5165=DIRECTION('ref_axis',(-0.86406457285001,-0.503380982900158,0.));
#5166=DIRECTION('',(0.86406457285001,0.503380982900158,0.));
#5167=DIRECTION('',(-0.86406457285001,-0.503380982900158,0.));
#5168=DIRECTION('',(0.,0.,1.));
#5169=DIRECTION('',(0.86406457285001,0.503380982900158,0.));
#5170=DIRECTION('center_axis',(0.,0.,-1.));
#5171=DIRECTION('ref_axis',(1.,0.,0.));
#5172=DIRECTION('',(1.,0.,0.));
#5173=DIRECTION('',(0.86193421515777,-0.507020126563394,0.));
#5174=DIRECTION('center_axis',(0.507020126563394,0.86193421515777,0.));
#5175=DIRECTION('ref_axis',(-0.86193421515777,0.507020126563394,0.));
#5176=DIRECTION('',(0.,0.,1.));
#5177=DIRECTION('',(-0.86193421515777,0.507020126563393,0.));
#5178=DIRECTION('center_axis',(0.,0.,-1.));
#5179=DIRECTION('ref_axis',(-1.,0.,0.));
#5180=DIRECTION('center_axis',(0.,0.,-1.));
#5181=DIRECTION('ref_axis',(0.262741112925089,0.964866367731245,0.));
#5182=DIRECTION('',(-1.,0.,0.));
#5183=DIRECTION('center_axis',(0.,0.,-1.));
#5184=DIRECTION('ref_axis',(-0.260706182464081,0.965418192507788,0.));
#5185=DIRECTION('center_axis',(0.,0.,-1.));
#5186=DIRECTION('ref_axis',(-0.260706182464081,0.965418192507788,0.));
#5187=DIRECTION('center_axis',(0.,0.,1.));
#5188=DIRECTION('ref_axis',(-0.260706182464081,0.965418192507788,0.));
#5189=DIRECTION('',(0.,0.,1.));
#5190=DIRECTION('center_axis',(0.,0.,1.));
#5191=DIRECTION('ref_axis',(-1.,0.,0.));
#5192=DIRECTION('',(-1.,0.,0.));
#5193=DIRECTION('',(1.,0.,0.));
#5194=DIRECTION('center_axis',(0.,0.,1.));
#5195=DIRECTION('ref_axis',(0.262741112925089,0.964866367731245,0.));
#5196=DIRECTION('center_axis',(0.,0.,1.));
#5197=DIRECTION('ref_axis',(0.262741112925089,0.964866367731245,0.));
#5198=DIRECTION('',(0.,0.,-1.));
#5199=DIRECTION('center_axis',(0.,1.,0.));
#5200=DIRECTION('ref_axis',(-1.,0.,0.));
#5201=DIRECTION('center_axis',(0.,1.,0.));
#5202=DIRECTION('ref_axis',(1.,0.,0.));
#5203=CARTESIAN_POINT('',(0.,0.,0.));
#5204=CARTESIAN_POINT('Origin',(156.274715850968,-136.988857,2.01));
#5205=CARTESIAN_POINT('',(156.274715850968,-136.988857,0.00999999999999675));
#5206=CARTESIAN_POINT('',(158.274715850968,-136.988857,2.01));
#5207=CARTESIAN_POINT('Origin',(156.274715850968,-136.988857,2.01));
#5208=CARTESIAN_POINT('',(158.274715850968,-130.988857,2.01));
#5209=CARTESIAN_POINT('',(158.274715850968,-136.988857,2.01));
#5210=CARTESIAN_POINT('',(156.274715850968,-130.988857,0.00999999999999642));
#5211=CARTESIAN_POINT('Origin',(156.274715850968,-130.988857,2.01));
#5212=CARTESIAN_POINT('',(156.274715850968,-136.988857,0.0099999999999964));
#5213=CARTESIAN_POINT('Origin',(158.274715850968,-136.988857,10.01));
#5214=CARTESIAN_POINT('',(158.274715850968,-136.988857,8.01));
#5215=CARTESIAN_POINT('',(158.274715850968,-136.988857,6.26));
#5216=CARTESIAN_POINT('',(158.274715850968,-130.988857,8.01));
#5217=CARTESIAN_POINT('',(158.274715850968,-136.988857,8.01));
#5218=CARTESIAN_POINT('',(158.274715850968,-130.988857,5.76));
#5219=CARTESIAN_POINT('Origin',(145.274715850968,-136.988857,2.01));
#5220=CARTESIAN_POINT('',(143.274715850968,-136.988857,2.01));
#5221=CARTESIAN_POINT('',(145.274715850968,-136.988857,0.00999999999999695));
#5222=CARTESIAN_POINT('Origin',(145.274715850968,-136.988857,2.01));
#5223=CARTESIAN_POINT('',(145.274715850968,-130.988857,0.00999999999999663));
#5224=CARTESIAN_POINT('',(145.274715850968,-136.988857,0.00999999999999668));
#5225=CARTESIAN_POINT('',(143.274715850968,-130.988857,2.01));
#5226=CARTESIAN_POINT('Origin',(145.274715850968,-130.988857,2.01));
#5227=CARTESIAN_POINT('',(143.274715850968,-136.988857,2.01));
#5228=CARTESIAN_POINT('Origin',(158.274715850968,-136.988857,0.0099999999999964));
#5229=CARTESIAN_POINT('',(164.911825425484,-130.988857,0.00999999999999626));
#5230=CARTESIAN_POINT('',(145.025968850954,-136.988857,0.00999999999999696));
#5231=CARTESIAN_POINT('Origin',(156.274715850968,-136.988857,8.01));
#5232=CARTESIAN_POINT('',(156.274715850968,-136.988857,10.01));
#5233=CARTESIAN_POINT('Origin',(156.274715850968,-136.988857,8.01));
#5234=CARTESIAN_POINT('',(156.274715850968,-130.988857,10.01));
#5235=CARTESIAN_POINT('',(156.274715850968,-136.988857,10.01));
#5236=CARTESIAN_POINT('Origin',(156.274715850968,-130.988857,8.01));
#5237=CARTESIAN_POINT('Origin',(143.274715850968,-136.988857,10.01));
#5238=CARTESIAN_POINT('',(145.274715850968,-136.988857,10.01));
#5239=CARTESIAN_POINT('',(137.525968850954,-136.988857,10.01));
#5240=CARTESIAN_POINT('',(145.274715850968,-130.988857,10.01));
#5241=CARTESIAN_POINT('',(145.274715850968,-136.988857,10.01));
#5242=CARTESIAN_POINT('',(157.411825425484,-130.988857,10.01));
#5243=CARTESIAN_POINT('Origin',(145.274715850968,-136.988857,8.01));
#5244=CARTESIAN_POINT('',(143.274715850968,-136.988857,8.01));
#5245=CARTESIAN_POINT('Origin',(145.274715850968,-136.988857,8.01));
#5246=CARTESIAN_POINT('',(143.274715850968,-130.988857,8.01));
#5247=CARTESIAN_POINT('',(143.274715850968,-136.988857,8.01));
#5248=CARTESIAN_POINT('Origin',(145.274715850968,-130.988857,8.01));
#5249=CARTESIAN_POINT('Origin',(143.274715850968,-136.988857,0.00999999999999668));
#5250=CARTESIAN_POINT('',(143.274715850968,-130.988857,0.759999999999998));
#5251=CARTESIAN_POINT('',(143.274715850968,-136.988857,1.26));
#5252=CARTESIAN_POINT('Origin',(218.5,-122.5,-4.));
#5253=CARTESIAN_POINT('',(217.5,-122.5,-4.));
#5254=CARTESIAN_POINT('Origin',(218.5,-122.5,-4.));
#5255=CARTESIAN_POINT('Origin',(162.78,-76.525,-4.));
#5256=CARTESIAN_POINT('',(161.28,-76.525,-4.));
#5257=CARTESIAN_POINT('Origin',(162.78,-76.525,-4.));
#5258=CARTESIAN_POINT('Origin',(138.27,-76.525,-4.));
#5259=CARTESIAN_POINT('',(136.77,-76.525,-4.));
#5260=CARTESIAN_POINT('Origin',(138.27,-76.525,-4.));
#5261=CARTESIAN_POINT('Origin',(204.5,-147.,-4.));
#5262=CARTESIAN_POINT('',(203.5,-147.,-4.));
#5263=CARTESIAN_POINT('Origin',(204.5,-147.,-4.));
#5264=CARTESIAN_POINT('Origin',(177.5,-78.,-4.));
#5265=CARTESIAN_POINT('',(176.5,-78.,-4.));
#5266=CARTESIAN_POINT('Origin',(177.5,-78.,-4.));
#5267=CARTESIAN_POINT('Origin',(130.,-63.,-4.));
#5268=CARTESIAN_POINT('',(129.,-63.,-4.));
#5269=CARTESIAN_POINT('Origin',(130.,-63.,-4.));
#5270=CARTESIAN_POINT('Origin',(181.,-102.5,-4.));
#5271=CARTESIAN_POINT('',(180.,-102.5,-4.));
#5272=CARTESIAN_POINT('Origin',(181.,-102.5,-4.));
#5273=CARTESIAN_POINT('Origin',(166.,-28.5,-4.));
#5274=CARTESIAN_POINT('',(165.,-28.5,-4.));
#5275=CARTESIAN_POINT('Origin',(166.,-28.5,-4.));
#5276=CARTESIAN_POINT('Origin',(82.5,-123.,-4.));
#5277=CARTESIAN_POINT('',(81.5,-123.,-4.));
#5278=CARTESIAN_POINT('Origin',(82.5,-123.,-4.));
#5279=CARTESIAN_POINT('Origin',(162.78,-123.475,-4.));
#5280=CARTESIAN_POINT('',(161.28,-123.475,-4.));
#5281=CARTESIAN_POINT('Origin',(162.78,-123.475,-4.));
#5282=CARTESIAN_POINT('Origin',(135.,-28.5,-4.));
#5283=CARTESIAN_POINT('',(134.,-28.5,-4.));
#5284=CARTESIAN_POINT('Origin',(135.,-28.5,-4.));
#5285=CARTESIAN_POINT('Origin',(138.27,-123.475,-4.));
#5286=CARTESIAN_POINT('',(136.77,-123.475,-4.));
#5287=CARTESIAN_POINT('Origin',(138.27,-123.475,-4.));
#5288=CARTESIAN_POINT('Origin',(96.5,-147.5,-4.));
#5289=CARTESIAN_POINT('',(95.5,-147.5,-4.));
#5290=CARTESIAN_POINT('Origin',(96.5,-147.5,-4.));
#5291=CARTESIAN_POINT('Ctrl Pts',(118.679855241194,-69.0539907538672,8.22282332363968));
#5292=CARTESIAN_POINT('Ctrl Pts',(118.548138360373,-69.0969966874085,8.30214482828767));
#5293=CARTESIAN_POINT('Ctrl Pts',(118.214894441245,-69.1438699211377,8.45364107088845));
#5294=CARTESIAN_POINT('Ctrl Pts',(117.85415751162,-69.0512999387748,8.51000000000004));
#5295=CARTESIAN_POINT('Ctrl Pts',(117.647273555001,-69.0506257374868,8.51));
#5296=CARTESIAN_POINT('Ctrl Pts',(118.628190261715,-68.6152367588101,8.25483171893107));
#5297=CARTESIAN_POINT('Ctrl Pts',(118.512439995669,-68.6476542551789,8.31882680574641));
#5298=CARTESIAN_POINT('Ctrl Pts',(118.24202843053,-68.6783700033581,8.43769079759828));
#5299=CARTESIAN_POINT('Ctrl Pts',(117.886258903155,-68.6966233325467,8.50968955956341));
#5300=CARTESIAN_POINT('Ctrl Pts',(117.648246918334,-68.751941559412,8.51));
#5301=CARTESIAN_POINT('Ctrl Pts',(118.67623395288,-67.850436932864,8.53982711595857));
#5302=CARTESIAN_POINT('Ctrl Pts',(118.575356276209,-67.8646749184834,8.59634494745562));
#5303=CARTESIAN_POINT('Ctrl Pts',(118.363405572328,-67.8676587212206,8.698565271189));
#5304=CARTESIAN_POINT('Ctrl Pts',(117.954831578352,-68.0769089906966,8.67479172430508));
#5305=CARTESIAN_POINT('Ctrl Pts',(117.649949122184,-68.2296069485087,8.62921476919642));
#5306=CARTESIAN_POINT('Ctrl Pts',(118.946488269282,-67.3676792586005,9.11791942705815));
#5307=CARTESIAN_POINT('Ctrl Pts',(118.83234354507,-67.3793254172828,9.19842982215424));
#5308=CARTESIAN_POINT('Ctrl Pts',(118.566597211364,-67.3732920329278,9.35461570556408));
#5309=CARTESIAN_POINT('Ctrl Pts',(118.032975006307,-67.5963716335396,9.09037582145368));
#5310=CARTESIAN_POINT('Ctrl Pts',(117.651359107276,-67.7969419566942,8.93569294514107));
#5311=CARTESIAN_POINT('Ctrl Pts',(119.088543593643,-67.2376064803259,9.38859122966576));
#5312=CARTESIAN_POINT('Ctrl Pts',(118.963752271322,-67.2520402706023,9.48289720459637));
#5313=CARTESIAN_POINT('Ctrl Pts',(118.657618381312,-67.2479022638823,9.67188570813449));
#5314=CARTESIAN_POINT('Ctrl Pts',(118.066322529646,-67.4314389996571,9.3015585231415));
#5315=CARTESIAN_POINT('Ctrl Pts',(117.651876006527,-67.638327364869,9.0938813170708));
#5316=CARTESIAN_POINT('',(117.651876006527,-67.6383273648682,9.09388131707158));
#5317=CARTESIAN_POINT('',(117.647273555001,-69.0506257374868,8.51));
#5318=CARTESIAN_POINT('Origin',(117.647273555001,-69.0506257374868,10.51));
#5319=CARTESIAN_POINT('',(118.679855241194,-69.0539907538673,8.22282332363972));
#5320=CARTESIAN_POINT('Ctrl Pts',(117.647273555001,-69.0506257374868,8.51));
#5321=CARTESIAN_POINT('Ctrl Pts',(117.85415751162,-69.0512999387748,8.51000000000004));
#5322=CARTESIAN_POINT('Ctrl Pts',(118.214894441245,-69.1438699211377,8.45364107088845));
#5323=CARTESIAN_POINT('Ctrl Pts',(118.548138360373,-69.0969966874085,8.30214482828767));
#5324=CARTESIAN_POINT('Ctrl Pts',(118.679855241194,-69.0539907538672,8.22282332363968));
#5325=CARTESIAN_POINT('',(119.088543593644,-67.2376064803259,9.38859122966576));
#5326=CARTESIAN_POINT('Origin',(119.712436927387,-69.0573557702476,9.93564664727934));
#5327=CARTESIAN_POINT('Ctrl Pts',(119.088543593643,-67.2376064803259,9.38859122966576));
#5328=CARTESIAN_POINT('Ctrl Pts',(118.963752271322,-67.2520402706023,9.48289720459637));
#5329=CARTESIAN_POINT('Ctrl Pts',(118.657618381312,-67.2479022638823,9.67188570813449));
#5330=CARTESIAN_POINT('Ctrl Pts',(118.066322529646,-67.4314389996571,9.3015585231415));
#5331=CARTESIAN_POINT('Ctrl Pts',(117.651876006527,-67.638327364869,9.0938813170708));
#5332=CARTESIAN_POINT('Ctrl Pts',(119.088543593643,-67.2376064803259,9.38859122966581));
#5333=CARTESIAN_POINT('Ctrl Pts',(119.231118098081,-67.2211158265085,9.28084633690327));
#5334=CARTESIAN_POINT('Ctrl Pts',(119.481823031219,-67.1639137188691,9.01488647897541));
#5335=CARTESIAN_POINT('Ctrl Pts',(119.664309203924,-67.0466253711262,8.71302931771208));
#5336=CARTESIAN_POINT('Ctrl Pts',(119.735568272359,-66.9753663026915,8.55849492625541));
#5337=CARTESIAN_POINT('Ctrl Pts',(118.922812381888,-67.3893580549797,9.07280745995688));
#5338=CARTESIAN_POINT('Ctrl Pts',(119.065429409184,-67.3667387091248,9.001349312379));
#5339=CARTESIAN_POINT('Ctrl Pts',(119.327120391003,-67.3036002377025,8.79338009973334));
#5340=CARTESIAN_POINT('Ctrl Pts',(119.525246388747,-67.1804662914685,8.52918710774569));
#5341=CARTESIAN_POINT('Ctrl Pts',(119.604637091472,-67.1062974835782,8.39069047961087));
#5342=CARTESIAN_POINT('Ctrl Pts',(118.664189043104,-67.9036554781302,8.50555378095628));
#5343=CARTESIAN_POINT('Ctrl Pts',(118.812596961792,-67.8281914468956,8.48611171761261));
#5344=CARTESIAN_POINT('Ctrl Pts',(119.096527599545,-67.6957749755198,8.36857705672337));
#5345=CARTESIAN_POINT('Ctrl Pts',(119.318759456587,-67.5288839387637,8.16679564812647));
#5346=CARTESIAN_POINT('Ctrl Pts',(119.409885351272,-67.4351577546704,8.05515381364628));
#5347=CARTESIAN_POINT('Ctrl Pts',(118.63464838415,-68.6700810081925,8.25083066951961));
#5348=CARTESIAN_POINT('Ctrl Pts',(118.785900007258,-68.5079624952875,8.19918627153852));
#5349=CARTESIAN_POINT('Ctrl Pts',(119.06906814503,-68.2396079493057,8.06463829960451));
#5350=CARTESIAN_POINT('Ctrl Pts',(119.287012493095,-67.9839405177974,7.87094281185839));
#5351=CARTESIAN_POINT('Ctrl Pts',(119.376080883361,-67.8523058272154,7.7661781815569));
#5352=CARTESIAN_POINT('Ctrl Pts',(118.679855241194,-69.0539907538675,8.2228233236397));
#5353=CARTESIAN_POINT('Ctrl Pts',(118.830824489894,-68.8568678604983,8.13219823844901));
#5354=CARTESIAN_POINT('Ctrl Pts',(119.107344983393,-68.5231167766773,7.95714714305008));
#5355=CARTESIAN_POINT('Ctrl Pts',(119.316256919987,-68.2205853612312,7.7513241872984));
#5356=CARTESIAN_POINT('Ctrl Pts',(119.400651040799,-68.0685374365503,7.6433592943349));
#5357=CARTESIAN_POINT('',(119.400651040799,-68.0685374365501,7.64335929433479));
#5358=CARTESIAN_POINT('Ctrl Pts',(118.679855241194,-69.0539907538675,8.2228233236397));
#5359=CARTESIAN_POINT('Ctrl Pts',(118.830824489894,-68.8568678604983,8.13219823844901));
#5360=CARTESIAN_POINT('Ctrl Pts',(119.107344983393,-68.5231167766773,7.95714714305008));
#5361=CARTESIAN_POINT('Ctrl Pts',(119.316256919987,-68.2205853612312,7.7513241872984));
#5362=CARTESIAN_POINT('Ctrl Pts',(119.400651040799,-68.0685374365503,7.6433592943349));
#5363=CARTESIAN_POINT('',(119.73556827236,-66.9753663026904,8.55849492625699));
#5364=CARTESIAN_POINT('Origin',(121.149781834728,-68.3895798650686,8.55849492625985));
#5365=CARTESIAN_POINT('Ctrl Pts',(119.735568272359,-66.9753663026915,8.55849492625541));
#5366=CARTESIAN_POINT('Ctrl Pts',(119.664309203924,-67.0466253711262,8.71302931771208));
#5367=CARTESIAN_POINT('Ctrl Pts',(119.481823031219,-67.1639137188691,9.01488647897541));
#5368=CARTESIAN_POINT('Ctrl Pts',(119.231118098081,-67.2211158265085,9.28084633690327));
#5369=CARTESIAN_POINT('Ctrl Pts',(119.088543593643,-67.2376064803259,9.38859122966581));
#5370=CARTESIAN_POINT('Origin',(218.5,-122.5,0.));
#5371=CARTESIAN_POINT('',(217.5,-122.5,0.));
#5372=CARTESIAN_POINT('Origin',(218.5,-122.5,0.));
#5373=CARTESIAN_POINT('',(217.5,-122.5,0.));
#5374=CARTESIAN_POINT('Origin',(162.78,-76.525,0.));
#5375=CARTESIAN_POINT('',(161.28,-76.525,0.));
#5376=CARTESIAN_POINT('Origin',(162.78,-76.525,0.));
#5377=CARTESIAN_POINT('',(161.28,-76.525,0.));
#5378=CARTESIAN_POINT('Origin',(138.27,-76.525,0.));
#5379=CARTESIAN_POINT('',(136.77,-76.525,0.));
#5380=CARTESIAN_POINT('Origin',(138.27,-76.525,0.));
#5381=CARTESIAN_POINT('',(136.77,-76.525,0.));
#5382=CARTESIAN_POINT('Origin',(204.5,-147.,0.));
#5383=CARTESIAN_POINT('',(203.5,-147.,0.));
#5384=CARTESIAN_POINT('Origin',(204.5,-147.,0.));
#5385=CARTESIAN_POINT('',(203.5,-147.,0.));
#5386=CARTESIAN_POINT('Origin',(177.5,-78.,0.));
#5387=CARTESIAN_POINT('',(176.5,-78.,0.));
#5388=CARTESIAN_POINT('Origin',(177.5,-78.,0.));
#5389=CARTESIAN_POINT('',(176.5,-78.,0.));
#5390=CARTESIAN_POINT('Origin',(130.,-63.,0.));
#5391=CARTESIAN_POINT('',(129.,-63.,0.));
#5392=CARTESIAN_POINT('Origin',(130.,-63.,0.));
#5393=CARTESIAN_POINT('',(129.,-63.,0.));
#5394=CARTESIAN_POINT('Origin',(181.,-102.5,0.));
#5395=CARTESIAN_POINT('',(180.,-102.5,0.));
#5396=CARTESIAN_POINT('Origin',(181.,-102.5,0.));
#5397=CARTESIAN_POINT('',(180.,-102.5,0.));
#5398=CARTESIAN_POINT('Origin',(166.,-28.5,0.));
#5399=CARTESIAN_POINT('',(165.,-28.5,0.));
#5400=CARTESIAN_POINT('Origin',(166.,-28.5,0.));
#5401=CARTESIAN_POINT('',(165.,-28.5,0.));
#5402=CARTESIAN_POINT('Origin',(82.5,-123.,0.));
#5403=CARTESIAN_POINT('',(81.5,-123.,0.));
#5404=CARTESIAN_POINT('Origin',(82.5,-123.,0.));
#5405=CARTESIAN_POINT('',(81.5,-123.,0.));
#5406=CARTESIAN_POINT('Origin',(162.78,-123.475,0.));
#5407=CARTESIAN_POINT('',(161.28,-123.475,0.));
#5408=CARTESIAN_POINT('Origin',(162.78,-123.475,0.));
#5409=CARTESIAN_POINT('',(161.28,-123.475,0.));
#5410=CARTESIAN_POINT('Origin',(135.,-28.5,0.));
#5411=CARTESIAN_POINT('',(134.,-28.5,0.));
#5412=CARTESIAN_POINT('Origin',(135.,-28.5,0.));
#5413=CARTESIAN_POINT('',(134.,-28.5,0.));
#5414=CARTESIAN_POINT('Origin',(138.27,-123.475,0.));
#5415=CARTESIAN_POINT('',(136.77,-123.475,0.));
#5416=CARTESIAN_POINT('Origin',(138.27,-123.475,0.));
#5417=CARTESIAN_POINT('',(136.77,-123.475,0.));
#5418=CARTESIAN_POINT('Origin',(118.12120033489,-77.0522126680465,10.51));
#5419=CARTESIAN_POINT('',(115.621213609815,-77.0440656164447,8.51));
#5420=CARTESIAN_POINT('',(115.614695968534,-79.0440549965045,10.51));
#5421=CARTESIAN_POINT('Origin',(115.621213609815,-77.0440656164447,10.51));
#5422=CARTESIAN_POINT('',(117.614685348594,-79.050572637786,10.51));
#5423=CARTESIAN_POINT('',(118.114682693609,-79.0522020481064,10.51));
#5424=CARTESIAN_POINT('',(117.621202989875,-77.0505832577261,8.51));
#5425=CARTESIAN_POINT('Origin',(117.621202989875,-77.0505832577261,10.51));
#5426=CARTESIAN_POINT('',(118.12120033489,-77.0522126680465,8.51));
#5427=CARTESIAN_POINT('Origin',(119.614674728653,-79.0570902790675,16.51));
#5428=CARTESIAN_POINT('',(117.614685348594,-79.050572637786,16.51));
#5429=CARTESIAN_POINT('',(117.614685348594,-79.050572637786,9.01));
#5430=CARTESIAN_POINT('',(115.614695968534,-79.0440549965045,16.51));
#5431=CARTESIAN_POINT('',(115.614695968534,-79.0440549965045,9.51));
#5432=CARTESIAN_POINT('',(135.105830698453,-79.1075734459549,16.51));
#5433=CARTESIAN_POINT('Origin',(128.085616024853,-21.689058,13.51));
#5434=CARTESIAN_POINT('',(129.735616024853,-21.689058,16.51));
#5435=CARTESIAN_POINT('Origin',(128.085616024853,-21.689058,16.51));
#5436=CARTESIAN_POINT('',(129.735616024853,-21.689058,0.));
#5437=CARTESIAN_POINT('',(129.735616024853,-21.689058,13.51));
#5438=CARTESIAN_POINT('Origin',(128.085616024853,-21.689058,0.));
#5439=CARTESIAN_POINT('Origin',(113.653812436163,-67.037601074864,16.51));
#5440=CARTESIAN_POINT('',(115.653801816223,-67.0441187161455,10.51));
#5441=CARTESIAN_POINT('',(115.653801816223,-67.0441187161455,16.51));
#5442=CARTESIAN_POINT('',(115.653801816223,-67.0441187161455,9.51));
#5443=CARTESIAN_POINT('',(118.821537336225,-67.054441852858,10.51));
#5444=CARTESIAN_POINT('',(115.153804471208,-67.0424893058251,10.51));
#5445=CARTESIAN_POINT('',(118.821537336225,-67.054441852858,16.51));
#5446=CARTESIAN_POINT('',(118.821537336225,-67.054441852858,9.01));
#5447=CARTESIAN_POINT('',(132.144952476052,-67.0978607036737,16.51));
#5448=CARTESIAN_POINT('Origin',(115.147286829926,-69.042478685885,10.51));
#5449=CARTESIAN_POINT('',(115.647284174941,-69.0441080962053,8.51));
#5450=CARTESIAN_POINT('Origin',(115.647284174941,-69.0441080962053,10.51));
#5451=CARTESIAN_POINT('',(115.147286829926,-69.042478685885,8.51));
#5452=CARTESIAN_POINT('Origin',(114.841026816174,-69.0414806341311,10.51));
#5453=CARTESIAN_POINT('Origin',(116.634243582408,-73.0473456769657,8.51));
#5454=CARTESIAN_POINT('',(115.648056246958,-68.8071917384708,8.51));
#5455=CARTESIAN_POINT('',(117.593124008183,-85.6668391640343,8.51));
#5456=CARTESIAN_POINT('Origin',(74.2639949881931,-120.813201967935,13.51));
#5457=CARTESIAN_POINT('',(75.9139949881931,-120.813201967935,16.51));
#5458=CARTESIAN_POINT('Origin',(74.2639949881931,-120.813201967935,16.51));
#5459=CARTESIAN_POINT('',(75.9139949881931,-120.813201967935,0.));
#5460=CARTESIAN_POINT('',(75.9139949881931,-120.813201967935,13.51));
#5461=CARTESIAN_POINT('Origin',(74.2639949881931,-120.813201967935,0.));
#5462=CARTESIAN_POINT('Origin',(226.871097221383,-120.457789245334,13.51));
#5463=CARTESIAN_POINT('',(228.521097221383,-120.457789245334,16.51));
#5464=CARTESIAN_POINT('Origin',(226.871097221383,-120.457789245334,16.51));
#5465=CARTESIAN_POINT('',(228.521097221383,-120.457789245334,0.));
#5466=CARTESIAN_POINT('',(228.521097221383,-120.457789245334,13.51));
#5467=CARTESIAN_POINT('Origin',(226.871097221383,-120.457789245334,0.));
#5468=CARTESIAN_POINT('Origin',(172.386792683378,-21.689058,13.51));
#5469=CARTESIAN_POINT('',(174.036792683378,-21.689058,16.51));
#5470=CARTESIAN_POINT('Origin',(172.386792683378,-21.689058,16.51));
#5471=CARTESIAN_POINT('',(174.036792683378,-21.689058,0.));
#5472=CARTESIAN_POINT('',(174.036792683378,-21.689058,13.51));
#5473=CARTESIAN_POINT('Origin',(172.386792683378,-21.689058,0.));
#5474=CARTESIAN_POINT('Origin',(96.5,-147.5,0.));
#5475=CARTESIAN_POINT('',(95.5,-147.5,0.));
#5476=CARTESIAN_POINT('Origin',(96.5,-147.5,0.));
#5477=CARTESIAN_POINT('',(95.5,-147.5,0.));
#5478=CARTESIAN_POINT('Ctrl Pts',(119.070692020427,-67.6402425546235,7.67776263414247));
#5479=CARTESIAN_POINT('Ctrl Pts',(119.811033967982,-66.8999006070688,8.41851348241857));
#5480=CARTESIAN_POINT('Ctrl Pts',(120.242268539879,-66.4686660351713,9.46100507191265));
#5481=CARTESIAN_POINT('Ctrl Pts',(120.242268539879,-66.4686660351713,10.51));
#5482=CARTESIAN_POINT('Ctrl Pts',(118.927772079332,-67.7831624957183,7.96344473030422));
#5483=CARTESIAN_POINT('Ctrl Pts',(119.638379924114,-67.0718791810901,8.61306586683309));
#5484=CARTESIAN_POINT('Ctrl Pts',(120.056380304705,-66.6545542703454,9.55819670227746));
#5485=CARTESIAN_POINT('Ctrl Pts',(120.056380304705,-66.6545542703454,10.51));
#5486=CARTESIAN_POINT('Ctrl Pts',(118.50909935789,-67.9356800661286,8.53431972029382));
#5487=CARTESIAN_POINT('Ctrl Pts',(119.200385889927,-67.3230245555646,9.00254402411846));
#5488=CARTESIAN_POINT('Ctrl Pts',(119.610393436638,-66.9519235310885,9.75247891533931));
#5489=CARTESIAN_POINT('Ctrl Pts',(119.610393436638,-66.9519235310885,10.51));
#5490=CARTESIAN_POINT('Ctrl Pts',(117.937635871835,-67.7818259596897,8.95169857600735));
#5491=CARTESIAN_POINT('Ctrl Pts',(118.660620048738,-67.3298427943203,9.3295379824062));
#5492=CARTESIAN_POINT('Ctrl Pts',(119.084421603579,-67.0552985500837,9.91707005557127));
#5493=CARTESIAN_POINT('Ctrl Pts',(119.084421603579,-67.0552985500837,10.51));
#5494=CARTESIAN_POINT('Ctrl Pts',(117.651876006528,-67.6383273648686,9.09388131707123));
#5495=CARTESIAN_POINT('Ctrl Pts',(118.391007708495,-67.2693587743125,9.46425674120928));
#5496=CARTESIAN_POINT('Ctrl Pts',(118.821537336225,-67.054441852858,9.98550253595633));
#5497=CARTESIAN_POINT('Ctrl Pts',(118.821537336225,-67.054441852858,10.51));
#5498=CARTESIAN_POINT('',(120.242268539879,-66.4686660351713,10.51));
#5499=CARTESIAN_POINT('Origin',(116.255240378547,-70.4556941965042,10.51));
#5500=CARTESIAN_POINT('Origin',(118.828054977506,-65.0544524727982,10.51));
#5501=CARTESIAN_POINT('Origin',(118.828054977506,-65.0544524727982,9.01));
#5502=CARTESIAN_POINT('',(120.242268539879,-66.4686660351713,16.51));
#5503=CARTESIAN_POINT('Origin',(118.828054977506,-65.0544524727982,16.51));
#5504=CARTESIAN_POINT('',(120.242268539879,-66.4686660351713,9.01));
#5505=CARTESIAN_POINT('Origin',(117.608167707312,-81.0505620178458,9.01));
#5506=CARTESIAN_POINT('',(119.608157087372,-81.0570796591273,16.51));
#5507=CARTESIAN_POINT('Origin',(117.608167707312,-81.0505620178458,16.51));
#5508=CARTESIAN_POINT('',(119.608157087372,-81.0570796591273,10.51));
#5509=CARTESIAN_POINT('',(119.608157087372,-81.0570796591273,9.01));
#5510=CARTESIAN_POINT('Origin',(117.608167707312,-81.0505620178458,10.51));
#5511=CARTESIAN_POINT('Origin',(117.621202989875,-77.0505832577261,10.51));
#5512=CARTESIAN_POINT('',(119.621192369935,-77.0571008990076,6.51));
#5513=CARTESIAN_POINT('Origin',(119.621192369935,-77.0571008990076,10.51));
#5514=CARTESIAN_POINT('Origin',(117.621202989875,-77.0505832577261,6.51));
#5515=CARTESIAN_POINT('Origin',(117.593124008183,-85.6668391640343,6.51));
#5516=CARTESIAN_POINT('',(119.647262935061,-69.0571433787683,6.51));
#5517=CARTESIAN_POINT('',(119.593113388243,-85.6733568053158,6.51));
#5518=CARTESIAN_POINT('Origin',(117.647273555001,-69.0506257374868,6.51));
#5519=CARTESIAN_POINT('Origin',(117.647273555001,-69.0506257374868,10.51));
#5520=CARTESIAN_POINT('',(119.651093314571,-67.8817613638847,6.68659020672894));
#5521=CARTESIAN_POINT('Origin',(119.647262935061,-69.0571433787683,10.51));
#5522=CARTESIAN_POINT('Ctrl Pts',(119.400651040799,-68.0685374365501,7.64335929433479));
#5523=CARTESIAN_POINT('Ctrl Pts',(119.563232748704,-67.77562353401,7.43536948979929));
#5524=CARTESIAN_POINT('Ctrl Pts',(119.651405895484,-67.7858434573723,7.05757661016684));
#5525=CARTESIAN_POINT('Ctrl Pts',(119.651093314571,-67.8817613638847,6.68659020672894));
#5526=CARTESIAN_POINT('Ctrl Pts',(119.651093314571,-67.8817613638847,6.68659020672894));
#5527=CARTESIAN_POINT('Ctrl Pts',(119.651405895484,-67.7858434573723,7.05757661016684));
#5528=CARTESIAN_POINT('Ctrl Pts',(119.563232748704,-67.77562353401,7.43536948979929));
#5529=CARTESIAN_POINT('Ctrl Pts',(119.400651040799,-68.0685374365501,7.64335929433479));
#5530=CARTESIAN_POINT('Ctrl Pts',(119.652792549114,-67.3603379079833,6.68659020672894));
#5531=CARTESIAN_POINT('Ctrl Pts',(119.678538326754,-67.2965923168311,7.13924006470902));
#5532=CARTESIAN_POINT('Ctrl Pts',(119.588430595648,-67.3480670489746,7.61250785590892));
#5533=CARTESIAN_POINT('Ctrl Pts',(119.351510725921,-67.6360742178821,7.88899706878059));
#5534=CARTESIAN_POINT('Ctrl Pts',(119.868165112913,-66.8427694621381,6.68659020672894));
#5535=CARTESIAN_POINT('Ctrl Pts',(119.891277624985,-66.8203590080251,7.2540136416256));
#5536=CARTESIAN_POINT('Ctrl Pts',(119.767716480397,-66.9440968698228,7.8322841406585));
#5537=CARTESIAN_POINT('Ctrl Pts',(119.473705910583,-67.2372286644681,8.22288603296963));
#5538=CARTESIAN_POINT('Ctrl Pts',(120.236869132258,-66.4740654427931,6.68659020672894));
#5539=CARTESIAN_POINT('Ctrl Pts',(120.236869132258,-66.4740654427931,7.36958875470009));
#5540=CARTESIAN_POINT('Ctrl Pts',(120.059879447848,-66.6510551272023,8.05240052851434));
#5541=CARTESIAN_POINT('Ctrl Pts',(119.735568272355,-66.9753663026955,8.55849492625985));
#5542=CARTESIAN_POINT('',(120.236869132258,-66.4740654427931,6.68659020672894));
#5543=CARTESIAN_POINT('Origin',(121.651082694631,-67.8882790051662,6.68659020672894));
#5544=CARTESIAN_POINT('Ctrl Pts',(120.236869132258,-66.4740654427931,6.68659020672894));
#5545=CARTESIAN_POINT('Ctrl Pts',(120.236869132258,-66.4740654427931,7.36958875470009));
#5546=CARTESIAN_POINT('Ctrl Pts',(120.059879447848,-66.6510551272023,8.05240052851434));
#5547=CARTESIAN_POINT('Ctrl Pts',(119.735568272355,-66.9753663026955,8.55849492625985));
#5548=CARTESIAN_POINT('Origin',(218.5,-122.5,0.));
#5549=CARTESIAN_POINT('',(215.75,-122.5,0.));
#5550=CARTESIAN_POINT('Origin',(218.5,-122.5,0.));
#5551=CARTESIAN_POINT('Origin',(162.78,-76.525,0.));
#5552=CARTESIAN_POINT('',(160.03,-76.525,0.));
#5553=CARTESIAN_POINT('Origin',(162.78,-76.525,0.));
#5554=CARTESIAN_POINT('Origin',(138.27,-76.525,0.));
#5555=CARTESIAN_POINT('',(135.52,-76.525,0.));
#5556=CARTESIAN_POINT('Origin',(138.27,-76.525,0.));
#5557=CARTESIAN_POINT('Origin',(204.5,-147.,0.));
#5558=CARTESIAN_POINT('',(201.75,-147.,0.));
#5559=CARTESIAN_POINT('Origin',(204.5,-147.,0.));
#5560=CARTESIAN_POINT('Origin',(177.5,-78.,0.));
#5561=CARTESIAN_POINT('',(174.75,-78.,0.));
#5562=CARTESIAN_POINT('Origin',(177.5,-78.,0.));
#5563=CARTESIAN_POINT('Origin',(130.,-63.,0.));
#5564=CARTESIAN_POINT('',(127.25,-63.,0.));
#5565=CARTESIAN_POINT('Origin',(130.,-63.,0.));
#5566=CARTESIAN_POINT('Origin',(181.,-102.5,0.));
#5567=CARTESIAN_POINT('',(178.25,-102.5,0.));
#5568=CARTESIAN_POINT('Origin',(181.,-102.5,0.));
#5569=CARTESIAN_POINT('Origin',(166.,-28.5,0.));
#5570=CARTESIAN_POINT('',(163.25,-28.5,0.));
#5571=CARTESIAN_POINT('Origin',(166.,-28.5,0.));
#5572=CARTESIAN_POINT('Origin',(82.5,-123.,0.));
#5573=CARTESIAN_POINT('',(79.75,-123.,0.));
#5574=CARTESIAN_POINT('Origin',(82.5,-123.,0.));
#5575=CARTESIAN_POINT('Origin',(162.78,-123.475,0.));
#5576=CARTESIAN_POINT('',(160.03,-123.475,0.));
#5577=CARTESIAN_POINT('Origin',(162.78,-123.475,0.));
#5578=CARTESIAN_POINT('Origin',(135.,-28.5,0.));
#5579=CARTESIAN_POINT('',(132.25,-28.5,0.));
#5580=CARTESIAN_POINT('Origin',(135.,-28.5,0.));
#5581=CARTESIAN_POINT('Origin',(138.27,-123.475,0.));
#5582=CARTESIAN_POINT('',(135.52,-123.475,0.));
#5583=CARTESIAN_POINT('Origin',(138.27,-123.475,0.));
#5584=CARTESIAN_POINT('Origin',(115.621213609815,-77.0440656164447,10.51));
#5585=CARTESIAN_POINT('',(113.621224229755,-77.0375479751632,6.51));
#5586=CARTESIAN_POINT('',(113.608188947192,-81.0375267352828,10.51));
#5587=CARTESIAN_POINT('Origin',(113.621224229755,-77.0375479751632,10.51));
#5588=CARTESIAN_POINT('Origin',(115.608178327252,-81.0440443765643,10.51));
#5589=CARTESIAN_POINT('Origin',(115.621213609815,-77.0440656164447,6.51));
#5590=CARTESIAN_POINT('Origin',(115.608178327252,-81.0440443765643,9.51));
#5591=CARTESIAN_POINT('',(113.608188947192,-81.0375267352828,16.51));
#5592=CARTESIAN_POINT('Origin',(115.608178327252,-81.0440443765643,16.51));
#5593=CARTESIAN_POINT('',(113.608188947192,-81.0375267352828,9.51));
#5594=CARTESIAN_POINT('Origin',(106.107724295303,-98.9108148522021,16.51));
#5595=CARTESIAN_POINT('',(109.113947059938,-104.103369588494,13.51));
#5596=CARTESIAN_POINT('',(106.107724295303,-98.9108148522021,13.51));
#5597=CARTESIAN_POINT('',(106.859279986462,-100.208953536275,13.51));
#5598=CARTESIAN_POINT('',(109.113947059938,-104.103369588494,16.51));
#5599=CARTESIAN_POINT('',(109.113947059938,-104.103369588494,9.01));
#5600=CARTESIAN_POINT('',(106.107724295303,-98.9108148522021,16.51));
#5601=CARTESIAN_POINT('',(109.559719289835,-104.873338045553,16.51));
#5602=CARTESIAN_POINT('',(106.107724295303,-98.9108148522021,2.51));
#5603=CARTESIAN_POINT('Origin',(150.564604873719,-89.0946644098144,16.51));
#5604=CARTESIAN_POINT('',(119.552747848294,-98.0598395422705,16.51));
#5605=CARTESIAN_POINT('',(78.3602752927286,-121.908167584463,16.51));
#5606=CARTESIAN_POINT('',(119.552747848294,-98.0598395422705,16.51));
#5607=CARTESIAN_POINT('',(113.592087734165,-85.9783103210826,16.51));
#5608=CARTESIAN_POINT('',(113.661874221477,-64.5637789793351,16.51));
#5609=CARTESIAN_POINT('Origin',(98.5921673837158,-85.9294280114715,16.51));
#5610=CARTESIAN_POINT('Origin',(105.99385419708,-100.709990663714,13.51));
#5611=CARTESIAN_POINT('',(105.242298505921,-99.4118519796412,12.51));
#5612=CARTESIAN_POINT('Origin',(105.242298505921,-99.4118519796412,13.51));
#5613=CARTESIAN_POINT('',(108.248521270556,-104.604406715933,12.51));
#5614=CARTESIAN_POINT('',(105.99385419708,-100.709990663714,12.51));
#5615=CARTESIAN_POINT('Origin',(108.248521270556,-104.604406715933,13.51));
#5616=CARTESIAN_POINT('Origin',(103.28370673071,-104.012277857544,12.51));
#5617=CARTESIAN_POINT('',(98.3188921908646,-103.420148999154,12.51));
#5618=CARTESIAN_POINT('',(107.672302960546,-98.0050040828629,12.51));
#5619=CARTESIAN_POINT('',(101.3251149555,-108.612703735447,12.51));
#5620=CARTESIAN_POINT('',(100.573559264341,-107.314565051374,12.51));
#5621=CARTESIAN_POINT('',(91.746424631026,-114.158273954969,12.51));
#5622=CARTESIAN_POINT('Origin',(100.573559264341,-107.314565051374,13.51));
#5623=CARTESIAN_POINT('',(100.459689166117,-109.113740862886,13.51));
#5624=CARTESIAN_POINT('Origin',(101.3251149555,-108.612703735447,13.51));
#5625=CARTESIAN_POINT('',(97.4534664014826,-103.921186126594,13.51));
#5626=CARTESIAN_POINT('Origin',(98.3188921908646,-103.420148999154,13.51));
#5627=CARTESIAN_POINT('',(99.7081334749588,-107.815602178813,13.51));
#5628=CARTESIAN_POINT('Origin',(100.459689166117,-109.113740862886,16.51));
#5629=CARTESIAN_POINT('',(97.4534664014826,-103.921186126594,16.51));
#5630=CARTESIAN_POINT('',(97.4534664014826,-103.921186126594,9.51));
#5631=CARTESIAN_POINT('',(100.459689166117,-109.113740862886,16.51));
#5632=CARTESIAN_POINT('',(102.408572778332,-112.479986688091,16.51));
#5633=CARTESIAN_POINT('',(100.459689166117,-109.113740862886,9.01));
#5634=CARTESIAN_POINT('Origin',(172.409439055092,-21.689058,0.));
#5635=CARTESIAN_POINT('',(175.356934353959,-19.6740743745411,0.));
#5636=CARTESIAN_POINT('',(174.357046614776,-18.689058,0.));
#5637=CARTESIAN_POINT('Origin',(174.357046614776,-19.689058,0.));
#5638=CARTESIAN_POINT('',(175.450536393661,-25.9203284681764,0.));
#5639=CARTESIAN_POINT('',(175.621649278646,-37.3390385915723,0.));
#5640=CARTESIAN_POINT('',(174.200676719682,-24.689058,0.));
#5641=CARTESIAN_POINT('Origin',(174.200676719682,-25.939058,0.));
#5642=CARTESIAN_POINT('',(172.386792683378,-24.689058,0.));
#5643=CARTESIAN_POINT('',(172.386792683378,-24.689058,0.));
#5644=CARTESIAN_POINT('',(169.386792683378,-21.689058,0.));
#5645=CARTESIAN_POINT('Origin',(172.386792683378,-21.689058,0.));
#5646=CARTESIAN_POINT('',(169.386792683378,-19.939058,0.));
#5647=CARTESIAN_POINT('',(169.386792683378,-21.689058,0.));
#5648=CARTESIAN_POINT('',(168.136792683378,-18.689058,0.));
#5649=CARTESIAN_POINT('Origin',(168.136792683378,-19.939058,0.));
#5650=CARTESIAN_POINT('',(173.875806317784,-18.689058,0.));
#5651=CARTESIAN_POINT('Origin',(174.357046614776,-19.689058,2.51));
#5652=CARTESIAN_POINT('',(174.357046614776,-18.689058,16.51));
#5653=CARTESIAN_POINT('',(174.357046614776,-18.689058,2.51));
#5654=CARTESIAN_POINT('',(175.356934353959,-19.6740743745411,16.51));
#5655=CARTESIAN_POINT('Origin',(174.357046614776,-19.689058,16.51));
#5656=CARTESIAN_POINT('',(175.356934353959,-19.6740743745411,2.51));
#5657=CARTESIAN_POINT('Origin',(163.5,-18.689058,13.51));
#5658=CARTESIAN_POINT('',(163.5,-18.689058,13.51));
#5659=CARTESIAN_POINT('',(163.5,-24.689058,13.51));
#5660=CARTESIAN_POINT('',(163.5,-18.689058,13.51));
#5661=CARTESIAN_POINT('',(163.5,-24.689058,16.51));
#5662=CARTESIAN_POINT('',(163.5,-24.689058,13.51));
#5663=CARTESIAN_POINT('',(163.5,-18.689058,16.51));
#5664=CARTESIAN_POINT('',(163.5,-18.689058,16.51));
#5665=CARTESIAN_POINT('',(163.5,-18.689058,13.51));
#5666=CARTESIAN_POINT('Origin',(160.5,-18.689058,13.51));
#5667=CARTESIAN_POINT('',(159.5,-24.689058,10.6815728752538));
#5668=CARTESIAN_POINT('',(159.5,-18.689058,10.6815728752538));
#5669=CARTESIAN_POINT('',(159.5,-18.689058,10.6815728752538));
#5670=CARTESIAN_POINT('Origin',(160.5,-24.689058,13.51));
#5671=CARTESIAN_POINT('Origin',(160.5,-18.689058,13.51));
#5672=CARTESIAN_POINT('Origin',(158.5,-18.689058,7.85314575050761));
#5673=CARTESIAN_POINT('',(157.5,-24.689058,10.6815728752538));
#5674=CARTESIAN_POINT('Origin',(158.5,-24.689058,7.85314575050761));
#5675=CARTESIAN_POINT('',(157.5,-18.689058,10.6815728752538));
#5676=CARTESIAN_POINT('Origin',(158.5,-18.689058,7.85314575050761));
#5677=CARTESIAN_POINT('',(157.5,-18.689058,10.6815728752538));
#5678=CARTESIAN_POINT('Origin',(156.5,-18.689058,13.51));
#5679=CARTESIAN_POINT('',(155.5,-24.689058,10.6815728752538));
#5680=CARTESIAN_POINT('',(155.5,-18.689058,10.6815728752538));
#5681=CARTESIAN_POINT('',(155.5,-18.689058,10.6815728752538));
#5682=CARTESIAN_POINT('Origin',(156.5,-24.689058,13.51));
#5683=CARTESIAN_POINT('Origin',(156.5,-18.689058,13.51));
#5684=CARTESIAN_POINT('Origin',(154.5,-18.689058,7.85314575050761));
#5685=CARTESIAN_POINT('',(153.5,-24.689058,10.6815728752538));
#5686=CARTESIAN_POINT('Origin',(154.5,-24.689058,7.85314575050761));
#5687=CARTESIAN_POINT('',(153.5,-18.689058,10.6815728752538));
#5688=CARTESIAN_POINT('Origin',(154.5,-18.689058,7.85314575050761));
#5689=CARTESIAN_POINT('',(153.5,-18.689058,10.6815728752538));
#5690=CARTESIAN_POINT('Origin',(152.5,-18.689058,13.51));
#5691=CARTESIAN_POINT('',(151.5,-24.689058,10.6815728752538));
#5692=CARTESIAN_POINT('',(151.5,-18.689058,10.6815728752538));
#5693=CARTESIAN_POINT('',(151.5,-18.689058,10.6815728752538));
#5694=CARTESIAN_POINT('Origin',(152.5,-24.689058,13.51));
#5695=CARTESIAN_POINT('Origin',(152.5,-18.689058,13.51));
#5696=CARTESIAN_POINT('Origin',(150.5,-18.689058,7.8531457505076));
#5697=CARTESIAN_POINT('',(149.5,-24.689058,10.6815728752538));
#5698=CARTESIAN_POINT('Origin',(150.5,-24.689058,7.8531457505076));
#5699=CARTESIAN_POINT('',(149.5,-18.689058,10.6815728752538));
#5700=CARTESIAN_POINT('Origin',(150.5,-18.689058,7.8531457505076));
#5701=CARTESIAN_POINT('',(149.5,-18.689058,10.6815728752538));
#5702=CARTESIAN_POINT('Origin',(148.5,-18.689058,13.51));
#5703=CARTESIAN_POINT('',(147.5,-24.689058,10.6815728752538));
#5704=CARTESIAN_POINT('',(147.5,-18.689058,10.6815728752538));
#5705=CARTESIAN_POINT('',(147.5,-18.689058,10.6815728752538));
#5706=CARTESIAN_POINT('Origin',(148.5,-24.689058,13.51));
#5707=CARTESIAN_POINT('Origin',(148.5,-18.689058,13.51));
#5708=CARTESIAN_POINT('Origin',(146.5,-18.689058,7.85314575050761));
#5709=CARTESIAN_POINT('',(145.5,-24.689058,10.6815728752538));
#5710=CARTESIAN_POINT('Origin',(146.5,-24.689058,7.85314575050761));
#5711=CARTESIAN_POINT('',(145.5,-18.689058,10.6815728752538));
#5712=CARTESIAN_POINT('Origin',(146.5,-18.689058,7.85314575050761));
#5713=CARTESIAN_POINT('',(145.5,-18.689058,10.6815728752538));
#5714=CARTESIAN_POINT('Origin',(144.5,-18.689058,13.51));
#5715=CARTESIAN_POINT('',(143.5,-24.689058,10.6815728752538));
#5716=CARTESIAN_POINT('',(143.5,-18.689058,10.6815728752538));
#5717=CARTESIAN_POINT('',(143.5,-18.689058,10.6815728752538));
#5718=CARTESIAN_POINT('Origin',(144.5,-24.689058,13.51));
#5719=CARTESIAN_POINT('Origin',(144.5,-18.689058,13.51));
#5720=CARTESIAN_POINT('Origin',(142.5,-18.689058,7.85314575050761));
#5721=CARTESIAN_POINT('',(141.5,-24.689058,10.6815728752538));
#5722=CARTESIAN_POINT('Origin',(142.5,-24.689058,7.85314575050761));
#5723=CARTESIAN_POINT('',(141.5,-18.689058,10.6815728752538));
#5724=CARTESIAN_POINT('Origin',(142.5,-18.689058,7.85314575050761));
#5725=CARTESIAN_POINT('',(141.5,-18.689058,10.6815728752538));
#5726=CARTESIAN_POINT('Origin',(140.5,-18.689058,13.51));
#5727=CARTESIAN_POINT('',(137.5,-18.689058,13.51));
#5728=CARTESIAN_POINT('Origin',(140.5,-18.689058,13.51));
#5729=CARTESIAN_POINT('',(137.5,-24.689058,13.51));
#5730=CARTESIAN_POINT('',(137.5,-18.689058,13.51));
#5731=CARTESIAN_POINT('Origin',(140.5,-24.689058,13.51));
#5732=CARTESIAN_POINT('Origin',(137.5,-24.689058,13.51));
#5733=CARTESIAN_POINT('',(137.5,-18.689058,16.51));
#5734=CARTESIAN_POINT('',(137.5,-18.689058,13.51));
#5735=CARTESIAN_POINT('',(137.5,-24.689058,16.51));
#5736=CARTESIAN_POINT('',(137.5,-24.689058,16.51));
#5737=CARTESIAN_POINT('',(137.5,-24.689058,13.51));
#5738=CARTESIAN_POINT('Origin',(128.084982947583,-21.689058,0.));
#5739=CARTESIAN_POINT('',(126.084771921826,-18.689058,0.));
#5740=CARTESIAN_POINT('',(125.084772010852,-19.68947996245,0.));
#5741=CARTESIAN_POINT('Origin',(126.084771921826,-19.689058,0.));
#5742=CARTESIAN_POINT('',(132.335616024853,-18.689058,0.));
#5743=CARTESIAN_POINT('',(151.713578264029,-18.689058,0.));
#5744=CARTESIAN_POINT('',(131.085616024853,-19.939058,0.));
#5745=CARTESIAN_POINT('Origin',(132.335616024853,-19.939058,0.));
#5746=CARTESIAN_POINT('',(131.085616024853,-21.689058,0.));
#5747=CARTESIAN_POINT('',(131.085616024853,-21.689058,0.));
#5748=CARTESIAN_POINT('',(128.085616024853,-24.689058,0.));
#5749=CARTESIAN_POINT('Origin',(128.085616024853,-21.689058,0.));
#5750=CARTESIAN_POINT('',(126.33740920963,-24.689058,0.));
#5751=CARTESIAN_POINT('',(128.085616024853,-24.689058,0.));
#5752=CARTESIAN_POINT('',(125.087409320912,-25.9395854530625,0.));
#5753=CARTESIAN_POINT('Origin',(126.33740920963,-25.939058,0.));
#5754=CARTESIAN_POINT('',(125.084983081065,-20.1896908101076,0.));
#5755=CARTESIAN_POINT('Origin',(126.084771921826,-19.689058,2.51));
#5756=CARTESIAN_POINT('',(125.084772010852,-19.68947996245,16.51));
#5757=CARTESIAN_POINT('',(125.084772010852,-19.68947996245,2.51));
#5758=CARTESIAN_POINT('',(126.084771921826,-18.689058,16.51));
#5759=CARTESIAN_POINT('Origin',(126.084771921826,-19.689058,16.51));
#5760=CARTESIAN_POINT('',(126.084771921826,-18.689058,2.51));
#5761=CARTESIAN_POINT('Origin',(150.564604873719,-89.0946644098144,16.51));
#5762=CARTESIAN_POINT('',(114.274493728932,-66.4861720018991,16.51));
#5763=CARTESIAN_POINT('',(118.035038390842,-60.1906148099702,16.51));
#5764=CARTESIAN_POINT('Origin',(128.64164010864,-70.7972165277684,16.51));
#5765=CARTESIAN_POINT('Origin',(115.660319457504,-65.0441293360856,16.51));
#5766=CARTESIAN_POINT('',(131.099930080859,-55.611004494192,16.51));
#5767=CARTESIAN_POINT('',(119.653780576342,-67.0571539987084,16.51));
#5768=CARTESIAN_POINT('',(131.086882179394,-24.689058,16.51));
#5769=CARTESIAN_POINT('',(131.099930080859,-55.611004494192,16.51));
#5770=CARTESIAN_POINT('',(131.086882179394,-24.689058,16.51));
#5771=CARTESIAN_POINT('',(137.5,-18.689058,16.51));
#5772=CARTESIAN_POINT('',(125.096257990549,-46.9098610025239,16.51));
#5773=CARTESIAN_POINT('',(125.084349870312,-18.689058,16.51));
#5774=CARTESIAN_POINT('',(120.70286104374,-57.5227921570726,16.51));
#5775=CARTESIAN_POINT('Origin',(110.096259325941,-46.9161904392744,16.51));
#5776=CARTESIAN_POINT('',(125.098881293739,-53.1267719070727,16.51));
#5777=CARTESIAN_POINT('Origin',(115.660319457504,-65.0441293360856,9.51));
#5778=CARTESIAN_POINT('',(114.274493728932,-66.4861720018991,10.51));
#5779=CARTESIAN_POINT('',(114.274493728932,-66.4861720018991,2.51));
#5780=CARTESIAN_POINT('Origin',(115.660319457504,-65.0441293360856,10.51));
#5781=CARTESIAN_POINT('Origin',(115.647284174941,-69.0441080962053,10.51));
#5782=CARTESIAN_POINT('',(113.745169436892,-69.0379094125211,7.12799765340854));
#5783=CARTESIAN_POINT('Ctrl Pts',(113.745169436892,-69.0379094125211,7.12799765340855));
#5784=CARTESIAN_POINT('Ctrl Pts',(113.781252280921,-68.7323874128815,7.23599138900889));
#5785=CARTESIAN_POINT('Ctrl Pts',(113.8253716061,-68.4405615187671,7.37858409990799));
#5786=CARTESIAN_POINT('Ctrl Pts',(113.923435138199,-67.8893703351674,7.73465534479185));
#5787=CARTESIAN_POINT('Ctrl Pts',(113.977492858857,-67.6323993123235,7.94995247214244));
#5788=CARTESIAN_POINT('Ctrl Pts',(114.095916639935,-67.1219061888265,8.50846570375257));
#5789=CARTESIAN_POINT('Ctrl Pts',(114.15833277281,-66.8906365535948,8.86781118401028));
#5790=CARTESIAN_POINT('Ctrl Pts',(114.248512744374,-66.5704380676292,9.65866291017838));
#5791=CARTESIAN_POINT('Ctrl Pts',(114.274493728932,-66.4861720018991,10.0802491038725));
#5792=CARTESIAN_POINT('Ctrl Pts',(114.274493728932,-66.4861720018991,10.51));
#5793=CARTESIAN_POINT('Origin',(115.647284174941,-69.0441080962053,6.51));
#5794=CARTESIAN_POINT('Origin',(115.648056246958,-68.8071917384708,6.51));
#5795=CARTESIAN_POINT('',(113.641719758191,-70.7483342181573,6.51));
#5796=CARTESIAN_POINT('Ctrl Pts',(113.641719758191,-70.7483342181573,6.51));
#5797=CARTESIAN_POINT('Ctrl Pts',(113.643478515644,-70.2086456904622,6.70706743351909));
#5798=CARTESIAN_POINT('Ctrl Pts',(113.675713717937,-69.6260074605715,6.92012095325876));
#5799=CARTESIAN_POINT('Ctrl Pts',(113.745169436892,-69.0379094125211,7.12799765340854));
#5800=CARTESIAN_POINT('',(113.648066866898,-68.8006740971893,6.51));
#5801=CARTESIAN_POINT('Origin',(73.7158548359253,-120.814102861898,0.));
#5802=CARTESIAN_POINT('',(71.032104324397,-119.217799100867,0.));
#5803=CARTESIAN_POINT('',(70.6671160474652,-120.583224889234,0.));
#5804=CARTESIAN_POINT('Origin',(71.5331414518361,-120.08322489025,0.));
#5805=CARTESIAN_POINT('',(76.4389432107493,-116.087516808172,0.));
#5806=CARTESIAN_POINT('',(92.9569837540635,-106.524418866921,0.));
#5807=CARTESIAN_POINT('',(75.9834573833207,-117.795595454199,0.));
#5808=CARTESIAN_POINT('Origin',(77.0652396200483,-117.1692990449,0.));
#5809=CARTESIAN_POINT('',(76.8602723563392,-119.310090585617,0.));
#5810=CARTESIAN_POINT('',(76.8602723563392,-119.310090585617,0.));
#5811=CARTESIAN_POINT('',(75.7671063705105,-123.409479336081,0.));
#5812=CARTESIAN_POINT('Origin',(74.2639949881931,-120.813201967935,0.));
#5813=CARTESIAN_POINT('',(74.2482038812492,-124.288845943151,0.));
#5814=CARTESIAN_POINT('',(75.7671063705105,-123.409479336081,0.));
#5815=CARTESIAN_POINT('',(73.7919685350845,-125.995628178609,0.));
#5816=CARTESIAN_POINT('Origin',(74.8745002905481,-125.370628179878,0.));
#5817=CARTESIAN_POINT('',(70.8484942598783,-120.89738116937,0.));
#5818=CARTESIAN_POINT('Origin',(71.5331414518361,-120.08322489025,2.51));
#5819=CARTESIAN_POINT('',(70.6671160474652,-120.583224889234,16.51));
#5820=CARTESIAN_POINT('',(70.6671160474652,-120.583224889234,2.51));
#5821=CARTESIAN_POINT('',(71.032104324397,-119.217799100867,16.51));
#5822=CARTESIAN_POINT('Origin',(71.5331414518361,-120.08322489025,16.51));
#5823=CARTESIAN_POINT('',(71.032104324397,-119.217799100867,2.51));
#5824=CARTESIAN_POINT('Origin',(150.564604873719,-89.0946644098144,16.51));
#5825=CARTESIAN_POINT('',(113.5640105727,-94.5940076763279,16.51));
#5826=CARTESIAN_POINT('',(75.0237023005511,-128.129053647574,16.51));
#5827=CARTESIAN_POINT('',(70.1677146836576,-119.718236351407,16.51));
#5828=CARTESIAN_POINT('',(80.2198547232578,-125.129053647574,16.51));
#5829=CARTESIAN_POINT('',(114.40081015212,-105.394669829562,16.51));
#5830=CARTESIAN_POINT('',(78.3602752927286,-121.908167584463,16.51));
#5831=CARTESIAN_POINT('',(95.3202870581615,-151.283769738727,16.51));
#5832=CARTESIAN_POINT('',(78.3602752927286,-121.908167584463,16.51));
#5833=CARTESIAN_POINT('Origin',(84.7377733773785,-149.078744479163,13.51));
#5834=CARTESIAN_POINT('',(88.0237022741418,-150.645714161216,13.51));
#5835=CARTESIAN_POINT('',(85.5237022792205,-146.315587139362,11.2739320225002));
#5836=CARTESIAN_POINT('Origin',(86.523702277189,-148.047637948104,13.51));
#5837=CARTESIAN_POINT('',(93.2198546968484,-147.645714161217,13.51));
#5838=CARTESIAN_POINT('',(86.2377733773785,-151.676820690516,13.51));
#5839=CARTESIAN_POINT('',(90.7198547019271,-143.315587139362,11.2739320225002));
#5840=CARTESIAN_POINT('Origin',(91.7198546998956,-145.047637948104,13.51));
#5841=CARTESIAN_POINT('',(83.7377733773785,-147.346693671594,11.2739320225002));
#5842=CARTESIAN_POINT('Origin',(82.7377733773785,-145.614642864025,13.51));
#5843=CARTESIAN_POINT('',(83.5237022832835,-142.851485521879,11.2739320225002));
#5844=CARTESIAN_POINT('Origin',(84.523702281252,-144.58353633062,13.51));
#5845=CARTESIAN_POINT('',(88.7198547059901,-139.851485521879,11.2739320225002));
#5846=CARTESIAN_POINT('Origin',(89.7198547039586,-141.58353633062,13.51));
#5847=CARTESIAN_POINT('',(81.7377733773785,-143.882592056456,11.2739320225002));
#5848=CARTESIAN_POINT('Origin',(80.7377733773785,-142.150541248887,13.51));
#5849=CARTESIAN_POINT('',(81.5237022873464,-139.387383904395,11.2739320225002));
#5850=CARTESIAN_POINT('Origin',(82.523702285315,-141.119434713137,13.51));
#5851=CARTESIAN_POINT('',(86.7198547100531,-136.387383904395,11.2739320225002));
#5852=CARTESIAN_POINT('Origin',(87.7198547080216,-138.119434713137,13.51));
#5853=CARTESIAN_POINT('',(79.7377733773785,-140.418490441319,11.2739320225002));
#5854=CARTESIAN_POINT('Origin',(78.7377733773785,-138.68643963375,13.51));
#5855=CARTESIAN_POINT('',(79.5237022914094,-135.923282286912,11.2739320225002));
#5856=CARTESIAN_POINT('Origin',(80.5237022893779,-137.655333095653,13.51));
#5857=CARTESIAN_POINT('',(84.7198547141161,-132.923282286912,11.2739320225002));
#5858=CARTESIAN_POINT('Origin',(85.7198547120846,-134.655333095653,13.51));
#5859=CARTESIAN_POINT('',(77.7377733773785,-136.954388826181,11.2739320225002));
#5860=CARTESIAN_POINT('Origin',(76.7377733773785,-135.222338018612,13.51));
#5861=CARTESIAN_POINT('',(77.5237022954724,-132.459180669428,11.2739320225002));
#5862=CARTESIAN_POINT('Origin',(78.5237022934409,-134.19123147817,13.51));
#5863=CARTESIAN_POINT('',(82.719854718179,-129.459180669428,11.2739320225002));
#5864=CARTESIAN_POINT('Origin',(83.7198547161476,-131.19123147817,13.51));
#5865=CARTESIAN_POINT('',(75.7377733773785,-133.490287211043,11.2739320225002));
#5866=CARTESIAN_POINT('Origin',(74.7377733773785,-131.758236403474,13.51));
#5867=CARTESIAN_POINT('',(75.0237023005511,-128.129053647574,13.51));
#5868=CARTESIAN_POINT('Origin',(76.5237022975039,-130.727129860686,13.51));
#5869=CARTESIAN_POINT('',(80.2198547232578,-125.129053647574,13.51));
#5870=CARTESIAN_POINT('Origin',(81.7198547202105,-127.727129860686,13.51));
#5871=CARTESIAN_POINT('',(73.2377733773785,-129.160160192121,13.51));
#5872=CARTESIAN_POINT('Origin',(80.2198547232578,-125.129053647574,13.51));
#5873=CARTESIAN_POINT('',(75.0237023005511,-128.129053647574,8.01));
#5874=CARTESIAN_POINT('',(80.2198547232578,-125.129053647574,7.51));
#5875=CARTESIAN_POINT('Origin',(227.416296142582,-120.461682438456,0.));
#5876=CARTESIAN_POINT('',(230.464054516426,-120.234604690127,0.));
#5877=CARTESIAN_POINT('',(230.102466997414,-118.871156698006,0.));
#5878=CARTESIAN_POINT('Origin',(229.598029116315,-119.734604683766,0.));
#5879=CARTESIAN_POINT('',(227.339654834202,-125.646223591087,0.));
#5880=CARTESIAN_POINT('',(218.734588877875,-140.550634777082,0.));
#5881=CARTESIAN_POINT('',(226.887670435436,-123.941913600936,0.));
#5882=CARTESIAN_POINT('Origin',(226.257123084062,-125.021223583135,0.));
#5883=CARTESIAN_POINT('',(225.357783578085,-123.048133202612,0.));
#5884=CARTESIAN_POINT('',(225.357783578085,-123.048133202612,0.));
#5885=CARTESIAN_POINT('',(224.280753264105,-118.944475602036,0.));
#5886=CARTESIAN_POINT('Origin',(226.871097221383,-120.457789245334,0.));
#5887=CARTESIAN_POINT('',(225.163519556029,-117.433441626957,0.));
#5888=CARTESIAN_POINT('',(224.280753264105,-118.944475602036,0.));
#5889=CARTESIAN_POINT('',(224.714756925204,-115.723584293383,0.));
#5890=CARTESIAN_POINT('Origin',(224.08420957383,-116.802894275582,0.));
#5891=CARTESIAN_POINT('',(229.877035278461,-118.739456467631,0.));
#5892=CARTESIAN_POINT('Origin',(215.539667571133,-149.495914142045,13.51));
#5893=CARTESIAN_POINT('',(215.062438917464,-146.910984973626,11.2739320225002));
#5894=CARTESIAN_POINT('',(212.562438885656,-151.241111974184,13.51));
#5895=CARTESIAN_POINT('Origin',(214.06243890474,-148.643035773849,13.51));
#5896=CARTESIAN_POINT('',(209.866286494757,-143.910984973626,11.2739320225002));
#5897=CARTESIAN_POINT('',(216.539667571133,-147.763863334477,11.2739320225002));
#5898=CARTESIAN_POINT('',(207.366286462949,-148.241111974184,13.51));
#5899=CARTESIAN_POINT('Origin',(208.866286482034,-145.643035773849,13.51));
#5900=CARTESIAN_POINT('',(214.039667571133,-152.093990353399,13.51));
#5901=CARTESIAN_POINT('Origin',(217.539667571133,-146.031812526908,13.51));
#5902=CARTESIAN_POINT('',(217.06243894291,-143.44688337318,11.2739320225002));
#5903=CARTESIAN_POINT('Origin',(216.062438930187,-145.178934173403,13.51));
#5904=CARTESIAN_POINT('',(211.866286520204,-140.44688337318,11.2739320225002));
#5905=CARTESIAN_POINT('',(218.539667571133,-144.299761719339,11.2739320225002));
#5906=CARTESIAN_POINT('Origin',(210.86628650748,-142.178934173403,13.51));
#5907=CARTESIAN_POINT('Origin',(219.539667571133,-142.56771091177,13.51));
#5908=CARTESIAN_POINT('',(219.062438968357,-139.982781772734,11.2739320225002));
#5909=CARTESIAN_POINT('Origin',(218.062438955634,-141.714832572957,13.51));
#5910=CARTESIAN_POINT('',(213.86628654565,-136.982781772734,11.2739320225002));
#5911=CARTESIAN_POINT('',(220.539667571133,-140.835660104201,11.2739320225002));
#5912=CARTESIAN_POINT('Origin',(212.866286532927,-138.714832572957,13.51));
#5913=CARTESIAN_POINT('Origin',(221.539667571133,-139.103609296632,13.51));
#5914=CARTESIAN_POINT('',(221.062438993804,-136.518680172288,11.2739320225002));
#5915=CARTESIAN_POINT('Origin',(220.06243898108,-138.250730972511,13.51));
#5916=CARTESIAN_POINT('',(215.866286571097,-133.518680172288,11.2739320225002));
#5917=CARTESIAN_POINT('',(222.539667571133,-137.371558489063,11.2739320225002));
#5918=CARTESIAN_POINT('Origin',(214.866286558374,-135.250730972511,13.51));
#5919=CARTESIAN_POINT('Origin',(223.539667571133,-135.639507681494,13.51));
#5920=CARTESIAN_POINT('',(223.06243901925,-133.054578571842,11.2739320225002));
#5921=CARTESIAN_POINT('Origin',(222.062439006527,-134.786629372065,13.51));
#5922=CARTESIAN_POINT('',(217.866286596544,-130.054578571842,11.2739320225002));
#5923=CARTESIAN_POINT('',(224.539667571133,-133.907456873926,11.2739320225002));
#5924=CARTESIAN_POINT('Origin',(216.86628658382,-131.786629372065,13.51));
#5925=CARTESIAN_POINT('Origin',(225.539667571133,-132.175406066357,13.51));
#5926=CARTESIAN_POINT('',(225.562439051059,-128.724451571284,13.51));
#5927=CARTESIAN_POINT('Origin',(224.062439031974,-131.322527771619,13.51));
#5928=CARTESIAN_POINT('',(220.366286628352,-125.724451571284,13.51));
#5929=CARTESIAN_POINT('',(227.039667571133,-129.577329855003,13.51));
#5930=CARTESIAN_POINT('Origin',(218.866286609267,-128.322527771619,13.51));
#5931=CARTESIAN_POINT('Origin',(225.562439051059,-128.724451571284,13.51));
#5932=CARTESIAN_POINT('',(220.366286628352,-125.724451571284,16.51));
#5933=CARTESIAN_POINT('',(225.562439051059,-128.724451571284,16.51));
#5934=CARTESIAN_POINT('',(188.858150627455,-107.533220769503,16.51));
#5935=CARTESIAN_POINT('',(220.366286628352,-125.724451571284,7.51));
#5936=CARTESIAN_POINT('',(225.562439051059,-128.724451571284,8.01));
#5937=CARTESIAN_POINT('Origin',(150.564604873719,-89.0946644098144,16.51));
#5938=CARTESIAN_POINT('',(183.039669580969,-60.2164627817816,16.51));
#5939=CARTESIAN_POINT('',(187.432935568742,-70.8860630341895,16.51));
#5940=CARTESIAN_POINT('Origin',(172.433067863171,-70.8230644995798,16.51));
#5941=CARTESIAN_POINT('',(180.157422351245,-57.3342155520569,16.51));
#5942=CARTESIAN_POINT('',(187.459185543687,-64.6359787444988,16.51));
#5943=CARTESIAN_POINT('',(175.765707981301,-46.9523682161421,16.51));
#5944=CARTESIAN_POINT('Origin',(190.764024069043,-46.7276138342587,16.51));
#5945=CARTESIAN_POINT('',(175.85683757205,-53.0336307728624,16.51));
#5946=CARTESIAN_POINT('',(175.342173580476,-18.689058,16.51));
#5947=CARTESIAN_POINT('',(169.43141178628,-24.689058,16.51));
#5948=CARTESIAN_POINT('',(163.5,-24.689058,16.51));
#5949=CARTESIAN_POINT('',(169.893962973253,-55.5560375483039,16.51));
#5950=CARTESIAN_POINT('',(169.43141178628,-24.689058,16.51));
#5951=CARTESIAN_POINT('',(181.44873847148,-67.1108130465312,16.51));
#5952=CARTESIAN_POINT('',(169.893962973253,-55.5560375483039,16.51));
#5953=CARTESIAN_POINT('',(181.321854354354,-97.3217533902531,16.51));
#5954=CARTESIAN_POINT('',(181.44873847148,-67.1108130465312,16.51));
#5955=CARTESIAN_POINT('',(222.780699378986,-121.542566087686,16.51));
#5956=CARTESIAN_POINT('',(181.321854354354,-97.3217533902531,16.51));
#5957=CARTESIAN_POINT('',(222.780699378986,-121.542566087686,16.51));
#5958=CARTESIAN_POINT('',(230.464054516426,-120.234604690127,16.51));
#5959=CARTESIAN_POINT('',(207.865390402351,-159.376638454867,16.51));
#5960=CARTESIAN_POINT('',(230.102466997414,-118.871156698006,16.51));
#5961=CARTESIAN_POINT('Origin',(229.598029116315,-119.734604683766,16.51));
#5962=CARTESIAN_POINT('',(194.805967241441,-98.2504686649344,16.51));
#5963=CARTESIAN_POINT('',(230.96149506378,-119.373012402981,16.51));
#5964=CARTESIAN_POINT('',(187.372667752361,-85.2357503439339,16.51));
#5965=CARTESIAN_POINT('Origin',(202.372535457932,-85.2987488785436,16.51));
#5966=CARTESIAN_POINT('',(187.336334669662,-93.8866092440504,16.51));
#5967=CARTESIAN_POINT('Origin',(229.598029116315,-119.734604683766,2.51));
#5968=CARTESIAN_POINT('',(230.102466997414,-118.871156698006,2.51));
#5969=CARTESIAN_POINT('',(230.464054516426,-120.234604690127,2.51));
#5970=CARTESIAN_POINT('Origin',(94.2331408421288,-155.946145549403,0.));
#5971=CARTESIAN_POINT('',(92.6339248808092,-158.630853971796,0.));
#5972=CARTESIAN_POINT('',(94.0033312680802,-158.994918545662,0.));
#5973=CARTESIAN_POINT('Origin',(93.4999502851801,-158.130853972812,0.));
#5974=CARTESIAN_POINT('',(89.5084124604163,-153.217307645325,0.));
#5975=CARTESIAN_POINT('',(81.0194653534868,-138.514019913532,0.));
#5976=CARTESIAN_POINT('',(91.2201704445051,-153.672388362657,0.));
#5977=CARTESIAN_POINT('Origin',(90.5909442158799,-152.592307646594,0.));
#5978=CARTESIAN_POINT('',(92.7179420456722,-152.799826560628,0.));
#5979=CARTESIAN_POINT('',(92.7179420456722,-152.799826560628,0.));
#5980=CARTESIAN_POINT('',(96.8202787129227,-153.881877330477,0.));
#5981=CARTESIAN_POINT('Origin',(94.2280849943727,-155.392020279178,0.));
#5982=CARTESIAN_POINT('',(97.7011954329979,-155.393990332965,0.));
#5983=CARTESIAN_POINT('',(96.8202787129227,-153.881877330477,0.));
#5984=CARTESIAN_POINT('',(99.4105023776856,-155.844844820402,0.));
#5985=CARTESIAN_POINT('Origin',(98.7812761490605,-154.76476410434,0.));
#5986=CARTESIAN_POINT('',(94.3184333929106,-158.811348448825,0.));
#5987=CARTESIAN_POINT('',(95.8780849943726,-155.392020279178,0.));
#5988=CARTESIAN_POINT('Origin',(94.2280849943727,-155.392020279178,0.));
#5989=CARTESIAN_POINT('Origin',(206.785621271651,-155.817002176382,0.));
#5990=CARTESIAN_POINT('',(206.996424119171,-158.865481817702,0.));
#5991=CARTESIAN_POINT('',(208.369469645845,-158.503547608905,0.));
#5992=CARTESIAN_POINT('Origin',(207.503444245734,-158.003547602544,0.));
#5993=CARTESIAN_POINT('',(201.607406537408,-155.695471475488,0.));
#5994=CARTESIAN_POINT('',(187.656866851942,-147.489271660509,0.));
#5995=CARTESIAN_POINT('',(203.323713445751,-155.243053714493,0.));
#5996=CARTESIAN_POINT('Origin',(202.241181695612,-154.618053706541,0.));
#5997=CARTESIAN_POINT('',(204.181475732165,-153.757365878813,0.));
#5998=CARTESIAN_POINT('',(204.181475732165,-153.757365878813,0.));
#5999=CARTESIAN_POINT('',(208.279551951584,-152.659289697563,0.));
#6000=CARTESIAN_POINT('Origin',(206.779551932499,-155.257365897898,0.));
#6001=CARTESIAN_POINT('',(209.795096401779,-153.534289708696,0.));
#6002=CARTESIAN_POINT('',(208.279551951584,-152.659289697563,0.));
#6003=CARTESIAN_POINT('',(211.502628159871,-153.076757966509,0.));
#6004=CARTESIAN_POINT('Origin',(210.420096409731,-152.451757958557,0.));
#6005=CARTESIAN_POINT('',(208.501103125466,-158.275551738093,0.));
#6006=CARTESIAN_POINT('',(208.429551932499,-155.257365897898,0.));
#6007=CARTESIAN_POINT('Origin',(206.779551932499,-155.257365897898,0.));
#6008=CARTESIAN_POINT('Origin',(96.5,-147.5,0.));
#6009=CARTESIAN_POINT('',(98.3959004265494,-149.491999390715,0.));
#6010=CARTESIAN_POINT('',(97.2977680518949,-150.131742034352,0.));
#6011=CARTESIAN_POINT('',(114.048560816191,-140.373176770837,0.));
#6012=CARTESIAN_POINT('Origin',(96.5,-147.5,0.));
#6013=CARTESIAN_POINT('Origin',(119.770398287525,-66.9405362875254,1.51));
#6014=CARTESIAN_POINT('',(120.236869132258,-66.4740654427931,-4.));
#6015=CARTESIAN_POINT('',(120.236869132258,-66.4740654427931,1.51));
#6016=CARTESIAN_POINT('',(131.099930080859,-55.611004494192,-4.));
#6017=CARTESIAN_POINT('',(122.190200600025,-64.5207339750254,-4.));
#6018=CARTESIAN_POINT('',(131.099930080859,-55.6110044941921,1.51));
#6019=CARTESIAN_POINT('Origin',(131.10000003561,-55.77678878498,1.51));
#6020=CARTESIAN_POINT('',(131.086882179394,-24.689058,-4.));
#6021=CARTESIAN_POINT('',(131.106774028754,-71.8303322684194,-4.));
#6022=CARTESIAN_POINT('',(131.086882179395,-24.689058,1.51));
#6023=CARTESIAN_POINT('Origin',(131.487051,-24.689058,1.51));
#6024=CARTESIAN_POINT('',(169.43141178628,-24.689058,-4.));
#6025=CARTESIAN_POINT('',(140.935933125,-24.689058,-4.));
#6026=CARTESIAN_POINT('',(169.43141178628,-24.689058,1.51));
#6027=CARTESIAN_POINT('Origin',(169.437316095673,-25.0830645498164,1.51));
#6028=CARTESIAN_POINT('',(169.893962973253,-55.5560375483039,-4.));
#6029=CARTESIAN_POINT('',(169.905555550666,-56.3296337685667,-4.));
#6030=CARTESIAN_POINT('',(169.893962973253,-55.5560375483039,1.51));
#6031=CARTESIAN_POINT('Origin',(169.779280712475,-55.4413552875254,1.51));
#6032=CARTESIAN_POINT('',(181.44873847148,-67.1108130465312,-4.));
#6033=CARTESIAN_POINT('',(173.039261524975,-58.7013361000254,-4.));
#6034=CARTESIAN_POINT('',(181.44873847148,-67.1108130465312,1.51));
#6035=CARTESIAN_POINT('Origin',(181.448038472149,-67.2774819609229,1.51));
#6036=CARTESIAN_POINT('',(181.321854354354,-97.3217533902531,-4.));
#6037=CARTESIAN_POINT('',(181.404509544629,-77.6416619883681,-4.));
#6038=CARTESIAN_POINT('',(181.321854354354,-97.3217533902531,1.51));
#6039=CARTESIAN_POINT('Origin',(181.12266415244,-97.2053838056962,1.51));
#6040=CARTESIAN_POINT('',(222.780699378986,-121.542566087686,-4.));
#6041=CARTESIAN_POINT('',(167.632689258822,-89.3243597444311,-4.));
#6042=CARTESIAN_POINT('',(222.780699378986,-121.542566087686,1.51));
#6043=CARTESIAN_POINT('Origin',(96.5,-147.5,0.));
#6044=CARTESIAN_POINT('',(98.3959004265494,-149.491999390715,-4.));
#6045=CARTESIAN_POINT('',(98.3959004265494,-149.491999390715,0.));
#6046=CARTESIAN_POINT('',(97.2977680518949,-150.131742034352,-4.));
#6047=CARTESIAN_POINT('Origin',(96.5,-147.5,-4.));
#6048=CARTESIAN_POINT('',(97.2977680518949,-150.131742034352,0.));
#6049=CARTESIAN_POINT('Origin',(78.7060311490244,-121.707992684247,1.51));
#6050=CARTESIAN_POINT('',(78.3602752927286,-121.908167584463,-4.));
#6051=CARTESIAN_POINT('',(78.3602752927286,-121.908167584463,1.51));
#6052=CARTESIAN_POINT('',(119.552747848294,-98.0598395422705,-4.));
#6053=CARTESIAN_POINT('',(112.883374933968,-101.921064257102,-4.));
#6054=CARTESIAN_POINT('',(119.552747848294,-98.0598395422705,1.51));
#6055=CARTESIAN_POINT('Origin',(119.551999123988,-98.2895914717437,1.51));
#6056=CARTESIAN_POINT('',(119.651093314571,-67.8817613638847,-4.));
#6057=CARTESIAN_POINT('',(119.651093314571,-67.8817613638847,1.51));
#6058=CARTESIAN_POINT('',(119.569131185328,-93.0324839909109,-4.));
#6059=CARTESIAN_POINT('Origin',(121.651082694631,-67.8882790051662,1.51));
#6060=CARTESIAN_POINT('Origin',(121.651082694631,-67.8882790051662,-4.));
#6061=CARTESIAN_POINT('Origin',(218.5,-122.5,0.));
#6062=CARTESIAN_POINT('',(215.75,-122.5,-4.));
#6063=CARTESIAN_POINT('Origin',(218.5,-122.5,-4.));
#6064=CARTESIAN_POINT('',(215.75,-122.5,0.));
#6065=CARTESIAN_POINT('Origin',(162.78,-76.525,0.));
#6066=CARTESIAN_POINT('',(160.03,-76.525,-4.));
#6067=CARTESIAN_POINT('Origin',(162.78,-76.525,-4.));
#6068=CARTESIAN_POINT('',(160.03,-76.525,0.));
#6069=CARTESIAN_POINT('Origin',(138.27,-76.525,0.));
#6070=CARTESIAN_POINT('',(135.52,-76.525,-4.));
#6071=CARTESIAN_POINT('Origin',(138.27,-76.525,-4.));
#6072=CARTESIAN_POINT('',(135.52,-76.525,0.));
#6073=CARTESIAN_POINT('Origin',(204.5,-147.,0.));
#6074=CARTESIAN_POINT('',(201.75,-147.,-4.));
#6075=CARTESIAN_POINT('Origin',(204.5,-147.,-4.));
#6076=CARTESIAN_POINT('',(201.75,-147.,0.));
#6077=CARTESIAN_POINT('Origin',(177.5,-78.,0.));
#6078=CARTESIAN_POINT('',(174.75,-78.,-4.));
#6079=CARTESIAN_POINT('Origin',(177.5,-78.,-4.));
#6080=CARTESIAN_POINT('',(174.75,-78.,0.));
#6081=CARTESIAN_POINT('Origin',(130.,-63.,0.));
#6082=CARTESIAN_POINT('',(127.25,-63.,-4.));
#6083=CARTESIAN_POINT('Origin',(130.,-63.,-4.));
#6084=CARTESIAN_POINT('',(127.25,-63.,0.));
#6085=CARTESIAN_POINT('Origin',(181.,-102.5,0.));
#6086=CARTESIAN_POINT('',(178.25,-102.5,-4.));
#6087=CARTESIAN_POINT('Origin',(181.,-102.5,-4.));
#6088=CARTESIAN_POINT('',(178.25,-102.5,0.));
#6089=CARTESIAN_POINT('Origin',(166.,-28.5,0.));
#6090=CARTESIAN_POINT('',(163.25,-28.5,-4.));
#6091=CARTESIAN_POINT('Origin',(166.,-28.5,-4.));
#6092=CARTESIAN_POINT('',(163.25,-28.5,0.));
#6093=CARTESIAN_POINT('Origin',(82.5,-123.,0.));
#6094=CARTESIAN_POINT('',(79.75,-123.,-4.));
#6095=CARTESIAN_POINT('Origin',(82.5,-123.,-4.));
#6096=CARTESIAN_POINT('',(79.75,-123.,0.));
#6097=CARTESIAN_POINT('Origin',(162.78,-123.475,0.));
#6098=CARTESIAN_POINT('',(160.03,-123.475,-4.));
#6099=CARTESIAN_POINT('Origin',(162.78,-123.475,-4.));
#6100=CARTESIAN_POINT('',(160.03,-123.475,0.));
#6101=CARTESIAN_POINT('Origin',(135.,-28.5,0.));
#6102=CARTESIAN_POINT('',(132.25,-28.5,-4.));
#6103=CARTESIAN_POINT('Origin',(135.,-28.5,-4.));
#6104=CARTESIAN_POINT('',(132.25,-28.5,0.));
#6105=CARTESIAN_POINT('Origin',(138.27,-123.475,0.));
#6106=CARTESIAN_POINT('',(135.52,-123.475,-4.));
#6107=CARTESIAN_POINT('Origin',(138.27,-123.475,-4.));
#6108=CARTESIAN_POINT('',(135.52,-123.475,0.));
#6109=CARTESIAN_POINT('Origin',(113.661874221477,-64.5637789793351,2.51));
#6110=CARTESIAN_POINT('',(113.592087734165,-85.9783103210826,-5.));
#6111=CARTESIAN_POINT('',(113.592087734165,-85.9783103210826,2.51));
#6112=CARTESIAN_POINT('',(113.641719758191,-70.7483342181573,-5.));
#6113=CARTESIAN_POINT('',(113.641719758191,-70.7483342181573,2.51));
#6114=CARTESIAN_POINT('',(113.624084663983,-76.1598012827844,-5.));
#6115=CARTESIAN_POINT('Origin',(98.5921673837158,-85.9294280114715,2.51));
#6116=CARTESIAN_POINT('',(106.107724295303,-98.9108148522021,-5.));
#6117=CARTESIAN_POINT('Origin',(98.5921673837158,-85.9294280114715,-5.));
#6118=CARTESIAN_POINT('',(106.107724295303,-98.9108148522021,2.51));
#6119=CARTESIAN_POINT('Origin',(113.5640105727,-94.5940076763279,2.51));
#6120=CARTESIAN_POINT('',(76.4389432107493,-116.087516808172,-5.));
#6121=CARTESIAN_POINT('',(128.809253263488,-85.7677943849961,-5.));
#6122=CARTESIAN_POINT('',(76.4389432107493,-116.087516808172,-1.245));
#6123=CARTESIAN_POINT('Origin',(77.0652396200483,-117.1692990449,-1.245));
#6124=CARTESIAN_POINT('',(75.9834573833207,-117.795595454199,-5.));
#6125=CARTESIAN_POINT('Origin',(77.0652396200483,-117.1692990449,-5.));
#6126=CARTESIAN_POINT('',(75.9834573833207,-117.795595454199,-1.245));
#6127=CARTESIAN_POINT('Origin',(76.8602723563392,-119.310090585617,-5.));
#6128=CARTESIAN_POINT('',(76.8602723563392,-119.310090585617,-5.));
#6129=CARTESIAN_POINT('',(79.2738763130424,-123.479033354712,-5.));
#6130=CARTESIAN_POINT('',(76.8602723563392,-119.310090585617,-5.));
#6131=CARTESIAN_POINT('Origin',(74.2639949881931,-120.813201967935,-5.));
#6132=CARTESIAN_POINT('',(75.7671063705105,-123.409479336081,-5.));
#6133=CARTESIAN_POINT('Origin',(74.2639949881931,-120.813201967935,-5.));
#6134=CARTESIAN_POINT('',(75.7671063705105,-123.409479336081,-5.));
#6135=CARTESIAN_POINT('Origin',(73.167716830325,-124.914392506325,-5.));
#6136=CARTESIAN_POINT('',(74.2482038812492,-124.288845943151,-5.));
#6137=CARTESIAN_POINT('',(74.2482038812492,-124.288845943151,-1.245));
#6138=CARTESIAN_POINT('',(110.114217774618,-103.524264168141,-5.));
#6139=CARTESIAN_POINT('Origin',(74.8745002905481,-125.370628179878,-1.245));
#6140=CARTESIAN_POINT('',(73.7919685350845,-125.995628178609,-5.));
#6141=CARTESIAN_POINT('Origin',(74.8745002905481,-125.370628179878,-5.));
#6142=CARTESIAN_POINT('',(73.7919685350845,-125.995628178609,-1.245));
#6143=CARTESIAN_POINT('Origin',(90.5909442158799,-152.592307646594,-1.245));
#6144=CARTESIAN_POINT('',(89.5084124604163,-153.217307645325,-5.));
#6145=CARTESIAN_POINT('',(91.2201704445051,-153.672388362657,-5.));
#6146=CARTESIAN_POINT('Origin',(90.5909442158799,-152.592307646594,-5.));
#6147=CARTESIAN_POINT('',(91.2201704445051,-153.672388362657,-1.245));
#6148=CARTESIAN_POINT('',(89.5084124604163,-153.217307645325,-1.245));
#6149=CARTESIAN_POINT('Origin',(92.7179420456722,-152.799826560628,-5.));
#6150=CARTESIAN_POINT('',(92.7179420456722,-152.799826560628,-5.));
#6151=CARTESIAN_POINT('',(128.364688664321,-132.032982375705,-5.));
#6152=CARTESIAN_POINT('',(92.7179420456722,-152.799826560628,-5.));
#6153=CARTESIAN_POINT('Origin',(94.2280849943727,-155.392020279178,-5.));
#6154=CARTESIAN_POINT('',(96.8202787129227,-153.881877330477,-5.));
#6155=CARTESIAN_POINT('Origin',(94.2280849943727,-155.392020279178,-5.));
#6156=CARTESIAN_POINT('',(96.8202787129227,-153.881877330477,-5.));
#6157=CARTESIAN_POINT('Origin',(98.3304216616231,-156.474071049027,-5.));
#6158=CARTESIAN_POINT('',(97.7011954329979,-155.393990332965,-5.));
#6159=CARTESIAN_POINT('',(97.7011954329979,-155.393990332965,-1.245));
#6160=CARTESIAN_POINT('',(90.0069686964376,-142.186680235087,-5.));
#6161=CARTESIAN_POINT('Origin',(98.7812761490605,-154.76476410434,-1.245));
#6162=CARTESIAN_POINT('',(99.4105023776856,-155.844844820402,-5.));
#6163=CARTESIAN_POINT('Origin',(98.7812761490605,-154.76476410434,-5.));
#6164=CARTESIAN_POINT('',(99.4105023776856,-155.844844820402,-1.245));
#6165=CARTESIAN_POINT('Origin',(202.241181695612,-154.618053706541,-1.245));
#6166=CARTESIAN_POINT('',(201.607406537408,-155.695471475488,-5.));
#6167=CARTESIAN_POINT('',(203.323713445751,-155.243053714493,-5.));
#6168=CARTESIAN_POINT('Origin',(202.241181695612,-154.618053706541,-5.));
#6169=CARTESIAN_POINT('',(203.323713445751,-155.243053714493,-1.245));
#6170=CARTESIAN_POINT('',(201.607406537408,-155.695471475488,-1.245));
#6171=CARTESIAN_POINT('Origin',(204.181475732165,-153.757365878813,-5.));
#6172=CARTESIAN_POINT('',(204.181475732165,-153.757365878813,-5.));
#6173=CARTESIAN_POINT('',(211.720682669158,-140.699076636691,-5.));
#6174=CARTESIAN_POINT('',(204.181475732165,-153.757365878813,-5.));
#6175=CARTESIAN_POINT('Origin',(206.779551932499,-155.257365897898,-5.));
#6176=CARTESIAN_POINT('',(208.279551951584,-152.659289697563,-5.));
#6177=CARTESIAN_POINT('Origin',(206.779551932499,-155.257365897898,-5.));
#6178=CARTESIAN_POINT('',(208.279551951584,-152.659289697563,-5.));
#6179=CARTESIAN_POINT('Origin',(210.877628151919,-154.159289716648,-5.));
#6180=CARTESIAN_POINT('',(209.795096401779,-153.534289708696,-5.));
#6181=CARTESIAN_POINT('',(209.795096401779,-153.534289708696,-1.245));
#6182=CARTESIAN_POINT('',(173.842014773509,-132.776768000279,-5.));
#6183=CARTESIAN_POINT('Origin',(210.420096409731,-152.451757958557,-1.245));
#6184=CARTESIAN_POINT('',(211.502628159871,-153.076757966509,-5.));
#6185=CARTESIAN_POINT('Origin',(210.420096409731,-152.451757958557,-5.));
#6186=CARTESIAN_POINT('',(211.502628159871,-153.076757966509,-1.245));
#6187=CARTESIAN_POINT('Origin',(226.257123084062,-125.021223583135,-1.245));
#6188=CARTESIAN_POINT('',(227.339654834202,-125.646223591087,-5.));
#6189=CARTESIAN_POINT('',(226.887670435436,-123.941913600936,-5.));
#6190=CARTESIAN_POINT('Origin',(226.257123084062,-125.021223583135,-5.));
#6191=CARTESIAN_POINT('',(226.887670435436,-123.941913600936,-1.245));
#6192=CARTESIAN_POINT('',(227.339654834202,-125.646223591087,-1.245));
#6193=CARTESIAN_POINT('Origin',(225.357783578085,-123.048133202612,-5.));
#6194=CARTESIAN_POINT('',(225.357783578085,-123.048133202612,-5.));
#6195=CARTESIAN_POINT('',(189.750248971645,-102.245734442889,-5.));
#6196=CARTESIAN_POINT('',(225.357783578085,-123.048133202612,-5.));
#6197=CARTESIAN_POINT('Origin',(226.871097221383,-120.457789245334,-5.));
#6198=CARTESIAN_POINT('',(224.280753264105,-118.944475602036,-5.));
#6199=CARTESIAN_POINT('Origin',(226.871097221383,-120.457789245334,-5.));
#6200=CARTESIAN_POINT('',(224.280753264105,-118.944475602036,-5.));
#6201=CARTESIAN_POINT('Origin',(225.794066907403,-116.354131644757,-5.));
#6202=CARTESIAN_POINT('',(225.163519556029,-117.433441626957,-5.));
#6203=CARTESIAN_POINT('',(225.163519556029,-117.433441626957,-1.245));
#6204=CARTESIAN_POINT('',(222.401803706503,-122.160679760452,-5.));
#6205=CARTESIAN_POINT('Origin',(224.08420957383,-116.802894275582,-1.245));
#6206=CARTESIAN_POINT('',(224.714756925204,-115.723584293383,-5.));
#6207=CARTESIAN_POINT('Origin',(224.08420957383,-116.802894275582,-5.));
#6208=CARTESIAN_POINT('',(224.714756925204,-115.723584293383,-1.245));
#6209=CARTESIAN_POINT('Origin',(230.96149506378,-119.373012402981,2.51));
#6210=CARTESIAN_POINT('',(194.805967241441,-98.2504686649344,-5.));
#6211=CARTESIAN_POINT('',(194.805967241441,-98.2504686649344,2.51));
#6212=CARTESIAN_POINT('',(194.06541835779,-97.8178300857954,-5.));
#6213=CARTESIAN_POINT('Origin',(202.372535457932,-85.2987488785436,2.51));
#6214=CARTESIAN_POINT('',(187.372667752361,-85.2357503439339,-5.));
#6215=CARTESIAN_POINT('Origin',(202.372535457932,-85.2987488785436,-5.));
#6216=CARTESIAN_POINT('',(187.372667752361,-85.2357503439339,2.51));
#6217=CARTESIAN_POINT('Origin',(187.336334669662,-93.8866092440504,2.51));
#6218=CARTESIAN_POINT('',(187.432935568742,-70.8860630341895,-5.));
#6219=CARTESIAN_POINT('',(187.3486311845,-90.9588253368538,-5.));
#6220=CARTESIAN_POINT('',(187.432935568742,-70.8860630341895,2.51));
#6221=CARTESIAN_POINT('Origin',(172.433067863171,-70.8230644995798,2.51));
#6222=CARTESIAN_POINT('',(183.039669580969,-60.2164627817816,-5.));
#6223=CARTESIAN_POINT('Origin',(172.433067863171,-70.8230644995798,-5.));
#6224=CARTESIAN_POINT('',(183.039669580969,-60.2164627817816,2.51));
#6225=CARTESIAN_POINT('Origin',(187.459185543687,-64.6359787444988,2.51));
#6226=CARTESIAN_POINT('',(180.157422351245,-57.3342155520569,-5.));
#6227=CARTESIAN_POINT('',(180.157422351245,-57.3342155520569,2.51));
#6228=CARTESIAN_POINT('',(184.00053428414,-61.1773274849524,-5.));
#6229=CARTESIAN_POINT('Origin',(190.764024069043,-46.7276138342587,2.51));
#6230=CARTESIAN_POINT('',(175.765707981301,-46.9523682161421,-5.));
#6231=CARTESIAN_POINT('Origin',(190.764024069043,-46.7276138342587,-5.));
#6232=CARTESIAN_POINT('',(175.765707981301,-46.9523682161421,2.51));
#6233=CARTESIAN_POINT('Origin',(175.85683757205,-53.0336307728624,2.51));
#6234=CARTESIAN_POINT('',(175.450536393661,-25.9203284681764,-5.));
#6235=CARTESIAN_POINT('',(176.114979506403,-70.259966003713,-5.));
#6236=CARTESIAN_POINT('',(175.450536393661,-25.9203284681764,-1.245));
#6237=CARTESIAN_POINT('Origin',(174.200676719682,-25.939058,-1.245));
#6238=CARTESIAN_POINT('',(174.200676719682,-24.689058,-5.));
#6239=CARTESIAN_POINT('Origin',(174.200676719682,-25.939058,-5.));
#6240=CARTESIAN_POINT('',(174.200676719682,-24.689058,-1.245));
#6241=CARTESIAN_POINT('Origin',(172.386792683378,-24.689058,-5.));
#6242=CARTESIAN_POINT('',(172.386792683378,-24.689058,-5.));
#6243=CARTESIAN_POINT('',(161.385803966689,-24.689058,-5.));
#6244=CARTESIAN_POINT('',(172.386792683378,-24.689058,-5.));
#6245=CARTESIAN_POINT('Origin',(172.386792683378,-21.689058,-5.));
#6246=CARTESIAN_POINT('',(169.386792683378,-21.689058,-5.));
#6247=CARTESIAN_POINT('Origin',(172.386792683378,-21.689058,-5.));
#6248=CARTESIAN_POINT('',(169.386792683378,-21.689058,-5.));
#6249=CARTESIAN_POINT('Origin',(169.386792683378,-18.689058,-5.));
#6250=CARTESIAN_POINT('',(169.386792683378,-19.939058,-5.));
#6251=CARTESIAN_POINT('',(169.386792683378,-19.939058,-1.245));
#6252=CARTESIAN_POINT('',(169.386792683378,-53.282401,-5.));
#6253=CARTESIAN_POINT('Origin',(168.136792683378,-19.939058,-1.245));
#6254=CARTESIAN_POINT('',(168.136792683378,-18.689058,-5.));
#6255=CARTESIAN_POINT('Origin',(168.136792683378,-19.939058,-5.));
#6256=CARTESIAN_POINT('',(168.136792683378,-18.689058,-1.245));
#6257=CARTESIAN_POINT('Origin',(175.342173580476,-18.689058,2.51));
#6258=CARTESIAN_POINT('',(132.335616024853,-18.689058,-5.));
#6259=CARTESIAN_POINT('',(162.863494415238,-18.689058,-5.));
#6260=CARTESIAN_POINT('',(132.335616024853,-18.689058,-1.245));
#6261=CARTESIAN_POINT('Origin',(132.335616024853,-19.939058,-1.245));
#6262=CARTESIAN_POINT('',(131.085616024853,-19.939058,-5.));
#6263=CARTESIAN_POINT('Origin',(132.335616024853,-19.939058,-5.));
#6264=CARTESIAN_POINT('',(131.085616024853,-19.939058,-1.245));
#6265=CARTESIAN_POINT('Origin',(131.085616024853,-21.689058,-5.));
#6266=CARTESIAN_POINT('',(131.085616024853,-21.689058,-5.));
#6267=CARTESIAN_POINT('',(131.085616024853,-54.782401,-5.));
#6268=CARTESIAN_POINT('',(131.085616024853,-21.689058,-5.));
#6269=CARTESIAN_POINT('Origin',(128.085616024853,-21.689058,-5.));
#6270=CARTESIAN_POINT('',(128.085616024853,-24.689058,-5.));
#6271=CARTESIAN_POINT('Origin',(128.085616024853,-21.689058,-5.));
#6272=CARTESIAN_POINT('',(128.085616024853,-24.689058,-5.));
#6273=CARTESIAN_POINT('Origin',(125.086881645237,-24.689058,-5.));
#6274=CARTESIAN_POINT('',(126.33740920963,-24.689058,-5.));
#6275=CARTESIAN_POINT('',(126.33740920963,-24.689058,-1.245));
#6276=CARTESIAN_POINT('',(137.735848447619,-24.689058,-5.));
#6277=CARTESIAN_POINT('Origin',(126.33740920963,-25.939058,-1.245));
#6278=CARTESIAN_POINT('',(125.087409320912,-25.9395854530625,-5.));
#6279=CARTESIAN_POINT('Origin',(126.33740920963,-25.939058,-5.));
#6280=CARTESIAN_POINT('',(125.087409320912,-25.9395854530625,-1.245));
#6281=CARTESIAN_POINT('Origin',(125.084349870312,-18.689058,2.51));
#6282=CARTESIAN_POINT('',(125.096257990549,-46.9098610025239,-5.));
#6283=CARTESIAN_POINT('',(125.096257990549,-46.9098610025239,2.51));
#6284=CARTESIAN_POINT('',(125.098949213183,-53.2877327632795,-5.));
#6285=CARTESIAN_POINT('Origin',(110.096259325941,-46.9161904392744,2.51));
#6286=CARTESIAN_POINT('',(120.70286104374,-57.5227921570726,-5.));
#6287=CARTESIAN_POINT('Origin',(110.096259325941,-46.9161904392744,-5.));
#6288=CARTESIAN_POINT('',(120.70286104374,-57.5227921570726,2.51));
#6289=CARTESIAN_POINT('Origin',(125.098881293739,-53.1267719070727,2.51));
#6290=CARTESIAN_POINT('',(118.035038390842,-60.1906148099702,-5.));
#6291=CARTESIAN_POINT('',(118.035038390842,-60.1906148099702,2.51));
#6292=CARTESIAN_POINT('',(122.733121759573,-55.4925314412394,-5.));
#6293=CARTESIAN_POINT('Origin',(128.64164010864,-70.7972165277684,2.51));
#6294=CARTESIAN_POINT('Origin',(128.64164010864,-70.7972165277684,-5.));
#6295=CARTESIAN_POINT('Origin',(93.1358829305838,-159.500270819629,2.51));
#6296=CARTESIAN_POINT('',(128.277179414331,-139.02788840725,16.51));
#6297=CARTESIAN_POINT('',(128.277179414331,-139.02788840725,-5.));
#6298=CARTESIAN_POINT('',(128.277179414331,-139.02788840725,2.51));
#6299=CARTESIAN_POINT('',(94.0033312680802,-158.994918545662,16.51));
#6300=CARTESIAN_POINT('',(93.1358829305838,-159.500270819629,16.51));
#6301=CARTESIAN_POINT('',(94.0033312680802,-158.994918545662,2.51));
#6302=CARTESIAN_POINT('',(130.083802055477,-137.975398223755,-5.));
#6303=CARTESIAN_POINT('Origin',(93.4999502851801,-158.130853972812,2.51));
#6304=CARTESIAN_POINT('',(92.6339248808092,-158.630853971796,16.51));
#6305=CARTESIAN_POINT('Origin',(93.4999502851801,-158.130853972812,16.51));
#6306=CARTESIAN_POINT('',(92.6339248808092,-158.630853971796,2.51));
#6307=CARTESIAN_POINT('Origin',(70.1677146836576,-119.718236351407,2.51));
#6308=CARTESIAN_POINT('',(88.0237022741418,-150.645714161216,16.51));
#6309=CARTESIAN_POINT('',(70.1677146836576,-119.718236351407,16.51));
#6310=CARTESIAN_POINT('',(88.0237022741418,-150.645714161216,8.01));
#6311=CARTESIAN_POINT('',(73.3007503990147,-125.144813407032,-5.));
#6312=CARTESIAN_POINT('Origin',(88.0237022741418,-150.645714161216,13.51));
#6313=CARTESIAN_POINT('',(93.2198546968484,-147.645714161217,16.51));
#6314=CARTESIAN_POINT('',(124.802733927562,-129.411330335581,16.51));
#6315=CARTESIAN_POINT('',(93.2198546968484,-147.645714161216,7.51));
#6316=CARTESIAN_POINT('Origin',(95.1195038382517,-150.936002999594,1.51));
#6317=CARTESIAN_POINT('',(95.3202870581615,-151.283769738727,16.51));
#6318=CARTESIAN_POINT('',(95.3202870581615,-151.283769738727,16.51));
#6319=CARTESIAN_POINT('',(95.3202870581615,-151.283769738727,-4.));
#6320=CARTESIAN_POINT('',(95.3202870581615,-151.283769738727,1.51));
#6321=CARTESIAN_POINT('',(88.3747211894244,-139.253696734173,-4.));
#6322=CARTESIAN_POINT('Origin',(222.581723160045,-121.887203002545,1.51));
#6323=CARTESIAN_POINT('',(205.693713462647,-151.138093340929,-4.));
#6324=CARTESIAN_POINT('',(220.920806383098,-124.763995198557,-4.));
#6325=CARTESIAN_POINT('',(205.693713462647,-151.138093340929,16.51));
#6326=CARTESIAN_POINT('',(205.693713462647,-151.138093340929,1.51));
#6327=CARTESIAN_POINT('',(207.366286462949,-148.241111974184,16.51));
#6328=CARTESIAN_POINT('',(222.780699378986,-121.542566087686,16.51));
#6329=CARTESIAN_POINT('',(207.366286462949,-148.241111974184,7.51));
#6330=CARTESIAN_POINT('Origin',(207.366286462949,-148.241111974184,13.51));
#6331=CARTESIAN_POINT('',(212.562438885656,-151.241111974184,16.51));
#6332=CARTESIAN_POINT('',(173.260074333401,-128.549881220151,16.51));
#6333=CARTESIAN_POINT('',(212.562438885656,-151.241111974184,8.01));
#6334=CARTESIAN_POINT('Origin',(207.865390402351,-159.376638454867,2.51));
#6335=CARTESIAN_POINT('',(208.369469645845,-158.503547608905,16.51));
#6336=CARTESIAN_POINT('',(207.865390402351,-159.376638454867,16.51));
#6337=CARTESIAN_POINT('',(208.369469645845,-158.503547608905,2.51));
#6338=CARTESIAN_POINT('',(216.160716204586,-145.008712943803,-5.));
#6339=CARTESIAN_POINT('Origin',(207.503444245734,-158.003547602544,2.51));
#6340=CARTESIAN_POINT('',(206.996424119171,-158.865481817702,16.51));
#6341=CARTESIAN_POINT('Origin',(207.503444245734,-158.003547602544,16.51));
#6342=CARTESIAN_POINT('',(206.996424119171,-158.865481817702,2.51));
#6343=CARTESIAN_POINT('Origin',(94.2280849943727,-155.392020279178,13.51));
#6344=CARTESIAN_POINT('',(95.8780849943726,-155.392020279178,16.51));
#6345=CARTESIAN_POINT('Origin',(94.2280849943727,-155.392020279178,16.51));
#6346=CARTESIAN_POINT('',(95.8780849943726,-155.392020279178,13.51));
#6347=CARTESIAN_POINT('Origin',(206.779551932499,-155.257365897898,13.51));
#6348=CARTESIAN_POINT('',(208.429551932499,-155.257365897898,16.51));
#6349=CARTESIAN_POINT('Origin',(206.779551932499,-155.257365897898,16.51));
#6350=CARTESIAN_POINT('',(208.429551932499,-155.257365897898,13.51));
#6351=CARTESIAN_POINT('Origin',(169.806161929078,-136.988857,2.51));
#6352=CARTESIAN_POINT('',(173.326839442555,-139.059843772633,-5.));
#6353=CARTESIAN_POINT('',(173.326839442555,-139.059843772633,16.51));
#6354=CARTESIAN_POINT('',(173.326839442555,-139.059843772633,2.51));
#6355=CARTESIAN_POINT('',(151.860148561143,-126.432378548274,-5.));
#6356=CARTESIAN_POINT('',(169.806161929078,-136.988857,16.51));
#6357=CARTESIAN_POINT('Origin',(130.25028739316,-130.93448282914,1.51));
#6358=CARTESIAN_POINT('',(147.130861338065,-121.100310509961,-4.));
#6359=CARTESIAN_POINT('',(130.156952928184,-130.988857,16.51));
#6360=CARTESIAN_POINT('',(130.156952928184,-130.988857,16.51));
#6361=CARTESIAN_POINT('',(130.156952928184,-130.988857,-4.));
#6362=CARTESIAN_POINT('',(130.156952928184,-130.988857,1.51));
#6363=CARTESIAN_POINT('',(147.130861338065,-121.100310509961,-4.));
#6364=CARTESIAN_POINT('Origin',(150.38481525,-87.875744,-4.));
#6365=CARTESIAN_POINT('',(171.440011683067,-130.988857,-4.));
#6366=CARTESIAN_POINT('',(160.966875125,-130.988857,-4.));
#6367=CARTESIAN_POINT('',(171.151191450981,-130.818962745832,-4.));
#6368=CARTESIAN_POINT('Origin',(205.346126949375,-150.933630686063,1.51));
#6369=CARTESIAN_POINT('',(171.440011683067,-130.988857,16.51));
#6370=CARTESIAN_POINT('',(171.440011683067,-130.988857,1.51));
#6371=CARTESIAN_POINT('',(205.693713462647,-151.138093340929,16.51));
#6372=CARTESIAN_POINT('Origin',(150.38481525,-87.875744,-5.));
#6373=CARTESIAN_POINT('',(165.721537544104,-136.988857,-5.));
#6374=CARTESIAN_POINT('Origin',(165.721537544104,-151.988857,-5.));
#6375=CARTESIAN_POINT('',(135.827894157833,-136.988857,-5.));
#6376=CARTESIAN_POINT('',(141.08101855047,-136.988857,-5.));
#6377=CARTESIAN_POINT('Origin',(135.827894157833,-151.988857,-5.));
#6378=CARTESIAN_POINT('Origin',(135.827894157833,-151.988857,2.51));
#6379=CARTESIAN_POINT('',(135.827894157833,-136.988857,16.51));
#6380=CARTESIAN_POINT('Origin',(135.827894157833,-151.988857,16.51));
#6381=CARTESIAN_POINT('',(135.827894157833,-136.988857,2.51));
#6382=CARTESIAN_POINT('Origin',(150.564604873719,-89.0946644098144,16.51));
#6383=CARTESIAN_POINT('',(171.440011683067,-130.988857,16.51));
#6384=CARTESIAN_POINT('',(165.721537544104,-136.988857,16.51));
#6385=CARTESIAN_POINT('',(131.777221850941,-136.988857,16.51));
#6386=CARTESIAN_POINT('Origin',(165.721537544104,-151.988857,16.51));
#6387=CARTESIAN_POINT('Origin',(165.721537544104,-151.988857,2.51));
#6388=CARTESIAN_POINT('',(165.721537544104,-136.988857,2.51));
#6389=CARTESIAN_POINT('Origin',(171.548935,-130.988857,1.51));
#6390=CARTESIAN_POINT('Origin',(131.777221850941,-136.988857,2.51));
#6391=UNCERTAINTY_MEASURE_WITH_UNIT(LENGTH_MEASURE(0.01),#6395,
'DISTANCE_ACCURACY_VALUE',
'Maximum model space distance between geometric entities at asserted c
onnectivities');
#6392=UNCERTAINTY_MEASURE_WITH_UNIT(LENGTH_MEASURE(0.01),#6395,
'DISTANCE_ACCURACY_VALUE',
'Maximum model space distance between geometric entities at asserted c
onnectivities');
#6393=(
GEOMETRIC_REPRESENTATION_CONTEXT(3)
GLOBAL_UNCERTAINTY_ASSIGNED_CONTEXT((#6391))
GLOBAL_UNIT_ASSIGNED_CONTEXT((#6395,#6397,#6398))
REPRESENTATION_CONTEXT('','3D')
);
#6394=(
GEOMETRIC_REPRESENTATION_CONTEXT(3)
GLOBAL_UNCERTAINTY_ASSIGNED_CONTEXT((#6392))
GLOBAL_UNIT_ASSIGNED_CONTEXT((#6395,#6397,#6398))
REPRESENTATION_CONTEXT('','3D')
);
#6395=(
LENGTH_UNIT()
NAMED_UNIT(*)
SI_UNIT(.MILLI.,.METRE.)
);
#6396=(
LENGTH_UNIT()
NAMED_UNIT(*)
SI_UNIT($,.METRE.)
);
#6397=(
NAMED_UNIT(*)
PLANE_ANGLE_UNIT()
SI_UNIT($,.RADIAN.)
);
#6398=(
NAMED_UNIT(*)
SI_UNIT($,.STERADIAN.)
SOLID_ANGLE_UNIT()
);
#6399=SHAPE_DEFINITION_REPRESENTATION(#6400,#6401);
#6400=PRODUCT_DEFINITION_SHAPE('',$,#6403);
#6401=SHAPE_REPRESENTATION('',(#3661),#6393);
#6402=PRODUCT_DEFINITION_CONTEXT('part definition',#6407,'design');
#6403=PRODUCT_DEFINITION('2026-08-29-23-05-29-681',
'PCM_Mounting_Enclosure',#6404,#6402);
#6404=PRODUCT_DEFINITION_FORMATION('',$,#6409);
#6405=PRODUCT_RELATED_PRODUCT_CATEGORY('PCM_Mounting_Enclosure',
'PCM_Mounting_Enclosure',(#6409));
#6406=APPLICATION_PROTOCOL_DEFINITION('international standard',
'automotive_design',2009,#6407);
#6407=APPLICATION_CONTEXT(
'Core Data for Automotive Mechanical Design Process');
#6408=PRODUCT_CONTEXT('part definition',#6407,'mechanical');
#6409=PRODUCT('2026-08-29-23-05-29-681','PCM_Mounting_Enclosure',$,(#6408));
#6410=PRESENTATION_STYLE_ASSIGNMENT((#6411));
#6411=SURFACE_STYLE_USAGE(.BOTH.,#6412);
#6412=SURFACE_SIDE_STYLE('',(#6413));
#6413=SURFACE_STYLE_FILL_AREA(#6414);
#6414=FILL_AREA_STYLE('Steel - Satin',(#6415));
#6415=FILL_AREA_STYLE_COLOUR('Steel - Satin',#6416);
#6416=COLOUR_RGB('Steel - Satin',0.627450980392157,0.627450980392157,0.627450980392157);
ENDSEC;
END-ISO-10303-21;
