ISO-10303-21;
HEADER;
/* Generated by software containing ST-Developer
 * from STEP Tools, Inc. (www.steptools.com) 
 */

FILE_DESCRIPTION(
/* description */ (''),
/* implementation_level */ '2;1');

FILE_NAME(
/* name */ 'Rear_Base_Plate.step',
/* time_stamp */ '2026-08-29T22:46:09-05:00',
/* author */ (''),
/* organization */ (''),
/* preprocessor_version */ 'ST-DEVELOPER v20.1',
/* originating_system */ 'Autodesk Translation Framework v15.8.0.0',
/* authorisation */ '');

FILE_SCHEMA (('AUTOMOTIVE_DESIGN { 1 0 10303 214 3 1 1 }'));
ENDSEC;

DATA;
#10=MECHANICAL_DESIGN_GEOMETRIC_PRESENTATION_REPRESENTATION('',(#13),#2029);
#11=SHAPE_REPRESENTATION_RELATIONSHIP('SRR','None',#2036,#12);
#12=ADVANCED_BREP_SHAPE_REPRESENTATION('',(#14),#2028);
#13=STYLED_ITEM('',(#2046),#14);
#14=MANIFOLD_SOLID_BREP('Body1',#1167);
#15=TOROIDAL_SURFACE('',#1213,2.25,0.75);
#16=TOROIDAL_SURFACE('',#1216,3.,1.5);
#17=TOROIDAL_SURFACE('',#1226,2.25000000000002,0.75);
#18=TOROIDAL_SURFACE('',#1229,3.,1.5);
#19=B_SPLINE_CURVE_WITH_KNOTS('',3,(#1764,#1765,#1766,#1767,#1768,#1769,
#1770,#1771,#1772,#1773),.UNSPECIFIED.,.F.,.F.,(4,2,2,2,4),(0.,0.0498966111077836,
0.0997932222155671,0.133798727069308,0.167804231923049),.UNSPECIFIED.);
#20=B_SPLINE_CURVE_WITH_KNOTS('',3,(#1782,#1783,#1784,#1785,#1786,#1787),
 .UNSPECIFIED.,.F.,.F.,(4,2,4),(0.,0.109266546637899,0.175773973436765),
 .UNSPECIFIED.);
#21=B_SPLINE_CURVE_WITH_KNOTS('',3,(#1793,#1794,#1795,#1796),
 .UNSPECIFIED.,.F.,.F.,(4,4),(1.03905014128493,1.04933742860113),
 .UNSPECIFIED.);
#22=B_SPLINE_CURVE_WITH_KNOTS('',3,(#1798,#1799,#1800,#1801,#1802,#1803,
#1804,#1805),.UNSPECIFIED.,.F.,.F.,(4,2,2,4),(0.0102872873161995,0.176344228699364,
0.233691648621366,0.239543522940731),.UNSPECIFIED.);
#23=B_SPLINE_CURVE_WITH_KNOTS('',3,(#1806,#1807,#1808,#1809,#1810,#1811),
 .UNSPECIFIED.,.F.,.F.,(4,2,4),(0.,0.0533506158687171,0.0600158971353083),
 .UNSPECIFIED.);
#24=B_SPLINE_CURVE_WITH_KNOTS('',3,(#1834,#1835,#1836,#1837,#1838,#1839,
#1840,#1841,#1842,#1843),.UNSPECIFIED.,.F.,.F.,(4,2,2,2,4),(0.40083408330905,
0.43483958816279,0.46884509301653,0.518741704124314,0.568638315232098),
 .UNSPECIFIED.);
#25=B_SPLINE_CURVE_WITH_KNOTS('',3,(#1852,#1853,#1854,#1855,#1856,#1857),
 .UNSPECIFIED.,.F.,.F.,(4,2,4),(0.425123531522294,0.491630958321161,0.600897504959059),
 .UNSPECIFIED.);
#26=B_SPLINE_CURVE_WITH_KNOTS('',3,(#1863,#1864,#1865,#1866),
 .UNSPECIFIED.,.F.,.F.,(4,4),(0.,0.010287287316214),.UNSPECIFIED.);
#27=B_SPLINE_CURVE_WITH_KNOTS('',3,(#1869,#1870,#1871,#1872,#1873,#1874),
 .UNSPECIFIED.,.F.,.F.,(4,2,4),(0.0456919817146681,0.0524322880275493,0.105963722463506),
 .UNSPECIFIED.);
#28=B_SPLINE_CURVE_WITH_KNOTS('',3,(#1875,#1876,#1877,#1878,#1879,#1880,
#1881,#1882),.UNSPECIFIED.,.F.,.F.,(4,2,2,4),(0.809793905660358,0.815645779979766,
0.872993199901768,1.03905014128491),.UNSPECIFIED.);
#29=FACE_BOUND('',#150,.T.);
#30=FACE_BOUND('',#151,.T.);
#31=FACE_BOUND('',#158,.T.);
#32=FACE_BOUND('',#159,.T.);
#33=FACE_BOUND('',#167,.T.);
#34=FACE_BOUND('',#168,.T.);
#35=FACE_BOUND('',#182,.T.);
#36=FACE_BOUND('',#183,.T.);
#37=FACE_BOUND('',#187,.T.);
#38=FACE_BOUND('',#188,.T.);
#39=PLANE('',#1184);
#40=PLANE('',#1188);
#41=PLANE('',#1189);
#42=PLANE('',#1190);
#43=PLANE('',#1191);
#44=PLANE('',#1192);
#45=PLANE('',#1193);
#46=PLANE('',#1194);
#47=PLANE('',#1195);
#48=PLANE('',#1200);
#49=PLANE('',#1201);
#50=PLANE('',#1202);
#51=PLANE('',#1203);
#52=PLANE('',#1204);
#53=PLANE('',#1209);
#54=PLANE('',#1210);
#55=PLANE('',#1218);
#56=PLANE('',#1232);
#57=PLANE('',#1234);
#58=PLANE('',#1242);
#59=PLANE('',#1245);
#60=PLANE('',#1249);
#61=PLANE('',#1257);
#62=PLANE('',#1259);
#63=PLANE('',#1267);
#64=PLANE('',#1269);
#65=PLANE('',#1276);
#66=PLANE('',#1280);
#67=PLANE('',#1284);
#68=PLANE('',#1285);
#69=PLANE('',#1286);
#70=PLANE('',#1287);
#71=PLANE('',#1288);
#72=PLANE('',#1292);
#73=FACE_OUTER_BOUND('',#134,.T.);
#74=FACE_OUTER_BOUND('',#135,.T.);
#75=FACE_OUTER_BOUND('',#136,.T.);
#76=FACE_OUTER_BOUND('',#137,.T.);
#77=FACE_OUTER_BOUND('',#138,.T.);
#78=FACE_OUTER_BOUND('',#139,.T.);
#79=FACE_OUTER_BOUND('',#140,.T.);
#80=FACE_OUTER_BOUND('',#141,.T.);
#81=FACE_OUTER_BOUND('',#142,.T.);
#82=FACE_OUTER_BOUND('',#143,.T.);
#83=FACE_OUTER_BOUND('',#144,.T.);
#84=FACE_OUTER_BOUND('',#145,.T.);
#85=FACE_OUTER_BOUND('',#146,.T.);
#86=FACE_OUTER_BOUND('',#147,.T.);
#87=FACE_OUTER_BOUND('',#148,.T.);
#88=FACE_OUTER_BOUND('',#149,.T.);
#89=FACE_OUTER_BOUND('',#152,.T.);
#90=FACE_OUTER_BOUND('',#153,.T.);
#91=FACE_OUTER_BOUND('',#154,.T.);
#92=FACE_OUTER_BOUND('',#155,.T.);
#93=FACE_OUTER_BOUND('',#156,.T.);
#94=FACE_OUTER_BOUND('',#157,.T.);
#95=FACE_OUTER_BOUND('',#160,.T.);
#96=FACE_OUTER_BOUND('',#161,.T.);
#97=FACE_OUTER_BOUND('',#162,.T.);
#98=FACE_OUTER_BOUND('',#163,.T.);
#99=FACE_OUTER_BOUND('',#164,.T.);
#100=FACE_OUTER_BOUND('',#165,.T.);
#101=FACE_OUTER_BOUND('',#166,.T.);
#102=FACE_OUTER_BOUND('',#169,.T.);
#103=FACE_OUTER_BOUND('',#170,.T.);
#104=FACE_OUTER_BOUND('',#171,.T.);
#105=FACE_OUTER_BOUND('',#172,.T.);
#106=FACE_OUTER_BOUND('',#173,.T.);
#107=FACE_OUTER_BOUND('',#174,.T.);
#108=FACE_OUTER_BOUND('',#175,.T.);
#109=FACE_OUTER_BOUND('',#176,.T.);
#110=FACE_OUTER_BOUND('',#177,.T.);
#111=FACE_OUTER_BOUND('',#178,.T.);
#112=FACE_OUTER_BOUND('',#179,.T.);
#113=FACE_OUTER_BOUND('',#180,.T.);
#114=FACE_OUTER_BOUND('',#181,.T.);
#115=FACE_OUTER_BOUND('',#184,.T.);
#116=FACE_OUTER_BOUND('',#185,.T.);
#117=FACE_OUTER_BOUND('',#186,.T.);
#118=FACE_OUTER_BOUND('',#189,.T.);
#119=FACE_OUTER_BOUND('',#190,.T.);
#120=FACE_OUTER_BOUND('',#191,.T.);
#121=FACE_OUTER_BOUND('',#192,.T.);
#122=FACE_OUTER_BOUND('',#193,.T.);
#123=FACE_OUTER_BOUND('',#194,.T.);
#124=FACE_OUTER_BOUND('',#195,.T.);
#125=FACE_OUTER_BOUND('',#196,.T.);
#126=FACE_OUTER_BOUND('',#197,.T.);
#127=FACE_OUTER_BOUND('',#198,.T.);
#128=FACE_OUTER_BOUND('',#199,.T.);
#129=FACE_OUTER_BOUND('',#200,.T.);
#130=FACE_OUTER_BOUND('',#201,.T.);
#131=FACE_OUTER_BOUND('',#202,.T.);
#132=FACE_OUTER_BOUND('',#203,.T.);
#133=FACE_OUTER_BOUND('',#204,.T.);
#134=EDGE_LOOP('',(#747,#748,#749,#750));
#135=EDGE_LOOP('',(#751));
#136=EDGE_LOOP('',(#752,#753,#754,#755));
#137=EDGE_LOOP('',(#756));
#138=EDGE_LOOP('',(#757,#758,#759,#760));
#139=EDGE_LOOP('',(#761,#762,#763,#764,#765));
#140=EDGE_LOOP('',(#766,#767,#768,#769,#770,#771,#772,#773,#774));
#141=EDGE_LOOP('',(#775,#776,#777,#778,#779,#780,#781));
#142=EDGE_LOOP('',(#782,#783,#784,#785));
#143=EDGE_LOOP('',(#786,#787,#788,#789,#790));
#144=EDGE_LOOP('',(#791,#792,#793,#794,#795,#796,#797,#798,#799,#800,#801,
#802,#803,#804,#805,#806,#807));
#145=EDGE_LOOP('',(#808,#809,#810,#811,#812,#813));
#146=EDGE_LOOP('',(#814,#815,#816,#817));
#147=EDGE_LOOP('',(#818,#819,#820,#821));
#148=EDGE_LOOP('',(#822,#823,#824,#825));
#149=EDGE_LOOP('',(#826,#827,#828,#829,#830,#831,#832,#833,#834,#835,#836,
#837,#838,#839));
#150=EDGE_LOOP('',(#840));
#151=EDGE_LOOP('',(#841));
#152=EDGE_LOOP('',(#842,#843,#844,#845));
#153=EDGE_LOOP('',(#846,#847,#848,#849));
#154=EDGE_LOOP('',(#850,#851,#852,#853));
#155=EDGE_LOOP('',(#854,#855,#856,#857));
#156=EDGE_LOOP('',(#858,#859,#860,#861,#862));
#157=EDGE_LOOP('',(#863,#864,#865,#866,#867,#868,#869,#870,#871));
#158=EDGE_LOOP('',(#872));
#159=EDGE_LOOP('',(#873));
#160=EDGE_LOOP('',(#874,#875,#876,#877));
#161=EDGE_LOOP('',(#878,#879,#880,#881));
#162=EDGE_LOOP('',(#882,#883,#884,#885,#886));
#163=EDGE_LOOP('',(#887,#888,#889,#890));
#164=EDGE_LOOP('',(#891,#892,#893,#894,#895));
#165=EDGE_LOOP('',(#896,#897,#898,#899));
#166=EDGE_LOOP('',(#900,#901,#902,#903,#904,#905,#906,#907,#908));
#167=EDGE_LOOP('',(#909));
#168=EDGE_LOOP('',(#910,#911));
#169=EDGE_LOOP('',(#912,#913,#914,#915,#916));
#170=EDGE_LOOP('',(#917,#918,#919,#920,#921));
#171=EDGE_LOOP('',(#922,#923,#924,#925,#926,#927,#928,#929,#930,#931,#932,
#933,#934,#935));
#172=EDGE_LOOP('',(#936,#937,#938,#939));
#173=EDGE_LOOP('',(#940,#941,#942,#943,#944,#945,#946,#947));
#174=EDGE_LOOP('',(#948,#949,#950,#951));
#175=EDGE_LOOP('',(#952,#953,#954,#955,#956));
#176=EDGE_LOOP('',(#957,#958,#959,#960,#961,#962,#963,#964));
#177=EDGE_LOOP('',(#965,#966,#967,#968,#969));
#178=EDGE_LOOP('',(#970,#971,#972,#973));
#179=EDGE_LOOP('',(#974,#975,#976,#977));
#180=EDGE_LOOP('',(#978,#979,#980,#981,#982,#983));
#181=EDGE_LOOP('',(#984,#985,#986,#987));
#182=EDGE_LOOP('',(#988));
#183=EDGE_LOOP('',(#989,#990));
#184=EDGE_LOOP('',(#991,#992,#993,#994));
#185=EDGE_LOOP('',(#995,#996,#997,#998,#999,#1000));
#186=EDGE_LOOP('',(#1001,#1002,#1003,#1004));
#187=EDGE_LOOP('',(#1005));
#188=EDGE_LOOP('',(#1006));
#189=EDGE_LOOP('',(#1007,#1008,#1009,#1010));
#190=EDGE_LOOP('',(#1011,#1012,#1013,#1014,#1015,#1016));
#191=EDGE_LOOP('',(#1017,#1018,#1019,#1020));
#192=EDGE_LOOP('',(#1021,#1022,#1023,#1024,#1025,#1026));
#193=EDGE_LOOP('',(#1027,#1028,#1029,#1030,#1031,#1032));
#194=EDGE_LOOP('',(#1033,#1034,#1035,#1036,#1037,#1038));
#195=EDGE_LOOP('',(#1039,#1040,#1041,#1042,#1043,#1044,#1045));
#196=EDGE_LOOP('',(#1046,#1047,#1048,#1049));
#197=EDGE_LOOP('',(#1050,#1051,#1052,#1053));
#198=EDGE_LOOP('',(#1054,#1055,#1056,#1057));
#199=EDGE_LOOP('',(#1058,#1059,#1060,#1061,#1062));
#200=EDGE_LOOP('',(#1063,#1064,#1065,#1066));
#201=EDGE_LOOP('',(#1067,#1068,#1069,#1070));
#202=EDGE_LOOP('',(#1071,#1072,#1073,#1074));
#203=EDGE_LOOP('',(#1075,#1076,#1077,#1078));
#204=EDGE_LOOP('',(#1079,#1080,#1081,#1082));
#205=LINE('',#1633,#311);
#206=LINE('',#1640,#312);
#207=LINE('',#1646,#313);
#208=LINE('',#1648,#314);
#209=LINE('',#1650,#315);
#210=LINE('',#1651,#316);
#211=LINE('',#1654,#317);
#212=LINE('',#1656,#318);
#213=LINE('',#1658,#319);
#214=LINE('',#1659,#320);
#215=LINE('',#1663,#321);
#216=LINE('',#1665,#322);
#217=LINE('',#1667,#323);
#218=LINE('',#1669,#324);
#219=LINE('',#1670,#325);
#220=LINE('',#1672,#326);
#221=LINE('',#1674,#327);
#222=LINE('',#1675,#328);
#223=LINE('',#1678,#329);
#224=LINE('',#1680,#330);
#225=LINE('',#1682,#331);
#226=LINE('',#1684,#332);
#227=LINE('',#1685,#333);
#228=LINE('',#1688,#334);
#229=LINE('',#1690,#335);
#230=LINE('',#1692,#336);
#231=LINE('',#1693,#337);
#232=LINE('',#1695,#338);
#233=LINE('',#1697,#339);
#234=LINE('',#1698,#340);
#235=LINE('',#1701,#341);
#236=LINE('',#1703,#342);
#237=LINE('',#1707,#343);
#238=LINE('',#1709,#344);
#239=LINE('',#1713,#345);
#240=LINE('',#1717,#346);
#241=LINE('',#1719,#347);
#242=LINE('',#1722,#348);
#243=LINE('',#1724,#349);
#244=LINE('',#1725,#350);
#245=LINE('',#1728,#351);
#246=LINE('',#1729,#352);
#247=LINE('',#1731,#353);
#248=LINE('',#1734,#354);
#249=LINE('',#1736,#355);
#250=LINE('',#1737,#356);
#251=LINE('',#1740,#357);
#252=LINE('',#1741,#358);
#253=LINE('',#1744,#359);
#254=LINE('',#1750,#360);
#255=LINE('',#1756,#361);
#256=LINE('',#1757,#362);
#257=LINE('',#1758,#363);
#258=LINE('',#1775,#364);
#259=LINE('',#1778,#365);
#260=LINE('',#1817,#366);
#261=LINE('',#1821,#367);
#262=LINE('',#1823,#368);
#263=LINE('',#1826,#369);
#264=LINE('',#1845,#370);
#265=LINE('',#1848,#371);
#266=LINE('',#1884,#372);
#267=LINE('',#1885,#373);
#268=LINE('',#1888,#374);
#269=LINE('',#1889,#375);
#270=LINE('',#1891,#376);
#271=LINE('',#1894,#377);
#272=LINE('',#1897,#378);
#273=LINE('',#1901,#379);
#274=LINE('',#1908,#380);
#275=LINE('',#1910,#381);
#276=LINE('',#1911,#382);
#277=LINE('',#1913,#383);
#278=LINE('',#1914,#384);
#279=LINE('',#1916,#385);
#280=LINE('',#1920,#386);
#281=LINE('',#1923,#387);
#282=LINE('',#1925,#388);
#283=LINE('',#1927,#389);
#284=LINE('',#1929,#390);
#285=LINE('',#1931,#391);
#286=LINE('',#1932,#392);
#287=LINE('',#1934,#393);
#288=LINE('',#1937,#394);
#289=LINE('',#1940,#395);
#290=LINE('',#1943,#396);
#291=LINE('',#1945,#397);
#292=LINE('',#1947,#398);
#293=LINE('',#1949,#399);
#294=LINE('',#1951,#400);
#295=LINE('',#1952,#401);
#296=LINE('',#1958,#402);
#297=LINE('',#1964,#403);
#298=LINE('',#1976,#404);
#299=LINE('',#1981,#405);
#300=LINE('',#1984,#406);
#301=LINE('',#1997,#407);
#302=LINE('',#2000,#408);
#303=LINE('',#2004,#409);
#304=LINE('',#2010,#410);
#305=LINE('',#2011,#411);
#306=LINE('',#2017,#412);
#307=LINE('',#2019,#413);
#308=LINE('',#2021,#414);
#309=LINE('',#2022,#415);
#310=LINE('',#2025,#416);
#311=VECTOR('',#1300,2.4);
#312=VECTOR('',#1309,2.4);
#313=VECTOR('',#1316,10.);
#314=VECTOR('',#1317,10.);
#315=VECTOR('',#1318,10.);
#316=VECTOR('',#1319,10.);
#317=VECTOR('',#1322,10.);
#318=VECTOR('',#1323,10.);
#319=VECTOR('',#1324,10.);
#320=VECTOR('',#1325,10.);
#321=VECTOR('',#1328,10.);
#322=VECTOR('',#1329,10.);
#323=VECTOR('',#1330,10.);
#324=VECTOR('',#1331,10.);
#325=VECTOR('',#1332,10.);
#326=VECTOR('',#1333,10.);
#327=VECTOR('',#1334,10.);
#328=VECTOR('',#1335,10.);
#329=VECTOR('',#1338,10.);
#330=VECTOR('',#1339,10.);
#331=VECTOR('',#1340,10.);
#332=VECTOR('',#1341,10.);
#333=VECTOR('',#1342,10.);
#334=VECTOR('',#1345,10.);
#335=VECTOR('',#1346,10.);
#336=VECTOR('',#1347,10.);
#337=VECTOR('',#1348,10.);
#338=VECTOR('',#1351,10.);
#339=VECTOR('',#1352,10.);
#340=VECTOR('',#1353,10.);
#341=VECTOR('',#1356,10.);
#342=VECTOR('',#1357,10.);
#343=VECTOR('',#1360,10.);
#344=VECTOR('',#1361,10.);
#345=VECTOR('',#1364,10.);
#346=VECTOR('',#1367,10.);
#347=VECTOR('',#1368,10.);
#348=VECTOR('',#1371,10.);
#349=VECTOR('',#1372,10.);
#350=VECTOR('',#1373,10.);
#351=VECTOR('',#1376,10.);
#352=VECTOR('',#1377,10.);
#353=VECTOR('',#1380,10.);
#354=VECTOR('',#1383,10.);
#355=VECTOR('',#1384,10.);
#356=VECTOR('',#1385,10.);
#357=VECTOR('',#1388,10.);
#358=VECTOR('',#1389,10.);
#359=VECTOR('',#1392,10.);
#360=VECTOR('',#1397,10.);
#361=VECTOR('',#1402,10.);
#362=VECTOR('',#1403,10.);
#363=VECTOR('',#1404,10.);
#364=VECTOR('',#1411,0.75);
#365=VECTOR('',#1414,0.75);
#366=VECTOR('',#1429,10.);
#367=VECTOR('',#1432,10.);
#368=VECTOR('',#1433,10.);
#369=VECTOR('',#1436,10.);
#370=VECTOR('',#1443,0.75);
#371=VECTOR('',#1446,0.75);
#372=VECTOR('',#1459,10.);
#373=VECTOR('',#1460,10.);
#374=VECTOR('',#1463,10.);
#375=VECTOR('',#1464,10.);
#376=VECTOR('',#1467,10.);
#377=VECTOR('',#1470,10.);
#378=VECTOR('',#1473,10.);
#379=VECTOR('',#1476,10.);
#380=VECTOR('',#1483,10.);
#381=VECTOR('',#1486,10.);
#382=VECTOR('',#1487,10.);
#383=VECTOR('',#1490,10.);
#384=VECTOR('',#1491,10.);
#385=VECTOR('',#1494,10.);
#386=VECTOR('',#1499,10.);
#387=VECTOR('',#1502,10.);
#388=VECTOR('',#1503,10.);
#389=VECTOR('',#1504,10.);
#390=VECTOR('',#1505,10.);
#391=VECTOR('',#1506,10.);
#392=VECTOR('',#1507,10.);
#393=VECTOR('',#1510,10.);
#394=VECTOR('',#1513,10.);
#395=VECTOR('',#1516,10.);
#396=VECTOR('',#1519,10.);
#397=VECTOR('',#1520,10.);
#398=VECTOR('',#1521,10.);
#399=VECTOR('',#1522,10.);
#400=VECTOR('',#1523,10.);
#401=VECTOR('',#1524,10.);
#402=VECTOR('',#1533,10.);
#403=VECTOR('',#1540,10.);
#404=VECTOR('',#1555,10.);
#405=VECTOR('',#1560,10.);
#406=VECTOR('',#1565,10.);
#407=VECTOR('',#1582,10.);
#408=VECTOR('',#1587,10.);
#409=VECTOR('',#1592,10.);
#410=VECTOR('',#1603,10.);
#411=VECTOR('',#1604,10.);
#412=VECTOR('',#1615,2.50048733838465);
#413=VECTOR('',#1618,2.50048733838469);
#414=VECTOR('',#1621,10.);
#415=VECTOR('',#1622,10.);
#416=VECTOR('',#1627,2.50048733838469);
#417=CIRCLE('',#1182,2.4);
#418=CIRCLE('',#1183,2.4);
#419=CIRCLE('',#1186,2.4);
#420=CIRCLE('',#1187,2.4);
#421=CIRCLE('',#1196,6.00000000000001);
#422=CIRCLE('',#1197,1.5);
#423=CIRCLE('',#1198,1.5);
#424=CIRCLE('',#1199,6.00000000000001);
#425=CIRCLE('',#1205,2.);
#426=CIRCLE('',#1206,3.);
#427=CIRCLE('',#1207,3.);
#428=CIRCLE('',#1208,2.);
#429=CIRCLE('',#1212,0.75);
#430=CIRCLE('',#1214,1.5);
#431=CIRCLE('',#1215,2.25000000000001);
#432=CIRCLE('',#1217,1.49999999999999);
#433=CIRCLE('',#1219,1.5);
#434=CIRCLE('',#1220,1.5);
#435=CIRCLE('',#1221,2.);
#436=CIRCLE('',#1222,2.50048733838465);
#437=CIRCLE('',#1223,2.50048733838469);
#438=CIRCLE('',#1225,0.749999999999993);
#439=CIRCLE('',#1227,2.25000000000001);
#440=CIRCLE('',#1228,1.50000000000002);
#441=CIRCLE('',#1230,1.5);
#442=CIRCLE('',#1235,2.);
#443=CIRCLE('',#1236,1.5);
#444=CIRCLE('',#1237,1.5);
#445=CIRCLE('',#1238,2.50048733838469);
#446=CIRCLE('',#1239,2.58233169552921);
#447=CIRCLE('',#1244,1.5);
#448=CIRCLE('',#1248,1.5);
#449=CIRCLE('',#1251,1.5);
#450=CIRCLE('',#1253,1.5);
#451=CIRCLE('',#1255,5.99999999999998);
#452=CIRCLE('',#1256,5.99999999999998);
#453=CIRCLE('',#1258,6.00000000000001);
#454=CIRCLE('',#1260,6.00000000000001);
#455=CIRCLE('',#1261,5.99999999999998);
#456=CIRCLE('',#1262,2.50048733838469);
#457=CIRCLE('',#1263,2.58233169552921);
#458=CIRCLE('',#1265,6.00000000000001);
#459=CIRCLE('',#1266,6.00000000000001);
#460=CIRCLE('',#1268,6.00000000000001);
#461=CIRCLE('',#1270,6.00000000000001);
#462=CIRCLE('',#1271,6.00000000000001);
#463=CIRCLE('',#1272,2.50048733838465);
#464=CIRCLE('',#1273,2.50048733838469);
#465=CIRCLE('',#1275,6.00000000000001);
#466=CIRCLE('',#1277,6.00000000000001);
#467=CIRCLE('',#1279,5.99999999999998);
#468=CIRCLE('',#1281,6.00000000000001);
#469=VERTEX_POINT('',#1630);
#470=VERTEX_POINT('',#1632);
#471=VERTEX_POINT('',#1637);
#472=VERTEX_POINT('',#1639);
#473=VERTEX_POINT('',#1644);
#474=VERTEX_POINT('',#1645);
#475=VERTEX_POINT('',#1647);
#476=VERTEX_POINT('',#1649);
#477=VERTEX_POINT('',#1653);
#478=VERTEX_POINT('',#1655);
#479=VERTEX_POINT('',#1657);
#480=VERTEX_POINT('',#1661);
#481=VERTEX_POINT('',#1662);
#482=VERTEX_POINT('',#1664);
#483=VERTEX_POINT('',#1666);
#484=VERTEX_POINT('',#1668);
#485=VERTEX_POINT('',#1671);
#486=VERTEX_POINT('',#1673);
#487=VERTEX_POINT('',#1677);
#488=VERTEX_POINT('',#1679);
#489=VERTEX_POINT('',#1681);
#490=VERTEX_POINT('',#1683);
#491=VERTEX_POINT('',#1687);
#492=VERTEX_POINT('',#1689);
#493=VERTEX_POINT('',#1691);
#494=VERTEX_POINT('',#1696);
#495=VERTEX_POINT('',#1700);
#496=VERTEX_POINT('',#1702);
#497=VERTEX_POINT('',#1704);
#498=VERTEX_POINT('',#1706);
#499=VERTEX_POINT('',#1708);
#500=VERTEX_POINT('',#1710);
#501=VERTEX_POINT('',#1712);
#502=VERTEX_POINT('',#1714);
#503=VERTEX_POINT('',#1716);
#504=VERTEX_POINT('',#1718);
#505=VERTEX_POINT('',#1720);
#506=VERTEX_POINT('',#1723);
#507=VERTEX_POINT('',#1727);
#508=VERTEX_POINT('',#1733);
#509=VERTEX_POINT('',#1735);
#510=VERTEX_POINT('',#1739);
#511=VERTEX_POINT('',#1743);
#512=VERTEX_POINT('',#1745);
#513=VERTEX_POINT('',#1747);
#514=VERTEX_POINT('',#1749);
#515=VERTEX_POINT('',#1751);
#516=VERTEX_POINT('',#1753);
#517=VERTEX_POINT('',#1755);
#518=VERTEX_POINT('',#1762);
#519=VERTEX_POINT('',#1763);
#520=VERTEX_POINT('',#1774);
#521=VERTEX_POINT('',#1776);
#522=VERTEX_POINT('',#1780);
#523=VERTEX_POINT('',#1781);
#524=VERTEX_POINT('',#1791);
#525=VERTEX_POINT('',#1792);
#526=VERTEX_POINT('',#1797);
#527=VERTEX_POINT('',#1814);
#528=VERTEX_POINT('',#1816);
#529=VERTEX_POINT('',#1818);
#530=VERTEX_POINT('',#1820);
#531=VERTEX_POINT('',#1822);
#532=VERTEX_POINT('',#1824);
#533=VERTEX_POINT('',#1827);
#534=VERTEX_POINT('',#1829);
#535=VERTEX_POINT('',#1832);
#536=VERTEX_POINT('',#1833);
#537=VERTEX_POINT('',#1844);
#538=VERTEX_POINT('',#1846);
#539=VERTEX_POINT('',#1850);
#540=VERTEX_POINT('',#1851);
#541=VERTEX_POINT('',#1861);
#542=VERTEX_POINT('',#1862);
#543=VERTEX_POINT('',#1868);
#544=VERTEX_POINT('',#1887);
#545=VERTEX_POINT('',#1893);
#546=VERTEX_POINT('',#1895);
#547=VERTEX_POINT('',#1898);
#548=VERTEX_POINT('',#1900);
#549=VERTEX_POINT('',#1903);
#550=VERTEX_POINT('',#1905);
#551=VERTEX_POINT('',#1906);
#552=VERTEX_POINT('',#1918);
#553=VERTEX_POINT('',#1922);
#554=VERTEX_POINT('',#1924);
#555=VERTEX_POINT('',#1926);
#556=VERTEX_POINT('',#1928);
#557=VERTEX_POINT('',#1930);
#558=VERTEX_POINT('',#1936);
#559=VERTEX_POINT('',#1938);
#560=VERTEX_POINT('',#1942);
#561=VERTEX_POINT('',#1944);
#562=VERTEX_POINT('',#1946);
#563=VERTEX_POINT('',#1948);
#564=VERTEX_POINT('',#1950);
#565=VERTEX_POINT('',#1956);
#566=VERTEX_POINT('',#1960);
#567=VERTEX_POINT('',#1962);
#568=VERTEX_POINT('',#1968);
#569=VERTEX_POINT('',#1971);
#570=VERTEX_POINT('',#1973);
#571=VERTEX_POINT('',#1974);
#572=VERTEX_POINT('',#1978);
#573=VERTEX_POINT('',#1980);
#574=VERTEX_POINT('',#1987);
#575=VERTEX_POINT('',#1990);
#576=VERTEX_POINT('',#1992);
#577=VERTEX_POINT('',#1995);
#578=VERTEX_POINT('',#2002);
#579=EDGE_CURVE('',#469,#469,#417,.T.);
#580=EDGE_CURVE('',#469,#470,#205,.T.);
#581=EDGE_CURVE('',#470,#470,#418,.T.);
#582=EDGE_CURVE('',#471,#471,#419,.T.);
#583=EDGE_CURVE('',#471,#472,#206,.T.);
#584=EDGE_CURVE('',#472,#472,#420,.T.);
#585=EDGE_CURVE('',#473,#474,#207,.T.);
#586=EDGE_CURVE('',#475,#473,#208,.T.);
#587=EDGE_CURVE('',#475,#476,#209,.T.);
#588=EDGE_CURVE('',#474,#476,#210,.T.);
#589=EDGE_CURVE('',#476,#477,#211,.T.);
#590=EDGE_CURVE('',#478,#475,#212,.T.);
#591=EDGE_CURVE('',#479,#478,#213,.T.);
#592=EDGE_CURVE('',#477,#479,#214,.T.);
#593=EDGE_CURVE('',#480,#481,#215,.T.);
#594=EDGE_CURVE('',#482,#480,#216,.T.);
#595=EDGE_CURVE('',#482,#483,#217,.T.);
#596=EDGE_CURVE('',#484,#483,#218,.T.);
#597=EDGE_CURVE('',#477,#484,#219,.T.);
#598=EDGE_CURVE('',#479,#485,#220,.T.);
#599=EDGE_CURVE('',#485,#486,#221,.T.);
#600=EDGE_CURVE('',#481,#486,#222,.T.);
#601=EDGE_CURVE('',#473,#487,#223,.T.);
#602=EDGE_CURVE('',#487,#488,#224,.T.);
#603=EDGE_CURVE('',#489,#488,#225,.T.);
#604=EDGE_CURVE('',#490,#489,#226,.T.);
#605=EDGE_CURVE('',#490,#478,#227,.T.);
#606=EDGE_CURVE('',#491,#473,#228,.T.);
#607=EDGE_CURVE('',#473,#492,#229,.T.);
#608=EDGE_CURVE('',#492,#493,#230,.T.);
#609=EDGE_CURVE('',#491,#493,#231,.T.);
#610=EDGE_CURVE('',#478,#492,#232,.T.);
#611=EDGE_CURVE('',#494,#490,#233,.T.);
#612=EDGE_CURVE('',#493,#494,#234,.T.);
#613=EDGE_CURVE('',#494,#495,#235,.T.);
#614=EDGE_CURVE('',#495,#496,#236,.T.);
#615=EDGE_CURVE('',#496,#497,#421,.T.);
#616=EDGE_CURVE('',#497,#498,#237,.T.);
#617=EDGE_CURVE('',#499,#498,#238,.T.);
#618=EDGE_CURVE('',#499,#500,#422,.F.);
#619=EDGE_CURVE('',#500,#501,#239,.T.);
#620=EDGE_CURVE('',#502,#501,#423,.T.);
#621=EDGE_CURVE('',#503,#502,#240,.T.);
#622=EDGE_CURVE('',#503,#504,#241,.T.);
#623=EDGE_CURVE('',#504,#505,#424,.T.);
#624=EDGE_CURVE('',#505,#481,#242,.T.);
#625=EDGE_CURVE('',#486,#506,#243,.T.);
#626=EDGE_CURVE('',#491,#506,#244,.T.);
#627=EDGE_CURVE('',#473,#507,#245,.T.);
#628=EDGE_CURVE('',#507,#485,#246,.T.);
#629=EDGE_CURVE('',#506,#507,#247,.T.);
#630=EDGE_CURVE('',#508,#487,#248,.T.);
#631=EDGE_CURVE('',#509,#508,#249,.T.);
#632=EDGE_CURVE('',#488,#509,#250,.T.);
#633=EDGE_CURVE('',#510,#509,#251,.T.);
#634=EDGE_CURVE('',#510,#489,#252,.T.);
#635=EDGE_CURVE('',#484,#511,#253,.T.);
#636=EDGE_CURVE('',#512,#511,#425,.T.);
#637=EDGE_CURVE('',#513,#512,#426,.T.);
#638=EDGE_CURVE('',#514,#513,#254,.T.);
#639=EDGE_CURVE('',#515,#514,#427,.T.);
#640=EDGE_CURVE('',#516,#515,#428,.T.);
#641=EDGE_CURVE('',#516,#517,#255,.T.);
#642=EDGE_CURVE('',#517,#510,#256,.T.);
#643=EDGE_CURVE('',#474,#508,#257,.T.);
#644=EDGE_CURVE('',#518,#519,#19,.T.);
#645=EDGE_CURVE('',#519,#520,#258,.T.);
#646=EDGE_CURVE('',#520,#521,#429,.T.);
#647=EDGE_CURVE('',#521,#518,#259,.T.);
#648=EDGE_CURVE('',#522,#523,#20,.T.);
#649=EDGE_CURVE('',#522,#521,#430,.T.);
#650=EDGE_CURVE('',#520,#523,#431,.T.);
#651=EDGE_CURVE('',#524,#525,#21,.T.);
#652=EDGE_CURVE('',#524,#526,#22,.T.);
#653=EDGE_CURVE('',#526,#515,#23,.T.);
#654=EDGE_CURVE('',#525,#514,#432,.T.);
#655=EDGE_CURVE('',#527,#519,#433,.T.);
#656=EDGE_CURVE('',#528,#527,#260,.T.);
#657=EDGE_CURVE('',#529,#528,#434,.T.);
#658=EDGE_CURVE('',#530,#529,#261,.T.);
#659=EDGE_CURVE('',#531,#530,#262,.T.);
#660=EDGE_CURVE('',#531,#532,#435,.T.);
#661=EDGE_CURVE('',#523,#532,#263,.T.);
#662=EDGE_CURVE('',#533,#533,#436,.T.);
#663=EDGE_CURVE('',#534,#534,#437,.T.);
#664=EDGE_CURVE('',#535,#536,#24,.T.);
#665=EDGE_CURVE('',#536,#537,#264,.T.);
#666=EDGE_CURVE('',#537,#538,#438,.T.);
#667=EDGE_CURVE('',#538,#535,#265,.T.);
#668=EDGE_CURVE('',#539,#540,#25,.F.);
#669=EDGE_CURVE('',#540,#538,#439,.T.);
#670=EDGE_CURVE('',#537,#539,#440,.T.);
#671=EDGE_CURVE('',#541,#542,#26,.T.);
#672=EDGE_CURVE('',#513,#541,#441,.T.);
#673=EDGE_CURVE('',#512,#543,#27,.T.);
#674=EDGE_CURVE('',#543,#542,#28,.T.);
#675=EDGE_CURVE('',#537,#502,#266,.T.);
#676=EDGE_CURVE('',#501,#539,#267,.T.);
#677=EDGE_CURVE('',#544,#536,#268,.T.);
#678=EDGE_CURVE('',#503,#544,#269,.T.);
#679=EDGE_CURVE('',#541,#525,#270,.T.);
#680=EDGE_CURVE('',#545,#540,#271,.T.);
#681=EDGE_CURVE('',#545,#546,#442,.T.);
#682=EDGE_CURVE('',#483,#546,#272,.T.);
#683=EDGE_CURVE('',#547,#482,#443,.T.);
#684=EDGE_CURVE('',#548,#547,#273,.T.);
#685=EDGE_CURVE('',#535,#548,#444,.T.);
#686=EDGE_CURVE('',#549,#549,#445,.T.);
#687=EDGE_CURVE('',#550,#551,#446,.T.);
#688=EDGE_CURVE('',#551,#550,#274,.T.);
#689=EDGE_CURVE('',#511,#546,#275,.T.);
#690=EDGE_CURVE('',#545,#543,#276,.T.);
#691=EDGE_CURVE('',#526,#532,#277,.T.);
#692=EDGE_CURVE('',#531,#516,#278,.T.);
#693=EDGE_CURVE('',#522,#500,#279,.T.);
#694=EDGE_CURVE('',#480,#552,#447,.T.);
#695=EDGE_CURVE('',#552,#547,#280,.T.);
#696=EDGE_CURVE('',#553,#552,#281,.T.);
#697=EDGE_CURVE('',#553,#554,#282,.T.);
#698=EDGE_CURVE('',#555,#554,#283,.T.);
#699=EDGE_CURVE('',#556,#555,#284,.T.);
#700=EDGE_CURVE('',#557,#556,#285,.T.);
#701=EDGE_CURVE('',#548,#557,#286,.T.);
#702=EDGE_CURVE('',#499,#521,#287,.T.);
#703=EDGE_CURVE('',#518,#558,#288,.T.);
#704=EDGE_CURVE('',#558,#559,#448,.T.);
#705=EDGE_CURVE('',#559,#527,#289,.T.);
#706=EDGE_CURVE('',#560,#559,#290,.T.);
#707=EDGE_CURVE('',#560,#561,#291,.T.);
#708=EDGE_CURVE('',#562,#561,#292,.T.);
#709=EDGE_CURVE('',#563,#562,#293,.T.);
#710=EDGE_CURVE('',#564,#563,#294,.T.);
#711=EDGE_CURVE('',#528,#564,#295,.T.);
#712=EDGE_CURVE('',#557,#544,#449,.T.);
#713=EDGE_CURVE('',#564,#565,#450,.T.);
#714=EDGE_CURVE('',#565,#529,#296,.T.);
#715=EDGE_CURVE('',#566,#556,#451,.T.);
#716=EDGE_CURVE('',#567,#555,#452,.T.);
#717=EDGE_CURVE('',#566,#567,#297,.T.);
#718=EDGE_CURVE('',#504,#566,#453,.T.);
#719=EDGE_CURVE('',#568,#567,#454,.T.);
#720=EDGE_CURVE('',#554,#568,#455,.T.);
#721=EDGE_CURVE('',#569,#569,#456,.T.);
#722=EDGE_CURVE('',#570,#571,#457,.T.);
#723=EDGE_CURVE('',#571,#570,#298,.T.);
#724=EDGE_CURVE('',#560,#572,#458,.T.);
#725=EDGE_CURVE('',#572,#573,#299,.T.);
#726=EDGE_CURVE('',#561,#573,#459,.T.);
#727=EDGE_CURVE('',#558,#498,#300,.T.);
#728=EDGE_CURVE('',#572,#497,#460,.T.);
#729=EDGE_CURVE('',#573,#574,#461,.T.);
#730=EDGE_CURVE('',#574,#562,#462,.T.);
#731=EDGE_CURVE('',#575,#575,#463,.T.);
#732=EDGE_CURVE('',#576,#576,#464,.T.);
#733=EDGE_CURVE('',#577,#563,#465,.T.);
#734=EDGE_CURVE('',#577,#574,#301,.T.);
#735=EDGE_CURVE('',#496,#577,#466,.T.);
#736=EDGE_CURVE('',#495,#565,#302,.T.);
#737=EDGE_CURVE('',#553,#578,#467,.T.);
#738=EDGE_CURVE('',#578,#568,#303,.T.);
#739=EDGE_CURVE('',#578,#505,#468,.T.);
#740=EDGE_CURVE('',#517,#530,#304,.T.);
#741=EDGE_CURVE('',#530,#495,#305,.T.);
#742=EDGE_CURVE('',#575,#533,#306,.T.);
#743=EDGE_CURVE('',#576,#534,#307,.T.);
#744=EDGE_CURVE('',#551,#571,#308,.T.);
#745=EDGE_CURVE('',#550,#570,#309,.T.);
#746=EDGE_CURVE('',#569,#549,#310,.T.);
#747=ORIENTED_EDGE('',*,*,#579,.F.);
#748=ORIENTED_EDGE('',*,*,#580,.T.);
#749=ORIENTED_EDGE('',*,*,#581,.T.);
#750=ORIENTED_EDGE('',*,*,#580,.F.);
#751=ORIENTED_EDGE('',*,*,#581,.F.);
#752=ORIENTED_EDGE('',*,*,#582,.F.);
#753=ORIENTED_EDGE('',*,*,#583,.T.);
#754=ORIENTED_EDGE('',*,*,#584,.T.);
#755=ORIENTED_EDGE('',*,*,#583,.F.);
#756=ORIENTED_EDGE('',*,*,#584,.F.);
#757=ORIENTED_EDGE('',*,*,#585,.F.);
#758=ORIENTED_EDGE('',*,*,#586,.F.);
#759=ORIENTED_EDGE('',*,*,#587,.T.);
#760=ORIENTED_EDGE('',*,*,#588,.F.);
#761=ORIENTED_EDGE('',*,*,#589,.F.);
#762=ORIENTED_EDGE('',*,*,#587,.F.);
#763=ORIENTED_EDGE('',*,*,#590,.F.);
#764=ORIENTED_EDGE('',*,*,#591,.F.);
#765=ORIENTED_EDGE('',*,*,#592,.F.);
#766=ORIENTED_EDGE('',*,*,#593,.F.);
#767=ORIENTED_EDGE('',*,*,#594,.F.);
#768=ORIENTED_EDGE('',*,*,#595,.T.);
#769=ORIENTED_EDGE('',*,*,#596,.F.);
#770=ORIENTED_EDGE('',*,*,#597,.F.);
#771=ORIENTED_EDGE('',*,*,#592,.T.);
#772=ORIENTED_EDGE('',*,*,#598,.T.);
#773=ORIENTED_EDGE('',*,*,#599,.T.);
#774=ORIENTED_EDGE('',*,*,#600,.F.);
#775=ORIENTED_EDGE('',*,*,#590,.T.);
#776=ORIENTED_EDGE('',*,*,#586,.T.);
#777=ORIENTED_EDGE('',*,*,#601,.T.);
#778=ORIENTED_EDGE('',*,*,#602,.T.);
#779=ORIENTED_EDGE('',*,*,#603,.F.);
#780=ORIENTED_EDGE('',*,*,#604,.F.);
#781=ORIENTED_EDGE('',*,*,#605,.T.);
#782=ORIENTED_EDGE('',*,*,#606,.T.);
#783=ORIENTED_EDGE('',*,*,#607,.T.);
#784=ORIENTED_EDGE('',*,*,#608,.T.);
#785=ORIENTED_EDGE('',*,*,#609,.F.);
#786=ORIENTED_EDGE('',*,*,#608,.F.);
#787=ORIENTED_EDGE('',*,*,#610,.F.);
#788=ORIENTED_EDGE('',*,*,#605,.F.);
#789=ORIENTED_EDGE('',*,*,#611,.F.);
#790=ORIENTED_EDGE('',*,*,#612,.F.);
#791=ORIENTED_EDGE('',*,*,#609,.T.);
#792=ORIENTED_EDGE('',*,*,#612,.T.);
#793=ORIENTED_EDGE('',*,*,#613,.T.);
#794=ORIENTED_EDGE('',*,*,#614,.T.);
#795=ORIENTED_EDGE('',*,*,#615,.T.);
#796=ORIENTED_EDGE('',*,*,#616,.T.);
#797=ORIENTED_EDGE('',*,*,#617,.F.);
#798=ORIENTED_EDGE('',*,*,#618,.T.);
#799=ORIENTED_EDGE('',*,*,#619,.T.);
#800=ORIENTED_EDGE('',*,*,#620,.F.);
#801=ORIENTED_EDGE('',*,*,#621,.F.);
#802=ORIENTED_EDGE('',*,*,#622,.T.);
#803=ORIENTED_EDGE('',*,*,#623,.T.);
#804=ORIENTED_EDGE('',*,*,#624,.T.);
#805=ORIENTED_EDGE('',*,*,#600,.T.);
#806=ORIENTED_EDGE('',*,*,#625,.T.);
#807=ORIENTED_EDGE('',*,*,#626,.F.);
#808=ORIENTED_EDGE('',*,*,#627,.T.);
#809=ORIENTED_EDGE('',*,*,#628,.T.);
#810=ORIENTED_EDGE('',*,*,#598,.F.);
#811=ORIENTED_EDGE('',*,*,#591,.T.);
#812=ORIENTED_EDGE('',*,*,#610,.T.);
#813=ORIENTED_EDGE('',*,*,#607,.F.);
#814=ORIENTED_EDGE('',*,*,#629,.F.);
#815=ORIENTED_EDGE('',*,*,#625,.F.);
#816=ORIENTED_EDGE('',*,*,#599,.F.);
#817=ORIENTED_EDGE('',*,*,#628,.F.);
#818=ORIENTED_EDGE('',*,*,#630,.F.);
#819=ORIENTED_EDGE('',*,*,#631,.F.);
#820=ORIENTED_EDGE('',*,*,#632,.F.);
#821=ORIENTED_EDGE('',*,*,#602,.F.);
#822=ORIENTED_EDGE('',*,*,#632,.T.);
#823=ORIENTED_EDGE('',*,*,#633,.F.);
#824=ORIENTED_EDGE('',*,*,#634,.T.);
#825=ORIENTED_EDGE('',*,*,#603,.T.);
#826=ORIENTED_EDGE('',*,*,#589,.T.);
#827=ORIENTED_EDGE('',*,*,#597,.T.);
#828=ORIENTED_EDGE('',*,*,#635,.T.);
#829=ORIENTED_EDGE('',*,*,#636,.F.);
#830=ORIENTED_EDGE('',*,*,#637,.F.);
#831=ORIENTED_EDGE('',*,*,#638,.F.);
#832=ORIENTED_EDGE('',*,*,#639,.F.);
#833=ORIENTED_EDGE('',*,*,#640,.F.);
#834=ORIENTED_EDGE('',*,*,#641,.T.);
#835=ORIENTED_EDGE('',*,*,#642,.T.);
#836=ORIENTED_EDGE('',*,*,#633,.T.);
#837=ORIENTED_EDGE('',*,*,#631,.T.);
#838=ORIENTED_EDGE('',*,*,#643,.F.);
#839=ORIENTED_EDGE('',*,*,#588,.T.);
#840=ORIENTED_EDGE('',*,*,#579,.T.);
#841=ORIENTED_EDGE('',*,*,#582,.T.);
#842=ORIENTED_EDGE('',*,*,#630,.T.);
#843=ORIENTED_EDGE('',*,*,#601,.F.);
#844=ORIENTED_EDGE('',*,*,#585,.T.);
#845=ORIENTED_EDGE('',*,*,#643,.T.);
#846=ORIENTED_EDGE('',*,*,#629,.T.);
#847=ORIENTED_EDGE('',*,*,#627,.F.);
#848=ORIENTED_EDGE('',*,*,#606,.F.);
#849=ORIENTED_EDGE('',*,*,#626,.T.);
#850=ORIENTED_EDGE('',*,*,#644,.T.);
#851=ORIENTED_EDGE('',*,*,#645,.T.);
#852=ORIENTED_EDGE('',*,*,#646,.T.);
#853=ORIENTED_EDGE('',*,*,#647,.T.);
#854=ORIENTED_EDGE('',*,*,#648,.F.);
#855=ORIENTED_EDGE('',*,*,#649,.T.);
#856=ORIENTED_EDGE('',*,*,#646,.F.);
#857=ORIENTED_EDGE('',*,*,#650,.T.);
#858=ORIENTED_EDGE('',*,*,#651,.F.);
#859=ORIENTED_EDGE('',*,*,#652,.T.);
#860=ORIENTED_EDGE('',*,*,#653,.T.);
#861=ORIENTED_EDGE('',*,*,#639,.T.);
#862=ORIENTED_EDGE('',*,*,#654,.F.);
#863=ORIENTED_EDGE('',*,*,#650,.F.);
#864=ORIENTED_EDGE('',*,*,#645,.F.);
#865=ORIENTED_EDGE('',*,*,#655,.F.);
#866=ORIENTED_EDGE('',*,*,#656,.F.);
#867=ORIENTED_EDGE('',*,*,#657,.F.);
#868=ORIENTED_EDGE('',*,*,#658,.F.);
#869=ORIENTED_EDGE('',*,*,#659,.F.);
#870=ORIENTED_EDGE('',*,*,#660,.T.);
#871=ORIENTED_EDGE('',*,*,#661,.F.);
#872=ORIENTED_EDGE('',*,*,#662,.F.);
#873=ORIENTED_EDGE('',*,*,#663,.F.);
#874=ORIENTED_EDGE('',*,*,#664,.T.);
#875=ORIENTED_EDGE('',*,*,#665,.T.);
#876=ORIENTED_EDGE('',*,*,#666,.T.);
#877=ORIENTED_EDGE('',*,*,#667,.T.);
#878=ORIENTED_EDGE('',*,*,#668,.T.);
#879=ORIENTED_EDGE('',*,*,#669,.T.);
#880=ORIENTED_EDGE('',*,*,#666,.F.);
#881=ORIENTED_EDGE('',*,*,#670,.T.);
#882=ORIENTED_EDGE('',*,*,#671,.F.);
#883=ORIENTED_EDGE('',*,*,#672,.F.);
#884=ORIENTED_EDGE('',*,*,#637,.T.);
#885=ORIENTED_EDGE('',*,*,#673,.T.);
#886=ORIENTED_EDGE('',*,*,#674,.T.);
#887=ORIENTED_EDGE('',*,*,#670,.F.);
#888=ORIENTED_EDGE('',*,*,#675,.T.);
#889=ORIENTED_EDGE('',*,*,#620,.T.);
#890=ORIENTED_EDGE('',*,*,#676,.T.);
#891=ORIENTED_EDGE('',*,*,#621,.T.);
#892=ORIENTED_EDGE('',*,*,#675,.F.);
#893=ORIENTED_EDGE('',*,*,#665,.F.);
#894=ORIENTED_EDGE('',*,*,#677,.F.);
#895=ORIENTED_EDGE('',*,*,#678,.F.);
#896=ORIENTED_EDGE('',*,*,#672,.T.);
#897=ORIENTED_EDGE('',*,*,#679,.T.);
#898=ORIENTED_EDGE('',*,*,#654,.T.);
#899=ORIENTED_EDGE('',*,*,#638,.T.);
#900=ORIENTED_EDGE('',*,*,#669,.F.);
#901=ORIENTED_EDGE('',*,*,#680,.F.);
#902=ORIENTED_EDGE('',*,*,#681,.T.);
#903=ORIENTED_EDGE('',*,*,#682,.F.);
#904=ORIENTED_EDGE('',*,*,#595,.F.);
#905=ORIENTED_EDGE('',*,*,#683,.F.);
#906=ORIENTED_EDGE('',*,*,#684,.F.);
#907=ORIENTED_EDGE('',*,*,#685,.F.);
#908=ORIENTED_EDGE('',*,*,#667,.F.);
#909=ORIENTED_EDGE('',*,*,#686,.F.);
#910=ORIENTED_EDGE('',*,*,#687,.F.);
#911=ORIENTED_EDGE('',*,*,#688,.F.);
#912=ORIENTED_EDGE('',*,*,#673,.F.);
#913=ORIENTED_EDGE('',*,*,#636,.T.);
#914=ORIENTED_EDGE('',*,*,#689,.T.);
#915=ORIENTED_EDGE('',*,*,#681,.F.);
#916=ORIENTED_EDGE('',*,*,#690,.T.);
#917=ORIENTED_EDGE('',*,*,#653,.F.);
#918=ORIENTED_EDGE('',*,*,#691,.T.);
#919=ORIENTED_EDGE('',*,*,#660,.F.);
#920=ORIENTED_EDGE('',*,*,#692,.T.);
#921=ORIENTED_EDGE('',*,*,#640,.T.);
#922=ORIENTED_EDGE('',*,*,#674,.F.);
#923=ORIENTED_EDGE('',*,*,#690,.F.);
#924=ORIENTED_EDGE('',*,*,#680,.T.);
#925=ORIENTED_EDGE('',*,*,#668,.F.);
#926=ORIENTED_EDGE('',*,*,#676,.F.);
#927=ORIENTED_EDGE('',*,*,#619,.F.);
#928=ORIENTED_EDGE('',*,*,#693,.F.);
#929=ORIENTED_EDGE('',*,*,#648,.T.);
#930=ORIENTED_EDGE('',*,*,#661,.T.);
#931=ORIENTED_EDGE('',*,*,#691,.F.);
#932=ORIENTED_EDGE('',*,*,#652,.F.);
#933=ORIENTED_EDGE('',*,*,#651,.T.);
#934=ORIENTED_EDGE('',*,*,#679,.F.);
#935=ORIENTED_EDGE('',*,*,#671,.T.);
#936=ORIENTED_EDGE('',*,*,#694,.T.);
#937=ORIENTED_EDGE('',*,*,#695,.T.);
#938=ORIENTED_EDGE('',*,*,#683,.T.);
#939=ORIENTED_EDGE('',*,*,#594,.T.);
#940=ORIENTED_EDGE('',*,*,#695,.F.);
#941=ORIENTED_EDGE('',*,*,#696,.F.);
#942=ORIENTED_EDGE('',*,*,#697,.T.);
#943=ORIENTED_EDGE('',*,*,#698,.F.);
#944=ORIENTED_EDGE('',*,*,#699,.F.);
#945=ORIENTED_EDGE('',*,*,#700,.F.);
#946=ORIENTED_EDGE('',*,*,#701,.F.);
#947=ORIENTED_EDGE('',*,*,#684,.T.);
#948=ORIENTED_EDGE('',*,*,#649,.F.);
#949=ORIENTED_EDGE('',*,*,#693,.T.);
#950=ORIENTED_EDGE('',*,*,#618,.F.);
#951=ORIENTED_EDGE('',*,*,#702,.T.);
#952=ORIENTED_EDGE('',*,*,#644,.F.);
#953=ORIENTED_EDGE('',*,*,#703,.T.);
#954=ORIENTED_EDGE('',*,*,#704,.T.);
#955=ORIENTED_EDGE('',*,*,#705,.T.);
#956=ORIENTED_EDGE('',*,*,#655,.T.);
#957=ORIENTED_EDGE('',*,*,#705,.F.);
#958=ORIENTED_EDGE('',*,*,#706,.F.);
#959=ORIENTED_EDGE('',*,*,#707,.T.);
#960=ORIENTED_EDGE('',*,*,#708,.F.);
#961=ORIENTED_EDGE('',*,*,#709,.F.);
#962=ORIENTED_EDGE('',*,*,#710,.F.);
#963=ORIENTED_EDGE('',*,*,#711,.F.);
#964=ORIENTED_EDGE('',*,*,#656,.T.);
#965=ORIENTED_EDGE('',*,*,#664,.F.);
#966=ORIENTED_EDGE('',*,*,#685,.T.);
#967=ORIENTED_EDGE('',*,*,#701,.T.);
#968=ORIENTED_EDGE('',*,*,#712,.T.);
#969=ORIENTED_EDGE('',*,*,#677,.T.);
#970=ORIENTED_EDGE('',*,*,#713,.T.);
#971=ORIENTED_EDGE('',*,*,#714,.T.);
#972=ORIENTED_EDGE('',*,*,#657,.T.);
#973=ORIENTED_EDGE('',*,*,#711,.T.);
#974=ORIENTED_EDGE('',*,*,#715,.T.);
#975=ORIENTED_EDGE('',*,*,#699,.T.);
#976=ORIENTED_EDGE('',*,*,#716,.F.);
#977=ORIENTED_EDGE('',*,*,#717,.F.);
#978=ORIENTED_EDGE('',*,*,#712,.F.);
#979=ORIENTED_EDGE('',*,*,#700,.T.);
#980=ORIENTED_EDGE('',*,*,#715,.F.);
#981=ORIENTED_EDGE('',*,*,#718,.F.);
#982=ORIENTED_EDGE('',*,*,#622,.F.);
#983=ORIENTED_EDGE('',*,*,#678,.T.);
#984=ORIENTED_EDGE('',*,*,#719,.T.);
#985=ORIENTED_EDGE('',*,*,#716,.T.);
#986=ORIENTED_EDGE('',*,*,#698,.T.);
#987=ORIENTED_EDGE('',*,*,#720,.T.);
#988=ORIENTED_EDGE('',*,*,#721,.T.);
#989=ORIENTED_EDGE('',*,*,#722,.T.);
#990=ORIENTED_EDGE('',*,*,#723,.T.);
#991=ORIENTED_EDGE('',*,*,#724,.T.);
#992=ORIENTED_EDGE('',*,*,#725,.T.);
#993=ORIENTED_EDGE('',*,*,#726,.F.);
#994=ORIENTED_EDGE('',*,*,#707,.F.);
#995=ORIENTED_EDGE('',*,*,#704,.F.);
#996=ORIENTED_EDGE('',*,*,#727,.T.);
#997=ORIENTED_EDGE('',*,*,#616,.F.);
#998=ORIENTED_EDGE('',*,*,#728,.F.);
#999=ORIENTED_EDGE('',*,*,#724,.F.);
#1000=ORIENTED_EDGE('',*,*,#706,.T.);
#1001=ORIENTED_EDGE('',*,*,#726,.T.);
#1002=ORIENTED_EDGE('',*,*,#729,.T.);
#1003=ORIENTED_EDGE('',*,*,#730,.T.);
#1004=ORIENTED_EDGE('',*,*,#708,.T.);
#1005=ORIENTED_EDGE('',*,*,#731,.T.);
#1006=ORIENTED_EDGE('',*,*,#732,.T.);
#1007=ORIENTED_EDGE('',*,*,#733,.T.);
#1008=ORIENTED_EDGE('',*,*,#709,.T.);
#1009=ORIENTED_EDGE('',*,*,#730,.F.);
#1010=ORIENTED_EDGE('',*,*,#734,.F.);
#1011=ORIENTED_EDGE('',*,*,#713,.F.);
#1012=ORIENTED_EDGE('',*,*,#710,.T.);
#1013=ORIENTED_EDGE('',*,*,#733,.F.);
#1014=ORIENTED_EDGE('',*,*,#735,.F.);
#1015=ORIENTED_EDGE('',*,*,#614,.F.);
#1016=ORIENTED_EDGE('',*,*,#736,.T.);
#1017=ORIENTED_EDGE('',*,*,#737,.T.);
#1018=ORIENTED_EDGE('',*,*,#738,.T.);
#1019=ORIENTED_EDGE('',*,*,#720,.F.);
#1020=ORIENTED_EDGE('',*,*,#697,.F.);
#1021=ORIENTED_EDGE('',*,*,#694,.F.);
#1022=ORIENTED_EDGE('',*,*,#593,.T.);
#1023=ORIENTED_EDGE('',*,*,#624,.F.);
#1024=ORIENTED_EDGE('',*,*,#739,.F.);
#1025=ORIENTED_EDGE('',*,*,#737,.F.);
#1026=ORIENTED_EDGE('',*,*,#696,.T.);
#1027=ORIENTED_EDGE('',*,*,#623,.F.);
#1028=ORIENTED_EDGE('',*,*,#718,.T.);
#1029=ORIENTED_EDGE('',*,*,#717,.T.);
#1030=ORIENTED_EDGE('',*,*,#719,.F.);
#1031=ORIENTED_EDGE('',*,*,#738,.F.);
#1032=ORIENTED_EDGE('',*,*,#739,.T.);
#1033=ORIENTED_EDGE('',*,*,#735,.T.);
#1034=ORIENTED_EDGE('',*,*,#734,.T.);
#1035=ORIENTED_EDGE('',*,*,#729,.F.);
#1036=ORIENTED_EDGE('',*,*,#725,.F.);
#1037=ORIENTED_EDGE('',*,*,#728,.T.);
#1038=ORIENTED_EDGE('',*,*,#615,.F.);
#1039=ORIENTED_EDGE('',*,*,#604,.T.);
#1040=ORIENTED_EDGE('',*,*,#634,.F.);
#1041=ORIENTED_EDGE('',*,*,#642,.F.);
#1042=ORIENTED_EDGE('',*,*,#740,.T.);
#1043=ORIENTED_EDGE('',*,*,#741,.T.);
#1044=ORIENTED_EDGE('',*,*,#613,.F.);
#1045=ORIENTED_EDGE('',*,*,#611,.T.);
#1046=ORIENTED_EDGE('',*,*,#692,.F.);
#1047=ORIENTED_EDGE('',*,*,#659,.T.);
#1048=ORIENTED_EDGE('',*,*,#740,.F.);
#1049=ORIENTED_EDGE('',*,*,#641,.F.);
#1050=ORIENTED_EDGE('',*,*,#689,.F.);
#1051=ORIENTED_EDGE('',*,*,#635,.F.);
#1052=ORIENTED_EDGE('',*,*,#596,.T.);
#1053=ORIENTED_EDGE('',*,*,#682,.T.);
#1054=ORIENTED_EDGE('',*,*,#741,.F.);
#1055=ORIENTED_EDGE('',*,*,#658,.T.);
#1056=ORIENTED_EDGE('',*,*,#714,.F.);
#1057=ORIENTED_EDGE('',*,*,#736,.F.);
#1058=ORIENTED_EDGE('',*,*,#727,.F.);
#1059=ORIENTED_EDGE('',*,*,#703,.F.);
#1060=ORIENTED_EDGE('',*,*,#647,.F.);
#1061=ORIENTED_EDGE('',*,*,#702,.F.);
#1062=ORIENTED_EDGE('',*,*,#617,.T.);
#1063=ORIENTED_EDGE('',*,*,#731,.F.);
#1064=ORIENTED_EDGE('',*,*,#742,.T.);
#1065=ORIENTED_EDGE('',*,*,#662,.T.);
#1066=ORIENTED_EDGE('',*,*,#742,.F.);
#1067=ORIENTED_EDGE('',*,*,#732,.F.);
#1068=ORIENTED_EDGE('',*,*,#743,.T.);
#1069=ORIENTED_EDGE('',*,*,#663,.T.);
#1070=ORIENTED_EDGE('',*,*,#743,.F.);
#1071=ORIENTED_EDGE('',*,*,#687,.T.);
#1072=ORIENTED_EDGE('',*,*,#744,.T.);
#1073=ORIENTED_EDGE('',*,*,#722,.F.);
#1074=ORIENTED_EDGE('',*,*,#745,.F.);
#1075=ORIENTED_EDGE('',*,*,#688,.T.);
#1076=ORIENTED_EDGE('',*,*,#745,.T.);
#1077=ORIENTED_EDGE('',*,*,#723,.F.);
#1078=ORIENTED_EDGE('',*,*,#744,.F.);
#1079=ORIENTED_EDGE('',*,*,#721,.F.);
#1080=ORIENTED_EDGE('',*,*,#746,.T.);
#1081=ORIENTED_EDGE('',*,*,#686,.T.);
#1082=ORIENTED_EDGE('',*,*,#746,.F.);
#1083=CYLINDRICAL_SURFACE('',#1181,2.4);
#1084=CYLINDRICAL_SURFACE('',#1185,2.4);
#1085=CYLINDRICAL_SURFACE('',#1211,0.749999999999989);
#1086=CYLINDRICAL_SURFACE('',#1224,0.749999999999993);
#1087=CYLINDRICAL_SURFACE('',#1231,1.5);
#1088=CYLINDRICAL_SURFACE('',#1233,1.5);
#1089=CYLINDRICAL_SURFACE('',#1240,2.);
#1090=CYLINDRICAL_SURFACE('',#1241,2.);
#1091=CYLINDRICAL_SURFACE('',#1243,1.5);
#1092=CYLINDRICAL_SURFACE('',#1246,1.5);
#1093=CYLINDRICAL_SURFACE('',#1247,1.5);
#1094=CYLINDRICAL_SURFACE('',#1250,1.5);
#1095=CYLINDRICAL_SURFACE('',#1252,1.5);
#1096=CYLINDRICAL_SURFACE('',#1254,5.99999999999998);
#1097=CYLINDRICAL_SURFACE('',#1264,6.00000000000001);
#1098=CYLINDRICAL_SURFACE('',#1274,6.00000000000001);
#1099=CYLINDRICAL_SURFACE('',#1278,5.99999999999998);
#1100=CYLINDRICAL_SURFACE('',#1282,6.00000000000001);
#1101=CYLINDRICAL_SURFACE('',#1283,6.00000000000001);
#1102=CYLINDRICAL_SURFACE('',#1289,2.50048733838465);
#1103=CYLINDRICAL_SURFACE('',#1290,2.50048733838469);
#1104=CYLINDRICAL_SURFACE('',#1291,2.58233169552921);
#1105=CYLINDRICAL_SURFACE('',#1293,2.50048733838469);
#1106=ADVANCED_FACE('',(#73),#1083,.F.);
#1107=ADVANCED_FACE('',(#74),#39,.T.);
#1108=ADVANCED_FACE('',(#75),#1084,.F.);
#1109=ADVANCED_FACE('',(#76),#40,.T.);
#1110=ADVANCED_FACE('',(#77),#41,.F.);
#1111=ADVANCED_FACE('',(#78),#42,.F.);
#1112=ADVANCED_FACE('',(#79),#43,.T.);
#1113=ADVANCED_FACE('',(#80),#44,.T.);
#1114=ADVANCED_FACE('',(#81),#45,.F.);
#1115=ADVANCED_FACE('',(#82),#46,.F.);
#1116=ADVANCED_FACE('',(#83),#47,.T.);
#1117=ADVANCED_FACE('',(#84),#48,.T.);
#1118=ADVANCED_FACE('',(#85),#49,.F.);
#1119=ADVANCED_FACE('',(#86),#50,.F.);
#1120=ADVANCED_FACE('',(#87),#51,.T.);
#1121=ADVANCED_FACE('',(#88,#29,#30),#52,.T.);
#1122=ADVANCED_FACE('',(#89),#53,.T.);
#1123=ADVANCED_FACE('',(#90),#54,.T.);
#1124=ADVANCED_FACE('',(#91),#1085,.T.);
#1125=ADVANCED_FACE('',(#92),#15,.T.);
#1126=ADVANCED_FACE('',(#93),#16,.T.);
#1127=ADVANCED_FACE('',(#94,#31,#32),#55,.F.);
#1128=ADVANCED_FACE('',(#95),#1086,.T.);
#1129=ADVANCED_FACE('',(#96),#17,.T.);
#1130=ADVANCED_FACE('',(#97),#18,.T.);
#1131=ADVANCED_FACE('',(#98),#1087,.F.);
#1132=ADVANCED_FACE('',(#99),#56,.T.);
#1133=ADVANCED_FACE('',(#100),#1088,.T.);
#1134=ADVANCED_FACE('',(#101,#33,#34),#57,.F.);
#1135=ADVANCED_FACE('',(#102),#1089,.F.);
#1136=ADVANCED_FACE('',(#103),#1090,.F.);
#1137=ADVANCED_FACE('',(#104),#58,.T.);
#1138=ADVANCED_FACE('',(#105),#1091,.T.);
#1139=ADVANCED_FACE('',(#106),#59,.T.);
#1140=ADVANCED_FACE('',(#107),#1092,.F.);
#1141=ADVANCED_FACE('',(#108),#1093,.T.);
#1142=ADVANCED_FACE('',(#109),#60,.T.);
#1143=ADVANCED_FACE('',(#110),#1094,.T.);
#1144=ADVANCED_FACE('',(#111),#1095,.T.);
#1145=ADVANCED_FACE('',(#112),#1096,.F.);
#1146=ADVANCED_FACE('',(#113),#61,.T.);
#1147=ADVANCED_FACE('',(#114,#35,#36),#62,.T.);
#1148=ADVANCED_FACE('',(#115),#1097,.F.);
#1149=ADVANCED_FACE('',(#116),#63,.T.);
#1150=ADVANCED_FACE('',(#117,#37,#38),#64,.T.);
#1151=ADVANCED_FACE('',(#118),#1098,.F.);
#1152=ADVANCED_FACE('',(#119),#65,.T.);
#1153=ADVANCED_FACE('',(#120),#1099,.F.);
#1154=ADVANCED_FACE('',(#121),#66,.T.);
#1155=ADVANCED_FACE('',(#122),#1100,.F.);
#1156=ADVANCED_FACE('',(#123),#1101,.F.);
#1157=ADVANCED_FACE('',(#124),#67,.T.);
#1158=ADVANCED_FACE('',(#125),#68,.T.);
#1159=ADVANCED_FACE('',(#126),#69,.T.);
#1160=ADVANCED_FACE('',(#127),#70,.T.);
#1161=ADVANCED_FACE('',(#128),#71,.T.);
#1162=ADVANCED_FACE('',(#129),#1102,.F.);
#1163=ADVANCED_FACE('',(#130),#1103,.F.);
#1164=ADVANCED_FACE('',(#131),#1104,.F.);
#1165=ADVANCED_FACE('',(#132),#72,.T.);
#1166=ADVANCED_FACE('',(#133),#1105,.F.);
#1167=CLOSED_SHELL('',(#1106,#1107,#1108,#1109,#1110,#1111,#1112,#1113,
#1114,#1115,#1116,#1117,#1118,#1119,#1120,#1121,#1122,#1123,#1124,#1125,
#1126,#1127,#1128,#1129,#1130,#1131,#1132,#1133,#1134,#1135,#1136,#1137,
#1138,#1139,#1140,#1141,#1142,#1143,#1144,#1145,#1146,#1147,#1148,#1149,
#1150,#1151,#1152,#1153,#1154,#1155,#1156,#1157,#1158,#1159,#1160,#1161,
#1162,#1163,#1164,#1165,#1166));
#1168=DERIVED_UNIT_ELEMENT(#1170,1.);
#1169=DERIVED_UNIT_ELEMENT(#2031,-3.);
#1170=(
MASS_UNIT()
NAMED_UNIT(*)
SI_UNIT(.KILO.,.GRAM.)
);
#1171=DERIVED_UNIT((#1168,#1169));
#1172=MEASURE_REPRESENTATION_ITEM('density measure',
POSITIVE_RATIO_MEASURE(7850.),#1171);
#1173=PROPERTY_DEFINITION_REPRESENTATION(#1178,#1175);
#1174=PROPERTY_DEFINITION_REPRESENTATION(#1179,#1176);
#1175=REPRESENTATION('material name',(#1177),#2028);
#1176=REPRESENTATION('density',(#1172),#2028);
#1177=DESCRIPTIVE_REPRESENTATION_ITEM('Steel','Steel');
#1178=PROPERTY_DEFINITION('material property','material name',#2038);
#1179=PROPERTY_DEFINITION('material property','density of part',#2038);
#1180=AXIS2_PLACEMENT_3D('',#1628,#1294,#1295);
#1181=AXIS2_PLACEMENT_3D('',#1629,#1296,#1297);
#1182=AXIS2_PLACEMENT_3D('',#1631,#1298,#1299);
#1183=AXIS2_PLACEMENT_3D('',#1634,#1301,#1302);
#1184=AXIS2_PLACEMENT_3D('',#1635,#1303,#1304);
#1185=AXIS2_PLACEMENT_3D('',#1636,#1305,#1306);
#1186=AXIS2_PLACEMENT_3D('',#1638,#1307,#1308);
#1187=AXIS2_PLACEMENT_3D('',#1641,#1310,#1311);
#1188=AXIS2_PLACEMENT_3D('',#1642,#1312,#1313);
#1189=AXIS2_PLACEMENT_3D('',#1643,#1314,#1315);
#1190=AXIS2_PLACEMENT_3D('',#1652,#1320,#1321);
#1191=AXIS2_PLACEMENT_3D('',#1660,#1326,#1327);
#1192=AXIS2_PLACEMENT_3D('',#1676,#1336,#1337);
#1193=AXIS2_PLACEMENT_3D('',#1686,#1343,#1344);
#1194=AXIS2_PLACEMENT_3D('',#1694,#1349,#1350);
#1195=AXIS2_PLACEMENT_3D('',#1699,#1354,#1355);
#1196=AXIS2_PLACEMENT_3D('',#1705,#1358,#1359);
#1197=AXIS2_PLACEMENT_3D('',#1711,#1362,#1363);
#1198=AXIS2_PLACEMENT_3D('',#1715,#1365,#1366);
#1199=AXIS2_PLACEMENT_3D('',#1721,#1369,#1370);
#1200=AXIS2_PLACEMENT_3D('',#1726,#1374,#1375);
#1201=AXIS2_PLACEMENT_3D('',#1730,#1378,#1379);
#1202=AXIS2_PLACEMENT_3D('',#1732,#1381,#1382);
#1203=AXIS2_PLACEMENT_3D('',#1738,#1386,#1387);
#1204=AXIS2_PLACEMENT_3D('',#1742,#1390,#1391);
#1205=AXIS2_PLACEMENT_3D('',#1746,#1393,#1394);
#1206=AXIS2_PLACEMENT_3D('',#1748,#1395,#1396);
#1207=AXIS2_PLACEMENT_3D('',#1752,#1398,#1399);
#1208=AXIS2_PLACEMENT_3D('',#1754,#1400,#1401);
#1209=AXIS2_PLACEMENT_3D('',#1759,#1405,#1406);
#1210=AXIS2_PLACEMENT_3D('',#1760,#1407,#1408);
#1211=AXIS2_PLACEMENT_3D('',#1761,#1409,#1410);
#1212=AXIS2_PLACEMENT_3D('',#1777,#1412,#1413);
#1213=AXIS2_PLACEMENT_3D('',#1779,#1415,#1416);
#1214=AXIS2_PLACEMENT_3D('',#1788,#1417,#1418);
#1215=AXIS2_PLACEMENT_3D('',#1789,#1419,#1420);
#1216=AXIS2_PLACEMENT_3D('',#1790,#1421,#1422);
#1217=AXIS2_PLACEMENT_3D('',#1812,#1423,#1424);
#1218=AXIS2_PLACEMENT_3D('',#1813,#1425,#1426);
#1219=AXIS2_PLACEMENT_3D('',#1815,#1427,#1428);
#1220=AXIS2_PLACEMENT_3D('',#1819,#1430,#1431);
#1221=AXIS2_PLACEMENT_3D('',#1825,#1434,#1435);
#1222=AXIS2_PLACEMENT_3D('',#1828,#1437,#1438);
#1223=AXIS2_PLACEMENT_3D('',#1830,#1439,#1440);
#1224=AXIS2_PLACEMENT_3D('',#1831,#1441,#1442);
#1225=AXIS2_PLACEMENT_3D('',#1847,#1444,#1445);
#1226=AXIS2_PLACEMENT_3D('',#1849,#1447,#1448);
#1227=AXIS2_PLACEMENT_3D('',#1858,#1449,#1450);
#1228=AXIS2_PLACEMENT_3D('',#1859,#1451,#1452);
#1229=AXIS2_PLACEMENT_3D('',#1860,#1453,#1454);
#1230=AXIS2_PLACEMENT_3D('',#1867,#1455,#1456);
#1231=AXIS2_PLACEMENT_3D('',#1883,#1457,#1458);
#1232=AXIS2_PLACEMENT_3D('',#1886,#1461,#1462);
#1233=AXIS2_PLACEMENT_3D('',#1890,#1465,#1466);
#1234=AXIS2_PLACEMENT_3D('',#1892,#1468,#1469);
#1235=AXIS2_PLACEMENT_3D('',#1896,#1471,#1472);
#1236=AXIS2_PLACEMENT_3D('',#1899,#1474,#1475);
#1237=AXIS2_PLACEMENT_3D('',#1902,#1477,#1478);
#1238=AXIS2_PLACEMENT_3D('',#1904,#1479,#1480);
#1239=AXIS2_PLACEMENT_3D('',#1907,#1481,#1482);
#1240=AXIS2_PLACEMENT_3D('',#1909,#1484,#1485);
#1241=AXIS2_PLACEMENT_3D('',#1912,#1488,#1489);
#1242=AXIS2_PLACEMENT_3D('',#1915,#1492,#1493);
#1243=AXIS2_PLACEMENT_3D('',#1917,#1495,#1496);
#1244=AXIS2_PLACEMENT_3D('',#1919,#1497,#1498);
#1245=AXIS2_PLACEMENT_3D('',#1921,#1500,#1501);
#1246=AXIS2_PLACEMENT_3D('',#1933,#1508,#1509);
#1247=AXIS2_PLACEMENT_3D('',#1935,#1511,#1512);
#1248=AXIS2_PLACEMENT_3D('',#1939,#1514,#1515);
#1249=AXIS2_PLACEMENT_3D('',#1941,#1517,#1518);
#1250=AXIS2_PLACEMENT_3D('',#1953,#1525,#1526);
#1251=AXIS2_PLACEMENT_3D('',#1954,#1527,#1528);
#1252=AXIS2_PLACEMENT_3D('',#1955,#1529,#1530);
#1253=AXIS2_PLACEMENT_3D('',#1957,#1531,#1532);
#1254=AXIS2_PLACEMENT_3D('',#1959,#1534,#1535);
#1255=AXIS2_PLACEMENT_3D('',#1961,#1536,#1537);
#1256=AXIS2_PLACEMENT_3D('',#1963,#1538,#1539);
#1257=AXIS2_PLACEMENT_3D('',#1965,#1541,#1542);
#1258=AXIS2_PLACEMENT_3D('',#1966,#1543,#1544);
#1259=AXIS2_PLACEMENT_3D('',#1967,#1545,#1546);
#1260=AXIS2_PLACEMENT_3D('',#1969,#1547,#1548);
#1261=AXIS2_PLACEMENT_3D('',#1970,#1549,#1550);
#1262=AXIS2_PLACEMENT_3D('',#1972,#1551,#1552);
#1263=AXIS2_PLACEMENT_3D('',#1975,#1553,#1554);
#1264=AXIS2_PLACEMENT_3D('',#1977,#1556,#1557);
#1265=AXIS2_PLACEMENT_3D('',#1979,#1558,#1559);
#1266=AXIS2_PLACEMENT_3D('',#1982,#1561,#1562);
#1267=AXIS2_PLACEMENT_3D('',#1983,#1563,#1564);
#1268=AXIS2_PLACEMENT_3D('',#1985,#1566,#1567);
#1269=AXIS2_PLACEMENT_3D('',#1986,#1568,#1569);
#1270=AXIS2_PLACEMENT_3D('',#1988,#1570,#1571);
#1271=AXIS2_PLACEMENT_3D('',#1989,#1572,#1573);
#1272=AXIS2_PLACEMENT_3D('',#1991,#1574,#1575);
#1273=AXIS2_PLACEMENT_3D('',#1993,#1576,#1577);
#1274=AXIS2_PLACEMENT_3D('',#1994,#1578,#1579);
#1275=AXIS2_PLACEMENT_3D('',#1996,#1580,#1581);
#1276=AXIS2_PLACEMENT_3D('',#1998,#1583,#1584);
#1277=AXIS2_PLACEMENT_3D('',#1999,#1585,#1586);
#1278=AXIS2_PLACEMENT_3D('',#2001,#1588,#1589);
#1279=AXIS2_PLACEMENT_3D('',#2003,#1590,#1591);
#1280=AXIS2_PLACEMENT_3D('',#2005,#1593,#1594);
#1281=AXIS2_PLACEMENT_3D('',#2006,#1595,#1596);
#1282=AXIS2_PLACEMENT_3D('',#2007,#1597,#1598);
#1283=AXIS2_PLACEMENT_3D('',#2008,#1599,#1600);
#1284=AXIS2_PLACEMENT_3D('',#2009,#1601,#1602);
#1285=AXIS2_PLACEMENT_3D('',#2012,#1605,#1606);
#1286=AXIS2_PLACEMENT_3D('',#2013,#1607,#1608);
#1287=AXIS2_PLACEMENT_3D('',#2014,#1609,#1610);
#1288=AXIS2_PLACEMENT_3D('',#2015,#1611,#1612);
#1289=AXIS2_PLACEMENT_3D('',#2016,#1613,#1614);
#1290=AXIS2_PLACEMENT_3D('',#2018,#1616,#1617);
#1291=AXIS2_PLACEMENT_3D('',#2020,#1619,#1620);
#1292=AXIS2_PLACEMENT_3D('',#2023,#1623,#1624);
#1293=AXIS2_PLACEMENT_3D('',#2024,#1625,#1626);
#1294=DIRECTION('axis',(0.,0.,1.));
#1295=DIRECTION('refdir',(1.,0.,0.));
#1296=DIRECTION('center_axis',(0.,0.,1.));
#1297=DIRECTION('ref_axis',(1.,-1.02535233231998E-33,0.));
#1298=DIRECTION('center_axis',(0.,0.,1.));
#1299=DIRECTION('ref_axis',(1.,-1.02535233231998E-33,0.));
#1300=DIRECTION('',(0.,0.,1.));
#1301=DIRECTION('center_axis',(-8.58842588121014E-17,3.70438350254146E-17,
1.));
#1302=DIRECTION('ref_axis',(1.,-1.02535233231998E-33,8.58842588121014E-17));
#1303=DIRECTION('center_axis',(8.58842588121014E-17,-3.70438350254146E-17,
-1.));
#1304=DIRECTION('ref_axis',(1.,-1.02535233231998E-33,8.58842588121014E-17));
#1305=DIRECTION('center_axis',(0.,0.,1.));
#1306=DIRECTION('ref_axis',(1.,-1.02535233231998E-33,0.));
#1307=DIRECTION('center_axis',(0.,0.,1.));
#1308=DIRECTION('ref_axis',(1.,-1.02535233231998E-33,0.));
#1309=DIRECTION('',(0.,0.,1.));
#1310=DIRECTION('center_axis',(-8.58842588121014E-17,3.70438350254146E-17,
1.));
#1311=DIRECTION('ref_axis',(1.,-1.02535233231998E-33,8.58842588121014E-17));
#1312=DIRECTION('center_axis',(8.58842588121014E-17,-3.70438350254146E-17,
-1.));
#1313=DIRECTION('ref_axis',(1.,-1.02535233231998E-33,8.58842588121014E-17));
#1314=DIRECTION('center_axis',(0.,1.,0.));
#1315=DIRECTION('ref_axis',(0.,0.,-1.));
#1316=DIRECTION('',(0.,0.,-1.));
#1317=DIRECTION('',(1.,0.,4.16333634234444E-16));
#1318=DIRECTION('',(0.,0.,-1.));
#1319=DIRECTION('',(-1.,0.,0.));
#1320=DIRECTION('center_axis',(-1.,0.,0.));
#1321=DIRECTION('ref_axis',(0.,0.,1.));
#1322=DIRECTION('',(0.,-1.,0.));
#1323=DIRECTION('',(0.,1.,7.21111007393831E-16));
#1324=DIRECTION('',(0.,1.,0.));
#1325=DIRECTION('',(0.,0.,1.));
#1326=DIRECTION('center_axis',(-2.24511767201966E-14,-1.,0.));
#1327=DIRECTION('ref_axis',(1.,-2.24511767201966E-14,0.));
#1328=DIRECTION('',(1.,-3.37507799486046E-14,0.));
#1329=DIRECTION('',(0.,0.,1.));
#1330=DIRECTION('',(1.,-3.37507799486046E-14,0.));
#1331=DIRECTION('',(0.,0.,1.));
#1332=DIRECTION('',(-1.,2.24511767201966E-14,0.));
#1333=DIRECTION('',(1.,-2.24511767201966E-14,0.));
#1334=DIRECTION('',(0.,0.,1.));
#1335=DIRECTION('',(1.,-2.24511767201966E-14,0.));
#1336=DIRECTION('center_axis',(-4.16333634234444E-16,-7.21111007393831E-16,
1.));
#1337=DIRECTION('ref_axis',(0.866025403784432,-0.500000000000012,0.));
#1338=DIRECTION('',(0.500000000000012,0.866025403784432,8.32667268468867E-16));
#1339=DIRECTION('',(-0.866025403784431,0.500000000000012,4.93038065763132E-31));
#1340=DIRECTION('',(0.500000000000012,0.866025403784432,8.32667268468867E-16));
#1341=DIRECTION('',(0.50303713796947,0.864264796126444,0.));
#1342=DIRECTION('',(0.866025403784432,-0.500000000000012,0.));
#1343=DIRECTION('center_axis',(0.866025403784432,-0.500000000000012,0.));
#1344=DIRECTION('ref_axis',(0.,0.,1.));
#1345=DIRECTION('',(0.,0.,-1.));
#1346=DIRECTION('',(-0.500000000000012,-0.866025403784432,0.));
#1347=DIRECTION('',(0.,0.,1.));
#1348=DIRECTION('',(-0.500000000000012,-0.866025403784432,0.));
#1349=DIRECTION('center_axis',(-0.500000000000012,-0.866025403784432,0.));
#1350=DIRECTION('ref_axis',(0.,0.,1.));
#1351=DIRECTION('',(0.866025403784432,-0.500000000000012,0.));
#1352=DIRECTION('',(0.,0.,-1.));
#1353=DIRECTION('',(-0.866025403784432,0.500000000000012,0.));
#1354=DIRECTION('center_axis',(0.,0.,1.));
#1355=DIRECTION('ref_axis',(1.,0.,0.));
#1356=DIRECTION('',(-0.50303713796947,-0.864264796126444,0.));
#1357=DIRECTION('',(0.866025403784413,-0.500000000000044,9.47911187147491E-17));
#1358=DIRECTION('center_axis',(0.,0.,-1.));
#1359=DIRECTION('ref_axis',(-1.,0.,0.));
#1360=DIRECTION('',(0.866025403784413,-0.500000000000044,9.47911187147491E-17));
#1361=DIRECTION('',(0.500000000000032,0.86602540378442,0.));
#1362=DIRECTION('center_axis',(0.,0.,1.));
#1363=DIRECTION('ref_axis',(4.73695157173405E-14,1.,0.));
#1364=DIRECTION('',(0.499999999999955,-0.866025403784464,-8.98468290795423E-17));
#1365=DIRECTION('center_axis',(0.,0.,1.));
#1366=DIRECTION('ref_axis',(0.866025403784403,-0.500000000000062,0.));
#1367=DIRECTION('',(-1.,3.37507799486046E-14,0.));
#1368=DIRECTION('',(-3.63997895864641E-14,-1.,0.));
#1369=DIRECTION('center_axis',(0.,0.,-1.));
#1370=DIRECTION('ref_axis',(-1.,0.,0.));
#1371=DIRECTION('',(-3.63997895864641E-14,-1.,0.));
#1372=DIRECTION('',(0.,1.,0.));
#1373=DIRECTION('',(1.,0.,0.));
#1374=DIRECTION('center_axis',(0.,0.,-1.));
#1375=DIRECTION('ref_axis',(0.,1.,0.));
#1376=DIRECTION('',(1.,0.,0.));
#1377=DIRECTION('',(0.,-1.,0.));
#1378=DIRECTION('center_axis',(-1.,0.,0.));
#1379=DIRECTION('ref_axis',(0.,0.,1.));
#1380=DIRECTION('',(0.,0.,-1.));
#1381=DIRECTION('center_axis',(-0.500000000000012,-0.866025403784432,-1.11022302462516E-15));
#1382=DIRECTION('ref_axis',(-2.22044604925026E-15,0.,1.));
#1383=DIRECTION('',(-5.55111512312591E-16,-9.61481343191774E-16,1.));
#1384=DIRECTION('',(0.866025403784431,-0.500000000000012,0.));
#1385=DIRECTION('',(5.55111512312591E-16,9.61481343191774E-16,-1.));
#1386=DIRECTION('center_axis',(-0.866025403784432,0.500000000000012,9.86076131526265E-32));
#1387=DIRECTION('ref_axis',(-8.18446756081963E-16,-1.41759136482385E-15,
1.));
#1388=DIRECTION('',(0.500000000000012,0.866025403784432,8.32667268468867E-16));
#1389=DIRECTION('',(0.,0.,1.));
#1390=DIRECTION('center_axis',(0.,0.,-1.));
#1391=DIRECTION('ref_axis',(1.,0.,0.));
#1392=DIRECTION('',(3.63997895864641E-14,1.,0.));
#1393=DIRECTION('center_axis',(0.,0.,-1.));
#1394=DIRECTION('ref_axis',(0.965925826289077,0.258819045102489,0.));
#1395=DIRECTION('center_axis',(0.,0.,-1.));
#1396=DIRECTION('ref_axis',(0.913769864038866,-0.406232243395809,0.));
#1397=DIRECTION('',(0.499999999999955,-0.866025403784464,0.));
#1398=DIRECTION('center_axis',(0.,0.,-1.));
#1399=DIRECTION('ref_axis',(0.10507748940251,0.994464037168195,0.));
#1400=DIRECTION('center_axis',(0.,0.,-1.));
#1401=DIRECTION('ref_axis',(0.70710678118658,0.707106781186515,0.));
#1402=DIRECTION('',(-0.866025403784413,0.500000000000044,-9.47911187147491E-17));
#1403=DIRECTION('',(0.50303713796947,0.864264796126444,0.));
#1404=DIRECTION('',(0.500000000000012,0.866025403784432,8.32667268468867E-16));
#1405=DIRECTION('center_axis',(0.866025403784432,-0.500000000000012,0.));
#1406=DIRECTION('ref_axis',(0.,0.,-1.));
#1407=DIRECTION('center_axis',(0.,1.,0.));
#1408=DIRECTION('ref_axis',(0.,0.,1.));
#1409=DIRECTION('center_axis',(0.500000000000032,0.86602540378442,4.9303806576313E-32));
#1410=DIRECTION('ref_axis',(0.866025403784423,-0.500000000000027,0.));
#1411=DIRECTION('',(0.500000000000032,0.86602540378442,4.9303806576313E-32));
#1412=DIRECTION('center_axis',(-0.499999999999714,-0.866025403784604,-3.61389857279864E-13));
#1413=DIRECTION('ref_axis',(1.8947806286936E-13,3.0790185216271E-13,-1.));
#1414=DIRECTION('',(-0.500000000000032,-0.86602540378442,-4.9303806576313E-32));
#1415=DIRECTION('center_axis',(2.46519032881579E-32,4.26983489983605E-32,
-1.));
#1416=DIRECTION('ref_axis',(0.866025403784485,-0.499999999999919,0.));
#1417=DIRECTION('center_axis',(-2.46519032881579E-32,-4.26983489983605E-32,
1.));
#1418=DIRECTION('ref_axis',(0.866025403784482,-0.499999999999925,5.93909700700167E-45));
#1419=DIRECTION('center_axis',(2.46519032881579E-32,4.26983489983605E-32,
-1.));
#1420=DIRECTION('ref_axis',(0.866025403784484,-0.499999999999921,0.));
#1421=DIRECTION('center_axis',(0.,0.,1.));
#1422=DIRECTION('ref_axis',(1.,0.,0.));
#1423=DIRECTION('center_axis',(0.499999999999962,-0.866025403784461,0.));
#1424=DIRECTION('ref_axis',(-0.866025403784461,-0.499999999999962,0.));
#1425=DIRECTION('center_axis',(-2.46519032881579E-32,-4.26983489983605E-32,
1.));
#1426=DIRECTION('ref_axis',(1.,0.,2.46519032881579E-32));
#1427=DIRECTION('center_axis',(-2.46519032881579E-32,-4.26983489983605E-32,
1.));
#1428=DIRECTION('ref_axis',(0.258819045102491,-0.965925826289076,0.));
#1429=DIRECTION('',(0.866025403784422,-0.500000000000029,0.));
#1430=DIRECTION('center_axis',(-2.46519032881579E-32,-4.26983489983605E-32,
1.));
#1431=DIRECTION('ref_axis',(-0.965925826289076,-0.258819045102491,0.));
#1432=DIRECTION('',(-0.500000000000032,-0.86602540378442,0.));
#1433=DIRECTION('',(-0.866025403784413,0.500000000000045,8.78548451266145E-46));
#1434=DIRECTION('center_axis',(2.46519032881579E-32,4.26983489983605E-32,
-1.));
#1435=DIRECTION('ref_axis',(0.70710678118658,0.707106781186515,0.));
#1436=DIRECTION('',(-0.499999999999955,0.866025403784464,2.46519032881573E-32));
#1437=DIRECTION('center_axis',(0.,0.,-1.));
#1438=DIRECTION('ref_axis',(1.,0.,0.));
#1439=DIRECTION('center_axis',(2.13491744991803E-32,-1.23259516440791E-32,
-1.));
#1440=DIRECTION('ref_axis',(1.,0.,2.13491744991804E-32));
#1441=DIRECTION('center_axis',(-1.,3.37507799486046E-14,0.));
#1442=DIRECTION('ref_axis',(4.73695157173405E-14,1.,0.));
#1443=DIRECTION('',(1.,-3.37507799486046E-14,0.));
#1444=DIRECTION('center_axis',(-1.,0.,4.736951571734E-14));
#1445=DIRECTION('ref_axis',(0.,1.,0.));
#1446=DIRECTION('',(-1.,3.37507799486046E-14,0.));
#1447=DIRECTION('center_axis',(0.,0.,-1.));
#1448=DIRECTION('ref_axis',(9.47390314346796E-15,1.,0.));
#1449=DIRECTION('center_axis',(0.,0.,-1.));
#1450=DIRECTION('ref_axis',(1.57898385724466E-14,1.,0.));
#1451=DIRECTION('center_axis',(0.,0.,1.));
#1452=DIRECTION('ref_axis',(2.36847578586697E-14,1.,0.));
#1453=DIRECTION('center_axis',(0.,0.,1.));
#1454=DIRECTION('ref_axis',(1.,0.,0.));
#1455=DIRECTION('center_axis',(-0.499999999999962,0.866025403784461,0.));
#1456=DIRECTION('ref_axis',(0.,0.,-1.));
#1457=DIRECTION('center_axis',(0.,0.,1.));
#1458=DIRECTION('ref_axis',(0.866025403784403,-0.500000000000062,0.));
#1459=DIRECTION('',(0.,0.,1.));
#1460=DIRECTION('',(0.,0.,-1.));
#1461=DIRECTION('center_axis',(3.37507799486046E-14,1.,0.));
#1462=DIRECTION('ref_axis',(-1.,3.37507799486046E-14,0.));
#1463=DIRECTION('',(0.,0.,-1.));
#1464=DIRECTION('',(-1.,3.37507799486046E-14,0.));
#1465=DIRECTION('center_axis',(-0.499999999999955,0.866025403784464,0.));
#1466=DIRECTION('ref_axis',(-0.61237243569581,-0.353553390593238,-0.707106781186552));
#1467=DIRECTION('',(-0.499999999999955,0.866025403784464,0.));
#1468=DIRECTION('center_axis',(0.,0.,1.));
#1469=DIRECTION('ref_axis',(1.,0.,0.));
#1470=DIRECTION('',(-0.499999999999955,0.866025403784464,0.));
#1471=DIRECTION('center_axis',(0.,0.,-1.));
#1472=DIRECTION('ref_axis',(0.965925826289077,0.258819045102489,0.));
#1473=DIRECTION('',(3.63997895864641E-14,1.,0.));
#1474=DIRECTION('center_axis',(0.,0.,1.));
#1475=DIRECTION('ref_axis',(-0.707106781186589,-0.707106781186506,0.));
#1476=DIRECTION('',(-7.93484602164248E-14,-1.,-1.72059545900055E-31));
#1477=DIRECTION('center_axis',(0.,0.,1.));
#1478=DIRECTION('ref_axis',(-0.707106781186506,0.707106781186589,0.));
#1479=DIRECTION('center_axis',(2.13491744991803E-32,-1.23259516440791E-32,
-1.));
#1480=DIRECTION('ref_axis',(1.,0.,2.13491744991804E-32));
#1481=DIRECTION('center_axis',(4.0655074405559E-34,1.41001227646769E-35,
-1.));
#1482=DIRECTION('ref_axis',(0.0346614791721487,-0.999399110396642,2.91358103683409E-48));
#1483=DIRECTION('',(-0.99983504175233,-0.0181628545145649,0.));
#1484=DIRECTION('center_axis',(0.,0.,1.));
#1485=DIRECTION('ref_axis',(0.965925826289077,0.258819045102489,0.));
#1486=DIRECTION('',(0.,0.,1.));
#1487=DIRECTION('',(0.,0.,-1.));
#1488=DIRECTION('center_axis',(0.,0.,1.));
#1489=DIRECTION('ref_axis',(0.70710678118658,0.707106781186515,0.));
#1490=DIRECTION('',(0.,0.,1.));
#1491=DIRECTION('',(0.,0.,-1.));
#1492=DIRECTION('center_axis',(-0.866025403784464,-0.499999999999955,0.));
#1493=DIRECTION('ref_axis',(0.499999999999955,-0.866025403784464,-8.98468290795423E-17));
#1494=DIRECTION('',(0.,0.,1.));
#1495=DIRECTION('center_axis',(0.,0.,1.));
#1496=DIRECTION('ref_axis',(-0.707106781186589,-0.707106781186506,0.));
#1497=DIRECTION('center_axis',(0.,0.,-1.));
#1498=DIRECTION('ref_axis',(-0.707106781186589,-0.707106781186506,0.));
#1499=DIRECTION('',(0.,0.,-1.));
#1500=DIRECTION('center_axis',(-1.,7.93484602164248E-14,0.));
#1501=DIRECTION('ref_axis',(-7.93484602164248E-14,-1.,-1.72059545900055E-31));
#1502=DIRECTION('',(-3.63997895864641E-14,-1.,0.));
#1503=DIRECTION('',(0.,0.,-1.));
#1504=DIRECTION('',(-7.93484602164248E-14,-1.,-1.72059545900055E-31));
#1505=DIRECTION('',(0.,0.,-1.));
#1506=DIRECTION('',(-3.63997895864641E-14,-1.,0.));
#1507=DIRECTION('',(0.,0.,1.));
#1508=DIRECTION('center_axis',(0.,0.,1.));
#1509=DIRECTION('ref_axis',(4.73695157173405E-14,1.,0.));
#1510=DIRECTION('',(0.,0.,-1.));
#1511=DIRECTION('center_axis',(0.,0.,1.));
#1512=DIRECTION('ref_axis',(0.258819045102491,-0.965925826289076,0.));
#1513=DIRECTION('',(0.,0.,1.));
#1514=DIRECTION('center_axis',(0.,0.,-1.));
#1515=DIRECTION('ref_axis',(0.258819045102491,-0.965925826289076,0.));
#1516=DIRECTION('',(0.,0.,-1.));
#1517=DIRECTION('center_axis',(-0.500000000000029,-0.866025403784422,0.));
#1518=DIRECTION('ref_axis',(0.866025403784422,-0.500000000000029,0.));
#1519=DIRECTION('',(0.866025403784422,-0.500000000000029,0.));
#1520=DIRECTION('',(0.,0.,-1.));
#1521=DIRECTION('',(0.866025403784422,-0.500000000000029,0.));
#1522=DIRECTION('',(0.,0.,-1.));
#1523=DIRECTION('',(0.866025403784422,-0.500000000000029,0.));
#1524=DIRECTION('',(0.,0.,1.));
#1525=DIRECTION('center_axis',(0.,0.,1.));
#1526=DIRECTION('ref_axis',(-0.707106781186506,0.707106781186589,0.));
#1527=DIRECTION('center_axis',(0.,0.,-1.));
#1528=DIRECTION('ref_axis',(-0.707106781186506,0.707106781186589,0.));
#1529=DIRECTION('center_axis',(0.,0.,1.));
#1530=DIRECTION('ref_axis',(-0.965925826289076,-0.258819045102491,0.));
#1531=DIRECTION('center_axis',(0.,0.,-1.));
#1532=DIRECTION('ref_axis',(-0.965925826289076,-0.258819045102491,0.));
#1533=DIRECTION('',(0.,0.,-1.));
#1534=DIRECTION('center_axis',(0.,0.,-1.));
#1535=DIRECTION('ref_axis',(-1.,0.,0.));
#1536=DIRECTION('center_axis',(0.,0.,1.));
#1537=DIRECTION('ref_axis',(-1.,0.,0.));
#1538=DIRECTION('center_axis',(0.,0.,1.));
#1539=DIRECTION('ref_axis',(-1.,0.,0.));
#1540=DIRECTION('',(0.,0.,-1.));
#1541=DIRECTION('center_axis',(0.,0.,1.));
#1542=DIRECTION('ref_axis',(-1.,0.,0.));
#1543=DIRECTION('center_axis',(0.,0.,1.));
#1544=DIRECTION('ref_axis',(-1.,0.,0.));
#1545=DIRECTION('center_axis',(0.,0.,1.));
#1546=DIRECTION('ref_axis',(1.,0.,0.));
#1547=DIRECTION('center_axis',(0.,0.,1.));
#1548=DIRECTION('ref_axis',(-1.,0.,0.));
#1549=DIRECTION('center_axis',(0.,0.,1.));
#1550=DIRECTION('ref_axis',(-1.,0.,0.));
#1551=DIRECTION('center_axis',(2.13491744991803E-32,-1.23259516440791E-32,
-1.));
#1552=DIRECTION('ref_axis',(1.,0.,2.13491744991804E-32));
#1553=DIRECTION('center_axis',(4.0655074405559E-34,1.41001227646769E-35,
-1.));
#1554=DIRECTION('ref_axis',(0.0346614791721487,-0.999399110396642,2.91358103683409E-48));
#1555=DIRECTION('',(-0.99983504175233,-0.0181628545145649,0.));
#1556=DIRECTION('center_axis',(0.,0.,-1.));
#1557=DIRECTION('ref_axis',(0.866025403784425,-0.500000000000024,0.));
#1558=DIRECTION('center_axis',(0.,0.,1.));
#1559=DIRECTION('ref_axis',(-1.,0.,0.));
#1560=DIRECTION('',(0.,0.,-1.));
#1561=DIRECTION('center_axis',(-2.46519032881579E-32,-4.26983489983605E-32,
1.));
#1562=DIRECTION('ref_axis',(-1.,0.,0.));
#1563=DIRECTION('center_axis',(0.,0.,1.));
#1564=DIRECTION('ref_axis',(-1.,0.,0.));
#1565=DIRECTION('',(0.500000000000032,0.86602540378442,0.));
#1566=DIRECTION('center_axis',(0.,0.,1.));
#1567=DIRECTION('ref_axis',(-1.,0.,0.));
#1568=DIRECTION('center_axis',(-2.46519032881579E-32,-4.26983489983605E-32,
1.));
#1569=DIRECTION('ref_axis',(1.,0.,2.46519032881579E-32));
#1570=DIRECTION('center_axis',(-2.46519032881579E-32,-4.26983489983605E-32,
1.));
#1571=DIRECTION('ref_axis',(-1.,0.,0.));
#1572=DIRECTION('center_axis',(-2.46519032881579E-32,-4.26983489983605E-32,
1.));
#1573=DIRECTION('ref_axis',(-1.,0.,0.));
#1574=DIRECTION('center_axis',(0.,0.,-1.));
#1575=DIRECTION('ref_axis',(1.,0.,0.));
#1576=DIRECTION('center_axis',(2.13491744991803E-32,-1.23259516440791E-32,
-1.));
#1577=DIRECTION('ref_axis',(1.,0.,2.13491744991804E-32));
#1578=DIRECTION('center_axis',(0.,0.,-1.));
#1579=DIRECTION('ref_axis',(-1.,0.,0.));
#1580=DIRECTION('center_axis',(0.,0.,1.));
#1581=DIRECTION('ref_axis',(-1.,0.,0.));
#1582=DIRECTION('',(0.,0.,-1.));
#1583=DIRECTION('center_axis',(0.,0.,1.));
#1584=DIRECTION('ref_axis',(-1.,0.,0.));
#1585=DIRECTION('center_axis',(0.,0.,1.));
#1586=DIRECTION('ref_axis',(-1.,0.,0.));
#1587=DIRECTION('',(-0.500000000000032,-0.86602540378442,0.));
#1588=DIRECTION('center_axis',(0.,0.,-1.));
#1589=DIRECTION('ref_axis',(-1.,0.,0.));
#1590=DIRECTION('center_axis',(0.,0.,1.));
#1591=DIRECTION('ref_axis',(-1.,0.,0.));
#1592=DIRECTION('',(0.,0.,-1.));
#1593=DIRECTION('center_axis',(0.,0.,1.));
#1594=DIRECTION('ref_axis',(-1.,0.,0.));
#1595=DIRECTION('center_axis',(0.,0.,1.));
#1596=DIRECTION('ref_axis',(-1.,0.,0.));
#1597=DIRECTION('center_axis',(0.,0.,-1.));
#1598=DIRECTION('ref_axis',(0.999965912067483,0.00825679738434939,0.));
#1599=DIRECTION('center_axis',(0.,0.,-1.));
#1600=DIRECTION('ref_axis',(0.50000000000003,0.866025403784422,0.));
#1601=DIRECTION('center_axis',(-0.864264796126444,0.50303713796947,0.));
#1602=DIRECTION('ref_axis',(-0.50303713796947,-0.864264796126444,0.));
#1603=DIRECTION('',(0.,0.,1.));
#1604=DIRECTION('',(0.,0.,1.));
#1605=DIRECTION('center_axis',(-0.500000000000045,-0.866025403784413,0.));
#1606=DIRECTION('ref_axis',(0.866025403784413,-0.500000000000045,9.47911187147491E-17));
#1607=DIRECTION('center_axis',(-1.,3.63997895864641E-14,0.));
#1608=DIRECTION('ref_axis',(-3.63997895864641E-14,-1.,0.));
#1609=DIRECTION('center_axis',(-0.86602540378442,0.500000000000032,0.));
#1610=DIRECTION('ref_axis',(-0.500000000000032,-0.86602540378442,0.));
#1611=DIRECTION('center_axis',(0.86602540378442,-0.500000000000032,0.));
#1612=DIRECTION('ref_axis',(0.500000000000032,0.86602540378442,4.9303806576313E-32));
#1613=DIRECTION('center_axis',(0.,0.,1.));
#1614=DIRECTION('ref_axis',(1.,0.,0.));
#1615=DIRECTION('',(0.,0.,-1.));
#1616=DIRECTION('center_axis',(0.,0.,1.));
#1617=DIRECTION('ref_axis',(1.,0.,0.));
#1618=DIRECTION('',(0.,0.,-1.));
#1619=DIRECTION('center_axis',(0.,0.,1.));
#1620=DIRECTION('ref_axis',(-0.0181628545145745,0.99983504175233,0.));
#1621=DIRECTION('',(0.,0.,1.));
#1622=DIRECTION('',(0.,0.,1.));
#1623=DIRECTION('center_axis',(-0.0181628545145649,0.99983504175233,0.));
#1624=DIRECTION('ref_axis',(-0.99983504175233,-0.0181628545145649,0.));
#1625=DIRECTION('center_axis',(0.,0.,1.));
#1626=DIRECTION('ref_axis',(1.,0.,0.));
#1627=DIRECTION('',(0.,0.,-1.));
#1628=CARTESIAN_POINT('',(0.,0.,0.));
#1629=CARTESIAN_POINT('Origin',(-86.7164460898903,-14.8456877327296,10.2858423703213));
#1630=CARTESIAN_POINT('',(-89.1164460898902,-14.8456877327296,10.2858423703213));
#1631=CARTESIAN_POINT('Origin',(-86.7164460898903,-14.8456877327296,10.2858423703213));
#1632=CARTESIAN_POINT('',(-89.1164460898902,-14.8456877327296,14.4858423703213));
#1633=CARTESIAN_POINT('',(-89.1164460898902,-14.8456877327296,10.2858423703213));
#1634=CARTESIAN_POINT('Origin',(-86.7164460898903,-14.8456877327296,14.4858423703213));
#1635=CARTESIAN_POINT('Origin',(-86.7164460898903,-14.8456877327296,14.4858423703213));
#1636=CARTESIAN_POINT('Origin',(-66.6249013122678,-49.6452646804707,10.2858423703213));
#1637=CARTESIAN_POINT('',(-69.0249013122678,-49.6452646804707,10.2858423703213));
#1638=CARTESIAN_POINT('Origin',(-66.6249013122678,-49.6452646804707,10.2858423703213));
#1639=CARTESIAN_POINT('',(-69.0249013122678,-49.6452646804707,14.4858423703213));
#1640=CARTESIAN_POINT('',(-69.0249013122678,-49.6452646804707,10.2858423703213));
#1641=CARTESIAN_POINT('Origin',(-66.6249013122678,-49.6452646804707,14.4858423703213));
#1642=CARTESIAN_POINT('Origin',(-66.6249013122678,-49.6452646804707,14.4858423703213));
#1643=CARTESIAN_POINT('Origin',(0.,0.,12.9988423703213));
#1644=CARTESIAN_POINT('',(-4.2632564145606E-12,0.,12.9988423703213));
#1645=CARTESIAN_POINT('',(0.,0.,10.2858423703213));
#1646=CARTESIAN_POINT('',(0.,0.,13.7118423703213));
#1647=CARTESIAN_POINT('',(-8.00000000000426,0.,12.9988423703213));
#1648=CARTESIAN_POINT('',(-61.0479578667529,0.,12.9988423703213));
#1649=CARTESIAN_POINT('',(-8.,0.,10.2858423703213));
#1650=CARTESIAN_POINT('',(-8.,0.,13.7118423703213));
#1651=CARTESIAN_POINT('',(-3.64153152077051E-12,0.,10.2858423703213));
#1652=CARTESIAN_POINT('Origin',(-8.00000000000853,-70.8080605844457,11.6423423703213));
#1653=CARTESIAN_POINT('',(-8.00000000000853,-141.616121168891,10.2858423703213));
#1654=CARTESIAN_POINT('',(-8.00000000000853,-14.1349022680353,10.2858423703213));
#1655=CARTESIAN_POINT('',(-8.00000000000853,-4.61880215351202,12.9988423703213));
#1656=CARTESIAN_POINT('',(-8.00000000000853,-0.157975384374996,12.9988423703213));
#1657=CARTESIAN_POINT('',(-8.00000000000853,-141.616121168891,12.9988423703213));
#1658=CARTESIAN_POINT('',(-8.00000000000853,-106.212090876669,12.9988423703213));
#1659=CARTESIAN_POINT('',(-8.00000000000853,-141.616121168891,10.9640923703213));
#1660=CARTESIAN_POINT('Origin',(-180.000000000017,-141.616121168887,10.2858423703213));
#1661=CARTESIAN_POINT('',(-198.500000000018,-141.616121168886,15.7123106012294));
#1662=CARTESIAN_POINT('',(-180.000000000017,-141.616121168887,15.7118423703213));
#1663=CARTESIAN_POINT('',(-200.000000000017,-141.616121168886,15.7123106012294));
#1664=CARTESIAN_POINT('',(-198.500000000018,-141.616121168886,11.7123106012294));
#1665=CARTESIAN_POINT('',(-198.500000000018,-141.616121168887,10.9990764857753));
#1666=CARTESIAN_POINT('',(-180.000000000017,-141.616121168887,11.7123106012294));
#1667=CARTESIAN_POINT('',(-200.000000000017,-141.616121168886,11.7123106012294));
#1668=CARTESIAN_POINT('',(-180.000000000017,-141.616121168887,10.2858423703213));
#1669=CARTESIAN_POINT('',(-180.000000000017,-141.616121168887,10.2858423703213));
#1670=CARTESIAN_POINT('',(180.,-141.616121168895,10.2858423703213));
#1671=CARTESIAN_POINT('',(7.99999999999574,-141.616121168891,12.9988423703213));
#1672=CARTESIAN_POINT('',(-90.0000000000126,-141.616121168889,12.9988423703213));
#1673=CARTESIAN_POINT('',(7.99999999999574,-141.616121168891,15.7118423703213));
#1674=CARTESIAN_POINT('',(7.99999999999574,-141.616121168892,12.3205923703213));
#1675=CARTESIAN_POINT('',(180.,-141.616121168895,15.7118423703213));
#1676=CARTESIAN_POINT('Origin',(-122.095915733506,70.4921098156957,12.9988423703213));
#1677=CARTESIAN_POINT('',(4.00000000000005,6.9282032302754,12.9988423703213));
#1678=CARTESIAN_POINT('',(-3.19980991014222E-12,1.8474111129763E-12,12.9988423703213));
#1679=CARTESIAN_POINT('',(-118.095915733506,77.4203130459712,12.9988423703213));
#1680=CARTESIAN_POINT('',(-87.5719368001293,59.7972855920472,12.9988423703213));
#1681=CARTESIAN_POINT('',(-122.095915733506,70.4921098156957,12.9988423703213));
#1682=CARTESIAN_POINT('',(-122.095915733506,70.4921098156957,12.9988423703213));
#1683=CARTESIAN_POINT('',(-126.120237635025,63.5779488418096,12.9988423703213));
#1684=CARTESIAN_POINT('',(-76.8222943414123,148.276420771914,12.9988423703213));
#1685=CARTESIAN_POINT('',(-65.0479578667541,28.3178516775706,12.9988423703213));
#1686=CARTESIAN_POINT('Origin',(0.,0.,12.9988423703213));
#1687=CARTESIAN_POINT('',(0.,0.,15.7118423703213));
#1688=CARTESIAN_POINT('',(0.,0.,13.7118423703213));
#1689=CARTESIAN_POINT('',(-4.00000000000436,-6.92820323027545,12.9988423703213));
#1690=CARTESIAN_POINT('',(-4.2632564145606E-12,0.,12.9988423703213));
#1691=CARTESIAN_POINT('',(-4.0000000000001,-6.92820323027545,15.7118423703213));
#1692=CARTESIAN_POINT('',(-4.0000000000001,-6.92820323027545,13.7118423703213));
#1693=CARTESIAN_POINT('',(9.20980259264421,15.9518460181388,15.7118423703213));
#1694=CARTESIAN_POINT('Origin',(-4.0000000000001,-6.92820323027545,13.7118423703213));
#1695=CARTESIAN_POINT('',(-65.0479578667541,28.3178516775706,12.9988423703213));
#1696=CARTESIAN_POINT('',(-126.120237635025,63.5779488418096,15.7118423703213));
#1697=CARTESIAN_POINT('',(-126.120237635025,63.5779488418096,11.6423423703213));
#1698=CARTESIAN_POINT('',(-13.209802592648,-1.61092122422674,15.7118423703213));
#1699=CARTESIAN_POINT('Origin',(-7.28306304154103E-12,42.5382560483751,
15.7118423703213));
#1700=CARTESIAN_POINT('',(-212.643158517693,-85.0765120967416,15.7118423703213));
#1701=CARTESIAN_POINT('',(-212.643158517693,-85.0765120967416,15.7118423703213));
#1702=CARTESIAN_POINT('',(-205.372281323284,-89.2743550021791,15.7118423703213));
#1703=CARTESIAN_POINT('',(-192.356841482336,-96.7888226979721,15.7118423703213));
#1704=CARTESIAN_POINT('',(-199.627718676746,-92.5909797925348,15.7118423703213));
#1705=CARTESIAN_POINT('Origin',(-205.000000000015,-95.262794416279,15.7118423703213));
#1706=CARTESIAN_POINT('',(-192.356841482336,-96.7888226979721,15.7118423703213));
#1707=CARTESIAN_POINT('',(-192.356841482336,-96.7888226979721,15.7118423703213));
#1708=CARTESIAN_POINT('',(-193.655879588013,-99.038822697972,15.7118423703213));
#1709=CARTESIAN_POINT('',(-143.147038889688,-11.5549443770781,15.7118423703213));
#1710=CARTESIAN_POINT('',(-191.05780337666,-99.0388226979722,15.7118423703213));
#1711=CARTESIAN_POINT('Origin',(-192.356841482337,-99.7888226979721,15.7118423703213));
#1712=CARTESIAN_POINT('',(-181.299038105692,-115.941499966428,15.7118423703213));
#1713=CARTESIAN_POINT('',(-180.000000000016,-118.191499966429,15.7118423703213));
#1714=CARTESIAN_POINT('',(-182.598076211369,-118.191499966428,15.7118423703213));
#1715=CARTESIAN_POINT('Origin',(-182.598076211369,-116.691499966428,15.7118423703213));
#1716=CARTESIAN_POINT('',(-180.000000000016,-118.191499966429,15.7118423703213));
#1717=CARTESIAN_POINT('',(-90.0000000000143,-118.191499966431,15.7118423703213));
#1718=CARTESIAN_POINT('',(-180.000000000016,-126.587185777302,15.7118423703213));
#1719=CARTESIAN_POINT('',(-180.000000000017,-141.616121168887,15.7118423703213));
#1720=CARTESIAN_POINT('',(-180.000000000016,-133.220435358013,15.7118423703213));
#1721=CARTESIAN_POINT('Origin',(-185.000000000016,-129.903810567658,15.7118423703213));
#1722=CARTESIAN_POINT('',(-180.000000000017,-141.616121168887,15.7118423703213));
#1723=CARTESIAN_POINT('',(7.99999999999574,0.,15.7118423703213));
#1724=CARTESIAN_POINT('',(7.99999999999574,-14.1349022680353,15.7118423703213));
#1725=CARTESIAN_POINT('',(-4.2632564145606E-12,0.,15.7118423703213));
#1726=CARTESIAN_POINT('Origin',(-4.2632564145606E-12,-141.616121168891,
12.9988423703213));
#1727=CARTESIAN_POINT('',(7.99999999999574,0.,12.9988423703213));
#1728=CARTESIAN_POINT('',(-4.2632564145606E-12,0.,12.9988423703213));
#1729=CARTESIAN_POINT('',(7.99999999999574,-106.212090876669,12.9988423703213));
#1730=CARTESIAN_POINT('Origin',(7.99999999999574,-70.8080605844457,14.3553423703213));
#1731=CARTESIAN_POINT('',(7.99999999999574,0.,13.6770923703213));
#1732=CARTESIAN_POINT('Origin',(-57.0479578667528,42.1742581381233,11.6423423703213));
#1733=CARTESIAN_POINT('',(4.00000000000006,6.9282032302754,10.2858423703213));
#1734=CARTESIAN_POINT('',(4.00000000000006,6.92820323027541,12.3205923703213));
#1735=CARTESIAN_POINT('',(-118.095915733506,77.4203130459712,10.2858423703213));
#1736=CARTESIAN_POINT('',(-35.7337815260242,29.8685126902481,10.2858423703213));
#1737=CARTESIAN_POINT('',(-118.095915733506,77.4203130459712,10.9640923703213));
#1738=CARTESIAN_POINT('Origin',(-122.095915733506,70.4921098156957,10.2858423703213));
#1739=CARTESIAN_POINT('',(-122.095915733506,70.4921098156957,10.2858423703213));
#1740=CARTESIAN_POINT('',(-122.095915733506,70.4921098156957,10.2858423703213));
#1741=CARTESIAN_POINT('',(-122.095915733506,70.4921098156957,11.9988423703213));
#1742=CARTESIAN_POINT('Origin',(-7.28306304154103E-12,42.5382560483751,
10.2858423703213));
#1743=CARTESIAN_POINT('',(-180.000000000016,-118.727398351291,10.2858423703213));
#1744=CARTESIAN_POINT('',(-180.000000000017,-141.616121168887,10.2858423703213));
#1745=CARTESIAN_POINT('',(-180.051347926068,-118.277115001943,10.2858423703213));
#1746=CARTESIAN_POINT('Origin',(-182.000000000016,-118.727398351291,10.2858423703213));
#1747=CARTESIAN_POINT('',(-180.000000000016,-115.191499966429,10.2858423703213));
#1748=CARTESIAN_POINT('Origin',(-182.598076211369,-116.691499966428,10.2858423703213));
#1749=CARTESIAN_POINT('',(-189.758765270983,-98.2888226979722,10.2858423703213));
#1750=CARTESIAN_POINT('',(-197.178395598724,-85.4376459969447,10.2858423703213));
#1751=CARTESIAN_POINT('',(-192.456660241064,-96.7904837886081,10.2858423703213));
#1752=CARTESIAN_POINT('Origin',(-192.356841482337,-99.7888226979721,10.2858423703213));
#1753=CARTESIAN_POINT('',(-192.820943097474,-96.520873505541,10.2858423703213));
#1754=CARTESIAN_POINT('Origin',(-193.820943097474,-98.2529243131099,10.2858423703213));
#1755=CARTESIAN_POINT('',(-212.643158517693,-85.0765120967416,10.2858423703213));
#1756=CARTESIAN_POINT('',(-192.356841482336,-96.7888226979721,10.2858423703213));
#1757=CARTESIAN_POINT('',(-212.643158517693,-85.0765120967416,10.2858423703213));
#1758=CARTESIAN_POINT('',(0.,0.,10.2858423703213));
#1759=CARTESIAN_POINT('Origin',(0.,0.,12.9988423703213));
#1760=CARTESIAN_POINT('Origin',(-4.2632564145606E-12,0.,12.9988423703213));
#1761=CARTESIAN_POINT('Origin',(-203.006360535175,-113.73433077366,12.4623106012294));
#1762=CARTESIAN_POINT('',(-201.606841482337,-112.810292667984,12.4623106012294));
#1763=CARTESIAN_POINT('',(-202.905879588014,-113.560292667984,11.7123106012294));
#1764=CARTESIAN_POINT('Ctrl Pts',(-201.606841482337,-112.810292667984,12.4623106012294));
#1765=CARTESIAN_POINT('Ctrl Pts',(-201.674742169619,-112.927900108226,12.3662845283803));
#1766=CARTESIAN_POINT('Ctrl Pts',(-201.765450590778,-113.046234755526,12.2616054071358));
#1767=CARTESIAN_POINT('Ctrl Pts',(-201.984108632489,-113.253187737008,12.0643084017541));
#1768=CARTESIAN_POINT('Ctrl Pts',(-202.11217473227,-113.341831881365,11.9718467301836));
#1769=CARTESIAN_POINT('Ctrl Pts',(-202.33775390765,-113.452268090512,11.8488212493636));
#1770=CARTESIAN_POINT('Ctrl Pts',(-202.445066433799,-113.492529027858,11.8008621929515));
#1771=CARTESIAN_POINT('Ctrl Pts',(-202.672387357034,-113.546607323954,11.7324392468464));
#1772=CARTESIAN_POINT('Ctrl Pts',(-202.792527905168,-113.560292667984,11.7123106012294));
#1773=CARTESIAN_POINT('Ctrl Pts',(-202.905879588014,-113.560292667984,11.7123106012294));
#1774=CARTESIAN_POINT('',(-194.305398640852,-98.663822697972,11.7123106012294));
#1775=CARTESIAN_POINT('',(-203.006360535175,-113.73433077366,11.7123106012294));
#1776=CARTESIAN_POINT('',(-193.655879588013,-99.038822697972,12.4623106012294));
#1777=CARTESIAN_POINT('Origin',(-194.305398640852,-98.6638226979723,12.4623106012294));
#1778=CARTESIAN_POINT('',(-202.356841482337,-114.10933077366,12.4623106012294));
#1779=CARTESIAN_POINT('Origin',(-192.356841482337,-99.7888226979721,12.4623106012294));
#1780=CARTESIAN_POINT('',(-191.05780337666,-99.0388226979722,12.4623106012294));
#1781=CARTESIAN_POINT('',(-191.896328868222,-97.5864539431443,11.7123106012294));
#1782=CARTESIAN_POINT('Ctrl Pts',(-191.05780337666,-99.0388226979722,12.4623106012294));
#1783=CARTESIAN_POINT('Ctrl Pts',(-191.206496312893,-98.7812789776905,12.25202703418));
#1784=CARTESIAN_POINT('Ctrl Pts',(-191.386080072013,-98.4702307826805,12.00297775137));
#1785=CARTESIAN_POINT('Ctrl Pts',(-191.656599631659,-98.0016771609325,11.7780977793512));
#1786=CARTESIAN_POINT('Ctrl Pts',(-191.785483156891,-97.7784443469715,11.7123106012294));
#1787=CARTESIAN_POINT('Ctrl Pts',(-191.896328868222,-97.5864539431443,11.7123106012294));
#1788=CARTESIAN_POINT('Origin',(-192.356841482337,-99.7888226979721,12.4623106012294));
#1789=CARTESIAN_POINT('Origin',(-192.356841482337,-99.7888226979721,11.7123106012294));
#1790=CARTESIAN_POINT('Origin',(-192.356841482337,-99.7888226979721,11.7858423703213));
#1791=CARTESIAN_POINT('',(-191.094591368942,-98.9751040262304,11.7123106012294));
#1792=CARTESIAN_POINT('',(-191.05780337666,-99.0388226979722,11.7858423703213));
#1793=CARTESIAN_POINT('Ctrl Pts',(-191.094591368942,-98.9751040262304,11.7123106012294));
#1794=CARTESIAN_POINT('Ctrl Pts',(-191.082192033805,-98.9965803046694,11.7370645900784));
#1795=CARTESIAN_POINT('Ctrl Pts',(-191.069927061029,-99.0178238606704,11.7615950015836));
#1796=CARTESIAN_POINT('Ctrl Pts',(-191.05780337666,-99.0388226979722,11.7858423703213));
#1797=CARTESIAN_POINT('',(-192.088892289905,-97.25292431311,10.3549287962549));
#1798=CARTESIAN_POINT('Ctrl Pts',(-191.094591368942,-98.9751040262304,11.7123106012294));
#1799=CARTESIAN_POINT('Ctrl Pts',(-191.294740893778,-98.6284348801038,11.3127327971926));
#1800=CARTESIAN_POINT('Ctrl Pts',(-191.534318505416,-98.2134742843917,10.8637218140214));
#1801=CARTESIAN_POINT('Ctrl Pts',(-191.862187869629,-97.6455878873282,10.5107957365585));
#1802=CARTESIAN_POINT('Ctrl Pts',(-191.958509476967,-97.4787539695536,10.4277140666065));
#1803=CARTESIAN_POINT('Ctrl Pts',(-192.068442167076,-97.2883449648705,10.365619369269));
#1804=CARTESIAN_POINT('Ctrl Pts',(-192.078655477746,-97.2706549918772,10.3601354961144));
#1805=CARTESIAN_POINT('Ctrl Pts',(-192.088892289905,-97.25292431311,10.3549287962549));
#1806=CARTESIAN_POINT('Ctrl Pts',(-192.088892289905,-97.25292431311,10.3549287962549));
#1807=CARTESIAN_POINT('Ctrl Pts',(-192.175066970671,-97.1036653876971,10.3110981885168));
#1808=CARTESIAN_POINT('Ctrl Pts',(-192.282412148385,-96.9626954450594,10.2906582522415));
#1809=CARTESIAN_POINT('Ctrl Pts',(-192.424377921301,-96.8211067422521,10.2860889142808));
#1810=CARTESIAN_POINT('Ctrl Pts',(-192.440397091762,-96.8056553702292,10.2858423703213));
#1811=CARTESIAN_POINT('Ctrl Pts',(-192.456660241064,-96.7904837886081,10.2858423703213));
#1812=CARTESIAN_POINT('Origin',(-189.758765270983,-98.2888226979722,11.7858423703213));
#1813=CARTESIAN_POINT('Origin',(-207.500000000015,-99.5929214352011,11.7123106012294));
#1814=CARTESIAN_POINT('',(-203.655879588014,-113.35933077366,11.7123106012294));
#1815=CARTESIAN_POINT('Origin',(-202.905879588014,-112.060292667984,11.7123106012294));
#1816=CARTESIAN_POINT('',(-221.344120412017,-103.14702017243,11.7123106012294));
#1817=CARTESIAN_POINT('',(-222.643158517694,-102.39702017243,11.7123106012294));
#1818=CARTESIAN_POINT('',(-221.893158517693,-101.097982066754,11.7123106012294));
#1819=CARTESIAN_POINT('Origin',(-220.594120412017,-101.847982066754,11.7123106012294));
#1820=CARTESIAN_POINT('',(-212.643158517693,-85.0765120967419,11.7123106012294));
#1821=CARTESIAN_POINT('',(-212.643158517693,-85.0765120967419,11.7123106012294));
#1822=CARTESIAN_POINT('',(-192.820943097474,-96.520873505541,11.7123106012294));
#1823=CARTESIAN_POINT('',(-207.571579258854,-88.0045897470493,11.7123106012294));
#1824=CARTESIAN_POINT('',(-192.088892289905,-97.25292431311,11.7123106012294));
#1825=CARTESIAN_POINT('Origin',(-193.820943097474,-98.2529243131099,11.7123106012294));
#1826=CARTESIAN_POINT('',(-193.642631111756,-94.5617697319722,11.7123106012294));
#1827=CARTESIAN_POINT('',(-212.5004873384,-103.923048454123,11.7123106012294));
#1828=CARTESIAN_POINT('Origin',(-210.000000000015,-103.923048454123,11.7123106012294));
#1829=CARTESIAN_POINT('',(-207.500487338399,-95.262794416279,11.7123106012294));
#1830=CARTESIAN_POINT('Origin',(-205.000000000015,-95.262794416279,11.7123106012294));
#1831=CARTESIAN_POINT('Origin',(-180.000000000016,-118.941499966428,12.4623106012294));
#1832=CARTESIAN_POINT('',(-199.799038105693,-118.941499966428,11.7123106012294));
#1833=CARTESIAN_POINT('',(-198.500000000016,-118.191499966428,12.4623106012294));
#1834=CARTESIAN_POINT('Ctrl Pts',(-199.799038105693,-118.941499966428,11.7123106012294));
#1835=CARTESIAN_POINT('Ctrl Pts',(-199.74236226427,-118.843334529522,11.7123106012294));
#1836=CARTESIAN_POINT('Ctrl Pts',(-199.670440134613,-118.746132434827,11.7324392468464));
#1837=CARTESIAN_POINT('Ctrl Pts',(-199.509946494783,-118.576305888542,11.8008621929515));
#1838=CARTESIAN_POINT('Ctrl Pts',(-199.421423237187,-118.503500983426,11.8488212493636));
#1839=CARTESIAN_POINT('Ctrl Pts',(-199.212993086878,-118.363361791556,11.9718467301836));
#1840=CARTESIAN_POINT('Ctrl Pts',(-199.072191956078,-118.29677536796,12.0643084017541));
#1841=CARTESIAN_POINT('Ctrl Pts',(-198.78363639587,-118.210888439838,12.2616054071357));
#1842=CARTESIAN_POINT('Ctrl Pts',(-198.635801374581,-118.191499966428,12.3662845283803));
#1843=CARTESIAN_POINT('Ctrl Pts',(-198.500000000016,-118.191499966428,12.4623106012294));
#1844=CARTESIAN_POINT('',(-182.598076211369,-118.191499966428,12.4623106012294));
#1845=CARTESIAN_POINT('',(-180.000000000016,-118.191499966428,12.4623106012294));
#1846=CARTESIAN_POINT('',(-182.598076211369,-118.941499966428,11.7123106012294));
#1847=CARTESIAN_POINT('Origin',(-182.598076211369,-118.941499966428,12.4623106012294));
#1848=CARTESIAN_POINT('',(-180.000000000016,-118.941499966428,11.7123106012294));
#1849=CARTESIAN_POINT('Origin',(-182.598076211369,-116.691499966428,12.4623106012294));
#1850=CARTESIAN_POINT('',(-181.299038105692,-115.941499966428,12.4623106012294));
#1851=CARTESIAN_POINT('',(-180.46051261413,-117.393868721256,11.7123106012294));
#1852=CARTESIAN_POINT('Ctrl Pts',(-180.46051261413,-117.393868721256,11.7123106012294));
#1853=CARTESIAN_POINT('Ctrl Pts',(-180.571358325462,-117.201878317429,11.7123106012294));
#1854=CARTESIAN_POINT('Ctrl Pts',(-180.700241850694,-116.978645503468,11.7780977793512));
#1855=CARTESIAN_POINT('Ctrl Pts',(-180.97076141034,-116.51009188172,12.00297775137));
#1856=CARTESIAN_POINT('Ctrl Pts',(-181.15034516946,-116.19904368671,12.25202703418));
#1857=CARTESIAN_POINT('Ctrl Pts',(-181.299038105692,-115.941499966428,12.4623106012294));
#1858=CARTESIAN_POINT('Origin',(-182.598076211369,-116.691499966428,11.7123106012294));
#1859=CARTESIAN_POINT('Origin',(-182.598076211369,-116.691499966428,12.4623106012294));
#1860=CARTESIAN_POINT('Origin',(-182.598076211369,-116.691499966428,11.7858423703213));
#1861=CARTESIAN_POINT('',(-181.299038105692,-115.941499966428,11.7858423703213));
#1862=CARTESIAN_POINT('',(-181.26225011341,-116.00521863817,11.7123106012294));
#1863=CARTESIAN_POINT('Ctrl Pts',(-181.299038105692,-115.941499966428,11.7858423703213));
#1864=CARTESIAN_POINT('Ctrl Pts',(-181.286914421324,-115.96249880373,11.7615950015836));
#1865=CARTESIAN_POINT('Ctrl Pts',(-181.274649448548,-115.983742359731,11.7370645900785));
#1866=CARTESIAN_POINT('Ctrl Pts',(-181.26225011341,-116.00521863817,11.7123106012294));
#1867=CARTESIAN_POINT('Origin',(-180.000000000016,-115.191499966429,11.7858423703213));
#1868=CARTESIAN_POINT('',(-180.267949192447,-117.727398351291,10.3549287962548));
#1869=CARTESIAN_POINT('Ctrl Pts',(-180.051347926068,-118.277115001943,10.2858423703213));
#1870=CARTESIAN_POINT('Ctrl Pts',(-180.056390084212,-118.25529449284,10.2858423703213));
#1871=CARTESIAN_POINT('Ctrl Pts',(-180.061801606405,-118.233546401426,10.2860923476556));
#1872=CARTESIAN_POINT('Ctrl Pts',(-180.113482229101,-118.039821108862,10.2906941994206));
#1873=CARTESIAN_POINT('Ctrl Pts',(-180.181849983093,-117.876526556384,10.311136575173));
#1874=CARTESIAN_POINT('Ctrl Pts',(-180.267949192447,-117.727398351291,10.3549287962548));
#1875=CARTESIAN_POINT('Ctrl Pts',(-180.267949192447,-117.727398351291,10.3549287962548));
#1876=CARTESIAN_POINT('Ctrl Pts',(-180.278186004606,-117.709667672524,10.3601354961143));
#1877=CARTESIAN_POINT('Ctrl Pts',(-180.288399315276,-117.69197769953,10.365619369269));
#1878=CARTESIAN_POINT('Ctrl Pts',(-180.398332005386,-117.501568694847,10.4277140666065));
#1879=CARTESIAN_POINT('Ctrl Pts',(-180.494653612723,-117.334734777072,10.5107957365585));
#1880=CARTESIAN_POINT('Ctrl Pts',(-180.822522976937,-116.766848380009,10.8637218140213));
#1881=CARTESIAN_POINT('Ctrl Pts',(-181.062100588574,-116.351887784296,11.3127327971921));
#1882=CARTESIAN_POINT('Ctrl Pts',(-181.26225011341,-116.00521863817,11.7123106012294));
#1883=CARTESIAN_POINT('Origin',(-182.598076211369,-116.691499966428,10.9990764857753));
#1884=CARTESIAN_POINT('',(-182.598076211369,-118.191499966428,10.9990764857753));
#1885=CARTESIAN_POINT('',(-181.299038105692,-115.941499966428,10.9990764857753));
#1886=CARTESIAN_POINT('Origin',(-180.000000000016,-118.191499966428,11.7123106012294));
#1887=CARTESIAN_POINT('',(-198.500000000016,-118.191499966428,15.7123106012294));
#1888=CARTESIAN_POINT('',(-198.500000000016,-118.191499966428,11.7123106012294));
#1889=CARTESIAN_POINT('',(-180.000000000016,-118.191499966428,15.7123106012294));
#1890=CARTESIAN_POINT('Origin',(-197.178395598724,-85.4376459969447,11.7858423703213));
#1891=CARTESIAN_POINT('',(-198.477433704401,-86.1876459969447,11.7858423703213));
#1892=CARTESIAN_POINT('Origin',(-190.000000000016,-129.903810567657,11.7123106012294));
#1893=CARTESIAN_POINT('',(-180.267949192447,-117.727398351291,11.7123106012294));
#1894=CARTESIAN_POINT('',(-184.892631111757,-109.7172142982,11.7123106012294));
#1895=CARTESIAN_POINT('',(-180.000000000016,-118.727398351291,11.7123106012294));
#1896=CARTESIAN_POINT('Origin',(-182.000000000016,-118.727398351291,11.7123106012294));
#1897=CARTESIAN_POINT('',(-180.000000000016,-124.047655267043,11.7123106012294));
#1898=CARTESIAN_POINT('',(-200.000000000018,-140.116121168887,11.7123106012294));
#1899=CARTESIAN_POINT('Origin',(-198.500000000018,-140.116121168887,11.7123106012294));
#1900=CARTESIAN_POINT('',(-200.000000000016,-119.691499966428,11.7123106012294));
#1901=CARTESIAN_POINT('',(-200.000000000016,-118.191499966428,11.7123106012294));
#1902=CARTESIAN_POINT('Origin',(-198.500000000016,-119.691499966428,11.7123106012294));
#1903=CARTESIAN_POINT('',(-187.500487338401,-129.903810567658,11.7123106012294));
#1904=CARTESIAN_POINT('Origin',(-185.000000000016,-129.903810567658,11.7123106012294));
#1905=CARTESIAN_POINT('',(-194.907738383456,-132.567983065467,11.7123106012294));
#1906=CARTESIAN_POINT('',(-194.82251576469,-132.566434924063,11.7123106012294));
#1907=CARTESIAN_POINT('Origin',(-194.91202320097,-129.985654924802,11.7123106012294));
#1908=CARTESIAN_POINT('',(-194.82251576469,-132.566434924063,11.7123106012294));
#1909=CARTESIAN_POINT('Origin',(-182.000000000016,-118.727398351291,10.2858423703213));
#1910=CARTESIAN_POINT('',(-180.000000000016,-118.727398351291,10.2858423703213));
#1911=CARTESIAN_POINT('',(-180.267949192447,-117.727398351291,10.2858423703213));
#1912=CARTESIAN_POINT('Origin',(-193.820943097474,-98.2529243131099,10.2858423703213));
#1913=CARTESIAN_POINT('',(-192.088892289905,-97.25292431311,10.2858423703213));
#1914=CARTESIAN_POINT('',(-192.820943097474,-96.520873505541,10.2858423703213));
#1915=CARTESIAN_POINT('Origin',(-192.356841482336,-96.7888226979721,10.2858423703213));
#1916=CARTESIAN_POINT('',(-191.05780337666,-99.0388226979722,10.9990764857753));
#1917=CARTESIAN_POINT('Origin',(-198.500000000018,-140.116121168887,10.9990764857753));
#1918=CARTESIAN_POINT('',(-200.000000000017,-140.116121168887,15.7123106012294));
#1919=CARTESIAN_POINT('Origin',(-198.500000000018,-140.116121168887,15.7123106012294));
#1920=CARTESIAN_POINT('',(-200.000000000018,-140.116121168887,10.9990764857753));
#1921=CARTESIAN_POINT('Origin',(-200.000000000016,-118.191499966428,11.7123106012294));
#1922=CARTESIAN_POINT('',(-200.000000000016,-133.165669404702,15.7123106012294));
#1923=CARTESIAN_POINT('',(-200.000000000016,-118.191499966428,15.7123106012294));
#1924=CARTESIAN_POINT('',(-200.000000000016,-133.165669404702,13.7123106012294));
#1925=CARTESIAN_POINT('',(-200.000000000016,-133.165669404702,15.7123106012294));
#1926=CARTESIAN_POINT('',(-200.000000000016,-126.805640444901,13.7123106012294));
#1927=CARTESIAN_POINT('',(-200.000000000016,-118.191499966428,13.7123106012294));
#1928=CARTESIAN_POINT('',(-200.000000000016,-126.805640444901,15.7123106012294));
#1929=CARTESIAN_POINT('',(-200.000000000016,-126.805640444901,15.7123106012294));
#1930=CARTESIAN_POINT('',(-200.000000000016,-119.691499966428,15.7123106012294));
#1931=CARTESIAN_POINT('',(-200.000000000016,-118.191499966428,15.7123106012294));
#1932=CARTESIAN_POINT('',(-200.000000000016,-119.691499966428,11.7123106012294));
#1933=CARTESIAN_POINT('Origin',(-192.356841482337,-99.7888226979721,10.9990764857753));
#1934=CARTESIAN_POINT('',(-193.655879588013,-99.038822697972,10.9990764857753));
#1935=CARTESIAN_POINT('Origin',(-202.905879588014,-112.060292667984,11.7123106012294));
#1936=CARTESIAN_POINT('',(-201.606841482337,-112.810292667984,15.7123106012294));
#1937=CARTESIAN_POINT('',(-201.606841482337,-112.810292667984,11.7123106012294));
#1938=CARTESIAN_POINT('',(-203.655879588014,-113.35933077366,15.7123106012294));
#1939=CARTESIAN_POINT('Origin',(-202.905879588014,-112.060292667984,15.7123106012294));
#1940=CARTESIAN_POINT('',(-203.655879588014,-113.35933077366,11.7123106012294));
#1941=CARTESIAN_POINT('Origin',(-222.643158517694,-102.39702017243,11.7123106012294));
#1942=CARTESIAN_POINT('',(-209.627718676746,-109.911487868223,15.7123106012294));
#1943=CARTESIAN_POINT('',(-222.643158517694,-102.39702017243,15.7123106012294));
#1944=CARTESIAN_POINT('',(-209.627718676746,-109.911487868223,13.7123106012294));
#1945=CARTESIAN_POINT('',(-209.627718676746,-109.911487868223,15.7123106012294));
#1946=CARTESIAN_POINT('',(-215.372281323284,-106.594863077868,13.7123106012294));
#1947=CARTESIAN_POINT('',(-222.643158517694,-102.39702017243,13.7123106012294));
#1948=CARTESIAN_POINT('',(-215.372281323284,-106.594863077868,15.7123106012294));
#1949=CARTESIAN_POINT('',(-215.372281323284,-106.594863077868,15.7123106012294));
#1950=CARTESIAN_POINT('',(-221.344120412017,-103.14702017243,15.7123106012294));
#1951=CARTESIAN_POINT('',(-222.643158517694,-102.39702017243,15.7123106012294));
#1952=CARTESIAN_POINT('',(-221.344120412017,-103.14702017243,11.7123106012294));
#1953=CARTESIAN_POINT('Origin',(-198.500000000016,-119.691499966428,11.7123106012294));
#1954=CARTESIAN_POINT('Origin',(-198.500000000016,-119.691499966428,15.7123106012294));
#1955=CARTESIAN_POINT('Origin',(-220.594120412017,-101.847982066754,11.7123106012294));
#1956=CARTESIAN_POINT('',(-221.893158517693,-101.097982066754,15.7123106012294));
#1957=CARTESIAN_POINT('Origin',(-220.594120412017,-101.847982066754,15.7123106012294));
#1958=CARTESIAN_POINT('',(-221.893158517693,-101.097982066754,11.7123106012294));
#1959=CARTESIAN_POINT('Origin',(-194.912023200971,-129.985654924802,15.7123106012294));
#1960=CARTESIAN_POINT('',(-189.983934075502,-126.563091912755,15.7123106012294));
#1961=CARTESIAN_POINT('Origin',(-194.912023200971,-129.985654924802,15.7123106012294));
#1962=CARTESIAN_POINT('',(-189.983934075502,-126.563091912755,13.7123106012294));
#1963=CARTESIAN_POINT('Origin',(-194.912023200971,-129.985654924802,13.7123106012294));
#1964=CARTESIAN_POINT('',(-189.983934075502,-126.563091912755,15.7123106012294));
#1965=CARTESIAN_POINT('Origin',(-190.000000000016,-122.498570205665,15.7123106012294));
#1966=CARTESIAN_POINT('Origin',(-185.000000000016,-129.903810567658,15.7123106012294));
#1967=CARTESIAN_POINT('Origin',(-190.000000000016,-129.903810567657,13.7123106012294));
#1968=CARTESIAN_POINT('',(-189.928089125485,-133.326373579705,13.7123106012294));
#1969=CARTESIAN_POINT('Origin',(-185.000000000016,-129.903810567658,13.7123106012294));
#1970=CARTESIAN_POINT('Origin',(-194.912023200971,-129.985654924802,13.7123106012294));
#1971=CARTESIAN_POINT('',(-187.500487338401,-129.903810567658,13.7123106012294));
#1972=CARTESIAN_POINT('Origin',(-185.000000000016,-129.903810567658,13.7123106012294));
#1973=CARTESIAN_POINT('',(-194.907738383456,-132.567983065467,13.7123106012294));
#1974=CARTESIAN_POINT('',(-194.82251576469,-132.566434924063,13.7123106012294));
#1975=CARTESIAN_POINT('Origin',(-194.91202320097,-129.985654924802,13.7123106012294));
#1976=CARTESIAN_POINT('',(-194.82251576469,-132.566434924063,13.7123106012294));
#1977=CARTESIAN_POINT('Origin',(-210.000000000015,-103.923048454123,15.7123106012294));
#1978=CARTESIAN_POINT('',(-204.627718676746,-101.251233830379,15.7123106012294));
#1979=CARTESIAN_POINT('Origin',(-210.000000000015,-103.923048454123,15.7123106012294));
#1980=CARTESIAN_POINT('',(-204.627718676746,-101.251233830379,13.7123106012294));
#1981=CARTESIAN_POINT('',(-204.627718676746,-101.251233830379,15.7123106012294));
#1982=CARTESIAN_POINT('Origin',(-210.000000000015,-103.923048454123,13.7123106012294));
#1983=CARTESIAN_POINT('Origin',(-200.992280079541,-103.350155283098,15.7123106012294));
#1984=CARTESIAN_POINT('',(-202.356841482337,-114.10933077366,15.7123106012294));
#1985=CARTESIAN_POINT('Origin',(-205.000000000015,-95.262794416279,15.7123106012294));
#1986=CARTESIAN_POINT('Origin',(-207.500000000015,-99.5929214352011,13.7123106012294));
#1987=CARTESIAN_POINT('',(-210.372281323284,-97.9346090400233,13.7123106012294));
#1988=CARTESIAN_POINT('Origin',(-205.000000000015,-95.262794416279,13.7123106012294));
#1989=CARTESIAN_POINT('Origin',(-210.000000000015,-103.923048454123,13.7123106012294));
#1990=CARTESIAN_POINT('',(-212.5004873384,-103.923048454123,13.7123106012294));
#1991=CARTESIAN_POINT('Origin',(-210.000000000015,-103.923048454123,13.7123106012294));
#1992=CARTESIAN_POINT('',(-207.500487338399,-95.262794416279,13.7123106012294));
#1993=CARTESIAN_POINT('Origin',(-205.000000000015,-95.262794416279,13.7123106012294));
#1994=CARTESIAN_POINT('Origin',(-210.000000000015,-103.923048454123,15.7123106012294));
#1995=CARTESIAN_POINT('',(-210.372281323284,-97.9346090400233,15.7123106012294));
#1996=CARTESIAN_POINT('Origin',(-210.000000000015,-103.923048454123,15.7123106012294));
#1997=CARTESIAN_POINT('',(-210.372281323284,-97.9346090400233,15.7123106012294));
#1998=CARTESIAN_POINT('Origin',(-214.007719920489,-95.8356875873047,15.7123106012294));
#1999=CARTESIAN_POINT('Origin',(-205.000000000015,-95.262794416279,15.7123106012294));
#2000=CARTESIAN_POINT('',(-212.643158517693,-85.0765120967419,15.7123106012294));
#2001=CARTESIAN_POINT('Origin',(-194.912023200971,-129.985654924802,15.7123106012294));
#2002=CARTESIAN_POINT('',(-189.928089125485,-133.326373579705,15.7123106012294));
#2003=CARTESIAN_POINT('Origin',(-194.912023200971,-129.985654924802,15.7123106012294));
#2004=CARTESIAN_POINT('',(-189.928089125485,-133.326373579705,15.7123106012294));
#2005=CARTESIAN_POINT('Origin',(-190.000000000017,-137.390895286794,15.7123106012294));
#2006=CARTESIAN_POINT('Origin',(-185.000000000016,-129.903810567658,15.7123106012294));
#2007=CARTESIAN_POINT('Origin',(-185.000000000016,-129.903810567658,15.7123106012294));
#2008=CARTESIAN_POINT('Origin',(-205.000000000015,-95.262794416279,15.7123106012294));
#2009=CARTESIAN_POINT('Origin',(-31.5486729493188,226.060731728133,10.2858423703213));
#2010=CARTESIAN_POINT('',(-212.643158517693,-85.0765120967416,10.2858423703213));
#2011=CARTESIAN_POINT('',(-212.643158517693,-85.0765120967416,10.2858423703213));
#2012=CARTESIAN_POINT('Origin',(-212.643158517693,-85.0765120967416,10.2858423703213));
#2013=CARTESIAN_POINT('Origin',(-180.000000000016,-118.191499966429,10.2858423703213));
#2014=CARTESIAN_POINT('Origin',(-212.643158517693,-85.0765120967419,11.7123106012294));
#2015=CARTESIAN_POINT('Origin',(-202.356841482337,-114.10933077366,11.7123106012294));
#2016=CARTESIAN_POINT('Origin',(-210.000000000015,-103.923048454123,11.7123106012294));
#2017=CARTESIAN_POINT('',(-212.5004873384,-103.923048454123,11.7123106012294));
#2018=CARTESIAN_POINT('Origin',(-205.000000000015,-95.262794416279,11.7123106012294));
#2019=CARTESIAN_POINT('',(-207.500487338399,-95.262794416279,11.7123106012294));
#2020=CARTESIAN_POINT('Origin',(-194.91202320097,-129.985654924802,11.7123106012294));
#2021=CARTESIAN_POINT('',(-194.82251576469,-132.566434924063,11.7123106012294));
#2022=CARTESIAN_POINT('',(-194.907738383456,-132.567983065467,11.7123106012294));
#2023=CARTESIAN_POINT('Origin',(-194.82251576469,-132.566434924063,11.7123106012294));
#2024=CARTESIAN_POINT('Origin',(-185.000000000016,-129.903810567658,11.7123106012294));
#2025=CARTESIAN_POINT('',(-187.500487338401,-129.903810567658,11.7123106012294));
#2026=UNCERTAINTY_MEASURE_WITH_UNIT(LENGTH_MEASURE(0.01),#2030,
'DISTANCE_ACCURACY_VALUE',
'Maximum model space distance between geometric entities at asserted c
onnectivities');
#2027=UNCERTAINTY_MEASURE_WITH_UNIT(LENGTH_MEASURE(0.01),#2030,
'DISTANCE_ACCURACY_VALUE',
'Maximum model space distance between geometric entities at asserted c
onnectivities');
#2028=(
GEOMETRIC_REPRESENTATION_CONTEXT(3)
GLOBAL_UNCERTAINTY_ASSIGNED_CONTEXT((#2026))
GLOBAL_UNIT_ASSIGNED_CONTEXT((#2030,#2032,#2033))
REPRESENTATION_CONTEXT('','3D')
);
#2029=(
GEOMETRIC_REPRESENTATION_CONTEXT(3)
GLOBAL_UNCERTAINTY_ASSIGNED_CONTEXT((#2027))
GLOBAL_UNIT_ASSIGNED_CONTEXT((#2030,#2032,#2033))
REPRESENTATION_CONTEXT('','3D')
);
#2030=(
LENGTH_UNIT()
NAMED_UNIT(*)
SI_UNIT(.MILLI.,.METRE.)
);
#2031=(
LENGTH_UNIT()
NAMED_UNIT(*)
SI_UNIT($,.METRE.)
);
#2032=(
NAMED_UNIT(*)
PLANE_ANGLE_UNIT()
SI_UNIT($,.RADIAN.)
);
#2033=(
NAMED_UNIT(*)
SI_UNIT($,.STERADIAN.)
SOLID_ANGLE_UNIT()
);
#2034=SHAPE_DEFINITION_REPRESENTATION(#2035,#2036);
#2035=PRODUCT_DEFINITION_SHAPE('',$,#2038);
#2036=SHAPE_REPRESENTATION('',(#1180),#2028);
#2037=PRODUCT_DEFINITION_CONTEXT('part definition',#2042,'design');
#2038=PRODUCT_DEFINITION('2026-08-29-22-46-09-039','Rear_Base_Plate',#2039,
#2037);
#2039=PRODUCT_DEFINITION_FORMATION('',$,#2044);
#2040=PRODUCT_RELATED_PRODUCT_CATEGORY('Rear_Base_Plate',
'Rear_Base_Plate',(#2044));
#2041=APPLICATION_PROTOCOL_DEFINITION('international standard',
'automotive_design',2009,#2042);
#2042=APPLICATION_CONTEXT(
'Core Data for Automotive Mechanical Design Process');
#2043=PRODUCT_CONTEXT('part definition',#2042,'mechanical');
#2044=PRODUCT('2026-08-29-22-46-09-039','Rear_Base_Plate',$,(#2043));
#2045=PRESENTATION_STYLE_ASSIGNMENT((#2047));
#2046=PRESENTATION_STYLE_ASSIGNMENT((#2048));
#2047=SURFACE_STYLE_USAGE(.BOTH.,#2049);
#2048=SURFACE_STYLE_USAGE(.BOTH.,#2050);
#2049=SURFACE_SIDE_STYLE('',(#2051));
#2050=SURFACE_SIDE_STYLE('',(#2052));
#2051=SURFACE_STYLE_FILL_AREA(#2053);
#2052=SURFACE_STYLE_FILL_AREA(#2054);
#2053=FILL_AREA_STYLE('Steel - Satin',(#2055));
#2054=FILL_AREA_STYLE('Plastic - Translucent Glossy (White)',(#2056));
#2055=FILL_AREA_STYLE_COLOUR('Steel - Satin',#2057);
#2056=FILL_AREA_STYLE_COLOUR('Plastic - Translucent Glossy (White)',#2058);
#2057=COLOUR_RGB('Steel - Satin',0.627450980392157,0.627450980392157,0.627450980392157);
#2058=COLOUR_RGB('Plastic - Translucent Glossy (White)',1.,1.,1.);
ENDSEC;
END-ISO-10303-21;
