ISO-10303-21;
HEADER;
/* Generated by software containing ST-Developer
 * from STEP Tools, Inc. (www.steptools.com) 
 */

FILE_DESCRIPTION(
/* description */ (''),
/* implementation_level */ '2;1');

FILE_NAME(
/* name */ 'Top_Plate.step',
/* time_stamp */ '2026-08-29T22:40:58-05:00',
/* author */ (''),
/* organization */ (''),
/* preprocessor_version */ 'ST-DEVELOPER v20.1',
/* originating_system */ 'Autodesk Translation Framework v15.8.0.0',
/* authorisation */ '');

FILE_SCHEMA (('AUTOMOTIVE_DESIGN { 1 0 10303 214 3 1 1 }'));
ENDSEC;

DATA;
#10=MECHANICAL_DESIGN_GEOMETRIC_PRESENTATION_REPRESENTATION('',(#13),#3247);
#11=SHAPE_REPRESENTATION_RELATIONSHIP('SRR','None',#3254,#12);
#12=ADVANCED_BREP_SHAPE_REPRESENTATION('',(#14),#3246);
#13=STYLED_ITEM('',(#3264),#14);
#14=MANIFOLD_SOLID_BREP('Body1',#1935);
#15=FACE_BOUND('',#212,.T.);
#16=FACE_BOUND('',#216,.T.);
#17=FACE_BOUND('',#221,.T.);
#18=FACE_BOUND('',#227,.T.);
#19=FACE_BOUND('',#230,.T.);
#20=FACE_BOUND('',#235,.T.);
#21=FACE_BOUND('',#239,.T.);
#22=FACE_BOUND('',#264,.T.);
#23=FACE_BOUND('',#265,.T.);
#24=FACE_BOUND('',#266,.T.);
#25=FACE_BOUND('',#267,.T.);
#26=FACE_BOUND('',#268,.T.);
#27=FACE_BOUND('',#269,.T.);
#28=FACE_BOUND('',#270,.T.);
#29=FACE_BOUND('',#272,.T.);
#30=FACE_BOUND('',#273,.T.);
#31=FACE_BOUND('',#274,.T.);
#32=FACE_BOUND('',#275,.T.);
#33=FACE_BOUND('',#284,.T.);
#34=FACE_BOUND('',#289,.T.);
#35=FACE_BOUND('',#298,.T.);
#36=FACE_BOUND('',#305,.T.);
#37=FACE_BOUND('',#310,.T.);
#38=FACE_BOUND('',#320,.T.);
#39=FACE_BOUND('',#327,.T.);
#40=FACE_BOUND('',#332,.T.);
#41=PLANE('',#1952);
#42=PLANE('',#1960);
#43=PLANE('',#1964);
#44=PLANE('',#1972);
#45=PLANE('',#1976);
#46=PLANE('',#1977);
#47=PLANE('',#1987);
#48=PLANE('',#1992);
#49=PLANE('',#1996);
#50=PLANE('',#2004);
#51=PLANE('',#2010);
#52=PLANE('',#2018);
#53=PLANE('',#2022);
#54=PLANE('',#2026);
#55=PLANE('',#2030);
#56=PLANE('',#2034);
#57=PLANE('',#2038);
#58=PLANE('',#2046);
#59=PLANE('',#2049);
#60=PLANE('',#2053);
#61=PLANE('',#2059);
#62=PLANE('',#2061);
#63=PLANE('',#2064);
#64=PLANE('',#2069);
#65=PLANE('',#2070);
#66=PLANE('',#2071);
#67=PLANE('',#2073);
#68=PLANE('',#2074);
#69=PLANE('',#2075);
#70=PLANE('',#2077);
#71=PLANE('',#2078);
#72=PLANE('',#2079);
#73=PLANE('',#2081);
#74=PLANE('',#2082);
#75=PLANE('',#2083);
#76=PLANE('',#2085);
#77=PLANE('',#2086);
#78=PLANE('',#2087);
#79=PLANE('',#2092);
#80=PLANE('',#2093);
#81=PLANE('',#2095);
#82=PLANE('',#2096);
#83=PLANE('',#2097);
#84=PLANE('',#2099);
#85=PLANE('',#2100);
#86=PLANE('',#2101);
#87=PLANE('',#2103);
#88=PLANE('',#2104);
#89=PLANE('',#2105);
#90=PLANE('',#2107);
#91=PLANE('',#2108);
#92=PLANE('',#2109);
#93=PLANE('',#2110);
#94=PLANE('',#2115);
#95=PLANE('',#2116);
#96=PLANE('',#2118);
#97=PLANE('',#2119);
#98=PLANE('',#2120);
#99=PLANE('',#2122);
#100=PLANE('',#2123);
#101=PLANE('',#2124);
#102=PLANE('',#2126);
#103=PLANE('',#2127);
#104=PLANE('',#2128);
#105=PLANE('',#2130);
#106=FACE_OUTER_BOUND('',#210,.T.);
#107=FACE_OUTER_BOUND('',#211,.T.);
#108=FACE_OUTER_BOUND('',#213,.T.);
#109=FACE_OUTER_BOUND('',#214,.T.);
#110=FACE_OUTER_BOUND('',#215,.T.);
#111=FACE_OUTER_BOUND('',#217,.T.);
#112=FACE_OUTER_BOUND('',#218,.T.);
#113=FACE_OUTER_BOUND('',#219,.T.);
#114=FACE_OUTER_BOUND('',#220,.T.);
#115=FACE_OUTER_BOUND('',#222,.T.);
#116=FACE_OUTER_BOUND('',#223,.T.);
#117=FACE_OUTER_BOUND('',#224,.T.);
#118=FACE_OUTER_BOUND('',#225,.T.);
#119=FACE_OUTER_BOUND('',#226,.T.);
#120=FACE_OUTER_BOUND('',#228,.T.);
#121=FACE_OUTER_BOUND('',#229,.T.);
#122=FACE_OUTER_BOUND('',#231,.T.);
#123=FACE_OUTER_BOUND('',#232,.T.);
#124=FACE_OUTER_BOUND('',#233,.T.);
#125=FACE_OUTER_BOUND('',#234,.T.);
#126=FACE_OUTER_BOUND('',#236,.T.);
#127=FACE_OUTER_BOUND('',#237,.T.);
#128=FACE_OUTER_BOUND('',#238,.T.);
#129=FACE_OUTER_BOUND('',#240,.T.);
#130=FACE_OUTER_BOUND('',#241,.T.);
#131=FACE_OUTER_BOUND('',#242,.T.);
#132=FACE_OUTER_BOUND('',#243,.T.);
#133=FACE_OUTER_BOUND('',#244,.T.);
#134=FACE_OUTER_BOUND('',#245,.T.);
#135=FACE_OUTER_BOUND('',#246,.T.);
#136=FACE_OUTER_BOUND('',#247,.T.);
#137=FACE_OUTER_BOUND('',#248,.T.);
#138=FACE_OUTER_BOUND('',#249,.T.);
#139=FACE_OUTER_BOUND('',#250,.T.);
#140=FACE_OUTER_BOUND('',#251,.T.);
#141=FACE_OUTER_BOUND('',#252,.T.);
#142=FACE_OUTER_BOUND('',#253,.T.);
#143=FACE_OUTER_BOUND('',#254,.T.);
#144=FACE_OUTER_BOUND('',#255,.T.);
#145=FACE_OUTER_BOUND('',#256,.T.);
#146=FACE_OUTER_BOUND('',#257,.T.);
#147=FACE_OUTER_BOUND('',#258,.T.);
#148=FACE_OUTER_BOUND('',#259,.T.);
#149=FACE_OUTER_BOUND('',#260,.T.);
#150=FACE_OUTER_BOUND('',#261,.T.);
#151=FACE_OUTER_BOUND('',#262,.T.);
#152=FACE_OUTER_BOUND('',#263,.T.);
#153=FACE_OUTER_BOUND('',#271,.T.);
#154=FACE_OUTER_BOUND('',#276,.T.);
#155=FACE_OUTER_BOUND('',#277,.T.);
#156=FACE_OUTER_BOUND('',#278,.T.);
#157=FACE_OUTER_BOUND('',#279,.T.);
#158=FACE_OUTER_BOUND('',#280,.T.);
#159=FACE_OUTER_BOUND('',#281,.T.);
#160=FACE_OUTER_BOUND('',#282,.T.);
#161=FACE_OUTER_BOUND('',#283,.T.);
#162=FACE_OUTER_BOUND('',#285,.T.);
#163=FACE_OUTER_BOUND('',#286,.T.);
#164=FACE_OUTER_BOUND('',#287,.T.);
#165=FACE_OUTER_BOUND('',#288,.T.);
#166=FACE_OUTER_BOUND('',#290,.T.);
#167=FACE_OUTER_BOUND('',#291,.T.);
#168=FACE_OUTER_BOUND('',#292,.T.);
#169=FACE_OUTER_BOUND('',#293,.T.);
#170=FACE_OUTER_BOUND('',#294,.T.);
#171=FACE_OUTER_BOUND('',#295,.T.);
#172=FACE_OUTER_BOUND('',#296,.T.);
#173=FACE_OUTER_BOUND('',#297,.T.);
#174=FACE_OUTER_BOUND('',#299,.T.);
#175=FACE_OUTER_BOUND('',#300,.T.);
#176=FACE_OUTER_BOUND('',#301,.T.);
#177=FACE_OUTER_BOUND('',#302,.T.);
#178=FACE_OUTER_BOUND('',#303,.T.);
#179=FACE_OUTER_BOUND('',#304,.T.);
#180=FACE_OUTER_BOUND('',#306,.T.);
#181=FACE_OUTER_BOUND('',#307,.T.);
#182=FACE_OUTER_BOUND('',#308,.T.);
#183=FACE_OUTER_BOUND('',#309,.T.);
#184=FACE_OUTER_BOUND('',#311,.T.);
#185=FACE_OUTER_BOUND('',#312,.T.);
#186=FACE_OUTER_BOUND('',#313,.T.);
#187=FACE_OUTER_BOUND('',#314,.T.);
#188=FACE_OUTER_BOUND('',#315,.T.);
#189=FACE_OUTER_BOUND('',#316,.T.);
#190=FACE_OUTER_BOUND('',#317,.T.);
#191=FACE_OUTER_BOUND('',#318,.T.);
#192=FACE_OUTER_BOUND('',#319,.T.);
#193=FACE_OUTER_BOUND('',#321,.T.);
#194=FACE_OUTER_BOUND('',#322,.T.);
#195=FACE_OUTER_BOUND('',#323,.T.);
#196=FACE_OUTER_BOUND('',#324,.T.);
#197=FACE_OUTER_BOUND('',#325,.T.);
#198=FACE_OUTER_BOUND('',#326,.T.);
#199=FACE_OUTER_BOUND('',#328,.T.);
#200=FACE_OUTER_BOUND('',#329,.T.);
#201=FACE_OUTER_BOUND('',#330,.T.);
#202=FACE_OUTER_BOUND('',#331,.T.);
#203=FACE_OUTER_BOUND('',#333,.T.);
#204=FACE_OUTER_BOUND('',#334,.T.);
#205=FACE_OUTER_BOUND('',#335,.T.);
#206=FACE_OUTER_BOUND('',#336,.T.);
#207=FACE_OUTER_BOUND('',#337,.T.);
#208=FACE_OUTER_BOUND('',#338,.T.);
#209=FACE_OUTER_BOUND('',#339,.T.);
#210=EDGE_LOOP('',(#1252,#1253,#1254,#1255));
#211=EDGE_LOOP('',(#1256,#1257,#1258,#1259,#1260,#1261,#1262,#1263));
#212=EDGE_LOOP('',(#1264,#1265,#1266,#1267,#1268,#1269,#1270,#1271,#1272,
#1273,#1274,#1275,#1276,#1277,#1278,#1279));
#213=EDGE_LOOP('',(#1280,#1281,#1282,#1283));
#214=EDGE_LOOP('',(#1284,#1285,#1286,#1287));
#215=EDGE_LOOP('',(#1288,#1289,#1290,#1291,#1292,#1293,#1294,#1295));
#216=EDGE_LOOP('',(#1296,#1297,#1298,#1299,#1300,#1301,#1302,#1303,#1304,
#1305,#1306,#1307,#1308,#1309,#1310,#1311));
#217=EDGE_LOOP('',(#1312,#1313,#1314,#1315));
#218=EDGE_LOOP('',(#1316,#1317,#1318,#1319));
#219=EDGE_LOOP('',(#1320,#1321,#1322,#1323));
#220=EDGE_LOOP('',(#1324,#1325,#1326,#1327,#1328,#1329,#1330,#1331));
#221=EDGE_LOOP('',(#1332,#1333,#1334,#1335,#1336,#1337,#1338,#1339,#1340,
#1341,#1342,#1343,#1344,#1345,#1346,#1347));
#222=EDGE_LOOP('',(#1348,#1349,#1350,#1351));
#223=EDGE_LOOP('',(#1352,#1353,#1354,#1355));
#224=EDGE_LOOP('',(#1356,#1357,#1358,#1359));
#225=EDGE_LOOP('',(#1360,#1361,#1362,#1363));
#226=EDGE_LOOP('',(#1364,#1365,#1366,#1367));
#227=EDGE_LOOP('',(#1368));
#228=EDGE_LOOP('',(#1369,#1370,#1371,#1372));
#229=EDGE_LOOP('',(#1373,#1374,#1375,#1376));
#230=EDGE_LOOP('',(#1377));
#231=EDGE_LOOP('',(#1378,#1379,#1380,#1381));
#232=EDGE_LOOP('',(#1382,#1383,#1384,#1385));
#233=EDGE_LOOP('',(#1386,#1387,#1388,#1389));
#234=EDGE_LOOP('',(#1390,#1391,#1392,#1393));
#235=EDGE_LOOP('',(#1394));
#236=EDGE_LOOP('',(#1395,#1396,#1397,#1398));
#237=EDGE_LOOP('',(#1399,#1400,#1401,#1402));
#238=EDGE_LOOP('',(#1403,#1404,#1405,#1406));
#239=EDGE_LOOP('',(#1407,#1408));
#240=EDGE_LOOP('',(#1409,#1410,#1411,#1412));
#241=EDGE_LOOP('',(#1413,#1414,#1415,#1416));
#242=EDGE_LOOP('',(#1417));
#243=EDGE_LOOP('',(#1418,#1419,#1420,#1421));
#244=EDGE_LOOP('',(#1422));
#245=EDGE_LOOP('',(#1423,#1424,#1425,#1426));
#246=EDGE_LOOP('',(#1427));
#247=EDGE_LOOP('',(#1428,#1429,#1430,#1431));
#248=EDGE_LOOP('',(#1432));
#249=EDGE_LOOP('',(#1433,#1434,#1435,#1436));
#250=EDGE_LOOP('',(#1437));
#251=EDGE_LOOP('',(#1438,#1439,#1440,#1441));
#252=EDGE_LOOP('',(#1442));
#253=EDGE_LOOP('',(#1443,#1444,#1445,#1446));
#254=EDGE_LOOP('',(#1447,#1448,#1449,#1450));
#255=EDGE_LOOP('',(#1451,#1452,#1453,#1454));
#256=EDGE_LOOP('',(#1455,#1456,#1457,#1458));
#257=EDGE_LOOP('',(#1459,#1460,#1461,#1462));
#258=EDGE_LOOP('',(#1463,#1464,#1465,#1466));
#259=EDGE_LOOP('',(#1467,#1468,#1469,#1470));
#260=EDGE_LOOP('',(#1471,#1472,#1473,#1474));
#261=EDGE_LOOP('',(#1475,#1476,#1477,#1478));
#262=EDGE_LOOP('',(#1479,#1480,#1481,#1482));
#263=EDGE_LOOP('',(#1483));
#264=EDGE_LOOP('',(#1484));
#265=EDGE_LOOP('',(#1485));
#266=EDGE_LOOP('',(#1486));
#267=EDGE_LOOP('',(#1487));
#268=EDGE_LOOP('',(#1488));
#269=EDGE_LOOP('',(#1489));
#270=EDGE_LOOP('',(#1490));
#271=EDGE_LOOP('',(#1491));
#272=EDGE_LOOP('',(#1492,#1493,#1494,#1495,#1496,#1497,#1498,#1499));
#273=EDGE_LOOP('',(#1500));
#274=EDGE_LOOP('',(#1501,#1502,#1503,#1504,#1505,#1506,#1507,#1508));
#275=EDGE_LOOP('',(#1509,#1510,#1511,#1512,#1513,#1514,#1515,#1516));
#276=EDGE_LOOP('',(#1517,#1518,#1519,#1520));
#277=EDGE_LOOP('',(#1521,#1522,#1523,#1524,#1525,#1526,#1527,#1528,#1529,
#1530,#1531,#1532,#1533,#1534,#1535,#1536));
#278=EDGE_LOOP('',(#1537,#1538,#1539,#1540));
#279=EDGE_LOOP('',(#1541,#1542,#1543,#1544));
#280=EDGE_LOOP('',(#1545,#1546,#1547,#1548));
#281=EDGE_LOOP('',(#1549,#1550,#1551,#1552));
#282=EDGE_LOOP('',(#1553,#1554,#1555,#1556));
#283=EDGE_LOOP('',(#1557,#1558,#1559,#1560));
#284=EDGE_LOOP('',(#1561,#1562));
#285=EDGE_LOOP('',(#1563,#1564,#1565,#1566));
#286=EDGE_LOOP('',(#1567,#1568,#1569,#1570));
#287=EDGE_LOOP('',(#1571,#1572,#1573,#1574));
#288=EDGE_LOOP('',(#1575,#1576,#1577,#1578));
#289=EDGE_LOOP('',(#1579));
#290=EDGE_LOOP('',(#1580,#1581,#1582,#1583));
#291=EDGE_LOOP('',(#1584,#1585,#1586,#1587));
#292=EDGE_LOOP('',(#1588,#1589,#1590,#1591));
#293=EDGE_LOOP('',(#1592,#1593,#1594,#1595));
#294=EDGE_LOOP('',(#1596,#1597,#1598,#1599));
#295=EDGE_LOOP('',(#1600,#1601,#1602,#1603));
#296=EDGE_LOOP('',(#1604,#1605,#1606,#1607));
#297=EDGE_LOOP('',(#1608,#1609,#1610,#1611));
#298=EDGE_LOOP('',(#1612,#1613,#1614,#1615));
#299=EDGE_LOOP('',(#1616,#1617,#1618,#1619,#1620,#1621,#1622,#1623,#1624,
#1625,#1626,#1627,#1628,#1629,#1630,#1631));
#300=EDGE_LOOP('',(#1632,#1633,#1634,#1635));
#301=EDGE_LOOP('',(#1636,#1637,#1638,#1639));
#302=EDGE_LOOP('',(#1640,#1641,#1642,#1643));
#303=EDGE_LOOP('',(#1644,#1645,#1646,#1647));
#304=EDGE_LOOP('',(#1648,#1649,#1650,#1651));
#305=EDGE_LOOP('',(#1652,#1653,#1654,#1655));
#306=EDGE_LOOP('',(#1656,#1657,#1658,#1659));
#307=EDGE_LOOP('',(#1660,#1661,#1662,#1663));
#308=EDGE_LOOP('',(#1664,#1665,#1666,#1667));
#309=EDGE_LOOP('',(#1668,#1669,#1670,#1671));
#310=EDGE_LOOP('',(#1672));
#311=EDGE_LOOP('',(#1673,#1674,#1675,#1676));
#312=EDGE_LOOP('',(#1677,#1678,#1679,#1680));
#313=EDGE_LOOP('',(#1681,#1682,#1683,#1684));
#314=EDGE_LOOP('',(#1685,#1686,#1687,#1688));
#315=EDGE_LOOP('',(#1689,#1690,#1691,#1692));
#316=EDGE_LOOP('',(#1693,#1694,#1695,#1696));
#317=EDGE_LOOP('',(#1697,#1698,#1699,#1700));
#318=EDGE_LOOP('',(#1701,#1702,#1703,#1704));
#319=EDGE_LOOP('',(#1705,#1706,#1707,#1708));
#320=EDGE_LOOP('',(#1709));
#321=EDGE_LOOP('',(#1710,#1711,#1712,#1713,#1714,#1715,#1716,#1717,#1718,
#1719,#1720,#1721,#1722,#1723,#1724,#1725));
#322=EDGE_LOOP('',(#1726,#1727,#1728,#1729));
#323=EDGE_LOOP('',(#1730,#1731,#1732,#1733));
#324=EDGE_LOOP('',(#1734,#1735,#1736,#1737));
#325=EDGE_LOOP('',(#1738,#1739,#1740,#1741));
#326=EDGE_LOOP('',(#1742,#1743,#1744,#1745));
#327=EDGE_LOOP('',(#1746));
#328=EDGE_LOOP('',(#1747,#1748,#1749,#1750));
#329=EDGE_LOOP('',(#1751,#1752,#1753,#1754));
#330=EDGE_LOOP('',(#1755,#1756,#1757,#1758));
#331=EDGE_LOOP('',(#1759,#1760,#1761,#1762));
#332=EDGE_LOOP('',(#1763));
#333=EDGE_LOOP('',(#1764,#1765,#1766,#1767));
#334=EDGE_LOOP('',(#1768,#1769,#1770,#1771));
#335=EDGE_LOOP('',(#1772,#1773,#1774,#1775));
#336=EDGE_LOOP('',(#1776,#1777,#1778,#1779));
#337=EDGE_LOOP('',(#1780,#1781,#1782,#1783));
#338=EDGE_LOOP('',(#1784,#1785,#1786,#1787));
#339=EDGE_LOOP('',(#1788,#1789,#1790,#1791));
#340=ELLIPSE('',#1951,2.34410104060839,2.);
#341=ELLIPSE('',#1963,2.34410104060839,2.);
#342=ELLIPSE('',#1975,2.34410104060838,2.);
#343=ELLIPSE('',#1986,2.34410104060838,2.);
#344=ELLIPSE('',#1989,2.34410104060838,2.);
#345=ELLIPSE('',#1991,2.34410104060838,2.);
#346=ELLIPSE('',#1995,2.34410104060838,2.);
#347=ELLIPSE('',#1999,2.34410104060838,2.);
#348=ELLIPSE('',#2001,2.34410104060839,2.);
#349=ELLIPSE('',#2003,2.34410104060838,2.);
#350=ELLIPSE('',#2007,2.34410104060839,2.);
#351=ELLIPSE('',#2009,2.34410104060838,2.);
#352=ELLIPSE('',#2040,2.50016034214976,2.50012210314511);
#353=ELLIPSE('',#2043,2.50048733838476,2.50044909437882);
#354=ELLIPSE('',#2051,2.4854804848199,2.48544247033809);
#355=ELLIPSE('',#2055,2.4854804848199,2.48544247033809);
#356=ELLIPSE('',#2058,2.42811764985175,2.42808051271276);
#357=LINE('',#2695,#549);
#358=LINE('',#2698,#550);
#359=LINE('',#2701,#551);
#360=LINE('',#2705,#552);
#361=LINE('',#2709,#553);
#362=LINE('',#2712,#554);
#363=LINE('',#2715,#555);
#364=LINE('',#2719,#556);
#365=LINE('',#2721,#557);
#366=LINE('',#2723,#558);
#367=LINE('',#2727,#559);
#368=LINE('',#2729,#560);
#369=LINE('',#2731,#561);
#370=LINE('',#2735,#562);
#371=LINE('',#2737,#563);
#372=LINE('',#2739,#564);
#373=LINE('',#2743,#565);
#374=LINE('',#2744,#566);
#375=LINE('',#2747,#567);
#376=LINE('',#2748,#568);
#377=LINE('',#2754,#569);
#378=LINE('',#2757,#570);
#379=LINE('',#2760,#571);
#380=LINE('',#2764,#572);
#381=LINE('',#2768,#573);
#382=LINE('',#2771,#574);
#383=LINE('',#2774,#575);
#384=LINE('',#2778,#576);
#385=LINE('',#2780,#577);
#386=LINE('',#2782,#578);
#387=LINE('',#2786,#579);
#388=LINE('',#2788,#580);
#389=LINE('',#2790,#581);
#390=LINE('',#2794,#582);
#391=LINE('',#2796,#583);
#392=LINE('',#2798,#584);
#393=LINE('',#2802,#585);
#394=LINE('',#2803,#586);
#395=LINE('',#2806,#587);
#396=LINE('',#2807,#588);
#397=LINE('',#2813,#589);
#398=LINE('',#2816,#590);
#399=LINE('',#2819,#591);
#400=LINE('',#2821,#592);
#401=LINE('',#2822,#593);
#402=LINE('',#2825,#594);
#403=LINE('',#2829,#595);
#404=LINE('',#2833,#596);
#405=LINE('',#2839,#597);
#406=LINE('',#2841,#598);
#407=LINE('',#2843,#599);
#408=LINE('',#2847,#600);
#409=LINE('',#2849,#601);
#410=LINE('',#2851,#602);
#411=LINE('',#2855,#603);
#412=LINE('',#2857,#604);
#413=LINE('',#2859,#605);
#414=LINE('',#2863,#606);
#415=LINE('',#2865,#607);
#416=LINE('',#2866,#608);
#417=LINE('',#2870,#609);
#418=LINE('',#2873,#610);
#419=LINE('',#2874,#611);
#420=LINE('',#2878,#612);
#421=LINE('',#2881,#613);
#422=LINE('',#2884,#614);
#423=LINE('',#2887,#615);
#424=LINE('',#2888,#616);
#425=LINE('',#2893,#617);
#426=LINE('',#2897,#618);
#427=LINE('',#2898,#619);
#428=LINE('',#2904,#620);
#429=LINE('',#2908,#621);
#430=LINE('',#2911,#622);
#431=LINE('',#2914,#623);
#432=LINE('',#2917,#624);
#433=LINE('',#2918,#625);
#434=LINE('',#2924,#626);
#435=LINE('',#2927,#627);
#436=LINE('',#2930,#628);
#437=LINE('',#2933,#629);
#438=LINE('',#2939,#630);
#439=LINE('',#2945,#631);
#440=LINE('',#2952,#632);
#441=LINE('',#2959,#633);
#442=LINE('',#2966,#634);
#443=LINE('',#2973,#635);
#444=LINE('',#2980,#636);
#445=LINE('',#2985,#637);
#446=LINE('',#2991,#638);
#447=LINE('',#2997,#639);
#448=LINE('',#2998,#640);
#449=LINE('',#3000,#641);
#450=LINE('',#3003,#642);
#451=LINE('',#3008,#643);
#452=LINE('',#3010,#644);
#453=LINE('',#3012,#645);
#454=LINE('',#3013,#646);
#455=LINE('',#3019,#647);
#456=LINE('',#3022,#648);
#457=LINE('',#3024,#649);
#458=LINE('',#3025,#650);
#459=LINE('',#3031,#651);
#460=LINE('',#3039,#652);
#461=LINE('',#3040,#653);
#462=LINE('',#3041,#654);
#463=LINE('',#3042,#655);
#464=LINE('',#3044,#656);
#465=LINE('',#3048,#657);
#466=LINE('',#3050,#658);
#467=LINE('',#3052,#659);
#468=LINE('',#3056,#660);
#469=LINE('',#3058,#661);
#470=LINE('',#3060,#662);
#471=LINE('',#3064,#663);
#472=LINE('',#3066,#664);
#473=LINE('',#3068,#665);
#474=LINE('',#3072,#666);
#475=LINE('',#3074,#667);
#476=LINE('',#3076,#668);
#477=LINE('',#3079,#669);
#478=LINE('',#3080,#670);
#479=LINE('',#3082,#671);
#480=LINE('',#3084,#672);
#481=LINE('',#3086,#673);
#482=LINE('',#3088,#674);
#483=LINE('',#3090,#675);
#484=LINE('',#3092,#676);
#485=LINE('',#3094,#677);
#486=LINE('',#3096,#678);
#487=LINE('',#3098,#679);
#488=LINE('',#3100,#680);
#489=LINE('',#3102,#681);
#490=LINE('',#3104,#682);
#491=LINE('',#3106,#683);
#492=LINE('',#3108,#684);
#493=LINE('',#3115,#685);
#494=LINE('',#3117,#686);
#495=LINE('',#3121,#687);
#496=LINE('',#3123,#688);
#497=LINE('',#3125,#689);
#498=LINE('',#3129,#690);
#499=LINE('',#3131,#691);
#500=LINE('',#3133,#692);
#501=LINE('',#3137,#693);
#502=LINE('',#3139,#694);
#503=LINE('',#3141,#695);
#504=LINE('',#3144,#696);
#505=LINE('',#3146,#697);
#506=LINE('',#3147,#698);
#507=LINE('',#3149,#699);
#508=LINE('',#3151,#700);
#509=LINE('',#3153,#701);
#510=LINE('',#3155,#702);
#511=LINE('',#3157,#703);
#512=LINE('',#3159,#704);
#513=LINE('',#3161,#705);
#514=LINE('',#3163,#706);
#515=LINE('',#3165,#707);
#516=LINE('',#3167,#708);
#517=LINE('',#3169,#709);
#518=LINE('',#3171,#710);
#519=LINE('',#3173,#711);
#520=LINE('',#3175,#712);
#521=LINE('',#3182,#713);
#522=LINE('',#3184,#714);
#523=LINE('',#3188,#715);
#524=LINE('',#3190,#716);
#525=LINE('',#3192,#717);
#526=LINE('',#3196,#718);
#527=LINE('',#3198,#719);
#528=LINE('',#3200,#720);
#529=LINE('',#3204,#721);
#530=LINE('',#3206,#722);
#531=LINE('',#3208,#723);
#532=LINE('',#3211,#724);
#533=LINE('',#3213,#725);
#534=LINE('',#3214,#726);
#535=LINE('',#3216,#727);
#536=LINE('',#3218,#728);
#537=LINE('',#3220,#729);
#538=LINE('',#3222,#730);
#539=LINE('',#3224,#731);
#540=LINE('',#3226,#732);
#541=LINE('',#3228,#733);
#542=LINE('',#3230,#734);
#543=LINE('',#3232,#735);
#544=LINE('',#3234,#736);
#545=LINE('',#3236,#737);
#546=LINE('',#3238,#738);
#547=LINE('',#3240,#739);
#548=LINE('',#3242,#740);
#549=VECTOR('',#2137,10.);
#550=VECTOR('',#2140,10.);
#551=VECTOR('',#2143,10.);
#552=VECTOR('',#2146,10.);
#553=VECTOR('',#2149,10.);
#554=VECTOR('',#2152,10.);
#555=VECTOR('',#2153,10.);
#556=VECTOR('',#2156,10.);
#557=VECTOR('',#2157,10.);
#558=VECTOR('',#2158,10.);
#559=VECTOR('',#2161,10.);
#560=VECTOR('',#2162,10.);
#561=VECTOR('',#2163,10.);
#562=VECTOR('',#2166,10.);
#563=VECTOR('',#2167,10.);
#564=VECTOR('',#2168,10.);
#565=VECTOR('',#2171,10.);
#566=VECTOR('',#2172,10.);
#567=VECTOR('',#2175,10.);
#568=VECTOR('',#2176,10.);
#569=VECTOR('',#2181,10.);
#570=VECTOR('',#2184,10.);
#571=VECTOR('',#2187,10.);
#572=VECTOR('',#2190,10.);
#573=VECTOR('',#2193,10.);
#574=VECTOR('',#2196,10.);
#575=VECTOR('',#2197,10.);
#576=VECTOR('',#2200,10.);
#577=VECTOR('',#2201,10.);
#578=VECTOR('',#2202,10.);
#579=VECTOR('',#2205,10.);
#580=VECTOR('',#2206,10.);
#581=VECTOR('',#2207,10.);
#582=VECTOR('',#2210,10.);
#583=VECTOR('',#2211,10.);
#584=VECTOR('',#2212,10.);
#585=VECTOR('',#2215,10.);
#586=VECTOR('',#2216,10.);
#587=VECTOR('',#2219,10.);
#588=VECTOR('',#2220,10.);
#589=VECTOR('',#2225,10.);
#590=VECTOR('',#2228,10.);
#591=VECTOR('',#2231,10.);
#592=VECTOR('',#2232,10.);
#593=VECTOR('',#2233,10.);
#594=VECTOR('',#2236,10.);
#595=VECTOR('',#2239,10.);
#596=VECTOR('',#2242,10.);
#597=VECTOR('',#2247,10.);
#598=VECTOR('',#2248,10.);
#599=VECTOR('',#2249,10.);
#600=VECTOR('',#2252,10.);
#601=VECTOR('',#2253,10.);
#602=VECTOR('',#2254,10.);
#603=VECTOR('',#2257,10.);
#604=VECTOR('',#2258,10.);
#605=VECTOR('',#2259,10.);
#606=VECTOR('',#2262,10.);
#607=VECTOR('',#2263,10.);
#608=VECTOR('',#2264,10.);
#609=VECTOR('',#2269,10.);
#610=VECTOR('',#2272,10.);
#611=VECTOR('',#2273,10.);
#612=VECTOR('',#2278,10.);
#613=VECTOR('',#2281,10.);
#614=VECTOR('',#2284,10.);
#615=VECTOR('',#2287,10.);
#616=VECTOR('',#2288,10.);
#617=VECTOR('',#2293,10.);
#618=VECTOR('',#2298,10.);
#619=VECTOR('',#2299,10.);
#620=VECTOR('',#2306,10.);
#621=VECTOR('',#2311,10.);
#622=VECTOR('',#2314,10.);
#623=VECTOR('',#2317,10.);
#624=VECTOR('',#2320,10.);
#625=VECTOR('',#2321,10.);
#626=VECTOR('',#2328,10.);
#627=VECTOR('',#2331,10.);
#628=VECTOR('',#2336,10.);
#629=VECTOR('',#2337,10.);
#630=VECTOR('',#2344,7.5);
#631=VECTOR('',#2351,2.45);
#632=VECTOR('',#2360,2.45);
#633=VECTOR('',#2369,2.45);
#634=VECTOR('',#2378,2.45);
#635=VECTOR('',#2387,2.45);
#636=VECTOR('',#2396,2.45);
#637=VECTOR('',#2403,2.50012210314511);
#638=VECTOR('',#2410,2.50044909437882);
#639=VECTOR('',#2417,10.);
#640=VECTOR('',#2418,10.);
#641=VECTOR('',#2421,10.);
#642=VECTOR('',#2424,2.50048733838467);
#643=VECTOR('',#2429,10.);
#644=VECTOR('',#2430,10.);
#645=VECTOR('',#2431,10.);
#646=VECTOR('',#2432,10.);
#647=VECTOR('',#2439,10.);
#648=VECTOR('',#2442,10.);
#649=VECTOR('',#2443,10.);
#650=VECTOR('',#2444,10.);
#651=VECTOR('',#2453,2.42808051271276);
#652=VECTOR('',#2464,10.);
#653=VECTOR('',#2465,10.);
#654=VECTOR('',#2466,10.);
#655=VECTOR('',#2467,10.);
#656=VECTOR('',#2470,62.5);
#657=VECTOR('',#2473,10.);
#658=VECTOR('',#2474,10.);
#659=VECTOR('',#2475,10.);
#660=VECTOR('',#2478,10.);
#661=VECTOR('',#2479,10.);
#662=VECTOR('',#2480,10.);
#663=VECTOR('',#2483,10.);
#664=VECTOR('',#2484,10.);
#665=VECTOR('',#2485,10.);
#666=VECTOR('',#2488,10.);
#667=VECTOR('',#2489,10.);
#668=VECTOR('',#2490,10.);
#669=VECTOR('',#2495,10.);
#670=VECTOR('',#2496,10.);
#671=VECTOR('',#2499,10.);
#672=VECTOR('',#2502,10.);
#673=VECTOR('',#2505,10.);
#674=VECTOR('',#2508,10.);
#675=VECTOR('',#2511,10.);
#676=VECTOR('',#2514,10.);
#677=VECTOR('',#2517,10.);
#678=VECTOR('',#2520,10.);
#679=VECTOR('',#2523,10.);
#680=VECTOR('',#2526,10.);
#681=VECTOR('',#2529,10.);
#682=VECTOR('',#2532,10.);
#683=VECTOR('',#2535,10.);
#684=VECTOR('',#2538,10.);
#685=VECTOR('',#2547,10.);
#686=VECTOR('',#2548,10.);
#687=VECTOR('',#2551,10.);
#688=VECTOR('',#2552,10.);
#689=VECTOR('',#2553,10.);
#690=VECTOR('',#2556,10.);
#691=VECTOR('',#2557,10.);
#692=VECTOR('',#2558,10.);
#693=VECTOR('',#2561,10.);
#694=VECTOR('',#2562,10.);
#695=VECTOR('',#2563,10.);
#696=VECTOR('',#2566,10.);
#697=VECTOR('',#2569,10.);
#698=VECTOR('',#2570,10.);
#699=VECTOR('',#2573,10.);
#700=VECTOR('',#2576,10.);
#701=VECTOR('',#2579,10.);
#702=VECTOR('',#2582,10.);
#703=VECTOR('',#2585,10.);
#704=VECTOR('',#2588,10.);
#705=VECTOR('',#2591,10.);
#706=VECTOR('',#2594,10.);
#707=VECTOR('',#2597,10.);
#708=VECTOR('',#2600,10.);
#709=VECTOR('',#2603,10.);
#710=VECTOR('',#2606,10.);
#711=VECTOR('',#2609,10.);
#712=VECTOR('',#2612,10.);
#713=VECTOR('',#2621,10.);
#714=VECTOR('',#2622,10.);
#715=VECTOR('',#2625,10.);
#716=VECTOR('',#2626,10.);
#717=VECTOR('',#2627,10.);
#718=VECTOR('',#2630,10.);
#719=VECTOR('',#2631,10.);
#720=VECTOR('',#2632,10.);
#721=VECTOR('',#2635,10.);
#722=VECTOR('',#2636,10.);
#723=VECTOR('',#2637,10.);
#724=VECTOR('',#2640,10.);
#725=VECTOR('',#2643,10.);
#726=VECTOR('',#2644,10.);
#727=VECTOR('',#2647,10.);
#728=VECTOR('',#2650,10.);
#729=VECTOR('',#2653,10.);
#730=VECTOR('',#2656,10.);
#731=VECTOR('',#2659,10.);
#732=VECTOR('',#2662,10.);
#733=VECTOR('',#2665,10.);
#734=VECTOR('',#2668,10.);
#735=VECTOR('',#2671,10.);
#736=VECTOR('',#2674,10.);
#737=VECTOR('',#2677,10.);
#738=VECTOR('',#2680,10.);
#739=VECTOR('',#2683,10.);
#740=VECTOR('',#2686,10.);
#741=CIRCLE('',#1950,2.);
#742=CIRCLE('',#1953,2.);
#743=CIRCLE('',#1954,2.);
#744=CIRCLE('',#1955,2.);
#745=CIRCLE('',#1956,2.45000000000014);
#746=CIRCLE('',#1957,2.45000000000004);
#747=CIRCLE('',#1958,2.45000000000001);
#748=CIRCLE('',#1959,2.45000000000007);
#749=CIRCLE('',#1962,2.);
#750=CIRCLE('',#1965,2.);
#751=CIRCLE('',#1966,2.);
#752=CIRCLE('',#1967,2.);
#753=CIRCLE('',#1968,2.45000000000005);
#754=CIRCLE('',#1969,2.45000000000007);
#755=CIRCLE('',#1970,2.45000000000011);
#756=CIRCLE('',#1971,2.44999999999999);
#757=CIRCLE('',#1974,2.);
#758=CIRCLE('',#1978,2.);
#759=CIRCLE('',#1979,2.);
#760=CIRCLE('',#1980,2.);
#761=CIRCLE('',#1981,2.45000000000004);
#762=CIRCLE('',#1982,2.44999999999991);
#763=CIRCLE('',#1983,2.45000000000006);
#764=CIRCLE('',#1984,2.44999999999997);
#765=CIRCLE('',#1993,2.42808051271276);
#766=CIRCLE('',#1997,2.50048733838467);
#767=CIRCLE('',#2005,2.50012210314511);
#768=CIRCLE('',#2011,2.500731007577);
#769=CIRCLE('',#2013,7.5);
#770=CIRCLE('',#2014,7.5);
#771=CIRCLE('',#2016,2.45);
#772=CIRCLE('',#2017,2.45);
#773=CIRCLE('',#2020,2.45);
#774=CIRCLE('',#2021,2.45);
#775=CIRCLE('',#2024,2.45);
#776=CIRCLE('',#2025,2.45);
#777=CIRCLE('',#2028,2.45);
#778=CIRCLE('',#2029,2.45);
#779=CIRCLE('',#2032,2.45);
#780=CIRCLE('',#2033,2.45);
#781=CIRCLE('',#2036,2.45);
#782=CIRCLE('',#2037,2.45);
#783=CIRCLE('',#2042,2.50044909437882);
#784=CIRCLE('',#2045,2.500731007577);
#785=CIRCLE('',#2048,2.50048733838467);
#786=CIRCLE('',#2052,2.48544247033809);
#787=CIRCLE('',#2056,2.48544247033809);
#788=CIRCLE('',#2060,62.5);
#789=CIRCLE('',#2062,62.5);
#790=CIRCLE('',#2065,2.44999999999997);
#791=CIRCLE('',#2066,2.45000000000006);
#792=CIRCLE('',#2067,2.44999999999991);
#793=CIRCLE('',#2068,2.45000000000004);
#794=CIRCLE('',#2088,2.45000000000007);
#795=CIRCLE('',#2089,2.45000000000001);
#796=CIRCLE('',#2090,2.45000000000004);
#797=CIRCLE('',#2091,2.45000000000014);
#798=CIRCLE('',#2111,2.44999999999999);
#799=CIRCLE('',#2112,2.45000000000011);
#800=CIRCLE('',#2113,2.45000000000007);
#801=CIRCLE('',#2114,2.45000000000005);
#802=VERTEX_POINT('',#2691);
#803=VERTEX_POINT('',#2692);
#804=VERTEX_POINT('',#2694);
#805=VERTEX_POINT('',#2696);
#806=VERTEX_POINT('',#2700);
#807=VERTEX_POINT('',#2702);
#808=VERTEX_POINT('',#2704);
#809=VERTEX_POINT('',#2706);
#810=VERTEX_POINT('',#2708);
#811=VERTEX_POINT('',#2710);
#812=VERTEX_POINT('',#2713);
#813=VERTEX_POINT('',#2714);
#814=VERTEX_POINT('',#2716);
#815=VERTEX_POINT('',#2718);
#816=VERTEX_POINT('',#2720);
#817=VERTEX_POINT('',#2722);
#818=VERTEX_POINT('',#2724);
#819=VERTEX_POINT('',#2726);
#820=VERTEX_POINT('',#2728);
#821=VERTEX_POINT('',#2730);
#822=VERTEX_POINT('',#2732);
#823=VERTEX_POINT('',#2734);
#824=VERTEX_POINT('',#2736);
#825=VERTEX_POINT('',#2738);
#826=VERTEX_POINT('',#2740);
#827=VERTEX_POINT('',#2742);
#828=VERTEX_POINT('',#2746);
#829=VERTEX_POINT('',#2750);
#830=VERTEX_POINT('',#2751);
#831=VERTEX_POINT('',#2753);
#832=VERTEX_POINT('',#2755);
#833=VERTEX_POINT('',#2759);
#834=VERTEX_POINT('',#2761);
#835=VERTEX_POINT('',#2763);
#836=VERTEX_POINT('',#2765);
#837=VERTEX_POINT('',#2767);
#838=VERTEX_POINT('',#2769);
#839=VERTEX_POINT('',#2772);
#840=VERTEX_POINT('',#2773);
#841=VERTEX_POINT('',#2775);
#842=VERTEX_POINT('',#2777);
#843=VERTEX_POINT('',#2779);
#844=VERTEX_POINT('',#2781);
#845=VERTEX_POINT('',#2783);
#846=VERTEX_POINT('',#2785);
#847=VERTEX_POINT('',#2787);
#848=VERTEX_POINT('',#2789);
#849=VERTEX_POINT('',#2791);
#850=VERTEX_POINT('',#2793);
#851=VERTEX_POINT('',#2795);
#852=VERTEX_POINT('',#2797);
#853=VERTEX_POINT('',#2799);
#854=VERTEX_POINT('',#2801);
#855=VERTEX_POINT('',#2805);
#856=VERTEX_POINT('',#2809);
#857=VERTEX_POINT('',#2810);
#858=VERTEX_POINT('',#2812);
#859=VERTEX_POINT('',#2814);
#860=VERTEX_POINT('',#2818);
#861=VERTEX_POINT('',#2820);
#862=VERTEX_POINT('',#2824);
#863=VERTEX_POINT('',#2826);
#864=VERTEX_POINT('',#2828);
#865=VERTEX_POINT('',#2830);
#866=VERTEX_POINT('',#2832);
#867=VERTEX_POINT('',#2835);
#868=VERTEX_POINT('',#2836);
#869=VERTEX_POINT('',#2838);
#870=VERTEX_POINT('',#2840);
#871=VERTEX_POINT('',#2842);
#872=VERTEX_POINT('',#2844);
#873=VERTEX_POINT('',#2846);
#874=VERTEX_POINT('',#2848);
#875=VERTEX_POINT('',#2850);
#876=VERTEX_POINT('',#2852);
#877=VERTEX_POINT('',#2854);
#878=VERTEX_POINT('',#2856);
#879=VERTEX_POINT('',#2858);
#880=VERTEX_POINT('',#2860);
#881=VERTEX_POINT('',#2862);
#882=VERTEX_POINT('',#2864);
#883=VERTEX_POINT('',#2868);
#884=VERTEX_POINT('',#2872);
#885=VERTEX_POINT('',#2876);
#886=VERTEX_POINT('',#2880);
#887=VERTEX_POINT('',#2882);
#888=VERTEX_POINT('',#2886);
#889=VERTEX_POINT('',#2889);
#890=VERTEX_POINT('',#2892);
#891=VERTEX_POINT('',#2896);
#892=VERTEX_POINT('',#2899);
#893=VERTEX_POINT('',#2902);
#894=VERTEX_POINT('',#2906);
#895=VERTEX_POINT('',#2910);
#896=VERTEX_POINT('',#2912);
#897=VERTEX_POINT('',#2916);
#898=VERTEX_POINT('',#2919);
#899=VERTEX_POINT('',#2922);
#900=VERTEX_POINT('',#2926);
#901=VERTEX_POINT('',#2931);
#902=VERTEX_POINT('',#2932);
#903=VERTEX_POINT('',#2936);
#904=VERTEX_POINT('',#2938);
#905=VERTEX_POINT('',#2942);
#906=VERTEX_POINT('',#2944);
#907=VERTEX_POINT('',#2949);
#908=VERTEX_POINT('',#2951);
#909=VERTEX_POINT('',#2956);
#910=VERTEX_POINT('',#2958);
#911=VERTEX_POINT('',#2963);
#912=VERTEX_POINT('',#2965);
#913=VERTEX_POINT('',#2970);
#914=VERTEX_POINT('',#2972);
#915=VERTEX_POINT('',#2977);
#916=VERTEX_POINT('',#2979);
#917=VERTEX_POINT('',#2984);
#918=VERTEX_POINT('',#2988);
#919=VERTEX_POINT('',#2990);
#920=VERTEX_POINT('',#2994);
#921=VERTEX_POINT('',#2995);
#922=VERTEX_POINT('',#3002);
#923=VERTEX_POINT('',#3006);
#924=VERTEX_POINT('',#3007);
#925=VERTEX_POINT('',#3009);
#926=VERTEX_POINT('',#3011);
#927=VERTEX_POINT('',#3015);
#928=VERTEX_POINT('',#3017);
#929=VERTEX_POINT('',#3021);
#930=VERTEX_POINT('',#3023);
#931=VERTEX_POINT('',#3030);
#932=VERTEX_POINT('',#3034);
#933=VERTEX_POINT('',#3037);
#934=VERTEX_POINT('',#3046);
#935=VERTEX_POINT('',#3047);
#936=VERTEX_POINT('',#3049);
#937=VERTEX_POINT('',#3051);
#938=VERTEX_POINT('',#3053);
#939=VERTEX_POINT('',#3055);
#940=VERTEX_POINT('',#3057);
#941=VERTEX_POINT('',#3059);
#942=VERTEX_POINT('',#3061);
#943=VERTEX_POINT('',#3063);
#944=VERTEX_POINT('',#3065);
#945=VERTEX_POINT('',#3067);
#946=VERTEX_POINT('',#3069);
#947=VERTEX_POINT('',#3071);
#948=VERTEX_POINT('',#3073);
#949=VERTEX_POINT('',#3075);
#950=VERTEX_POINT('',#3113);
#951=VERTEX_POINT('',#3114);
#952=VERTEX_POINT('',#3116);
#953=VERTEX_POINT('',#3118);
#954=VERTEX_POINT('',#3120);
#955=VERTEX_POINT('',#3122);
#956=VERTEX_POINT('',#3124);
#957=VERTEX_POINT('',#3126);
#958=VERTEX_POINT('',#3128);
#959=VERTEX_POINT('',#3130);
#960=VERTEX_POINT('',#3132);
#961=VERTEX_POINT('',#3134);
#962=VERTEX_POINT('',#3136);
#963=VERTEX_POINT('',#3138);
#964=VERTEX_POINT('',#3140);
#965=VERTEX_POINT('',#3142);
#966=VERTEX_POINT('',#3180);
#967=VERTEX_POINT('',#3181);
#968=VERTEX_POINT('',#3183);
#969=VERTEX_POINT('',#3185);
#970=VERTEX_POINT('',#3187);
#971=VERTEX_POINT('',#3189);
#972=VERTEX_POINT('',#3191);
#973=VERTEX_POINT('',#3193);
#974=VERTEX_POINT('',#3195);
#975=VERTEX_POINT('',#3197);
#976=VERTEX_POINT('',#3199);
#977=VERTEX_POINT('',#3201);
#978=VERTEX_POINT('',#3203);
#979=VERTEX_POINT('',#3205);
#980=VERTEX_POINT('',#3207);
#981=VERTEX_POINT('',#3209);
#982=EDGE_CURVE('',#802,#803,#741,.T.);
#983=EDGE_CURVE('',#803,#804,#357,.T.);
#984=EDGE_CURVE('',#804,#805,#340,.F.);
#985=EDGE_CURVE('',#805,#802,#358,.T.);
#986=EDGE_CURVE('',#802,#806,#359,.T.);
#987=EDGE_CURVE('',#807,#806,#742,.T.);
#988=EDGE_CURVE('',#807,#808,#360,.T.);
#989=EDGE_CURVE('',#809,#808,#743,.T.);
#990=EDGE_CURVE('',#809,#810,#361,.T.);
#991=EDGE_CURVE('',#811,#810,#744,.T.);
#992=EDGE_CURVE('',#811,#803,#362,.T.);
#993=EDGE_CURVE('',#812,#813,#363,.T.);
#994=EDGE_CURVE('',#813,#814,#745,.T.);
#995=EDGE_CURVE('',#814,#815,#364,.T.);
#996=EDGE_CURVE('',#815,#816,#365,.T.);
#997=EDGE_CURVE('',#816,#817,#366,.T.);
#998=EDGE_CURVE('',#817,#818,#746,.T.);
#999=EDGE_CURVE('',#818,#819,#367,.T.);
#1000=EDGE_CURVE('',#819,#820,#368,.T.);
#1001=EDGE_CURVE('',#820,#821,#369,.T.);
#1002=EDGE_CURVE('',#821,#822,#747,.T.);
#1003=EDGE_CURVE('',#822,#823,#370,.T.);
#1004=EDGE_CURVE('',#823,#824,#371,.T.);
#1005=EDGE_CURVE('',#824,#825,#372,.T.);
#1006=EDGE_CURVE('',#825,#826,#748,.T.);
#1007=EDGE_CURVE('',#826,#827,#373,.T.);
#1008=EDGE_CURVE('',#827,#812,#374,.T.);
#1009=EDGE_CURVE('',#805,#828,#375,.T.);
#1010=EDGE_CURVE('',#806,#828,#376,.T.);
#1011=EDGE_CURVE('',#829,#830,#749,.T.);
#1012=EDGE_CURVE('',#830,#831,#377,.T.);
#1013=EDGE_CURVE('',#831,#832,#341,.F.);
#1014=EDGE_CURVE('',#832,#829,#378,.T.);
#1015=EDGE_CURVE('',#829,#833,#379,.T.);
#1016=EDGE_CURVE('',#834,#833,#750,.T.);
#1017=EDGE_CURVE('',#834,#835,#380,.T.);
#1018=EDGE_CURVE('',#836,#835,#751,.T.);
#1019=EDGE_CURVE('',#836,#837,#381,.T.);
#1020=EDGE_CURVE('',#838,#837,#752,.T.);
#1021=EDGE_CURVE('',#838,#830,#382,.T.);
#1022=EDGE_CURVE('',#839,#840,#383,.T.);
#1023=EDGE_CURVE('',#840,#841,#753,.T.);
#1024=EDGE_CURVE('',#841,#842,#384,.T.);
#1025=EDGE_CURVE('',#842,#843,#385,.T.);
#1026=EDGE_CURVE('',#843,#844,#386,.T.);
#1027=EDGE_CURVE('',#844,#845,#754,.T.);
#1028=EDGE_CURVE('',#845,#846,#387,.T.);
#1029=EDGE_CURVE('',#846,#847,#388,.T.);
#1030=EDGE_CURVE('',#847,#848,#389,.T.);
#1031=EDGE_CURVE('',#848,#849,#755,.T.);
#1032=EDGE_CURVE('',#849,#850,#390,.T.);
#1033=EDGE_CURVE('',#850,#851,#391,.T.);
#1034=EDGE_CURVE('',#851,#852,#392,.T.);
#1035=EDGE_CURVE('',#852,#853,#756,.T.);
#1036=EDGE_CURVE('',#853,#854,#393,.T.);
#1037=EDGE_CURVE('',#854,#839,#394,.T.);
#1038=EDGE_CURVE('',#832,#855,#395,.T.);
#1039=EDGE_CURVE('',#833,#855,#396,.T.);
#1040=EDGE_CURVE('',#856,#857,#757,.T.);
#1041=EDGE_CURVE('',#857,#858,#397,.T.);
#1042=EDGE_CURVE('',#858,#859,#342,.F.);
#1043=EDGE_CURVE('',#859,#856,#398,.T.);
#1044=EDGE_CURVE('',#860,#857,#399,.T.);
#1045=EDGE_CURVE('',#861,#860,#400,.T.);
#1046=EDGE_CURVE('',#861,#858,#401,.T.);
#1047=EDGE_CURVE('',#856,#862,#402,.T.);
#1048=EDGE_CURVE('',#863,#862,#758,.T.);
#1049=EDGE_CURVE('',#863,#864,#403,.T.);
#1050=EDGE_CURVE('',#865,#864,#759,.T.);
#1051=EDGE_CURVE('',#865,#866,#404,.T.);
#1052=EDGE_CURVE('',#860,#866,#760,.T.);
#1053=EDGE_CURVE('',#867,#868,#761,.T.);
#1054=EDGE_CURVE('',#868,#869,#405,.T.);
#1055=EDGE_CURVE('',#869,#870,#406,.T.);
#1056=EDGE_CURVE('',#870,#871,#407,.T.);
#1057=EDGE_CURVE('',#871,#872,#762,.T.);
#1058=EDGE_CURVE('',#872,#873,#408,.T.);
#1059=EDGE_CURVE('',#873,#874,#409,.T.);
#1060=EDGE_CURVE('',#874,#875,#410,.T.);
#1061=EDGE_CURVE('',#875,#876,#763,.T.);
#1062=EDGE_CURVE('',#876,#877,#411,.T.);
#1063=EDGE_CURVE('',#877,#878,#412,.T.);
#1064=EDGE_CURVE('',#878,#879,#413,.T.);
#1065=EDGE_CURVE('',#879,#880,#764,.T.);
#1066=EDGE_CURVE('',#880,#881,#414,.T.);
#1067=EDGE_CURVE('',#881,#882,#415,.T.);
#1068=EDGE_CURVE('',#882,#867,#416,.T.);
#1069=EDGE_CURVE('',#883,#861,#343,.F.);
#1070=EDGE_CURVE('',#866,#883,#417,.T.);
#1071=EDGE_CURVE('',#884,#865,#418,.T.);
#1072=EDGE_CURVE('',#884,#883,#419,.T.);
#1073=EDGE_CURVE('',#828,#885,#344,.F.);
#1074=EDGE_CURVE('',#885,#807,#420,.T.);
#1075=EDGE_CURVE('',#808,#886,#421,.T.);
#1076=EDGE_CURVE('',#886,#887,#345,.F.);
#1077=EDGE_CURVE('',#887,#809,#422,.T.);
#1078=EDGE_CURVE('',#887,#888,#423,.T.);
#1079=EDGE_CURVE('',#810,#888,#424,.T.);
#1080=EDGE_CURVE('',#889,#889,#765,.T.);
#1081=EDGE_CURVE('',#864,#890,#425,.T.);
#1082=EDGE_CURVE('',#890,#884,#346,.F.);
#1083=EDGE_CURVE('',#891,#863,#426,.T.);
#1084=EDGE_CURVE('',#891,#890,#427,.T.);
#1085=EDGE_CURVE('',#892,#892,#766,.T.);
#1086=EDGE_CURVE('',#888,#893,#347,.F.);
#1087=EDGE_CURVE('',#893,#811,#428,.T.);
#1088=EDGE_CURVE('',#855,#894,#348,.F.);
#1089=EDGE_CURVE('',#894,#834,#429,.T.);
#1090=EDGE_CURVE('',#835,#895,#430,.T.);
#1091=EDGE_CURVE('',#895,#896,#349,.F.);
#1092=EDGE_CURVE('',#896,#836,#431,.T.);
#1093=EDGE_CURVE('',#896,#897,#432,.T.);
#1094=EDGE_CURVE('',#837,#897,#433,.T.);
#1095=EDGE_CURVE('',#898,#898,#767,.T.);
#1096=EDGE_CURVE('',#897,#899,#350,.F.);
#1097=EDGE_CURVE('',#899,#838,#434,.T.);
#1098=EDGE_CURVE('',#862,#900,#435,.T.);
#1099=EDGE_CURVE('',#900,#891,#351,.F.);
#1100=EDGE_CURVE('',#859,#900,#436,.T.);
#1101=EDGE_CURVE('',#901,#902,#437,.T.);
#1102=EDGE_CURVE('',#902,#901,#768,.T.);
#1103=EDGE_CURVE('',#903,#903,#769,.T.);
#1104=EDGE_CURVE('',#903,#904,#438,.T.);
#1105=EDGE_CURVE('',#904,#904,#770,.T.);
#1106=EDGE_CURVE('',#905,#905,#771,.T.);
#1107=EDGE_CURVE('',#905,#906,#439,.T.);
#1108=EDGE_CURVE('',#906,#906,#772,.T.);
#1109=EDGE_CURVE('',#907,#907,#773,.T.);
#1110=EDGE_CURVE('',#907,#908,#440,.T.);
#1111=EDGE_CURVE('',#908,#908,#774,.T.);
#1112=EDGE_CURVE('',#909,#909,#775,.T.);
#1113=EDGE_CURVE('',#909,#910,#441,.T.);
#1114=EDGE_CURVE('',#910,#910,#776,.T.);
#1115=EDGE_CURVE('',#911,#911,#777,.T.);
#1116=EDGE_CURVE('',#911,#912,#442,.T.);
#1117=EDGE_CURVE('',#912,#912,#778,.T.);
#1118=EDGE_CURVE('',#913,#913,#779,.T.);
#1119=EDGE_CURVE('',#913,#914,#443,.T.);
#1120=EDGE_CURVE('',#914,#914,#780,.T.);
#1121=EDGE_CURVE('',#915,#915,#781,.T.);
#1122=EDGE_CURVE('',#915,#916,#444,.T.);
#1123=EDGE_CURVE('',#916,#916,#782,.T.);
#1124=EDGE_CURVE('',#898,#917,#445,.T.);
#1125=EDGE_CURVE('',#917,#917,#352,.T.);
#1126=EDGE_CURVE('',#918,#918,#783,.T.);
#1127=EDGE_CURVE('',#918,#919,#446,.T.);
#1128=EDGE_CURVE('',#919,#919,#353,.T.);
#1129=EDGE_CURVE('',#920,#921,#784,.T.);
#1130=EDGE_CURVE('',#901,#920,#447,.T.);
#1131=EDGE_CURVE('',#902,#921,#448,.T.);
#1132=EDGE_CURVE('',#921,#920,#449,.T.);
#1133=EDGE_CURVE('',#892,#922,#450,.T.);
#1134=EDGE_CURVE('',#922,#922,#785,.T.);
#1135=EDGE_CURVE('',#923,#924,#451,.T.);
#1136=EDGE_CURVE('',#925,#923,#452,.T.);
#1137=EDGE_CURVE('',#926,#925,#453,.T.);
#1138=EDGE_CURVE('',#926,#924,#454,.T.);
#1139=EDGE_CURVE('',#924,#927,#354,.T.);
#1140=EDGE_CURVE('',#928,#926,#786,.T.);
#1141=EDGE_CURVE('',#928,#927,#455,.T.);
#1142=EDGE_CURVE('',#927,#929,#456,.T.);
#1143=EDGE_CURVE('',#930,#928,#457,.T.);
#1144=EDGE_CURVE('',#930,#929,#458,.T.);
#1145=EDGE_CURVE('',#929,#923,#355,.T.);
#1146=EDGE_CURVE('',#925,#930,#787,.T.);
#1147=EDGE_CURVE('',#889,#931,#459,.T.);
#1148=EDGE_CURVE('',#931,#931,#356,.T.);
#1149=EDGE_CURVE('',#932,#932,#788,.T.);
#1150=EDGE_CURVE('',#933,#933,#789,.T.);
#1151=EDGE_CURVE('',#893,#804,#460,.T.);
#1152=EDGE_CURVE('',#885,#886,#461,.T.);
#1153=EDGE_CURVE('',#899,#831,#462,.T.);
#1154=EDGE_CURVE('',#894,#895,#463,.T.);
#1155=EDGE_CURVE('',#933,#932,#464,.T.);
#1156=EDGE_CURVE('',#934,#935,#465,.T.);
#1157=EDGE_CURVE('',#935,#936,#466,.T.);
#1158=EDGE_CURVE('',#936,#937,#467,.T.);
#1159=EDGE_CURVE('',#937,#938,#790,.T.);
#1160=EDGE_CURVE('',#938,#939,#468,.T.);
#1161=EDGE_CURVE('',#939,#940,#469,.T.);
#1162=EDGE_CURVE('',#940,#941,#470,.T.);
#1163=EDGE_CURVE('',#941,#942,#791,.T.);
#1164=EDGE_CURVE('',#942,#943,#471,.T.);
#1165=EDGE_CURVE('',#943,#944,#472,.T.);
#1166=EDGE_CURVE('',#944,#945,#473,.T.);
#1167=EDGE_CURVE('',#945,#946,#792,.T.);
#1168=EDGE_CURVE('',#946,#947,#474,.T.);
#1169=EDGE_CURVE('',#947,#948,#475,.T.);
#1170=EDGE_CURVE('',#948,#949,#476,.T.);
#1171=EDGE_CURVE('',#949,#934,#793,.T.);
#1172=EDGE_CURVE('',#934,#867,#477,.T.);
#1173=EDGE_CURVE('',#935,#882,#478,.T.);
#1174=EDGE_CURVE('',#936,#881,#479,.T.);
#1175=EDGE_CURVE('',#937,#880,#480,.T.);
#1176=EDGE_CURVE('',#938,#879,#481,.T.);
#1177=EDGE_CURVE('',#939,#878,#482,.T.);
#1178=EDGE_CURVE('',#940,#877,#483,.T.);
#1179=EDGE_CURVE('',#941,#876,#484,.T.);
#1180=EDGE_CURVE('',#942,#875,#485,.T.);
#1181=EDGE_CURVE('',#943,#874,#486,.T.);
#1182=EDGE_CURVE('',#944,#873,#487,.T.);
#1183=EDGE_CURVE('',#945,#872,#488,.T.);
#1184=EDGE_CURVE('',#946,#871,#489,.T.);
#1185=EDGE_CURVE('',#947,#870,#490,.T.);
#1186=EDGE_CURVE('',#948,#869,#491,.T.);
#1187=EDGE_CURVE('',#949,#868,#492,.T.);
#1188=EDGE_CURVE('',#950,#951,#493,.T.);
#1189=EDGE_CURVE('',#951,#952,#494,.T.);
#1190=EDGE_CURVE('',#952,#953,#794,.T.);
#1191=EDGE_CURVE('',#953,#954,#495,.T.);
#1192=EDGE_CURVE('',#954,#955,#496,.T.);
#1193=EDGE_CURVE('',#955,#956,#497,.T.);
#1194=EDGE_CURVE('',#956,#957,#795,.T.);
#1195=EDGE_CURVE('',#957,#958,#498,.T.);
#1196=EDGE_CURVE('',#958,#959,#499,.T.);
#1197=EDGE_CURVE('',#959,#960,#500,.T.);
#1198=EDGE_CURVE('',#960,#961,#796,.T.);
#1199=EDGE_CURVE('',#961,#962,#501,.T.);
#1200=EDGE_CURVE('',#962,#963,#502,.T.);
#1201=EDGE_CURVE('',#963,#964,#503,.T.);
#1202=EDGE_CURVE('',#964,#965,#797,.T.);
#1203=EDGE_CURVE('',#965,#950,#504,.T.);
#1204=EDGE_CURVE('',#950,#812,#505,.T.);
#1205=EDGE_CURVE('',#951,#827,#506,.T.);
#1206=EDGE_CURVE('',#952,#826,#507,.T.);
#1207=EDGE_CURVE('',#953,#825,#508,.T.);
#1208=EDGE_CURVE('',#954,#824,#509,.T.);
#1209=EDGE_CURVE('',#955,#823,#510,.T.);
#1210=EDGE_CURVE('',#956,#822,#511,.T.);
#1211=EDGE_CURVE('',#957,#821,#512,.T.);
#1212=EDGE_CURVE('',#958,#820,#513,.T.);
#1213=EDGE_CURVE('',#959,#819,#514,.T.);
#1214=EDGE_CURVE('',#960,#818,#515,.T.);
#1215=EDGE_CURVE('',#961,#817,#516,.T.);
#1216=EDGE_CURVE('',#962,#816,#517,.T.);
#1217=EDGE_CURVE('',#963,#815,#518,.T.);
#1218=EDGE_CURVE('',#964,#814,#519,.T.);
#1219=EDGE_CURVE('',#965,#813,#520,.T.);
#1220=EDGE_CURVE('',#966,#967,#521,.T.);
#1221=EDGE_CURVE('',#967,#968,#522,.T.);
#1222=EDGE_CURVE('',#968,#969,#798,.T.);
#1223=EDGE_CURVE('',#969,#970,#523,.T.);
#1224=EDGE_CURVE('',#970,#971,#524,.T.);
#1225=EDGE_CURVE('',#971,#972,#525,.T.);
#1226=EDGE_CURVE('',#972,#973,#799,.T.);
#1227=EDGE_CURVE('',#973,#974,#526,.T.);
#1228=EDGE_CURVE('',#974,#975,#527,.T.);
#1229=EDGE_CURVE('',#975,#976,#528,.T.);
#1230=EDGE_CURVE('',#976,#977,#800,.T.);
#1231=EDGE_CURVE('',#977,#978,#529,.T.);
#1232=EDGE_CURVE('',#978,#979,#530,.T.);
#1233=EDGE_CURVE('',#979,#980,#531,.T.);
#1234=EDGE_CURVE('',#980,#981,#801,.T.);
#1235=EDGE_CURVE('',#981,#966,#532,.T.);
#1236=EDGE_CURVE('',#966,#839,#533,.T.);
#1237=EDGE_CURVE('',#967,#854,#534,.T.);
#1238=EDGE_CURVE('',#968,#853,#535,.T.);
#1239=EDGE_CURVE('',#969,#852,#536,.T.);
#1240=EDGE_CURVE('',#970,#851,#537,.T.);
#1241=EDGE_CURVE('',#971,#850,#538,.T.);
#1242=EDGE_CURVE('',#972,#849,#539,.T.);
#1243=EDGE_CURVE('',#973,#848,#540,.T.);
#1244=EDGE_CURVE('',#974,#847,#541,.T.);
#1245=EDGE_CURVE('',#975,#846,#542,.T.);
#1246=EDGE_CURVE('',#976,#845,#543,.T.);
#1247=EDGE_CURVE('',#977,#844,#544,.T.);
#1248=EDGE_CURVE('',#978,#843,#545,.T.);
#1249=EDGE_CURVE('',#979,#842,#546,.T.);
#1250=EDGE_CURVE('',#980,#841,#547,.T.);
#1251=EDGE_CURVE('',#981,#840,#548,.T.);
#1252=ORIENTED_EDGE('',*,*,#982,.T.);
#1253=ORIENTED_EDGE('',*,*,#983,.T.);
#1254=ORIENTED_EDGE('',*,*,#984,.T.);
#1255=ORIENTED_EDGE('',*,*,#985,.T.);
#1256=ORIENTED_EDGE('',*,*,#982,.F.);
#1257=ORIENTED_EDGE('',*,*,#986,.T.);
#1258=ORIENTED_EDGE('',*,*,#987,.F.);
#1259=ORIENTED_EDGE('',*,*,#988,.T.);
#1260=ORIENTED_EDGE('',*,*,#989,.F.);
#1261=ORIENTED_EDGE('',*,*,#990,.T.);
#1262=ORIENTED_EDGE('',*,*,#991,.F.);
#1263=ORIENTED_EDGE('',*,*,#992,.T.);
#1264=ORIENTED_EDGE('',*,*,#993,.T.);
#1265=ORIENTED_EDGE('',*,*,#994,.T.);
#1266=ORIENTED_EDGE('',*,*,#995,.T.);
#1267=ORIENTED_EDGE('',*,*,#996,.T.);
#1268=ORIENTED_EDGE('',*,*,#997,.T.);
#1269=ORIENTED_EDGE('',*,*,#998,.T.);
#1270=ORIENTED_EDGE('',*,*,#999,.T.);
#1271=ORIENTED_EDGE('',*,*,#1000,.T.);
#1272=ORIENTED_EDGE('',*,*,#1001,.T.);
#1273=ORIENTED_EDGE('',*,*,#1002,.T.);
#1274=ORIENTED_EDGE('',*,*,#1003,.T.);
#1275=ORIENTED_EDGE('',*,*,#1004,.T.);
#1276=ORIENTED_EDGE('',*,*,#1005,.T.);
#1277=ORIENTED_EDGE('',*,*,#1006,.T.);
#1278=ORIENTED_EDGE('',*,*,#1007,.T.);
#1279=ORIENTED_EDGE('',*,*,#1008,.T.);
#1280=ORIENTED_EDGE('',*,*,#985,.F.);
#1281=ORIENTED_EDGE('',*,*,#1009,.T.);
#1282=ORIENTED_EDGE('',*,*,#1010,.F.);
#1283=ORIENTED_EDGE('',*,*,#986,.F.);
#1284=ORIENTED_EDGE('',*,*,#1011,.T.);
#1285=ORIENTED_EDGE('',*,*,#1012,.T.);
#1286=ORIENTED_EDGE('',*,*,#1013,.T.);
#1287=ORIENTED_EDGE('',*,*,#1014,.T.);
#1288=ORIENTED_EDGE('',*,*,#1011,.F.);
#1289=ORIENTED_EDGE('',*,*,#1015,.T.);
#1290=ORIENTED_EDGE('',*,*,#1016,.F.);
#1291=ORIENTED_EDGE('',*,*,#1017,.T.);
#1292=ORIENTED_EDGE('',*,*,#1018,.F.);
#1293=ORIENTED_EDGE('',*,*,#1019,.T.);
#1294=ORIENTED_EDGE('',*,*,#1020,.F.);
#1295=ORIENTED_EDGE('',*,*,#1021,.T.);
#1296=ORIENTED_EDGE('',*,*,#1022,.T.);
#1297=ORIENTED_EDGE('',*,*,#1023,.T.);
#1298=ORIENTED_EDGE('',*,*,#1024,.T.);
#1299=ORIENTED_EDGE('',*,*,#1025,.T.);
#1300=ORIENTED_EDGE('',*,*,#1026,.T.);
#1301=ORIENTED_EDGE('',*,*,#1027,.T.);
#1302=ORIENTED_EDGE('',*,*,#1028,.T.);
#1303=ORIENTED_EDGE('',*,*,#1029,.T.);
#1304=ORIENTED_EDGE('',*,*,#1030,.T.);
#1305=ORIENTED_EDGE('',*,*,#1031,.T.);
#1306=ORIENTED_EDGE('',*,*,#1032,.T.);
#1307=ORIENTED_EDGE('',*,*,#1033,.T.);
#1308=ORIENTED_EDGE('',*,*,#1034,.T.);
#1309=ORIENTED_EDGE('',*,*,#1035,.T.);
#1310=ORIENTED_EDGE('',*,*,#1036,.T.);
#1311=ORIENTED_EDGE('',*,*,#1037,.T.);
#1312=ORIENTED_EDGE('',*,*,#1014,.F.);
#1313=ORIENTED_EDGE('',*,*,#1038,.T.);
#1314=ORIENTED_EDGE('',*,*,#1039,.F.);
#1315=ORIENTED_EDGE('',*,*,#1015,.F.);
#1316=ORIENTED_EDGE('',*,*,#1040,.T.);
#1317=ORIENTED_EDGE('',*,*,#1041,.T.);
#1318=ORIENTED_EDGE('',*,*,#1042,.T.);
#1319=ORIENTED_EDGE('',*,*,#1043,.T.);
#1320=ORIENTED_EDGE('',*,*,#1041,.F.);
#1321=ORIENTED_EDGE('',*,*,#1044,.F.);
#1322=ORIENTED_EDGE('',*,*,#1045,.F.);
#1323=ORIENTED_EDGE('',*,*,#1046,.T.);
#1324=ORIENTED_EDGE('',*,*,#1040,.F.);
#1325=ORIENTED_EDGE('',*,*,#1047,.T.);
#1326=ORIENTED_EDGE('',*,*,#1048,.F.);
#1327=ORIENTED_EDGE('',*,*,#1049,.T.);
#1328=ORIENTED_EDGE('',*,*,#1050,.F.);
#1329=ORIENTED_EDGE('',*,*,#1051,.T.);
#1330=ORIENTED_EDGE('',*,*,#1052,.F.);
#1331=ORIENTED_EDGE('',*,*,#1044,.T.);
#1332=ORIENTED_EDGE('',*,*,#1053,.T.);
#1333=ORIENTED_EDGE('',*,*,#1054,.T.);
#1334=ORIENTED_EDGE('',*,*,#1055,.T.);
#1335=ORIENTED_EDGE('',*,*,#1056,.T.);
#1336=ORIENTED_EDGE('',*,*,#1057,.T.);
#1337=ORIENTED_EDGE('',*,*,#1058,.T.);
#1338=ORIENTED_EDGE('',*,*,#1059,.T.);
#1339=ORIENTED_EDGE('',*,*,#1060,.T.);
#1340=ORIENTED_EDGE('',*,*,#1061,.T.);
#1341=ORIENTED_EDGE('',*,*,#1062,.T.);
#1342=ORIENTED_EDGE('',*,*,#1063,.T.);
#1343=ORIENTED_EDGE('',*,*,#1064,.T.);
#1344=ORIENTED_EDGE('',*,*,#1065,.T.);
#1345=ORIENTED_EDGE('',*,*,#1066,.T.);
#1346=ORIENTED_EDGE('',*,*,#1067,.T.);
#1347=ORIENTED_EDGE('',*,*,#1068,.T.);
#1348=ORIENTED_EDGE('',*,*,#1069,.T.);
#1349=ORIENTED_EDGE('',*,*,#1045,.T.);
#1350=ORIENTED_EDGE('',*,*,#1052,.T.);
#1351=ORIENTED_EDGE('',*,*,#1070,.T.);
#1352=ORIENTED_EDGE('',*,*,#1070,.F.);
#1353=ORIENTED_EDGE('',*,*,#1051,.F.);
#1354=ORIENTED_EDGE('',*,*,#1071,.F.);
#1355=ORIENTED_EDGE('',*,*,#1072,.T.);
#1356=ORIENTED_EDGE('',*,*,#987,.T.);
#1357=ORIENTED_EDGE('',*,*,#1010,.T.);
#1358=ORIENTED_EDGE('',*,*,#1073,.T.);
#1359=ORIENTED_EDGE('',*,*,#1074,.T.);
#1360=ORIENTED_EDGE('',*,*,#989,.T.);
#1361=ORIENTED_EDGE('',*,*,#1075,.T.);
#1362=ORIENTED_EDGE('',*,*,#1076,.T.);
#1363=ORIENTED_EDGE('',*,*,#1077,.T.);
#1364=ORIENTED_EDGE('',*,*,#1077,.F.);
#1365=ORIENTED_EDGE('',*,*,#1078,.T.);
#1366=ORIENTED_EDGE('',*,*,#1079,.F.);
#1367=ORIENTED_EDGE('',*,*,#990,.F.);
#1368=ORIENTED_EDGE('',*,*,#1080,.T.);
#1369=ORIENTED_EDGE('',*,*,#1050,.T.);
#1370=ORIENTED_EDGE('',*,*,#1081,.T.);
#1371=ORIENTED_EDGE('',*,*,#1082,.T.);
#1372=ORIENTED_EDGE('',*,*,#1071,.T.);
#1373=ORIENTED_EDGE('',*,*,#1081,.F.);
#1374=ORIENTED_EDGE('',*,*,#1049,.F.);
#1375=ORIENTED_EDGE('',*,*,#1083,.F.);
#1376=ORIENTED_EDGE('',*,*,#1084,.T.);
#1377=ORIENTED_EDGE('',*,*,#1085,.T.);
#1378=ORIENTED_EDGE('',*,*,#991,.T.);
#1379=ORIENTED_EDGE('',*,*,#1079,.T.);
#1380=ORIENTED_EDGE('',*,*,#1086,.T.);
#1381=ORIENTED_EDGE('',*,*,#1087,.T.);
#1382=ORIENTED_EDGE('',*,*,#1016,.T.);
#1383=ORIENTED_EDGE('',*,*,#1039,.T.);
#1384=ORIENTED_EDGE('',*,*,#1088,.T.);
#1385=ORIENTED_EDGE('',*,*,#1089,.T.);
#1386=ORIENTED_EDGE('',*,*,#1018,.T.);
#1387=ORIENTED_EDGE('',*,*,#1090,.T.);
#1388=ORIENTED_EDGE('',*,*,#1091,.T.);
#1389=ORIENTED_EDGE('',*,*,#1092,.T.);
#1390=ORIENTED_EDGE('',*,*,#1092,.F.);
#1391=ORIENTED_EDGE('',*,*,#1093,.T.);
#1392=ORIENTED_EDGE('',*,*,#1094,.F.);
#1393=ORIENTED_EDGE('',*,*,#1019,.F.);
#1394=ORIENTED_EDGE('',*,*,#1095,.T.);
#1395=ORIENTED_EDGE('',*,*,#1020,.T.);
#1396=ORIENTED_EDGE('',*,*,#1094,.T.);
#1397=ORIENTED_EDGE('',*,*,#1096,.T.);
#1398=ORIENTED_EDGE('',*,*,#1097,.T.);
#1399=ORIENTED_EDGE('',*,*,#1048,.T.);
#1400=ORIENTED_EDGE('',*,*,#1098,.T.);
#1401=ORIENTED_EDGE('',*,*,#1099,.T.);
#1402=ORIENTED_EDGE('',*,*,#1083,.T.);
#1403=ORIENTED_EDGE('',*,*,#1043,.F.);
#1404=ORIENTED_EDGE('',*,*,#1100,.T.);
#1405=ORIENTED_EDGE('',*,*,#1098,.F.);
#1406=ORIENTED_EDGE('',*,*,#1047,.F.);
#1407=ORIENTED_EDGE('',*,*,#1101,.T.);
#1408=ORIENTED_EDGE('',*,*,#1102,.T.);
#1409=ORIENTED_EDGE('',*,*,#1103,.F.);
#1410=ORIENTED_EDGE('',*,*,#1104,.T.);
#1411=ORIENTED_EDGE('',*,*,#1105,.F.);
#1412=ORIENTED_EDGE('',*,*,#1104,.F.);
#1413=ORIENTED_EDGE('',*,*,#1106,.F.);
#1414=ORIENTED_EDGE('',*,*,#1107,.T.);
#1415=ORIENTED_EDGE('',*,*,#1108,.T.);
#1416=ORIENTED_EDGE('',*,*,#1107,.F.);
#1417=ORIENTED_EDGE('',*,*,#1108,.F.);
#1418=ORIENTED_EDGE('',*,*,#1109,.F.);
#1419=ORIENTED_EDGE('',*,*,#1110,.T.);
#1420=ORIENTED_EDGE('',*,*,#1111,.T.);
#1421=ORIENTED_EDGE('',*,*,#1110,.F.);
#1422=ORIENTED_EDGE('',*,*,#1111,.F.);
#1423=ORIENTED_EDGE('',*,*,#1112,.F.);
#1424=ORIENTED_EDGE('',*,*,#1113,.T.);
#1425=ORIENTED_EDGE('',*,*,#1114,.T.);
#1426=ORIENTED_EDGE('',*,*,#1113,.F.);
#1427=ORIENTED_EDGE('',*,*,#1114,.F.);
#1428=ORIENTED_EDGE('',*,*,#1115,.F.);
#1429=ORIENTED_EDGE('',*,*,#1116,.T.);
#1430=ORIENTED_EDGE('',*,*,#1117,.T.);
#1431=ORIENTED_EDGE('',*,*,#1116,.F.);
#1432=ORIENTED_EDGE('',*,*,#1117,.F.);
#1433=ORIENTED_EDGE('',*,*,#1118,.F.);
#1434=ORIENTED_EDGE('',*,*,#1119,.T.);
#1435=ORIENTED_EDGE('',*,*,#1120,.T.);
#1436=ORIENTED_EDGE('',*,*,#1119,.F.);
#1437=ORIENTED_EDGE('',*,*,#1120,.F.);
#1438=ORIENTED_EDGE('',*,*,#1121,.F.);
#1439=ORIENTED_EDGE('',*,*,#1122,.T.);
#1440=ORIENTED_EDGE('',*,*,#1123,.T.);
#1441=ORIENTED_EDGE('',*,*,#1122,.F.);
#1442=ORIENTED_EDGE('',*,*,#1123,.F.);
#1443=ORIENTED_EDGE('',*,*,#1095,.F.);
#1444=ORIENTED_EDGE('',*,*,#1124,.T.);
#1445=ORIENTED_EDGE('',*,*,#1125,.F.);
#1446=ORIENTED_EDGE('',*,*,#1124,.F.);
#1447=ORIENTED_EDGE('',*,*,#1126,.F.);
#1448=ORIENTED_EDGE('',*,*,#1127,.T.);
#1449=ORIENTED_EDGE('',*,*,#1128,.F.);
#1450=ORIENTED_EDGE('',*,*,#1127,.F.);
#1451=ORIENTED_EDGE('',*,*,#1129,.F.);
#1452=ORIENTED_EDGE('',*,*,#1130,.F.);
#1453=ORIENTED_EDGE('',*,*,#1102,.F.);
#1454=ORIENTED_EDGE('',*,*,#1131,.T.);
#1455=ORIENTED_EDGE('',*,*,#1132,.F.);
#1456=ORIENTED_EDGE('',*,*,#1131,.F.);
#1457=ORIENTED_EDGE('',*,*,#1101,.F.);
#1458=ORIENTED_EDGE('',*,*,#1130,.T.);
#1459=ORIENTED_EDGE('',*,*,#1085,.F.);
#1460=ORIENTED_EDGE('',*,*,#1133,.T.);
#1461=ORIENTED_EDGE('',*,*,#1134,.F.);
#1462=ORIENTED_EDGE('',*,*,#1133,.F.);
#1463=ORIENTED_EDGE('',*,*,#1135,.F.);
#1464=ORIENTED_EDGE('',*,*,#1136,.F.);
#1465=ORIENTED_EDGE('',*,*,#1137,.F.);
#1466=ORIENTED_EDGE('',*,*,#1138,.T.);
#1467=ORIENTED_EDGE('',*,*,#1139,.F.);
#1468=ORIENTED_EDGE('',*,*,#1138,.F.);
#1469=ORIENTED_EDGE('',*,*,#1140,.F.);
#1470=ORIENTED_EDGE('',*,*,#1141,.T.);
#1471=ORIENTED_EDGE('',*,*,#1142,.F.);
#1472=ORIENTED_EDGE('',*,*,#1141,.F.);
#1473=ORIENTED_EDGE('',*,*,#1143,.F.);
#1474=ORIENTED_EDGE('',*,*,#1144,.T.);
#1475=ORIENTED_EDGE('',*,*,#1145,.F.);
#1476=ORIENTED_EDGE('',*,*,#1144,.F.);
#1477=ORIENTED_EDGE('',*,*,#1146,.F.);
#1478=ORIENTED_EDGE('',*,*,#1136,.T.);
#1479=ORIENTED_EDGE('',*,*,#1080,.F.);
#1480=ORIENTED_EDGE('',*,*,#1147,.T.);
#1481=ORIENTED_EDGE('',*,*,#1148,.F.);
#1482=ORIENTED_EDGE('',*,*,#1147,.F.);
#1483=ORIENTED_EDGE('',*,*,#1149,.T.);
#1484=ORIENTED_EDGE('',*,*,#1103,.T.);
#1485=ORIENTED_EDGE('',*,*,#1121,.T.);
#1486=ORIENTED_EDGE('',*,*,#1118,.T.);
#1487=ORIENTED_EDGE('',*,*,#1115,.T.);
#1488=ORIENTED_EDGE('',*,*,#1112,.T.);
#1489=ORIENTED_EDGE('',*,*,#1109,.T.);
#1490=ORIENTED_EDGE('',*,*,#1106,.T.);
#1491=ORIENTED_EDGE('',*,*,#1150,.T.);
#1492=ORIENTED_EDGE('',*,*,#1072,.F.);
#1493=ORIENTED_EDGE('',*,*,#1082,.F.);
#1494=ORIENTED_EDGE('',*,*,#1084,.F.);
#1495=ORIENTED_EDGE('',*,*,#1099,.F.);
#1496=ORIENTED_EDGE('',*,*,#1100,.F.);
#1497=ORIENTED_EDGE('',*,*,#1042,.F.);
#1498=ORIENTED_EDGE('',*,*,#1046,.F.);
#1499=ORIENTED_EDGE('',*,*,#1069,.F.);
#1500=ORIENTED_EDGE('',*,*,#1105,.T.);
#1501=ORIENTED_EDGE('',*,*,#1151,.F.);
#1502=ORIENTED_EDGE('',*,*,#1086,.F.);
#1503=ORIENTED_EDGE('',*,*,#1078,.F.);
#1504=ORIENTED_EDGE('',*,*,#1076,.F.);
#1505=ORIENTED_EDGE('',*,*,#1152,.F.);
#1506=ORIENTED_EDGE('',*,*,#1073,.F.);
#1507=ORIENTED_EDGE('',*,*,#1009,.F.);
#1508=ORIENTED_EDGE('',*,*,#984,.F.);
#1509=ORIENTED_EDGE('',*,*,#1153,.F.);
#1510=ORIENTED_EDGE('',*,*,#1096,.F.);
#1511=ORIENTED_EDGE('',*,*,#1093,.F.);
#1512=ORIENTED_EDGE('',*,*,#1091,.F.);
#1513=ORIENTED_EDGE('',*,*,#1154,.F.);
#1514=ORIENTED_EDGE('',*,*,#1088,.F.);
#1515=ORIENTED_EDGE('',*,*,#1038,.F.);
#1516=ORIENTED_EDGE('',*,*,#1013,.F.);
#1517=ORIENTED_EDGE('',*,*,#1150,.F.);
#1518=ORIENTED_EDGE('',*,*,#1155,.T.);
#1519=ORIENTED_EDGE('',*,*,#1149,.F.);
#1520=ORIENTED_EDGE('',*,*,#1155,.F.);
#1521=ORIENTED_EDGE('',*,*,#1156,.T.);
#1522=ORIENTED_EDGE('',*,*,#1157,.T.);
#1523=ORIENTED_EDGE('',*,*,#1158,.T.);
#1524=ORIENTED_EDGE('',*,*,#1159,.T.);
#1525=ORIENTED_EDGE('',*,*,#1160,.T.);
#1526=ORIENTED_EDGE('',*,*,#1161,.T.);
#1527=ORIENTED_EDGE('',*,*,#1162,.T.);
#1528=ORIENTED_EDGE('',*,*,#1163,.T.);
#1529=ORIENTED_EDGE('',*,*,#1164,.T.);
#1530=ORIENTED_EDGE('',*,*,#1165,.T.);
#1531=ORIENTED_EDGE('',*,*,#1166,.T.);
#1532=ORIENTED_EDGE('',*,*,#1167,.T.);
#1533=ORIENTED_EDGE('',*,*,#1168,.T.);
#1534=ORIENTED_EDGE('',*,*,#1169,.T.);
#1535=ORIENTED_EDGE('',*,*,#1170,.T.);
#1536=ORIENTED_EDGE('',*,*,#1171,.T.);
#1537=ORIENTED_EDGE('',*,*,#1156,.F.);
#1538=ORIENTED_EDGE('',*,*,#1172,.T.);
#1539=ORIENTED_EDGE('',*,*,#1068,.F.);
#1540=ORIENTED_EDGE('',*,*,#1173,.F.);
#1541=ORIENTED_EDGE('',*,*,#1157,.F.);
#1542=ORIENTED_EDGE('',*,*,#1173,.T.);
#1543=ORIENTED_EDGE('',*,*,#1067,.F.);
#1544=ORIENTED_EDGE('',*,*,#1174,.F.);
#1545=ORIENTED_EDGE('',*,*,#1158,.F.);
#1546=ORIENTED_EDGE('',*,*,#1174,.T.);
#1547=ORIENTED_EDGE('',*,*,#1066,.F.);
#1548=ORIENTED_EDGE('',*,*,#1175,.F.);
#1549=ORIENTED_EDGE('',*,*,#1159,.F.);
#1550=ORIENTED_EDGE('',*,*,#1175,.T.);
#1551=ORIENTED_EDGE('',*,*,#1065,.F.);
#1552=ORIENTED_EDGE('',*,*,#1176,.F.);
#1553=ORIENTED_EDGE('',*,*,#1160,.F.);
#1554=ORIENTED_EDGE('',*,*,#1176,.T.);
#1555=ORIENTED_EDGE('',*,*,#1064,.F.);
#1556=ORIENTED_EDGE('',*,*,#1177,.F.);
#1557=ORIENTED_EDGE('',*,*,#1161,.F.);
#1558=ORIENTED_EDGE('',*,*,#1177,.T.);
#1559=ORIENTED_EDGE('',*,*,#1063,.F.);
#1560=ORIENTED_EDGE('',*,*,#1178,.F.);
#1561=ORIENTED_EDGE('',*,*,#1132,.T.);
#1562=ORIENTED_EDGE('',*,*,#1129,.T.);
#1563=ORIENTED_EDGE('',*,*,#1162,.F.);
#1564=ORIENTED_EDGE('',*,*,#1178,.T.);
#1565=ORIENTED_EDGE('',*,*,#1062,.F.);
#1566=ORIENTED_EDGE('',*,*,#1179,.F.);
#1567=ORIENTED_EDGE('',*,*,#1163,.F.);
#1568=ORIENTED_EDGE('',*,*,#1179,.T.);
#1569=ORIENTED_EDGE('',*,*,#1061,.F.);
#1570=ORIENTED_EDGE('',*,*,#1180,.F.);
#1571=ORIENTED_EDGE('',*,*,#1164,.F.);
#1572=ORIENTED_EDGE('',*,*,#1180,.T.);
#1573=ORIENTED_EDGE('',*,*,#1060,.F.);
#1574=ORIENTED_EDGE('',*,*,#1181,.F.);
#1575=ORIENTED_EDGE('',*,*,#1165,.F.);
#1576=ORIENTED_EDGE('',*,*,#1181,.T.);
#1577=ORIENTED_EDGE('',*,*,#1059,.F.);
#1578=ORIENTED_EDGE('',*,*,#1182,.F.);
#1579=ORIENTED_EDGE('',*,*,#1134,.T.);
#1580=ORIENTED_EDGE('',*,*,#1166,.F.);
#1581=ORIENTED_EDGE('',*,*,#1182,.T.);
#1582=ORIENTED_EDGE('',*,*,#1058,.F.);
#1583=ORIENTED_EDGE('',*,*,#1183,.F.);
#1584=ORIENTED_EDGE('',*,*,#1167,.F.);
#1585=ORIENTED_EDGE('',*,*,#1183,.T.);
#1586=ORIENTED_EDGE('',*,*,#1057,.F.);
#1587=ORIENTED_EDGE('',*,*,#1184,.F.);
#1588=ORIENTED_EDGE('',*,*,#1168,.F.);
#1589=ORIENTED_EDGE('',*,*,#1184,.T.);
#1590=ORIENTED_EDGE('',*,*,#1056,.F.);
#1591=ORIENTED_EDGE('',*,*,#1185,.F.);
#1592=ORIENTED_EDGE('',*,*,#1169,.F.);
#1593=ORIENTED_EDGE('',*,*,#1185,.T.);
#1594=ORIENTED_EDGE('',*,*,#1055,.F.);
#1595=ORIENTED_EDGE('',*,*,#1186,.F.);
#1596=ORIENTED_EDGE('',*,*,#1170,.F.);
#1597=ORIENTED_EDGE('',*,*,#1186,.T.);
#1598=ORIENTED_EDGE('',*,*,#1054,.F.);
#1599=ORIENTED_EDGE('',*,*,#1187,.F.);
#1600=ORIENTED_EDGE('',*,*,#1171,.F.);
#1601=ORIENTED_EDGE('',*,*,#1187,.T.);
#1602=ORIENTED_EDGE('',*,*,#1053,.F.);
#1603=ORIENTED_EDGE('',*,*,#1172,.F.);
#1604=ORIENTED_EDGE('',*,*,#983,.F.);
#1605=ORIENTED_EDGE('',*,*,#992,.F.);
#1606=ORIENTED_EDGE('',*,*,#1087,.F.);
#1607=ORIENTED_EDGE('',*,*,#1151,.T.);
#1608=ORIENTED_EDGE('',*,*,#1074,.F.);
#1609=ORIENTED_EDGE('',*,*,#1152,.T.);
#1610=ORIENTED_EDGE('',*,*,#1075,.F.);
#1611=ORIENTED_EDGE('',*,*,#988,.F.);
#1612=ORIENTED_EDGE('',*,*,#1143,.T.);
#1613=ORIENTED_EDGE('',*,*,#1140,.T.);
#1614=ORIENTED_EDGE('',*,*,#1137,.T.);
#1615=ORIENTED_EDGE('',*,*,#1146,.T.);
#1616=ORIENTED_EDGE('',*,*,#1188,.T.);
#1617=ORIENTED_EDGE('',*,*,#1189,.T.);
#1618=ORIENTED_EDGE('',*,*,#1190,.T.);
#1619=ORIENTED_EDGE('',*,*,#1191,.T.);
#1620=ORIENTED_EDGE('',*,*,#1192,.T.);
#1621=ORIENTED_EDGE('',*,*,#1193,.T.);
#1622=ORIENTED_EDGE('',*,*,#1194,.T.);
#1623=ORIENTED_EDGE('',*,*,#1195,.T.);
#1624=ORIENTED_EDGE('',*,*,#1196,.T.);
#1625=ORIENTED_EDGE('',*,*,#1197,.T.);
#1626=ORIENTED_EDGE('',*,*,#1198,.T.);
#1627=ORIENTED_EDGE('',*,*,#1199,.T.);
#1628=ORIENTED_EDGE('',*,*,#1200,.T.);
#1629=ORIENTED_EDGE('',*,*,#1201,.T.);
#1630=ORIENTED_EDGE('',*,*,#1202,.T.);
#1631=ORIENTED_EDGE('',*,*,#1203,.T.);
#1632=ORIENTED_EDGE('',*,*,#1188,.F.);
#1633=ORIENTED_EDGE('',*,*,#1204,.T.);
#1634=ORIENTED_EDGE('',*,*,#1008,.F.);
#1635=ORIENTED_EDGE('',*,*,#1205,.F.);
#1636=ORIENTED_EDGE('',*,*,#1189,.F.);
#1637=ORIENTED_EDGE('',*,*,#1205,.T.);
#1638=ORIENTED_EDGE('',*,*,#1007,.F.);
#1639=ORIENTED_EDGE('',*,*,#1206,.F.);
#1640=ORIENTED_EDGE('',*,*,#1190,.F.);
#1641=ORIENTED_EDGE('',*,*,#1206,.T.);
#1642=ORIENTED_EDGE('',*,*,#1006,.F.);
#1643=ORIENTED_EDGE('',*,*,#1207,.F.);
#1644=ORIENTED_EDGE('',*,*,#1191,.F.);
#1645=ORIENTED_EDGE('',*,*,#1207,.T.);
#1646=ORIENTED_EDGE('',*,*,#1005,.F.);
#1647=ORIENTED_EDGE('',*,*,#1208,.F.);
#1648=ORIENTED_EDGE('',*,*,#1192,.F.);
#1649=ORIENTED_EDGE('',*,*,#1208,.T.);
#1650=ORIENTED_EDGE('',*,*,#1004,.F.);
#1651=ORIENTED_EDGE('',*,*,#1209,.F.);
#1652=ORIENTED_EDGE('',*,*,#1142,.T.);
#1653=ORIENTED_EDGE('',*,*,#1145,.T.);
#1654=ORIENTED_EDGE('',*,*,#1135,.T.);
#1655=ORIENTED_EDGE('',*,*,#1139,.T.);
#1656=ORIENTED_EDGE('',*,*,#1193,.F.);
#1657=ORIENTED_EDGE('',*,*,#1209,.T.);
#1658=ORIENTED_EDGE('',*,*,#1003,.F.);
#1659=ORIENTED_EDGE('',*,*,#1210,.F.);
#1660=ORIENTED_EDGE('',*,*,#1194,.F.);
#1661=ORIENTED_EDGE('',*,*,#1210,.T.);
#1662=ORIENTED_EDGE('',*,*,#1002,.F.);
#1663=ORIENTED_EDGE('',*,*,#1211,.F.);
#1664=ORIENTED_EDGE('',*,*,#1195,.F.);
#1665=ORIENTED_EDGE('',*,*,#1211,.T.);
#1666=ORIENTED_EDGE('',*,*,#1001,.F.);
#1667=ORIENTED_EDGE('',*,*,#1212,.F.);
#1668=ORIENTED_EDGE('',*,*,#1196,.F.);
#1669=ORIENTED_EDGE('',*,*,#1212,.T.);
#1670=ORIENTED_EDGE('',*,*,#1000,.F.);
#1671=ORIENTED_EDGE('',*,*,#1213,.F.);
#1672=ORIENTED_EDGE('',*,*,#1148,.T.);
#1673=ORIENTED_EDGE('',*,*,#1197,.F.);
#1674=ORIENTED_EDGE('',*,*,#1213,.T.);
#1675=ORIENTED_EDGE('',*,*,#999,.F.);
#1676=ORIENTED_EDGE('',*,*,#1214,.F.);
#1677=ORIENTED_EDGE('',*,*,#1198,.F.);
#1678=ORIENTED_EDGE('',*,*,#1214,.T.);
#1679=ORIENTED_EDGE('',*,*,#998,.F.);
#1680=ORIENTED_EDGE('',*,*,#1215,.F.);
#1681=ORIENTED_EDGE('',*,*,#1199,.F.);
#1682=ORIENTED_EDGE('',*,*,#1215,.T.);
#1683=ORIENTED_EDGE('',*,*,#997,.F.);
#1684=ORIENTED_EDGE('',*,*,#1216,.F.);
#1685=ORIENTED_EDGE('',*,*,#1200,.F.);
#1686=ORIENTED_EDGE('',*,*,#1216,.T.);
#1687=ORIENTED_EDGE('',*,*,#996,.F.);
#1688=ORIENTED_EDGE('',*,*,#1217,.F.);
#1689=ORIENTED_EDGE('',*,*,#1201,.F.);
#1690=ORIENTED_EDGE('',*,*,#1217,.T.);
#1691=ORIENTED_EDGE('',*,*,#995,.F.);
#1692=ORIENTED_EDGE('',*,*,#1218,.F.);
#1693=ORIENTED_EDGE('',*,*,#1202,.F.);
#1694=ORIENTED_EDGE('',*,*,#1218,.T.);
#1695=ORIENTED_EDGE('',*,*,#994,.F.);
#1696=ORIENTED_EDGE('',*,*,#1219,.F.);
#1697=ORIENTED_EDGE('',*,*,#1203,.F.);
#1698=ORIENTED_EDGE('',*,*,#1219,.T.);
#1699=ORIENTED_EDGE('',*,*,#993,.F.);
#1700=ORIENTED_EDGE('',*,*,#1204,.F.);
#1701=ORIENTED_EDGE('',*,*,#1012,.F.);
#1702=ORIENTED_EDGE('',*,*,#1021,.F.);
#1703=ORIENTED_EDGE('',*,*,#1097,.F.);
#1704=ORIENTED_EDGE('',*,*,#1153,.T.);
#1705=ORIENTED_EDGE('',*,*,#1089,.F.);
#1706=ORIENTED_EDGE('',*,*,#1154,.T.);
#1707=ORIENTED_EDGE('',*,*,#1090,.F.);
#1708=ORIENTED_EDGE('',*,*,#1017,.F.);
#1709=ORIENTED_EDGE('',*,*,#1126,.T.);
#1710=ORIENTED_EDGE('',*,*,#1220,.T.);
#1711=ORIENTED_EDGE('',*,*,#1221,.T.);
#1712=ORIENTED_EDGE('',*,*,#1222,.T.);
#1713=ORIENTED_EDGE('',*,*,#1223,.T.);
#1714=ORIENTED_EDGE('',*,*,#1224,.T.);
#1715=ORIENTED_EDGE('',*,*,#1225,.T.);
#1716=ORIENTED_EDGE('',*,*,#1226,.T.);
#1717=ORIENTED_EDGE('',*,*,#1227,.T.);
#1718=ORIENTED_EDGE('',*,*,#1228,.T.);
#1719=ORIENTED_EDGE('',*,*,#1229,.T.);
#1720=ORIENTED_EDGE('',*,*,#1230,.T.);
#1721=ORIENTED_EDGE('',*,*,#1231,.T.);
#1722=ORIENTED_EDGE('',*,*,#1232,.T.);
#1723=ORIENTED_EDGE('',*,*,#1233,.T.);
#1724=ORIENTED_EDGE('',*,*,#1234,.T.);
#1725=ORIENTED_EDGE('',*,*,#1235,.T.);
#1726=ORIENTED_EDGE('',*,*,#1220,.F.);
#1727=ORIENTED_EDGE('',*,*,#1236,.T.);
#1728=ORIENTED_EDGE('',*,*,#1037,.F.);
#1729=ORIENTED_EDGE('',*,*,#1237,.F.);
#1730=ORIENTED_EDGE('',*,*,#1221,.F.);
#1731=ORIENTED_EDGE('',*,*,#1237,.T.);
#1732=ORIENTED_EDGE('',*,*,#1036,.F.);
#1733=ORIENTED_EDGE('',*,*,#1238,.F.);
#1734=ORIENTED_EDGE('',*,*,#1222,.F.);
#1735=ORIENTED_EDGE('',*,*,#1238,.T.);
#1736=ORIENTED_EDGE('',*,*,#1035,.F.);
#1737=ORIENTED_EDGE('',*,*,#1239,.F.);
#1738=ORIENTED_EDGE('',*,*,#1223,.F.);
#1739=ORIENTED_EDGE('',*,*,#1239,.T.);
#1740=ORIENTED_EDGE('',*,*,#1034,.F.);
#1741=ORIENTED_EDGE('',*,*,#1240,.F.);
#1742=ORIENTED_EDGE('',*,*,#1224,.F.);
#1743=ORIENTED_EDGE('',*,*,#1240,.T.);
#1744=ORIENTED_EDGE('',*,*,#1033,.F.);
#1745=ORIENTED_EDGE('',*,*,#1241,.F.);
#1746=ORIENTED_EDGE('',*,*,#1128,.T.);
#1747=ORIENTED_EDGE('',*,*,#1225,.F.);
#1748=ORIENTED_EDGE('',*,*,#1241,.T.);
#1749=ORIENTED_EDGE('',*,*,#1032,.F.);
#1750=ORIENTED_EDGE('',*,*,#1242,.F.);
#1751=ORIENTED_EDGE('',*,*,#1226,.F.);
#1752=ORIENTED_EDGE('',*,*,#1242,.T.);
#1753=ORIENTED_EDGE('',*,*,#1031,.F.);
#1754=ORIENTED_EDGE('',*,*,#1243,.F.);
#1755=ORIENTED_EDGE('',*,*,#1227,.F.);
#1756=ORIENTED_EDGE('',*,*,#1243,.T.);
#1757=ORIENTED_EDGE('',*,*,#1030,.F.);
#1758=ORIENTED_EDGE('',*,*,#1244,.F.);
#1759=ORIENTED_EDGE('',*,*,#1228,.F.);
#1760=ORIENTED_EDGE('',*,*,#1244,.T.);
#1761=ORIENTED_EDGE('',*,*,#1029,.F.);
#1762=ORIENTED_EDGE('',*,*,#1245,.F.);
#1763=ORIENTED_EDGE('',*,*,#1125,.T.);
#1764=ORIENTED_EDGE('',*,*,#1229,.F.);
#1765=ORIENTED_EDGE('',*,*,#1245,.T.);
#1766=ORIENTED_EDGE('',*,*,#1028,.F.);
#1767=ORIENTED_EDGE('',*,*,#1246,.F.);
#1768=ORIENTED_EDGE('',*,*,#1230,.F.);
#1769=ORIENTED_EDGE('',*,*,#1246,.T.);
#1770=ORIENTED_EDGE('',*,*,#1027,.F.);
#1771=ORIENTED_EDGE('',*,*,#1247,.F.);
#1772=ORIENTED_EDGE('',*,*,#1231,.F.);
#1773=ORIENTED_EDGE('',*,*,#1247,.T.);
#1774=ORIENTED_EDGE('',*,*,#1026,.F.);
#1775=ORIENTED_EDGE('',*,*,#1248,.F.);
#1776=ORIENTED_EDGE('',*,*,#1232,.F.);
#1777=ORIENTED_EDGE('',*,*,#1248,.T.);
#1778=ORIENTED_EDGE('',*,*,#1025,.F.);
#1779=ORIENTED_EDGE('',*,*,#1249,.F.);
#1780=ORIENTED_EDGE('',*,*,#1233,.F.);
#1781=ORIENTED_EDGE('',*,*,#1249,.T.);
#1782=ORIENTED_EDGE('',*,*,#1024,.F.);
#1783=ORIENTED_EDGE('',*,*,#1250,.F.);
#1784=ORIENTED_EDGE('',*,*,#1234,.F.);
#1785=ORIENTED_EDGE('',*,*,#1250,.T.);
#1786=ORIENTED_EDGE('',*,*,#1023,.F.);
#1787=ORIENTED_EDGE('',*,*,#1251,.F.);
#1788=ORIENTED_EDGE('',*,*,#1235,.F.);
#1789=ORIENTED_EDGE('',*,*,#1251,.T.);
#1790=ORIENTED_EDGE('',*,*,#1022,.F.);
#1791=ORIENTED_EDGE('',*,*,#1236,.F.);
#1792=CYLINDRICAL_SURFACE('',#1949,2.);
#1793=CYLINDRICAL_SURFACE('',#1961,2.);
#1794=CYLINDRICAL_SURFACE('',#1973,2.);
#1795=CYLINDRICAL_SURFACE('',#1985,2.);
#1796=CYLINDRICAL_SURFACE('',#1988,2.);
#1797=CYLINDRICAL_SURFACE('',#1990,2.);
#1798=CYLINDRICAL_SURFACE('',#1994,2.);
#1799=CYLINDRICAL_SURFACE('',#1998,2.);
#1800=CYLINDRICAL_SURFACE('',#2000,2.);
#1801=CYLINDRICAL_SURFACE('',#2002,2.);
#1802=CYLINDRICAL_SURFACE('',#2006,2.);
#1803=CYLINDRICAL_SURFACE('',#2008,2.);
#1804=CYLINDRICAL_SURFACE('',#2012,7.5);
#1805=CYLINDRICAL_SURFACE('',#2015,2.45);
#1806=CYLINDRICAL_SURFACE('',#2019,2.45);
#1807=CYLINDRICAL_SURFACE('',#2023,2.45);
#1808=CYLINDRICAL_SURFACE('',#2027,2.45);
#1809=CYLINDRICAL_SURFACE('',#2031,2.45);
#1810=CYLINDRICAL_SURFACE('',#2035,2.45);
#1811=CYLINDRICAL_SURFACE('',#2039,2.50012210314511);
#1812=CYLINDRICAL_SURFACE('',#2041,2.50044909437882);
#1813=CYLINDRICAL_SURFACE('',#2044,2.500731007577);
#1814=CYLINDRICAL_SURFACE('',#2047,2.50048733838467);
#1815=CYLINDRICAL_SURFACE('',#2050,2.48544247033809);
#1816=CYLINDRICAL_SURFACE('',#2054,2.48544247033809);
#1817=CYLINDRICAL_SURFACE('',#2057,2.42808051271276);
#1818=CYLINDRICAL_SURFACE('',#2063,62.5);
#1819=CYLINDRICAL_SURFACE('',#2072,2.44999999999997);
#1820=CYLINDRICAL_SURFACE('',#2076,2.45000000000006);
#1821=CYLINDRICAL_SURFACE('',#2080,2.44999999999991);
#1822=CYLINDRICAL_SURFACE('',#2084,2.45000000000004);
#1823=CYLINDRICAL_SURFACE('',#2094,2.45000000000007);
#1824=CYLINDRICAL_SURFACE('',#2098,2.45000000000001);
#1825=CYLINDRICAL_SURFACE('',#2102,2.45000000000004);
#1826=CYLINDRICAL_SURFACE('',#2106,2.45000000000014);
#1827=CYLINDRICAL_SURFACE('',#2117,2.44999999999999);
#1828=CYLINDRICAL_SURFACE('',#2121,2.45000000000011);
#1829=CYLINDRICAL_SURFACE('',#2125,2.45000000000007);
#1830=CYLINDRICAL_SURFACE('',#2129,2.45000000000005);
#1831=ADVANCED_FACE('',(#106),#1792,.T.);
#1832=ADVANCED_FACE('',(#107,#15),#41,.F.);
#1833=ADVANCED_FACE('',(#108),#42,.T.);
#1834=ADVANCED_FACE('',(#109),#1793,.T.);
#1835=ADVANCED_FACE('',(#110,#16),#43,.F.);
#1836=ADVANCED_FACE('',(#111),#44,.T.);
#1837=ADVANCED_FACE('',(#112),#1794,.T.);
#1838=ADVANCED_FACE('',(#113),#45,.T.);
#1839=ADVANCED_FACE('',(#114,#17),#46,.F.);
#1840=ADVANCED_FACE('',(#115),#1795,.T.);
#1841=ADVANCED_FACE('',(#116),#47,.T.);
#1842=ADVANCED_FACE('',(#117),#1796,.T.);
#1843=ADVANCED_FACE('',(#118),#1797,.T.);
#1844=ADVANCED_FACE('',(#119,#18),#48,.T.);
#1845=ADVANCED_FACE('',(#120),#1798,.T.);
#1846=ADVANCED_FACE('',(#121,#19),#49,.T.);
#1847=ADVANCED_FACE('',(#122),#1799,.T.);
#1848=ADVANCED_FACE('',(#123),#1800,.T.);
#1849=ADVANCED_FACE('',(#124),#1801,.T.);
#1850=ADVANCED_FACE('',(#125,#20),#50,.T.);
#1851=ADVANCED_FACE('',(#126),#1802,.T.);
#1852=ADVANCED_FACE('',(#127),#1803,.T.);
#1853=ADVANCED_FACE('',(#128,#21),#51,.T.);
#1854=ADVANCED_FACE('',(#129),#1804,.F.);
#1855=ADVANCED_FACE('',(#130),#1805,.F.);
#1856=ADVANCED_FACE('',(#131),#52,.T.);
#1857=ADVANCED_FACE('',(#132),#1806,.F.);
#1858=ADVANCED_FACE('',(#133),#53,.T.);
#1859=ADVANCED_FACE('',(#134),#1807,.F.);
#1860=ADVANCED_FACE('',(#135),#54,.T.);
#1861=ADVANCED_FACE('',(#136),#1808,.F.);
#1862=ADVANCED_FACE('',(#137),#55,.T.);
#1863=ADVANCED_FACE('',(#138),#1809,.F.);
#1864=ADVANCED_FACE('',(#139),#56,.T.);
#1865=ADVANCED_FACE('',(#140),#1810,.F.);
#1866=ADVANCED_FACE('',(#141),#57,.T.);
#1867=ADVANCED_FACE('',(#142),#1811,.F.);
#1868=ADVANCED_FACE('',(#143),#1812,.F.);
#1869=ADVANCED_FACE('',(#144),#1813,.F.);
#1870=ADVANCED_FACE('',(#145),#58,.F.);
#1871=ADVANCED_FACE('',(#146),#1814,.F.);
#1872=ADVANCED_FACE('',(#147),#59,.F.);
#1873=ADVANCED_FACE('',(#148),#1815,.F.);
#1874=ADVANCED_FACE('',(#149),#60,.F.);
#1875=ADVANCED_FACE('',(#150),#1816,.F.);
#1876=ADVANCED_FACE('',(#151),#1817,.F.);
#1877=ADVANCED_FACE('',(#152,#22,#23,#24,#25,#26,#27,#28),#61,.T.);
#1878=ADVANCED_FACE('',(#153,#29,#30,#31,#32),#62,.F.);
#1879=ADVANCED_FACE('',(#154),#1818,.T.);
#1880=ADVANCED_FACE('',(#155),#63,.F.);
#1881=ADVANCED_FACE('',(#156),#64,.T.);
#1882=ADVANCED_FACE('',(#157),#65,.T.);
#1883=ADVANCED_FACE('',(#158),#66,.T.);
#1884=ADVANCED_FACE('',(#159),#1819,.F.);
#1885=ADVANCED_FACE('',(#160),#67,.T.);
#1886=ADVANCED_FACE('',(#161,#33),#68,.T.);
#1887=ADVANCED_FACE('',(#162),#69,.T.);
#1888=ADVANCED_FACE('',(#163),#1820,.F.);
#1889=ADVANCED_FACE('',(#164),#70,.T.);
#1890=ADVANCED_FACE('',(#165,#34),#71,.T.);
#1891=ADVANCED_FACE('',(#166),#72,.T.);
#1892=ADVANCED_FACE('',(#167),#1821,.F.);
#1893=ADVANCED_FACE('',(#168),#73,.T.);
#1894=ADVANCED_FACE('',(#169),#74,.T.);
#1895=ADVANCED_FACE('',(#170),#75,.T.);
#1896=ADVANCED_FACE('',(#171),#1822,.F.);
#1897=ADVANCED_FACE('',(#172),#76,.T.);
#1898=ADVANCED_FACE('',(#173,#35),#77,.T.);
#1899=ADVANCED_FACE('',(#174),#78,.F.);
#1900=ADVANCED_FACE('',(#175),#79,.T.);
#1901=ADVANCED_FACE('',(#176),#80,.T.);
#1902=ADVANCED_FACE('',(#177),#1823,.F.);
#1903=ADVANCED_FACE('',(#178),#81,.T.);
#1904=ADVANCED_FACE('',(#179,#36),#82,.T.);
#1905=ADVANCED_FACE('',(#180),#83,.T.);
#1906=ADVANCED_FACE('',(#181),#1824,.F.);
#1907=ADVANCED_FACE('',(#182),#84,.T.);
#1908=ADVANCED_FACE('',(#183,#37),#85,.T.);
#1909=ADVANCED_FACE('',(#184),#86,.T.);
#1910=ADVANCED_FACE('',(#185),#1825,.F.);
#1911=ADVANCED_FACE('',(#186),#87,.T.);
#1912=ADVANCED_FACE('',(#187),#88,.T.);
#1913=ADVANCED_FACE('',(#188),#89,.T.);
#1914=ADVANCED_FACE('',(#189),#1826,.F.);
#1915=ADVANCED_FACE('',(#190),#90,.T.);
#1916=ADVANCED_FACE('',(#191),#91,.T.);
#1917=ADVANCED_FACE('',(#192,#38),#92,.T.);
#1918=ADVANCED_FACE('',(#193),#93,.F.);
#1919=ADVANCED_FACE('',(#194),#94,.T.);
#1920=ADVANCED_FACE('',(#195),#95,.T.);
#1921=ADVANCED_FACE('',(#196),#1827,.F.);
#1922=ADVANCED_FACE('',(#197),#96,.T.);
#1923=ADVANCED_FACE('',(#198,#39),#97,.T.);
#1924=ADVANCED_FACE('',(#199),#98,.T.);
#1925=ADVANCED_FACE('',(#200),#1828,.F.);
#1926=ADVANCED_FACE('',(#201),#99,.T.);
#1927=ADVANCED_FACE('',(#202,#40),#100,.T.);
#1928=ADVANCED_FACE('',(#203),#101,.T.);
#1929=ADVANCED_FACE('',(#204),#1829,.F.);
#1930=ADVANCED_FACE('',(#205),#102,.T.);
#1931=ADVANCED_FACE('',(#206),#103,.T.);
#1932=ADVANCED_FACE('',(#207),#104,.T.);
#1933=ADVANCED_FACE('',(#208),#1830,.F.);
#1934=ADVANCED_FACE('',(#209),#105,.T.);
#1935=CLOSED_SHELL('',(#1831,#1832,#1833,#1834,#1835,#1836,#1837,#1838,
#1839,#1840,#1841,#1842,#1843,#1844,#1845,#1846,#1847,#1848,#1849,#1850,
#1851,#1852,#1853,#1854,#1855,#1856,#1857,#1858,#1859,#1860,#1861,#1862,
#1863,#1864,#1865,#1866,#1867,#1868,#1869,#1870,#1871,#1872,#1873,#1874,
#1875,#1876,#1877,#1878,#1879,#1880,#1881,#1882,#1883,#1884,#1885,#1886,
#1887,#1888,#1889,#1890,#1891,#1892,#1893,#1894,#1895,#1896,#1897,#1898,
#1899,#1900,#1901,#1902,#1903,#1904,#1905,#1906,#1907,#1908,#1909,#1910,
#1911,#1912,#1913,#1914,#1915,#1916,#1917,#1918,#1919,#1920,#1921,#1922,
#1923,#1924,#1925,#1926,#1927,#1928,#1929,#1930,#1931,#1932,#1933,#1934));
#1936=DERIVED_UNIT_ELEMENT(#1938,1.);
#1937=DERIVED_UNIT_ELEMENT(#3249,-3.);
#1938=(
MASS_UNIT()
NAMED_UNIT(*)
SI_UNIT(.KILO.,.GRAM.)
);
#1939=DERIVED_UNIT((#1936,#1937));
#1940=MEASURE_REPRESENTATION_ITEM('density measure',
POSITIVE_RATIO_MEASURE(7850.),#1939);
#1941=PROPERTY_DEFINITION_REPRESENTATION(#1946,#1943);
#1942=PROPERTY_DEFINITION_REPRESENTATION(#1947,#1944);
#1943=REPRESENTATION('material name',(#1945),#3246);
#1944=REPRESENTATION('density',(#1940),#3246);
#1945=DESCRIPTIVE_REPRESENTATION_ITEM('Steel','Steel');
#1946=PROPERTY_DEFINITION('material property','material name',#3256);
#1947=PROPERTY_DEFINITION('material property','density of part',#3256);
#1948=AXIS2_PLACEMENT_3D('',#2689,#2131,#2132);
#1949=AXIS2_PLACEMENT_3D('',#2690,#2133,#2134);
#1950=AXIS2_PLACEMENT_3D('',#2693,#2135,#2136);
#1951=AXIS2_PLACEMENT_3D('',#2697,#2138,#2139);
#1952=AXIS2_PLACEMENT_3D('',#2699,#2141,#2142);
#1953=AXIS2_PLACEMENT_3D('',#2703,#2144,#2145);
#1954=AXIS2_PLACEMENT_3D('',#2707,#2147,#2148);
#1955=AXIS2_PLACEMENT_3D('',#2711,#2150,#2151);
#1956=AXIS2_PLACEMENT_3D('',#2717,#2154,#2155);
#1957=AXIS2_PLACEMENT_3D('',#2725,#2159,#2160);
#1958=AXIS2_PLACEMENT_3D('',#2733,#2164,#2165);
#1959=AXIS2_PLACEMENT_3D('',#2741,#2169,#2170);
#1960=AXIS2_PLACEMENT_3D('',#2745,#2173,#2174);
#1961=AXIS2_PLACEMENT_3D('',#2749,#2177,#2178);
#1962=AXIS2_PLACEMENT_3D('',#2752,#2179,#2180);
#1963=AXIS2_PLACEMENT_3D('',#2756,#2182,#2183);
#1964=AXIS2_PLACEMENT_3D('',#2758,#2185,#2186);
#1965=AXIS2_PLACEMENT_3D('',#2762,#2188,#2189);
#1966=AXIS2_PLACEMENT_3D('',#2766,#2191,#2192);
#1967=AXIS2_PLACEMENT_3D('',#2770,#2194,#2195);
#1968=AXIS2_PLACEMENT_3D('',#2776,#2198,#2199);
#1969=AXIS2_PLACEMENT_3D('',#2784,#2203,#2204);
#1970=AXIS2_PLACEMENT_3D('',#2792,#2208,#2209);
#1971=AXIS2_PLACEMENT_3D('',#2800,#2213,#2214);
#1972=AXIS2_PLACEMENT_3D('',#2804,#2217,#2218);
#1973=AXIS2_PLACEMENT_3D('',#2808,#2221,#2222);
#1974=AXIS2_PLACEMENT_3D('',#2811,#2223,#2224);
#1975=AXIS2_PLACEMENT_3D('',#2815,#2226,#2227);
#1976=AXIS2_PLACEMENT_3D('',#2817,#2229,#2230);
#1977=AXIS2_PLACEMENT_3D('',#2823,#2234,#2235);
#1978=AXIS2_PLACEMENT_3D('',#2827,#2237,#2238);
#1979=AXIS2_PLACEMENT_3D('',#2831,#2240,#2241);
#1980=AXIS2_PLACEMENT_3D('',#2834,#2243,#2244);
#1981=AXIS2_PLACEMENT_3D('',#2837,#2245,#2246);
#1982=AXIS2_PLACEMENT_3D('',#2845,#2250,#2251);
#1983=AXIS2_PLACEMENT_3D('',#2853,#2255,#2256);
#1984=AXIS2_PLACEMENT_3D('',#2861,#2260,#2261);
#1985=AXIS2_PLACEMENT_3D('',#2867,#2265,#2266);
#1986=AXIS2_PLACEMENT_3D('',#2869,#2267,#2268);
#1987=AXIS2_PLACEMENT_3D('',#2871,#2270,#2271);
#1988=AXIS2_PLACEMENT_3D('',#2875,#2274,#2275);
#1989=AXIS2_PLACEMENT_3D('',#2877,#2276,#2277);
#1990=AXIS2_PLACEMENT_3D('',#2879,#2279,#2280);
#1991=AXIS2_PLACEMENT_3D('',#2883,#2282,#2283);
#1992=AXIS2_PLACEMENT_3D('',#2885,#2285,#2286);
#1993=AXIS2_PLACEMENT_3D('',#2890,#2289,#2290);
#1994=AXIS2_PLACEMENT_3D('',#2891,#2291,#2292);
#1995=AXIS2_PLACEMENT_3D('',#2894,#2294,#2295);
#1996=AXIS2_PLACEMENT_3D('',#2895,#2296,#2297);
#1997=AXIS2_PLACEMENT_3D('',#2900,#2300,#2301);
#1998=AXIS2_PLACEMENT_3D('',#2901,#2302,#2303);
#1999=AXIS2_PLACEMENT_3D('',#2903,#2304,#2305);
#2000=AXIS2_PLACEMENT_3D('',#2905,#2307,#2308);
#2001=AXIS2_PLACEMENT_3D('',#2907,#2309,#2310);
#2002=AXIS2_PLACEMENT_3D('',#2909,#2312,#2313);
#2003=AXIS2_PLACEMENT_3D('',#2913,#2315,#2316);
#2004=AXIS2_PLACEMENT_3D('',#2915,#2318,#2319);
#2005=AXIS2_PLACEMENT_3D('',#2920,#2322,#2323);
#2006=AXIS2_PLACEMENT_3D('',#2921,#2324,#2325);
#2007=AXIS2_PLACEMENT_3D('',#2923,#2326,#2327);
#2008=AXIS2_PLACEMENT_3D('',#2925,#2329,#2330);
#2009=AXIS2_PLACEMENT_3D('',#2928,#2332,#2333);
#2010=AXIS2_PLACEMENT_3D('',#2929,#2334,#2335);
#2011=AXIS2_PLACEMENT_3D('',#2934,#2338,#2339);
#2012=AXIS2_PLACEMENT_3D('',#2935,#2340,#2341);
#2013=AXIS2_PLACEMENT_3D('',#2937,#2342,#2343);
#2014=AXIS2_PLACEMENT_3D('',#2940,#2345,#2346);
#2015=AXIS2_PLACEMENT_3D('',#2941,#2347,#2348);
#2016=AXIS2_PLACEMENT_3D('',#2943,#2349,#2350);
#2017=AXIS2_PLACEMENT_3D('',#2946,#2352,#2353);
#2018=AXIS2_PLACEMENT_3D('',#2947,#2354,#2355);
#2019=AXIS2_PLACEMENT_3D('',#2948,#2356,#2357);
#2020=AXIS2_PLACEMENT_3D('',#2950,#2358,#2359);
#2021=AXIS2_PLACEMENT_3D('',#2953,#2361,#2362);
#2022=AXIS2_PLACEMENT_3D('',#2954,#2363,#2364);
#2023=AXIS2_PLACEMENT_3D('',#2955,#2365,#2366);
#2024=AXIS2_PLACEMENT_3D('',#2957,#2367,#2368);
#2025=AXIS2_PLACEMENT_3D('',#2960,#2370,#2371);
#2026=AXIS2_PLACEMENT_3D('',#2961,#2372,#2373);
#2027=AXIS2_PLACEMENT_3D('',#2962,#2374,#2375);
#2028=AXIS2_PLACEMENT_3D('',#2964,#2376,#2377);
#2029=AXIS2_PLACEMENT_3D('',#2967,#2379,#2380);
#2030=AXIS2_PLACEMENT_3D('',#2968,#2381,#2382);
#2031=AXIS2_PLACEMENT_3D('',#2969,#2383,#2384);
#2032=AXIS2_PLACEMENT_3D('',#2971,#2385,#2386);
#2033=AXIS2_PLACEMENT_3D('',#2974,#2388,#2389);
#2034=AXIS2_PLACEMENT_3D('',#2975,#2390,#2391);
#2035=AXIS2_PLACEMENT_3D('',#2976,#2392,#2393);
#2036=AXIS2_PLACEMENT_3D('',#2978,#2394,#2395);
#2037=AXIS2_PLACEMENT_3D('',#2981,#2397,#2398);
#2038=AXIS2_PLACEMENT_3D('',#2982,#2399,#2400);
#2039=AXIS2_PLACEMENT_3D('',#2983,#2401,#2402);
#2040=AXIS2_PLACEMENT_3D('',#2986,#2404,#2405);
#2041=AXIS2_PLACEMENT_3D('',#2987,#2406,#2407);
#2042=AXIS2_PLACEMENT_3D('',#2989,#2408,#2409);
#2043=AXIS2_PLACEMENT_3D('',#2992,#2411,#2412);
#2044=AXIS2_PLACEMENT_3D('',#2993,#2413,#2414);
#2045=AXIS2_PLACEMENT_3D('',#2996,#2415,#2416);
#2046=AXIS2_PLACEMENT_3D('',#2999,#2419,#2420);
#2047=AXIS2_PLACEMENT_3D('',#3001,#2422,#2423);
#2048=AXIS2_PLACEMENT_3D('',#3004,#2425,#2426);
#2049=AXIS2_PLACEMENT_3D('',#3005,#2427,#2428);
#2050=AXIS2_PLACEMENT_3D('',#3014,#2433,#2434);
#2051=AXIS2_PLACEMENT_3D('',#3016,#2435,#2436);
#2052=AXIS2_PLACEMENT_3D('',#3018,#2437,#2438);
#2053=AXIS2_PLACEMENT_3D('',#3020,#2440,#2441);
#2054=AXIS2_PLACEMENT_3D('',#3026,#2445,#2446);
#2055=AXIS2_PLACEMENT_3D('',#3027,#2447,#2448);
#2056=AXIS2_PLACEMENT_3D('',#3028,#2449,#2450);
#2057=AXIS2_PLACEMENT_3D('',#3029,#2451,#2452);
#2058=AXIS2_PLACEMENT_3D('',#3032,#2454,#2455);
#2059=AXIS2_PLACEMENT_3D('',#3033,#2456,#2457);
#2060=AXIS2_PLACEMENT_3D('',#3035,#2458,#2459);
#2061=AXIS2_PLACEMENT_3D('',#3036,#2460,#2461);
#2062=AXIS2_PLACEMENT_3D('',#3038,#2462,#2463);
#2063=AXIS2_PLACEMENT_3D('',#3043,#2468,#2469);
#2064=AXIS2_PLACEMENT_3D('',#3045,#2471,#2472);
#2065=AXIS2_PLACEMENT_3D('',#3054,#2476,#2477);
#2066=AXIS2_PLACEMENT_3D('',#3062,#2481,#2482);
#2067=AXIS2_PLACEMENT_3D('',#3070,#2486,#2487);
#2068=AXIS2_PLACEMENT_3D('',#3077,#2491,#2492);
#2069=AXIS2_PLACEMENT_3D('',#3078,#2493,#2494);
#2070=AXIS2_PLACEMENT_3D('',#3081,#2497,#2498);
#2071=AXIS2_PLACEMENT_3D('',#3083,#2500,#2501);
#2072=AXIS2_PLACEMENT_3D('',#3085,#2503,#2504);
#2073=AXIS2_PLACEMENT_3D('',#3087,#2506,#2507);
#2074=AXIS2_PLACEMENT_3D('',#3089,#2509,#2510);
#2075=AXIS2_PLACEMENT_3D('',#3091,#2512,#2513);
#2076=AXIS2_PLACEMENT_3D('',#3093,#2515,#2516);
#2077=AXIS2_PLACEMENT_3D('',#3095,#2518,#2519);
#2078=AXIS2_PLACEMENT_3D('',#3097,#2521,#2522);
#2079=AXIS2_PLACEMENT_3D('',#3099,#2524,#2525);
#2080=AXIS2_PLACEMENT_3D('',#3101,#2527,#2528);
#2081=AXIS2_PLACEMENT_3D('',#3103,#2530,#2531);
#2082=AXIS2_PLACEMENT_3D('',#3105,#2533,#2534);
#2083=AXIS2_PLACEMENT_3D('',#3107,#2536,#2537);
#2084=AXIS2_PLACEMENT_3D('',#3109,#2539,#2540);
#2085=AXIS2_PLACEMENT_3D('',#3110,#2541,#2542);
#2086=AXIS2_PLACEMENT_3D('',#3111,#2543,#2544);
#2087=AXIS2_PLACEMENT_3D('',#3112,#2545,#2546);
#2088=AXIS2_PLACEMENT_3D('',#3119,#2549,#2550);
#2089=AXIS2_PLACEMENT_3D('',#3127,#2554,#2555);
#2090=AXIS2_PLACEMENT_3D('',#3135,#2559,#2560);
#2091=AXIS2_PLACEMENT_3D('',#3143,#2564,#2565);
#2092=AXIS2_PLACEMENT_3D('',#3145,#2567,#2568);
#2093=AXIS2_PLACEMENT_3D('',#3148,#2571,#2572);
#2094=AXIS2_PLACEMENT_3D('',#3150,#2574,#2575);
#2095=AXIS2_PLACEMENT_3D('',#3152,#2577,#2578);
#2096=AXIS2_PLACEMENT_3D('',#3154,#2580,#2581);
#2097=AXIS2_PLACEMENT_3D('',#3156,#2583,#2584);
#2098=AXIS2_PLACEMENT_3D('',#3158,#2586,#2587);
#2099=AXIS2_PLACEMENT_3D('',#3160,#2589,#2590);
#2100=AXIS2_PLACEMENT_3D('',#3162,#2592,#2593);
#2101=AXIS2_PLACEMENT_3D('',#3164,#2595,#2596);
#2102=AXIS2_PLACEMENT_3D('',#3166,#2598,#2599);
#2103=AXIS2_PLACEMENT_3D('',#3168,#2601,#2602);
#2104=AXIS2_PLACEMENT_3D('',#3170,#2604,#2605);
#2105=AXIS2_PLACEMENT_3D('',#3172,#2607,#2608);
#2106=AXIS2_PLACEMENT_3D('',#3174,#2610,#2611);
#2107=AXIS2_PLACEMENT_3D('',#3176,#2613,#2614);
#2108=AXIS2_PLACEMENT_3D('',#3177,#2615,#2616);
#2109=AXIS2_PLACEMENT_3D('',#3178,#2617,#2618);
#2110=AXIS2_PLACEMENT_3D('',#3179,#2619,#2620);
#2111=AXIS2_PLACEMENT_3D('',#3186,#2623,#2624);
#2112=AXIS2_PLACEMENT_3D('',#3194,#2628,#2629);
#2113=AXIS2_PLACEMENT_3D('',#3202,#2633,#2634);
#2114=AXIS2_PLACEMENT_3D('',#3210,#2638,#2639);
#2115=AXIS2_PLACEMENT_3D('',#3212,#2641,#2642);
#2116=AXIS2_PLACEMENT_3D('',#3215,#2645,#2646);
#2117=AXIS2_PLACEMENT_3D('',#3217,#2648,#2649);
#2118=AXIS2_PLACEMENT_3D('',#3219,#2651,#2652);
#2119=AXIS2_PLACEMENT_3D('',#3221,#2654,#2655);
#2120=AXIS2_PLACEMENT_3D('',#3223,#2657,#2658);
#2121=AXIS2_PLACEMENT_3D('',#3225,#2660,#2661);
#2122=AXIS2_PLACEMENT_3D('',#3227,#2663,#2664);
#2123=AXIS2_PLACEMENT_3D('',#3229,#2666,#2667);
#2124=AXIS2_PLACEMENT_3D('',#3231,#2669,#2670);
#2125=AXIS2_PLACEMENT_3D('',#3233,#2672,#2673);
#2126=AXIS2_PLACEMENT_3D('',#3235,#2675,#2676);
#2127=AXIS2_PLACEMENT_3D('',#3237,#2678,#2679);
#2128=AXIS2_PLACEMENT_3D('',#3239,#2681,#2682);
#2129=AXIS2_PLACEMENT_3D('',#3241,#2684,#2685);
#2130=AXIS2_PLACEMENT_3D('',#3243,#2687,#2688);
#2131=DIRECTION('axis',(0.,0.,1.));
#2132=DIRECTION('refdir',(1.,0.,0.));
#2133=DIRECTION('center_axis',(-0.451697051905647,0.260787414509883,0.853205542488443));
#2134=DIRECTION('ref_axis',(-0.733643066645979,0.435611220984972,-0.521546464770173));
#2135=DIRECTION('center_axis',(-0.451697051905647,0.260787414509883,0.853205542488443));
#2136=DIRECTION('ref_axis',(-0.733643066645979,0.435611220984972,-0.521546464770173));
#2137=DIRECTION('',(-0.451697051905647,0.260787414509883,0.853205542488443));
#2138=DIRECTION('center_axis',(0.,0.,1.));
#2139=DIRECTION('ref_axis',(-0.866025403784441,0.499999999999997,0.));
#2140=DIRECTION('',(0.451697051905647,-0.260787414509883,-0.853205542488443));
#2141=DIRECTION('center_axis',(-0.451697051905647,0.260787414509883,0.853205542488443));
#2142=DIRECTION('ref_axis',(-0.499999999999999,-0.866025403784439,-1.79877789674729E-15));
#2143=DIRECTION('',(0.877747012107364,0.301169583990835,0.372635296792163));
#2144=DIRECTION('center_axis',(-0.451697051905647,0.260787414509883,0.853205542488443));
#2145=DIRECTION('ref_axis',(0.507678662208717,0.861529331239068,0.00543942577222354));
#2146=DIRECTION('',(0.159780962684367,-0.917216880629679,0.364942787093565));
#2147=DIRECTION('center_axis',(-0.451697051905647,0.260787414509883,0.853205542488443));
#2148=DIRECTION('ref_axis',(0.73364306664598,-0.435611220984971,0.521546464770173));
#2149=DIRECTION('',(-0.877747012107364,-0.301169583990835,-0.372635296792163));
#2150=DIRECTION('center_axis',(-0.451697051905647,0.260787414509883,0.853205542488443));
#2151=DIRECTION('ref_axis',(-0.507678662208714,-0.86152933123907,-0.00543942577222355));
#2152=DIRECTION('',(-0.159780962684367,0.917216880629679,-0.364942787093565));
#2153=DIRECTION('',(-0.883488830573848,-0.263843675103105,-0.387083971974224));
#2154=DIRECTION('center_axis',(-0.451697051905646,0.260787414509884,0.853205542488443));
#2155=DIRECTION('ref_axis',(-0.124166257699181,0.928642255952905,-0.349580178081768));
#2156=DIRECTION('',(0.185492860349004,-0.907975325695969,0.375730231265524));
#2157=DIRECTION('',(0.154923934499069,-0.918868540712442,0.362876259086091));
#2158=DIRECTION('',(0.124166257699113,-0.928642255952918,0.349580178081757));
#2159=DIRECTION('center_axis',(-0.45169705190563,0.26078741450989,0.853205542488449));
#2160=DIRECTION('ref_axis',(-0.883488830573858,-0.263843675103086,-0.387083971974214));
#2161=DIRECTION('',(0.872675295891486,0.32797977431629,0.361755574359461));
#2162=DIRECTION('',(0.878617293148205,0.296092096014448,0.374647998604946));
#2163=DIRECTION('',(0.883488830573845,0.263843675103127,0.387083971974215));
#2164=DIRECTION('center_axis',(-0.451697051905646,0.260787414509884,0.853205542488443));
#2165=DIRECTION('ref_axis',(0.124166257699154,-0.928642255952913,0.349580178081756));
#2166=DIRECTION('',(-0.18549286034901,0.907975325695963,-0.375730231265535));
#2167=DIRECTION('',(-0.154923934499056,0.918868540712449,-0.362876259086079));
#2168=DIRECTION('',(-0.124166257699132,0.928642255952918,-0.349580178081749));
#2169=DIRECTION('center_axis',(-0.45169705190563,0.26078741450989,0.853205542488449));
#2170=DIRECTION('ref_axis',(0.883488830573851,0.263843675103138,0.387083971974195));
#2171=DIRECTION('',(-0.872675295891485,-0.327979774316272,-0.361755574359479));
#2172=DIRECTION('',(-0.878617293148202,-0.296092096014461,-0.374647998604944));
#2173=DIRECTION('center_axis',(-0.159780962684367,0.917216880629679,-0.364942787093565));
#2174=DIRECTION('ref_axis',(0.877747012107364,0.301169583990835,0.372635296792163));
#2175=DIRECTION('',(0.985163671284909,0.171617425631662,0.));
#2176=DIRECTION('',(-0.451697051905647,0.260787414509883,0.853205542488443));
#2177=DIRECTION('center_axis',(0.451697051905648,0.260787414509881,0.853205542488443));
#2178=DIRECTION('ref_axis',(0.733643066645981,0.435611220984969,-0.521546464770173));
#2179=DIRECTION('center_axis',(0.451697051905648,0.260787414509881,0.853205542488443));
#2180=DIRECTION('ref_axis',(0.733643066645981,0.435611220984969,-0.521546464770173));
#2181=DIRECTION('',(0.451697051905648,0.260787414509881,0.853205542488443));
#2182=DIRECTION('center_axis',(0.,0.,1.));
#2183=DIRECTION('ref_axis',(0.866025403784443,0.499999999999993,0.));
#2184=DIRECTION('',(-0.451697051905648,-0.260787414509881,-0.853205542488443));
#2185=DIRECTION('center_axis',(0.451697051905648,0.260787414509881,0.853205542488443));
#2186=DIRECTION('ref_axis',(-0.499999999999997,0.86602540378444,3.52916323479104E-15));
#2187=DIRECTION('',(-0.159780962684368,-0.917216880629679,0.364942787093563));
#2188=DIRECTION('center_axis',(0.451697051905648,0.260787414509881,0.853205542488443));
#2189=DIRECTION('ref_axis',(0.507678662208715,-0.861529331239069,-0.00543942577222356));
#2190=DIRECTION('',(-0.877747012107363,0.301169583990836,0.372635296792165));
#2191=DIRECTION('center_axis',(0.451697051905648,0.260787414509881,0.853205542488443));
#2192=DIRECTION('ref_axis',(-0.73364306664598,-0.435611220984971,0.521546464770173));
#2193=DIRECTION('',(0.159780962684368,0.917216880629679,-0.364942787093563));
#2194=DIRECTION('center_axis',(0.451697051905648,0.260787414509881,0.853205542488443));
#2195=DIRECTION('ref_axis',(-0.507678662208714,0.86152933123907,0.00543942577222355));
#2196=DIRECTION('',(0.877747012107363,-0.301169583990836,-0.372635296792165));
#2197=DIRECTION('',(0.18549286034902,0.90797532569596,-0.375730231265538));
#2198=DIRECTION('center_axis',(0.451697051905677,0.260787414509873,0.85320554248843));
#2199=DIRECTION('ref_axis',(0.872675295891472,-0.327979774316274,-0.36175557435951));
#2200=DIRECTION('',(-0.883488830573857,0.263843675103123,0.387083971974192));
#2201=DIRECTION('',(-0.878617293148201,0.296092096014453,0.374647998604953));
#2202=DIRECTION('',(-0.872675295891483,0.327979774316287,0.361755574359471));
#2203=DIRECTION('center_axis',(0.451697051905646,0.260787414509884,0.853205542488443));
#2204=DIRECTION('ref_axis',(0.185492860349028,0.907975325695959,-0.375730231265537));
#2205=DIRECTION('',(-0.124166257699117,-0.928642255952914,0.349580178081765));
#2206=DIRECTION('',(-0.154923934499058,-0.918868540712452,0.362876259086071));
#2207=DIRECTION('',(-0.185492860349028,-0.907975325695963,0.375730231265526));
#2208=DIRECTION('center_axis',(0.451697051905615,0.260787414509896,0.853205542488456));
#2209=DIRECTION('ref_axis',(-0.872675295891503,0.327979774316258,0.361755574359448));
#2210=DIRECTION('',(0.883488830573839,-0.263843675103112,-0.387083971974241));
#2211=DIRECTION('',(0.878617293148207,-0.296092096014459,-0.374647998604934));
#2212=DIRECTION('',(0.872675295891483,-0.327979774316272,-0.361755574359484));
#2213=DIRECTION('center_axis',(0.451697051905646,0.260787414509884,0.853205542488443));
#2214=DIRECTION('ref_axis',(-0.185492860349003,-0.907975325695968,0.375730231265526));
#2215=DIRECTION('',(0.124166257699133,0.928642255952919,-0.349580178081747));
#2216=DIRECTION('',(0.15492393449906,0.918868540712446,-0.362876259086084));
#2217=DIRECTION('center_axis',(0.877747012107363,-0.301169583990835,-0.372635296792165));
#2218=DIRECTION('ref_axis',(-0.159780962684368,-0.917216880629679,0.364942787093563));
#2219=DIRECTION('',(-0.324543927460632,-0.945870624952709,0.));
#2220=DIRECTION('',(0.451697051905648,0.260787414509881,0.853205542488443));
#2221=DIRECTION('center_axis',(-1.58206781009085E-15,-0.521574829019766,
0.853205542488445));
#2222=DIRECTION('ref_axis',(-1.,2.82616642563079E-14,0.));
#2223=DIRECTION('center_axis',(-1.63716690697022E-15,-0.521574829019767,
0.853205542488445));
#2224=DIRECTION('ref_axis',(-1.,2.82616642563079E-14,0.));
#2225=DIRECTION('',(-1.58206781009085E-15,-0.521574829019766,0.853205542488445));
#2226=DIRECTION('center_axis',(0.,0.,1.));
#2227=DIRECTION('ref_axis',(-2.13985193169993E-14,-1.,0.));
#2228=DIRECTION('',(1.58206781009085E-15,0.521574829019766,-0.853205542488445));
#2229=DIRECTION('center_axis',(-0.707106781186555,-0.603307424839519,-0.368809098496088));
#2230=DIRECTION('ref_axis',(-0.70710678118654,0.603307424839534,0.368809098496094));
#2231=DIRECTION('',(-0.70710678118654,0.603307424839534,0.368809098496094));
#2232=DIRECTION('',(1.58206781009085E-15,0.521574829019766,-0.853205542488445));
#2233=DIRECTION('',(-0.649063016073023,0.760734645698611,0.));
#2234=DIRECTION('center_axis',(-1.63716690697022E-15,-0.521574829019767,
0.853205542488445));
#2235=DIRECTION('ref_axis',(1.,-4.25103193763971E-16,1.65897162041255E-15));
#2236=DIRECTION('',(0.707106781186555,0.603307424839519,0.368809098496088));
#2237=DIRECTION('center_axis',(-1.63716690697022E-15,-0.521574829019767,
0.853205542488445));
#2238=DIRECTION('ref_axis',(2.45326946669338E-15,0.853205542488432,0.521574829019787));
#2239=DIRECTION('',(0.70710678118654,-0.603307424839534,-0.368809098496094));
#2240=DIRECTION('center_axis',(-1.63716690697022E-15,-0.521574829019767,
0.853205542488445));
#2241=DIRECTION('ref_axis',(1.,-2.8261664256308E-14,-5.02429586778809E-14));
#2242=DIRECTION('',(-0.707106781186555,-0.603307424839519,-0.368809098496088));
#2243=DIRECTION('center_axis',(-1.63716690697022E-15,-0.521574829019767,
0.853205542488445));
#2244=DIRECTION('ref_axis',(-7.35980840008011E-15,-0.853205542488434,-0.521574829019784));
#2245=DIRECTION('center_axis',(-1.01973894699811E-14,-0.521574829019778,
0.853205542488437));
#2246=DIRECTION('ref_axis',(-0.731353701619124,-0.581884780773387,-0.355713178041399));
#2247=DIRECTION('',(0.681998360062549,0.623995031740875,0.381455681874969));
#2248=DIRECTION('',(0.707106781186565,0.603307424839513,0.36880909849608));
#2249=DIRECTION('',(0.731353701619134,0.581884780773386,0.355713178041382));
#2250=DIRECTION('center_axis',(1.64907496537444E-16,-0.52157482901977,0.853205542488443));
#2251=DIRECTION('ref_axis',(0.681998360062524,-0.623995031740895,-0.381455681874982));
#2252=DIRECTION('',(-0.731353701619126,0.581884780773392,0.355713178041386));
#2253=DIRECTION('',(-0.707106781186535,0.603307424839533,0.368809098496105));
#2254=DIRECTION('',(-0.681998360062532,0.623995031740888,0.381455681874978));
#2255=DIRECTION('center_axis',(-2.08026559997096E-14,-0.521574829019787,
0.853205542488432));
#2256=DIRECTION('ref_axis',(0.731353701619117,0.581884780773386,0.355713178041415));
#2257=DIRECTION('',(-0.681998360062538,-0.623995031740892,-0.381455681874961));
#2258=DIRECTION('',(-0.70710678118656,-0.603307424839512,-0.368809098496092));
#2259=DIRECTION('',(-0.731353701619134,-0.581884780773386,-0.355713178041382));
#2260=DIRECTION('center_axis',(1.64907496537445E-16,-0.52157482901977,0.853205542488443));
#2261=DIRECTION('ref_axis',(-0.681998360062528,0.623995031740891,0.38145568187498));
#2262=DIRECTION('',(0.731353701619127,-0.581884780773388,-0.355713178041392));
#2263=DIRECTION('',(0.70710678118654,-0.603307424839536,-0.368809098496088));
#2264=DIRECTION('',(0.681998360062526,-0.623995031740889,-0.381455681874988));
#2265=DIRECTION('center_axis',(-1.58206781009085E-15,-0.521574829019766,
0.853205542488445));
#2266=DIRECTION('ref_axis',(-7.35980840008011E-15,-0.853205542488434,-0.521574829019784));
#2267=DIRECTION('center_axis',(0.,0.,1.));
#2268=DIRECTION('ref_axis',(-7.10459606614721E-15,-1.,0.));
#2269=DIRECTION('',(-1.58206781009085E-15,-0.521574829019766,0.853205542488445));
#2270=DIRECTION('center_axis',(0.70710678118654,-0.603307424839533,-0.368809098496094));
#2271=DIRECTION('ref_axis',(-0.707106781186555,-0.603307424839519,-0.368809098496088));
#2272=DIRECTION('',(1.58206781009085E-15,0.521574829019766,-0.853205542488445));
#2273=DIRECTION('',(-0.64906301607304,-0.760734645698596,0.));
#2274=DIRECTION('center_axis',(-0.451697051905647,0.260787414509883,0.853205542488443));
#2275=DIRECTION('ref_axis',(0.507678662208717,0.861529331239068,0.00543942577222354));
#2276=DIRECTION('center_axis',(0.,0.,1.));
#2277=DIRECTION('ref_axis',(0.866025403784441,-0.499999999999997,0.));
#2278=DIRECTION('',(0.451697051905647,-0.260787414509883,-0.853205542488443));
#2279=DIRECTION('center_axis',(-0.451697051905647,0.260787414509883,0.853205542488443));
#2280=DIRECTION('ref_axis',(0.73364306664598,-0.435611220984971,0.521546464770173));
#2281=DIRECTION('',(-0.451697051905647,0.260787414509883,0.853205542488443));
#2282=DIRECTION('center_axis',(0.,0.,1.));
#2283=DIRECTION('ref_axis',(0.866025403784441,-0.499999999999997,0.));
#2284=DIRECTION('',(0.451697051905647,-0.260787414509883,-0.853205542488443));
#2285=DIRECTION('center_axis',(0.159780962684367,-0.917216880629679,0.364942787093565));
#2286=DIRECTION('ref_axis',(-0.877747012107364,-0.301169583990835,-0.372635296792163));
#2287=DIRECTION('',(-0.985163671284909,-0.171617425631662,0.));
#2288=DIRECTION('',(-0.451697051905647,0.260787414509883,0.853205542488443));
#2289=DIRECTION('center_axis',(-0.159780962684367,0.917216880629679,-0.364942787093565));
#2290=DIRECTION('ref_axis',(0.985163671284909,0.171617425631662,2.48273505779899E-17));
#2291=DIRECTION('center_axis',(1.58206781009085E-15,0.521574829019766,-0.853205542488445));
#2292=DIRECTION('ref_axis',(1.,-2.8261664256308E-14,-5.02429586778809E-14));
#2293=DIRECTION('',(-1.58206781009085E-15,-0.521574829019766,0.853205542488445));
#2294=DIRECTION('center_axis',(0.,0.,1.));
#2295=DIRECTION('ref_axis',(-4.37571652353184E-14,-1.,0.));
#2296=DIRECTION('center_axis',(0.707106781186555,0.603307424839519,0.368809098496088));
#2297=DIRECTION('ref_axis',(0.70710678118654,-0.603307424839534,-0.368809098496094));
#2298=DIRECTION('',(1.58206781009085E-15,0.521574829019766,-0.853205542488445));
#2299=DIRECTION('',(0.649063016073023,-0.760734645698611,0.));
#2300=DIRECTION('center_axis',(-0.707106781186555,-0.603307424839519,-0.368809098496088));
#2301=DIRECTION('ref_axis',(-0.649063016073023,0.760734645698611,5.32992334408926E-18));
#2302=DIRECTION('center_axis',(0.451697051905647,-0.260787414509883,-0.853205542488443));
#2303=DIRECTION('ref_axis',(-0.507678662208714,-0.86152933123907,-0.00543942577222355));
#2304=DIRECTION('center_axis',(0.,0.,1.));
#2305=DIRECTION('ref_axis',(-0.866025403784441,0.499999999999997,0.));
#2306=DIRECTION('',(0.451697051905647,-0.260787414509883,-0.853205542488443));
#2307=DIRECTION('center_axis',(0.451697051905648,0.260787414509881,0.853205542488443));
#2308=DIRECTION('ref_axis',(0.507678662208715,-0.861529331239069,-0.00543942577222356));
#2309=DIRECTION('center_axis',(0.,0.,1.));
#2310=DIRECTION('ref_axis',(0.866025403784443,0.499999999999992,0.));
#2311=DIRECTION('',(-0.451697051905648,-0.260787414509881,-0.853205542488443));
#2312=DIRECTION('center_axis',(0.451697051905648,0.260787414509881,0.853205542488443));
#2313=DIRECTION('ref_axis',(-0.73364306664598,-0.435611220984971,0.521546464770173));
#2314=DIRECTION('',(0.451697051905648,0.260787414509881,0.853205542488443));
#2315=DIRECTION('center_axis',(0.,0.,1.));
#2316=DIRECTION('ref_axis',(-0.866025403784443,-0.499999999999992,0.));
#2317=DIRECTION('',(-0.451697051905648,-0.260787414509881,-0.853205542488443));
#2318=DIRECTION('center_axis',(-0.877747012107363,0.301169583990835,0.372635296792165));
#2319=DIRECTION('ref_axis',(0.159780962684368,0.917216880629679,-0.364942787093563));
#2320=DIRECTION('',(0.324543927460632,0.945870624952709,0.));
#2321=DIRECTION('',(0.451697051905648,0.260787414509881,0.853205542488443));
#2322=DIRECTION('center_axis',(0.877747012107363,-0.301169583990835,-0.372635296792165));
#2323=DIRECTION('ref_axis',(-0.324543927460632,-0.945870624952709,-2.84905280912066E-17));
#2324=DIRECTION('center_axis',(-0.451697051905648,-0.260787414509881,-0.853205542488443));
#2325=DIRECTION('ref_axis',(-0.507678662208714,0.86152933123907,0.00543942577222355));
#2326=DIRECTION('center_axis',(0.,0.,1.));
#2327=DIRECTION('ref_axis',(-0.866025403784443,-0.499999999999992,0.));
#2328=DIRECTION('',(-0.451697051905648,-0.260787414509881,-0.853205542488442));
#2329=DIRECTION('center_axis',(-1.58206781009085E-15,-0.521574829019766,
0.853205542488445));
#2330=DIRECTION('ref_axis',(2.45326946669338E-15,0.853205542488432,0.521574829019787));
#2331=DIRECTION('',(-1.58206781009085E-15,-0.521574829019766,0.853205542488445));
#2332=DIRECTION('center_axis',(0.,0.,1.));
#2333=DIRECTION('ref_axis',(2.91830985374631E-15,1.,0.));
#2334=DIRECTION('center_axis',(-0.70710678118654,0.603307424839533,0.368809098496094));
#2335=DIRECTION('ref_axis',(0.707106781186555,0.603307424839519,0.368809098496088));
#2336=DIRECTION('',(0.64906301607304,0.760734645698596,0.));
#2337=DIRECTION('',(-2.91433543964104E-15,-0.521574829019767,0.853205542488444));
#2338=DIRECTION('center_axis',(0.70710678118654,-0.603307424839533,-0.368809098496094));
#2339=DIRECTION('ref_axis',(-0.64906301607304,-0.760734645698596,-1.51351151901397E-17));
#2340=DIRECTION('center_axis',(0.,0.,-1.));
#2341=DIRECTION('ref_axis',(-1.,0.,0.));
#2342=DIRECTION('center_axis',(0.,0.,-1.));
#2343=DIRECTION('ref_axis',(-1.,0.,0.));
#2344=DIRECTION('',(0.,0.,-1.));
#2345=DIRECTION('center_axis',(0.,0.,1.));
#2346=DIRECTION('ref_axis',(-1.,0.,0.));
#2347=DIRECTION('center_axis',(0.,0.,-1.));
#2348=DIRECTION('ref_axis',(-0.499999999999999,0.866025403784439,0.));
#2349=DIRECTION('center_axis',(0.,0.,-1.));
#2350=DIRECTION('ref_axis',(-0.499999999999999,0.866025403784439,0.));
#2351=DIRECTION('',(0.,0.,-1.));
#2352=DIRECTION('center_axis',(0.,0.,-1.));
#2353=DIRECTION('ref_axis',(-0.499999999999999,0.866025403784439,0.));
#2354=DIRECTION('center_axis',(0.,0.,1.));
#2355=DIRECTION('ref_axis',(-0.499999999999999,0.866025403784439,0.));
#2356=DIRECTION('center_axis',(0.,0.,-1.));
#2357=DIRECTION('ref_axis',(0.5,0.866025403784438,0.));
#2358=DIRECTION('center_axis',(0.,0.,-1.));
#2359=DIRECTION('ref_axis',(0.5,0.866025403784438,0.));
#2360=DIRECTION('',(0.,0.,-1.));
#2361=DIRECTION('center_axis',(0.,0.,-1.));
#2362=DIRECTION('ref_axis',(0.5,0.866025403784438,0.));
#2363=DIRECTION('center_axis',(0.,0.,1.));
#2364=DIRECTION('ref_axis',(0.5,0.866025403784438,0.));
#2365=DIRECTION('center_axis',(0.,0.,-1.));
#2366=DIRECTION('ref_axis',(1.,-1.69932095605891E-16,0.));
#2367=DIRECTION('center_axis',(0.,0.,-1.));
#2368=DIRECTION('ref_axis',(1.,-1.69932095605891E-16,0.));
#2369=DIRECTION('',(0.,0.,-1.));
#2370=DIRECTION('center_axis',(0.,0.,-1.));
#2371=DIRECTION('ref_axis',(1.,-1.69932095605891E-16,0.));
#2372=DIRECTION('center_axis',(0.,0.,1.));
#2373=DIRECTION('ref_axis',(1.,-1.66533453693773E-16,0.));
#2374=DIRECTION('center_axis',(0.,0.,-1.));
#2375=DIRECTION('ref_axis',(0.5,-0.866025403784439,0.));
#2376=DIRECTION('center_axis',(0.,0.,-1.));
#2377=DIRECTION('ref_axis',(0.5,-0.866025403784439,0.));
#2378=DIRECTION('',(0.,0.,-1.));
#2379=DIRECTION('center_axis',(0.,0.,-1.));
#2380=DIRECTION('ref_axis',(0.5,-0.866025403784439,0.));
#2381=DIRECTION('center_axis',(0.,0.,1.));
#2382=DIRECTION('ref_axis',(0.5,-0.866025403784439,0.));
#2383=DIRECTION('center_axis',(0.,0.,-1.));
#2384=DIRECTION('ref_axis',(-0.5,-0.866025403784439,0.));
#2385=DIRECTION('center_axis',(0.,0.,-1.));
#2386=DIRECTION('ref_axis',(-0.5,-0.866025403784439,0.));
#2387=DIRECTION('',(0.,0.,-1.));
#2388=DIRECTION('center_axis',(0.,0.,-1.));
#2389=DIRECTION('ref_axis',(-0.5,-0.866025403784439,0.));
#2390=DIRECTION('center_axis',(0.,0.,1.));
#2391=DIRECTION('ref_axis',(-0.5,-0.866025403784439,0.));
#2392=DIRECTION('center_axis',(0.,0.,-1.));
#2393=DIRECTION('ref_axis',(-1.,0.,0.));
#2394=DIRECTION('center_axis',(0.,0.,-1.));
#2395=DIRECTION('ref_axis',(-1.,0.,0.));
#2396=DIRECTION('',(0.,0.,-1.));
#2397=DIRECTION('center_axis',(0.,0.,-1.));
#2398=DIRECTION('ref_axis',(-1.,0.,0.));
#2399=DIRECTION('center_axis',(0.,0.,1.));
#2400=DIRECTION('ref_axis',(-1.,0.,0.));
#2401=DIRECTION('center_axis',(0.877747012107362,-0.301169583990834,-0.372635296792168));
#2402=DIRECTION('ref_axis',(-0.324543927460632,-0.945870624952709,-2.84905280912066E-17));
#2403=DIRECTION('',(0.877747012107362,-0.301169583990834,-0.372635296792168));
#2404=DIRECTION('center_axis',(-0.878617293148205,0.296092096014442,0.374647998604952));
#2405=DIRECTION('ref_axis',(-0.154923934499264,-0.91886854071257,0.362876259085683));
#2406=DIRECTION('center_axis',(0.159780962684369,0.917216880629677,-0.364942787093567));
#2407=DIRECTION('ref_axis',(0.985163671284909,-0.171617425631663,1.92420179400148E-16));
#2408=DIRECTION('center_axis',(0.159780962684369,0.917216880629679,-0.364942787093563));
#2409=DIRECTION('ref_axis',(0.985163671284909,-0.171617425631663,1.92420179400148E-16));
#2410=DIRECTION('',(0.159780962684369,0.917216880629677,-0.364942787093567));
#2411=DIRECTION('center_axis',(-0.154923934499074,-0.918868540712443,0.362876259086086));
#2412=DIRECTION('ref_axis',(0.878617293146721,-0.296092096015316,-0.37464799860774));
#2413=DIRECTION('center_axis',(0.707106781186538,-0.603307424839532,-0.3688090984961));
#2414=DIRECTION('ref_axis',(-0.707106781186557,-0.603307424853011,-0.368809098474015));
#2415=DIRECTION('center_axis',(-0.707106781186536,0.603307424839537,0.368809098496096));
#2416=DIRECTION('ref_axis',(-0.64906301607304,-0.760734645698596,-1.51351151901397E-17));
#2417=DIRECTION('',(0.707106781186538,-0.603307424839532,-0.3688090984961));
#2418=DIRECTION('',(0.707106781186538,-0.603307424839532,-0.3688090984961));
#2419=DIRECTION('center_axis',(0.707106781186557,0.603307424839517,0.368809098496088));
#2420=DIRECTION('ref_axis',(-2.8855356339124E-15,-0.521574829019767,0.853205542488444));
#2421=DIRECTION('',(2.94209101525666E-15,0.521574829019767,-0.853205542488444));
#2422=DIRECTION('center_axis',(-0.707106781186556,-0.603307424839519,-0.368809098496087));
#2423=DIRECTION('ref_axis',(-0.649063016073023,0.760734645698611,5.32992334408926E-18));
#2424=DIRECTION('',(-0.707106781186556,-0.603307424839519,-0.368809098496087));
#2425=DIRECTION('center_axis',(0.707106781186561,0.603307424839515,0.368809098496085));
#2426=DIRECTION('ref_axis',(-0.649063016073023,0.760734645698611,5.32992334408926E-18));
#2427=DIRECTION('center_axis',(-0.45169705190565,0.260787414509879,0.853205542488442));
#2428=DIRECTION('ref_axis',(-0.159780962684369,0.917216880629679,-0.364942787093562));
#2429=DIRECTION('',(0.154923934499057,-0.918868540712449,0.362876259086077));
#2430=DIRECTION('',(-0.877747012107362,-0.301169583990834,-0.372635296792168));
#2431=DIRECTION('',(-0.159780962684369,0.917216880629679,-0.364942787093562));
#2432=DIRECTION('',(-0.877747012107362,-0.301169583990834,-0.372635296792168));
#2433=DIRECTION('center_axis',(-0.877747012107362,-0.301169583990834,-0.372635296792168));
#2434=DIRECTION('ref_axis',(0.159780962684419,-0.91721688062971,0.364942787093463));
#2435=DIRECTION('center_axis',(0.878617293148206,0.296092096014442,0.37464799860495));
#2436=DIRECTION('ref_axis',(-0.154923934498295,0.918868540712009,-0.362876259087517));
#2437=DIRECTION('center_axis',(-0.877747012107364,-0.301169583990835,-0.372635296792163));
#2438=DIRECTION('ref_axis',(-0.324543927460631,0.945870624952709,3.36848512582757E-17));
#2439=DIRECTION('',(-0.877747012107362,-0.301169583990834,-0.372635296792168));
#2440=DIRECTION('center_axis',(0.451697051905651,-0.260787414509883,-0.85320554248844));
#2441=DIRECTION('ref_axis',(0.159780962684367,-0.917216880629678,0.364942787093566));
#2442=DIRECTION('',(-0.154923934499055,0.918868540712448,-0.362876259086081));
#2443=DIRECTION('',(0.159780962684367,-0.917216880629678,0.364942787093566));
#2444=DIRECTION('',(-0.877747012107362,-0.301169583990834,-0.372635296792168));
#2445=DIRECTION('center_axis',(-0.877747012107362,-0.301169583990834,-0.372635296792168));
#2446=DIRECTION('ref_axis',(-0.324543927460631,0.945870624952709,3.36848512582757E-17));
#2447=DIRECTION('center_axis',(0.878617293148206,0.296092096014442,0.37464799860495));
#2448=DIRECTION('ref_axis',(-0.154923934498295,0.918868540712009,-0.362876259087517));
#2449=DIRECTION('center_axis',(-0.877747012107364,-0.301169583990835,-0.372635296792163));
#2450=DIRECTION('ref_axis',(-0.324543927460631,0.945870624952709,3.36848512582757E-17));
#2451=DIRECTION('center_axis',(-0.159780962684367,0.917216880629677,-0.364942787093568));
#2452=DIRECTION('ref_axis',(0.985163671284909,0.171617425631662,2.48273505779899E-17));
#2453=DIRECTION('',(-0.159780962684367,0.917216880629677,-0.364942787093568));
#2454=DIRECTION('center_axis',(0.154923934499061,-0.918868540712447,0.362876259086083));
#2455=DIRECTION('ref_axis',(0.878617293147651,0.296092096014768,0.374647998605993));
#2456=DIRECTION('center_axis',(0.,0.,1.));
#2457=DIRECTION('ref_axis',(1.,0.,0.));
#2458=DIRECTION('center_axis',(0.,0.,1.));
#2459=DIRECTION('ref_axis',(1.,0.,0.));
#2460=DIRECTION('center_axis',(0.,0.,1.));
#2461=DIRECTION('ref_axis',(1.,0.,0.));
#2462=DIRECTION('center_axis',(0.,0.,-1.));
#2463=DIRECTION('ref_axis',(1.,0.,0.));
#2464=DIRECTION('',(-0.324543927460631,0.945870624952709,0.));
#2465=DIRECTION('',(0.324543927460631,-0.945870624952709,0.));
#2466=DIRECTION('',(0.985163671284909,-0.171617425631663,0.));
#2467=DIRECTION('',(-0.985163671284909,0.171617425631663,0.));
#2468=DIRECTION('center_axis',(0.,0.,-1.));
#2469=DIRECTION('ref_axis',(1.,0.,0.));
#2470=DIRECTION('',(0.,0.,1.));
#2471=DIRECTION('center_axis',(1.05804483813446E-15,-0.521574829019766,
0.853205542488445));
#2472=DIRECTION('ref_axis',(1.,5.51849555545227E-16,-9.02729720097608E-16));
#2473=DIRECTION('',(-0.681998360062526,0.623995031740889,0.381455681874988));
#2474=DIRECTION('',(-0.70710678118654,0.603307424839536,0.368809098496088));
#2475=DIRECTION('',(-0.731353701619127,0.581884780773388,0.355713178041392));
#2476=DIRECTION('center_axis',(-1.64907496537444E-16,0.52157482901977,-0.853205542488443));
#2477=DIRECTION('ref_axis',(-0.681998360062528,0.623995031740891,0.38145568187498));
#2478=DIRECTION('',(0.731353701619134,0.581884780773386,0.355713178041382));
#2479=DIRECTION('',(0.70710678118656,0.603307424839512,0.368809098496092));
#2480=DIRECTION('',(0.681998360062538,0.623995031740892,0.381455681874961));
#2481=DIRECTION('center_axis',(2.08026559997096E-14,0.521574829019787,-0.853205542488432));
#2482=DIRECTION('ref_axis',(0.731353701619117,0.581884780773386,0.355713178041415));
#2483=DIRECTION('',(0.681998360062532,-0.623995031740888,-0.381455681874978));
#2484=DIRECTION('',(0.707106781186535,-0.603307424839533,-0.368809098496105));
#2485=DIRECTION('',(0.731353701619126,-0.581884780773392,-0.355713178041386));
#2486=DIRECTION('center_axis',(-1.64907496537444E-16,0.52157482901977,-0.853205542488443));
#2487=DIRECTION('ref_axis',(0.681998360062524,-0.623995031740895,-0.381455681874982));
#2488=DIRECTION('',(-0.731353701619134,-0.581884780773386,-0.355713178041382));
#2489=DIRECTION('',(-0.707106781186565,-0.603307424839513,-0.36880909849608));
#2490=DIRECTION('',(-0.681998360062549,-0.623995031740875,-0.381455681874969));
#2491=DIRECTION('center_axis',(1.01973894699811E-14,0.521574829019778,-0.853205542488437));
#2492=DIRECTION('ref_axis',(-0.731353701619124,-0.581884780773387,-0.355713178041399));
#2493=DIRECTION('center_axis',(0.731353701619145,0.581884780773377,0.355713178041374));
#2494=DIRECTION('ref_axis',(0.681998360062526,-0.623995031740889,-0.381455681874988));
#2495=DIRECTION('',(1.6375789613221E-15,0.521574829019766,-0.853205542488445));
#2496=DIRECTION('',(1.6375789613221E-15,0.521574829019766,-0.853205542488445));
#2497=DIRECTION('center_axis',(0.707106781186555,0.60330742483952,0.368809098496088));
#2498=DIRECTION('ref_axis',(0.70710678118654,-0.603307424839536,-0.368809098496088));
#2499=DIRECTION('',(1.6375789613221E-15,0.521574829019766,-0.853205542488445));
#2500=DIRECTION('center_axis',(0.681998360062545,0.623995031740879,0.38145568187497));
#2501=DIRECTION('ref_axis',(0.731353701619127,-0.581884780773388,-0.355713178041392));
#2502=DIRECTION('',(1.6375789613221E-15,0.521574829019766,-0.853205542488445));
#2503=DIRECTION('center_axis',(1.6375789613221E-15,0.521574829019766,-0.853205542488445));
#2504=DIRECTION('ref_axis',(-0.681998360062528,0.623995031740894,0.381455681874977));
#2505=DIRECTION('',(1.6375789613221E-15,0.521574829019766,-0.853205542488445));
#2506=DIRECTION('center_axis',(0.681998360062538,-0.623995031740886,-0.381455681874972));
#2507=DIRECTION('ref_axis',(-0.731353701619134,-0.581884780773386,-0.355713178041382));
#2508=DIRECTION('',(1.6375789613221E-15,0.521574829019766,-0.853205542488445));
#2509=DIRECTION('center_axis',(0.707106781186536,-0.603307424839537,-0.368809098496096));
#2510=DIRECTION('ref_axis',(-0.70710678118656,-0.603307424839512,-0.368809098496092));
#2511=DIRECTION('',(1.6375789613221E-15,0.521574829019766,-0.853205542488445));
#2512=DIRECTION('center_axis',(0.731353701619134,-0.581884780773388,-0.355713178041378));
#2513=DIRECTION('ref_axis',(-0.681998360062538,-0.623995031740892,-0.381455681874961));
#2514=DIRECTION('',(1.6375789613221E-15,0.521574829019766,-0.853205542488445));
#2515=DIRECTION('center_axis',(1.6375789613221E-15,0.521574829019766,-0.853205542488445));
#2516=DIRECTION('ref_axis',(0.731353701619117,0.581884780773402,0.355713178041389));
#2517=DIRECTION('',(1.6375789613221E-15,0.521574829019766,-0.853205542488445));
#2518=DIRECTION('center_axis',(-0.731353701619139,-0.581884780773382,-0.355713178041377));
#2519=DIRECTION('ref_axis',(-0.681998360062532,0.623995031740888,0.381455681874978));
#2520=DIRECTION('',(1.6375789613221E-15,0.521574829019766,-0.853205542488445));
#2521=DIRECTION('center_axis',(-0.707106781186561,-0.603307424839515,-0.368809098496085));
#2522=DIRECTION('ref_axis',(-0.707106781186535,0.603307424839533,0.368809098496105));
#2523=DIRECTION('',(1.6375789613221E-15,0.521574829019766,-0.853205542488445));
#2524=DIRECTION('center_axis',(-0.681998360062546,-0.623995031740879,-0.38145568187497));
#2525=DIRECTION('ref_axis',(-0.731353701619126,0.581884780773392,0.355713178041386));
#2526=DIRECTION('',(1.6375789613221E-15,0.521574829019766,-0.853205542488445));
#2527=DIRECTION('center_axis',(1.6375789613221E-15,0.521574829019766,-0.853205542488445));
#2528=DIRECTION('ref_axis',(0.681998360062524,-0.623995031740897,-0.381455681874979));
#2529=DIRECTION('',(1.6375789613221E-15,0.521574829019766,-0.853205542488445));
#2530=DIRECTION('center_axis',(-0.681998360062538,0.623995031740886,0.381455681874972));
#2531=DIRECTION('ref_axis',(0.731353701619134,0.581884780773386,0.355713178041382));
#2532=DIRECTION('',(1.6375789613221E-15,0.521574829019766,-0.853205542488445));
#2533=DIRECTION('center_axis',(-0.707106781186531,0.603307424839542,0.368809098496099));
#2534=DIRECTION('ref_axis',(0.707106781186565,0.603307424839513,0.36880909849608));
#2535=DIRECTION('',(1.6375789613221E-15,0.521574829019766,-0.853205542488445));
#2536=DIRECTION('center_axis',(-0.731353701619123,0.581884780773398,0.355713178041384));
#2537=DIRECTION('ref_axis',(0.681998360062549,0.623995031740875,0.381455681874969));
#2538=DIRECTION('',(1.6375789613221E-15,0.521574829019766,-0.853205542488445));
#2539=DIRECTION('center_axis',(1.6375789613221E-15,0.521574829019766,-0.853205542488445));
#2540=DIRECTION('ref_axis',(-0.731353701619124,-0.581884780773396,-0.355713178041386));
#2541=DIRECTION('center_axis',(-0.877747012107364,-0.301169583990835,-0.372635296792163));
#2542=DIRECTION('ref_axis',(-0.159780962684368,0.917216880629679,-0.364942787093565));
#2543=DIRECTION('center_axis',(0.877747012107364,0.301169583990835,0.372635296792163));
#2544=DIRECTION('ref_axis',(0.159780962684368,-0.917216880629679,0.364942787093565));
#2545=DIRECTION('center_axis',(-0.451697051905647,0.260787414509883,0.853205542488443));
#2546=DIRECTION('ref_axis',(-0.499999999999997,-0.866025403784441,-2.87812177259505E-17));
#2547=DIRECTION('',(0.878617293148202,0.296092096014461,0.374647998604944));
#2548=DIRECTION('',(0.872675295891485,0.327979774316272,0.361755574359479));
#2549=DIRECTION('center_axis',(0.45169705190563,-0.26078741450989,-0.853205542488449));
#2550=DIRECTION('ref_axis',(0.883488830573851,0.263843675103138,0.387083971974195));
#2551=DIRECTION('',(0.124166257699132,-0.928642255952918,0.349580178081749));
#2552=DIRECTION('',(0.154923934499056,-0.918868540712449,0.362876259086079));
#2553=DIRECTION('',(0.18549286034901,-0.907975325695963,0.375730231265535));
#2554=DIRECTION('center_axis',(0.451697051905646,-0.260787414509884,-0.853205542488443));
#2555=DIRECTION('ref_axis',(0.124166257699154,-0.928642255952913,0.349580178081756));
#2556=DIRECTION('',(-0.883488830573845,-0.263843675103127,-0.387083971974215));
#2557=DIRECTION('',(-0.878617293148205,-0.296092096014448,-0.374647998604946));
#2558=DIRECTION('',(-0.872675295891485,-0.32797977431629,-0.361755574359461));
#2559=DIRECTION('center_axis',(0.45169705190563,-0.26078741450989,-0.853205542488449));
#2560=DIRECTION('ref_axis',(-0.883488830573858,-0.263843675103086,-0.387083971974214));
#2561=DIRECTION('',(-0.124166257699113,0.928642255952918,-0.349580178081757));
#2562=DIRECTION('',(-0.154923934499069,0.918868540712442,-0.362876259086091));
#2563=DIRECTION('',(-0.185492860349005,0.907975325695969,-0.375730231265524));
#2564=DIRECTION('center_axis',(0.451697051905646,-0.260787414509885,-0.853205542488443));
#2565=DIRECTION('ref_axis',(-0.124166257699181,0.928642255952905,-0.349580178081768));
#2566=DIRECTION('',(0.883488830573848,0.263843675103105,0.387083971974224));
#2567=DIRECTION('center_axis',(0.154923934499073,-0.918868540712443,0.362876259086088));
#2568=DIRECTION('ref_axis',(-0.878617293148202,-0.296092096014461,-0.374647998604944));
#2569=DIRECTION('',(0.451697051905647,-0.260787414509883,-0.853205542488443));
#2570=DIRECTION('',(0.451697051905647,-0.260787414509883,-0.853205542488443));
#2571=DIRECTION('center_axis',(0.185492860349005,-0.907975325695967,0.375730231265527));
#2572=DIRECTION('ref_axis',(-0.872675295891485,-0.327979774316272,-0.361755574359479));
#2573=DIRECTION('',(0.451697051905647,-0.260787414509883,-0.853205542488443));
#2574=DIRECTION('center_axis',(0.451697051905647,-0.260787414509883,-0.853205542488443));
#2575=DIRECTION('ref_axis',(0.883488830573842,0.263843675103143,0.387083971974211));
#2576=DIRECTION('',(0.451697051905647,-0.260787414509883,-0.853205542488443));
#2577=DIRECTION('center_axis',(-0.883488830573845,-0.263843675103125,-0.387083971974218));
#2578=DIRECTION('ref_axis',(-0.124166257699132,0.928642255952918,-0.349580178081749));
#2579=DIRECTION('',(0.451697051905647,-0.260787414509883,-0.853205542488443));
#2580=DIRECTION('center_axis',(-0.878617293148206,-0.296092096014442,-0.37464799860495));
#2581=DIRECTION('ref_axis',(-0.154923934499056,0.918868540712449,-0.362876259086079));
#2582=DIRECTION('',(0.451697051905647,-0.260787414509883,-0.853205542488443));
#2583=DIRECTION('center_axis',(-0.872675295891484,-0.327979774316279,-0.361755574359475));
#2584=DIRECTION('ref_axis',(-0.18549286034901,0.907975325695963,-0.375730231265535));
#2585=DIRECTION('',(0.451697051905647,-0.260787414509883,-0.853205542488443));
#2586=DIRECTION('center_axis',(0.451697051905647,-0.260787414509883,-0.853205542488443));
#2587=DIRECTION('ref_axis',(0.124166257699154,-0.928642255952913,0.349580178081755));
#2588=DIRECTION('',(0.451697051905647,-0.260787414509883,-0.853205542488443));
#2589=DIRECTION('center_axis',(-0.124166257699136,0.928642255952918,-0.349580178081747));
#2590=DIRECTION('ref_axis',(0.883488830573845,0.263843675103127,0.387083971974216));
#2591=DIRECTION('',(0.451697051905647,-0.260787414509883,-0.853205542488443));
#2592=DIRECTION('center_axis',(-0.154923934499061,0.918868540712447,-0.362876259086083));
#2593=DIRECTION('ref_axis',(0.878617293148205,0.296092096014448,0.374647998604946));
#2594=DIRECTION('',(0.451697051905647,-0.260787414509883,-0.853205542488443));
#2595=DIRECTION('center_axis',(-0.185492860349026,0.90797532569596,-0.375730231265535));
#2596=DIRECTION('ref_axis',(0.872675295891485,0.32797977431629,0.361755574359461));
#2597=DIRECTION('',(0.451697051905647,-0.260787414509883,-0.853205542488443));
#2598=DIRECTION('center_axis',(0.451697051905647,-0.260787414509883,-0.853205542488443));
#2599=DIRECTION('ref_axis',(-0.883488830573849,-0.263843675103091,-0.387083971974231));
#2600=DIRECTION('',(0.451697051905647,-0.260787414509883,-0.853205542488443));
#2601=DIRECTION('center_axis',(0.883488830573846,0.263843675103112,0.387083971974223));
#2602=DIRECTION('ref_axis',(0.124166257699113,-0.928642255952918,0.349580178081757));
#2603=DIRECTION('',(0.451697051905647,-0.260787414509883,-0.853205542488443));
#2604=DIRECTION('center_axis',(0.878617293148203,0.296092096014459,0.374647998604943));
#2605=DIRECTION('ref_axis',(0.154923934499069,-0.918868540712442,0.362876259086091));
#2606=DIRECTION('',(0.451697051905647,-0.260787414509883,-0.853205542488443));
#2607=DIRECTION('center_axis',(0.872675295891486,0.327979774316269,0.361755574359479));
#2608=DIRECTION('ref_axis',(0.185492860349005,-0.907975325695969,0.375730231265524));
#2609=DIRECTION('',(0.451697051905647,-0.260787414509883,-0.853205542488443));
#2610=DIRECTION('center_axis',(0.451697051905647,-0.260787414509883,-0.853205542488443));
#2611=DIRECTION('ref_axis',(-0.124166257699182,0.928642255952905,-0.349580178081767));
#2612=DIRECTION('',(0.451697051905647,-0.260787414509883,-0.853205542488443));
#2613=DIRECTION('center_axis',(0.124166257699116,-0.928642255952925,0.349580178081738));
#2614=DIRECTION('ref_axis',(-0.883488830573848,-0.263843675103106,-0.387083971974224));
#2615=DIRECTION('center_axis',(0.159780962684369,0.917216880629679,-0.364942787093563));
#2616=DIRECTION('ref_axis',(0.877747012107363,-0.301169583990835,-0.372635296792165));
#2617=DIRECTION('center_axis',(-0.159780962684369,-0.917216880629679,0.364942787093563));
#2618=DIRECTION('ref_axis',(-0.877747012107363,0.301169583990835,0.372635296792165));
#2619=DIRECTION('center_axis',(0.45169705190565,0.260787414509881,0.853205542488442));
#2620=DIRECTION('ref_axis',(-0.499999999999992,0.866025403784443,9.99396025163704E-16));
#2621=DIRECTION('',(-0.15492393449906,-0.918868540712446,0.362876259086084));
#2622=DIRECTION('',(-0.124166257699133,-0.928642255952919,0.349580178081747));
#2623=DIRECTION('center_axis',(-0.451697051905646,-0.260787414509884,-0.853205542488443));
#2624=DIRECTION('ref_axis',(-0.185492860349003,-0.907975325695968,0.375730231265527));
#2625=DIRECTION('',(-0.872675295891483,0.327979774316272,0.361755574359485));
#2626=DIRECTION('',(-0.878617293148207,0.296092096014459,0.374647998604934));
#2627=DIRECTION('',(-0.883488830573839,0.263843675103112,0.387083971974241));
#2628=DIRECTION('center_axis',(-0.451697051905615,-0.260787414509896,-0.853205542488456));
#2629=DIRECTION('ref_axis',(-0.872675295891503,0.327979774316257,0.361755574359449));
#2630=DIRECTION('',(0.185492860349028,0.907975325695963,-0.375730231265526));
#2631=DIRECTION('',(0.154923934499059,0.918868540712451,-0.362876259086071));
#2632=DIRECTION('',(0.124166257699118,0.928642255952914,-0.349580178081765));
#2633=DIRECTION('center_axis',(-0.451697051905646,-0.260787414509884,-0.853205542488443));
#2634=DIRECTION('ref_axis',(0.185492860349028,0.907975325695959,-0.375730231265537));
#2635=DIRECTION('',(0.872675295891483,-0.327979774316287,-0.361755574359471));
#2636=DIRECTION('',(0.878617293148201,-0.296092096014453,-0.374647998604953));
#2637=DIRECTION('',(0.883488830573857,-0.263843675103123,-0.387083971974192));
#2638=DIRECTION('center_axis',(-0.451697051905677,-0.260787414509873,-0.85320554248843));
#2639=DIRECTION('ref_axis',(0.872675295891472,-0.327979774316273,-0.36175557435951));
#2640=DIRECTION('',(-0.18549286034902,-0.90797532569596,0.375730231265538));
#2641=DIRECTION('center_axis',(-0.878617293148204,0.296092096014449,0.374647998604949));
#2642=DIRECTION('ref_axis',(0.15492393449906,0.918868540712446,-0.362876259086084));
#2643=DIRECTION('',(-0.451697051905648,-0.260787414509881,-0.853205542488443));
#2644=DIRECTION('',(-0.451697051905648,-0.260787414509881,-0.853205542488443));
#2645=DIRECTION('center_axis',(-0.883488830573844,0.263843675103125,0.387083971974219));
#2646=DIRECTION('ref_axis',(0.124166257699133,0.928642255952919,-0.349580178081747));
#2647=DIRECTION('',(-0.451697051905648,-0.260787414509881,-0.853205542488443));
#2648=DIRECTION('center_axis',(-0.451697051905648,-0.260787414509881,-0.853205542488443));
#2649=DIRECTION('ref_axis',(-0.185492860349004,-0.907975325695969,0.375730231265525));
#2650=DIRECTION('',(-0.451697051905648,-0.260787414509881,-0.853205542488443));
#2651=DIRECTION('center_axis',(0.185492860349005,0.907975325695968,-0.375730231265525));
#2652=DIRECTION('ref_axis',(0.872675295891483,-0.327979774316272,-0.361755574359485));
#2653=DIRECTION('',(-0.451697051905648,-0.260787414509881,-0.853205542488443));
#2654=DIRECTION('center_axis',(0.154923934499074,0.918868540712443,-0.362876259086086));
#2655=DIRECTION('ref_axis',(0.878617293148207,-0.296092096014459,-0.374647998604934));
#2656=DIRECTION('',(-0.451697051905648,-0.260787414509881,-0.853205542488443));
#2657=DIRECTION('center_axis',(0.124166257699117,0.928642255952925,-0.349580178081737));
#2658=DIRECTION('ref_axis',(0.883488830573839,-0.263843675103112,-0.387083971974241));
#2659=DIRECTION('',(-0.451697051905648,-0.260787414509881,-0.853205542488443));
#2660=DIRECTION('center_axis',(-0.451697051905648,-0.260787414509881,-0.853205542488443));
#2661=DIRECTION('ref_axis',(-0.872675295891486,0.327979774316267,0.361755574359482));
#2662=DIRECTION('',(-0.451697051905648,-0.260787414509881,-0.853205542488443));
#2663=DIRECTION('center_axis',(0.872675295891481,-0.327979774316291,-0.361755574359472));
#2664=DIRECTION('ref_axis',(-0.185492860349028,-0.907975325695963,0.375730231265526));
#2665=DIRECTION('',(-0.451697051905648,-0.260787414509881,-0.853205542488443));
#2666=DIRECTION('center_axis',(0.878617293148205,-0.296092096014442,-0.374647998604952));
#2667=DIRECTION('ref_axis',(-0.154923934499059,-0.918868540712451,0.362876259086071));
#2668=DIRECTION('',(-0.451697051905648,-0.260787414509881,-0.853205542488443));
#2669=DIRECTION('center_axis',(0.883488830573845,-0.26384367510312,-0.387083971974221));
#2670=DIRECTION('ref_axis',(-0.124166257699118,-0.928642255952914,0.349580178081765));
#2671=DIRECTION('',(-0.451697051905648,-0.260787414509881,-0.853205542488443));
#2672=DIRECTION('center_axis',(-0.451697051905648,-0.260787414509881,-0.853205542488443));
#2673=DIRECTION('ref_axis',(0.185492860349029,0.907975325695959,-0.375730231265535));
#2674=DIRECTION('',(-0.451697051905648,-0.260787414509881,-0.853205542488443));
#2675=DIRECTION('center_axis',(-0.185492860349021,-0.907975325695962,0.375730231265532));
#2676=DIRECTION('ref_axis',(-0.872675295891483,0.327979774316287,0.361755574359471));
#2677=DIRECTION('',(-0.451697051905648,-0.260787414509881,-0.853205542488443));
#2678=DIRECTION('center_axis',(-0.154923934499064,-0.918868540712446,0.362876259086082));
#2679=DIRECTION('ref_axis',(-0.878617293148201,0.296092096014453,0.374647998604953));
#2680=DIRECTION('',(-0.451697051905648,-0.260787414509881,-0.853205542488443));
#2681=DIRECTION('center_axis',(-0.124166257699139,-0.928642255952918,0.349580178081747));
#2682=DIRECTION('ref_axis',(-0.883488830573857,0.263843675103123,0.387083971974192));
#2683=DIRECTION('',(-0.451697051905648,-0.260787414509881,-0.853205542488443));
#2684=DIRECTION('center_axis',(-0.451697051905648,-0.260787414509881,-0.853205542488443));
#2685=DIRECTION('ref_axis',(0.872675295891486,-0.327979774316265,-0.361755574359483));
#2686=DIRECTION('',(-0.451697051905648,-0.260787414509881,-0.853205542488443));
#2687=DIRECTION('center_axis',(-0.872675295891481,0.327979774316289,0.361755574359473));
#2688=DIRECTION('ref_axis',(0.18549286034902,0.90797532569596,-0.375730231265538));
#2689=CARTESIAN_POINT('',(0.,0.,0.));
#2690=CARTESIAN_POINT('Origin',(20.5678707368832,-11.7004370789009,358.522510778649));
#2691=CARTESIAN_POINT('',(31.5407351091556,-16.3856886803886,336.462486642251));
#2692=CARTESIAN_POINT('',(30.1048030103096,-18.8224616096296,336.447101622854));
#2693=CARTESIAN_POINT('Origin',(31.8602970345243,-18.220122441648,337.192372216438));
#2694=CARTESIAN_POINT('',(10.1650921047615,-7.31026415074826,374.111));
#2695=CARTESIAN_POINT('',(18.8123767126684,-12.3027762468826,357.777240185065));
#2696=CARTESIAN_POINT('',(11.6091692138766,-4.87819374537861,374.111));
#2697=CARTESIAN_POINT('Origin',(12.3151411491091,-6.9357214298504,374.111));
#2698=CARTESIAN_POINT('',(20.2483088115144,-9.86600331764155,357.792625204462));
#2699=CARTESIAN_POINT('Origin',(42.486956952787,-24.5298560334195,344.746859084313));
#2700=CARTESIAN_POINT('',(49.5210097977653,-10.2163576848795,344.09576240688));
#2701=CARTESIAN_POINT('',(51.2765038219801,-9.61401851689779,344.841033000464));
#2702=CARTESIAN_POINT('',(51.5960657473488,-11.4484522781571,345.570918574651));
#2703=CARTESIAN_POINT('Origin',(49.840571723134,-12.0507914461388,344.825647981067));
#2704=CARTESIAN_POINT('',(54.8691108952644,-30.2372504572094,353.046616545773));
#2705=CARTESIAN_POINT('',(55.1886728206332,-32.0716842184687,353.77650211996));
#2706=CARTESIAN_POINT('',(53.4331787964184,-32.6740233864504,353.031231526376));
#2707=CARTESIAN_POINT('Origin',(53.1136168710496,-30.8395896251911,352.301345952189));
#2708=CARTESIAN_POINT('',(35.4529041078086,-38.8433543819596,345.397955761747));
#2709=CARTESIAN_POINT('',(33.6974100835939,-39.4456935499413,344.652685168163));
#2710=CARTESIAN_POINT('',(33.3778481582252,-37.6112597886819,343.922799593975));
#2711=CARTESIAN_POINT('Origin',(35.1333421824399,-37.0089206207002,344.66807018756));
#2712=CARTESIAN_POINT('',(29.7852410849409,-16.9880278483703,335.717216048667));
#2713=CARTESIAN_POINT('',(38.0323258424067,-16.0427061500412,339.794376471265));
#2714=CARTESIAN_POINT('',(33.9144198002459,-17.2724709487509,337.990193586485));
#2715=CARTESIAN_POINT('',(38.0323258424067,-16.0427061500412,339.794376471266));
#2716=CARTESIAN_POINT('',(32.0805726566746,-20.3511949229105,337.960363865604));
#2717=CARTESIAN_POINT('Origin',(34.2186271316089,-19.5476444758357,338.846665022785));
#2718=CARTESIAN_POINT('',(32.9451474469556,-24.5832315377794,339.711627419832));
#2719=CARTESIAN_POINT('',(32.0805726566748,-20.3511949229105,337.960363865604));
#2720=CARTESIAN_POINT('',(33.9541284962965,-30.5675937824651,342.074950232781));
#2721=CARTESIAN_POINT('',(32.9451474469556,-24.5832315377794,339.711627419832));
#2722=CARTESIAN_POINT('',(34.5328624486879,-34.8959581312373,343.704329436826));
#2723=CARTESIAN_POINT('',(33.9541284962965,-30.5675937824651,342.074950232781));
#2724=CARTESIAN_POINT('',(37.1518675914489,-36.4740806751899,345.573224234763));
#2725=CARTESIAN_POINT('Origin',(36.6974100835939,-34.2495411272347,344.652685168163));
#2726=CARTESIAN_POINT('',(41.2193721817014,-34.9453800876721,347.259352473048));
#2727=CARTESIAN_POINT('',(37.1518675914489,-36.4740806751898,345.573224234763));
#2728=CARTESIAN_POINT('',(46.9415880631673,-33.0170059167979,349.699341697361));
#2729=CARTESIAN_POINT('',(41.2193721817014,-34.9453800876721,347.259352473048));
#2730=CARTESIAN_POINT('',(51.059494105328,-31.787241118088,351.503524582142));
#2731=CARTESIAN_POINT('',(46.9415880631673,-33.0170059167979,349.699341697361));
#2732=CARTESIAN_POINT('',(52.8933412488993,-28.7085171439285,351.533354303022));
#2733=CARTESIAN_POINT('Origin',(50.7552867739651,-29.5120675910034,350.647053145842));
#2734=CARTESIAN_POINT('',(52.0287664586184,-24.4764805290596,349.782090748795));
#2735=CARTESIAN_POINT('',(52.8933412488992,-28.7085171439285,351.533354303022));
#2736=CARTESIAN_POINT('',(51.0197854092776,-18.492118284374,347.418767935845));
#2737=CARTESIAN_POINT('',(52.0287664586184,-24.4764805290596,349.782090748795));
#2738=CARTESIAN_POINT('',(50.4410514568861,-14.1637539356017,345.789388731801));
#2739=CARTESIAN_POINT('',(51.0197854092776,-18.492118284374,347.418767935845));
#2740=CARTESIAN_POINT('',(47.822046314125,-12.5856313916492,343.920493933864));
#2741=CARTESIAN_POINT('Origin',(48.2765038219801,-14.8101709396044,344.841033000464));
#2742=CARTESIAN_POINT('',(43.7545417238726,-14.1143319791669,342.234365695578));
#2743=CARTESIAN_POINT('',(47.822046314125,-12.5856313916493,343.920493933864));
#2744=CARTESIAN_POINT('',(38.0323258424067,-16.0427061500412,339.794376471266));
#2745=CARTESIAN_POINT('Origin',(18.4928147872997,-10.4683424856232,357.047354610878));
#2746=CARTESIAN_POINT('',(33.6305898955252,-1.04201947678501,374.111));
#2747=CARTESIAN_POINT('',(9.25581117095106,-5.28815328884176,374.111));
#2748=CARTESIAN_POINT('',(38.2285835001242,-3.69667232213237,365.425900969091));
#2749=CARTESIAN_POINT('Origin',(-20.5678707371788,-11.7004370824804,358.5225107799));
#2750=CARTESIAN_POINT('',(-30.1048030106053,-18.8224616132091,336.447101624104));
#2751=CARTESIAN_POINT('',(-31.5407351094512,-16.3856886839681,336.462486643502));
#2752=CARTESIAN_POINT('Origin',(-31.86029703482,-18.2201224452275,337.192372217689));
#2753=CARTESIAN_POINT('',(-11.6091692148344,-4.87819374934054,374.111));
#2754=CARTESIAN_POINT('',(-20.24830881181,-9.86600332122109,357.792625205713));
#2755=CARTESIAN_POINT('',(-10.1650921057192,-7.3102641547101,374.111));
#2756=CARTESIAN_POINT('Origin',(-12.3151411500669,-6.93572143381228,374.111));
#2757=CARTESIAN_POINT('',(-18.8123767129641,-12.3027762504621,357.777240186315));
#2758=CARTESIAN_POINT('Origin',(-42.4869569530827,-24.529856036999,344.746859085564));
#2759=CARTESIAN_POINT('',(-33.3778481585209,-37.6112597922614,343.922799595226));
#2760=CARTESIAN_POINT('',(-33.6974100838896,-39.4456935535207,344.652685169413));
#2761=CARTESIAN_POINT('',(-35.4529041081043,-38.8433543855391,345.397955762997));
#2762=CARTESIAN_POINT('Origin',(-35.1333421827356,-37.0089206242797,344.66807018881));
#2763=CARTESIAN_POINT('',(-53.4331787967141,-32.6740233900299,353.031231527627));
#2764=CARTESIAN_POINT('',(-55.1886728209288,-32.0716842220482,353.776502121211));
#2765=CARTESIAN_POINT('',(-54.8691108955601,-30.2372504607888,353.046616547024));
#2766=CARTESIAN_POINT('Origin',(-53.1136168713453,-30.8395896287705,352.301345953439));
#2767=CARTESIAN_POINT('',(-51.5960657476445,-11.4484522817366,345.570918575902));
#2768=CARTESIAN_POINT('',(-51.2765038222758,-9.61401852047729,344.841033001715));
#2769=CARTESIAN_POINT('',(-49.521009798061,-10.2163576884589,344.095762408131));
#2770=CARTESIAN_POINT('Origin',(-49.8405717234297,-12.0507914497182,344.825647982318));
#2771=CARTESIAN_POINT('',(-29.7852410852365,-16.9880278519498,335.717216049917));
#2772=CARTESIAN_POINT('',(-32.9451474472514,-24.5832315413589,339.711627421082));
#2773=CARTESIAN_POINT('',(-32.0805726569705,-20.35119492649,337.960363866855));
#2774=CARTESIAN_POINT('',(-32.9451474472514,-24.583231541359,339.711627421082));
#2775=CARTESIAN_POINT('',(-33.9144198005416,-17.2724709523304,337.990193587736));
#2776=CARTESIAN_POINT('Origin',(-34.2186271319046,-19.5476444794151,338.846665024036));
#2777=CARTESIAN_POINT('',(-38.0323258427024,-16.0427061536206,339.794376472516));
#2778=CARTESIAN_POINT('',(-33.9144198005416,-17.2724709523305,337.990193587736));
#2779=CARTESIAN_POINT('',(-43.7545417241683,-14.1143319827464,342.234365696829));
#2780=CARTESIAN_POINT('',(-38.0323258427025,-16.0427061536206,339.794376472516));
#2781=CARTESIAN_POINT('',(-47.8220463144208,-12.5856313952287,343.920493935114));
#2782=CARTESIAN_POINT('',(-43.7545417241683,-14.1143319827464,342.234365696829));
#2783=CARTESIAN_POINT('',(-50.4410514571819,-14.1637539391811,345.789388733052));
#2784=CARTESIAN_POINT('Origin',(-48.2765038222759,-14.8101709431839,344.841033001715));
#2785=CARTESIAN_POINT('',(-51.0197854095732,-18.4921182879534,347.418767937096));
#2786=CARTESIAN_POINT('',(-50.4410514571818,-14.1637539391812,345.789388733052));
#2787=CARTESIAN_POINT('',(-52.0287664589141,-24.476480532639,349.782090750046));
#2788=CARTESIAN_POINT('',(-51.0197854095732,-18.4921182879534,347.418767937096));
#2789=CARTESIAN_POINT('',(-52.893341249195,-28.708517147508,351.533354304273));
#2790=CARTESIAN_POINT('',(-52.0287664589141,-24.476480532639,349.782090750046));
#2791=CARTESIAN_POINT('',(-51.0594941056238,-31.7872411216676,351.503524583393));
#2792=CARTESIAN_POINT('Origin',(-50.7552867742608,-29.5120675945829,350.647053147092));
#2793=CARTESIAN_POINT('',(-46.9415880634631,-33.0170059203774,349.699341698612));
#2794=CARTESIAN_POINT('',(-51.0594941056237,-31.7872411216676,351.503524583393));
#2795=CARTESIAN_POINT('',(-41.2193721819972,-34.9453800912516,347.259352474299));
#2796=CARTESIAN_POINT('',(-46.9415880634631,-33.0170059203774,349.699341698612));
#2797=CARTESIAN_POINT('',(-37.1518675917447,-36.4740806787692,345.573224236014));
#2798=CARTESIAN_POINT('',(-41.2193721819972,-34.9453800912516,347.259352474299));
#2799=CARTESIAN_POINT('',(-34.5328624489837,-34.8959581348168,343.704329438076));
#2800=CARTESIAN_POINT('Origin',(-36.6974100838896,-34.2495411308141,344.652685169413));
#2801=CARTESIAN_POINT('',(-33.9541284965922,-30.5675937860445,342.074950234032));
#2802=CARTESIAN_POINT('',(-34.5328624489837,-34.8959581348168,343.704329438076));
#2803=CARTESIAN_POINT('',(-32.9451474472514,-24.583231541359,339.711627421082));
#2804=CARTESIAN_POINT('Origin',(-18.4928147875953,-10.4683424892028,357.047354612128));
#2805=CARTESIAN_POINT('',(-17.3958597089345,-28.3840544587074,374.111));
#2806=CARTESIAN_POINT('',(-9.43101630806002,-5.170828858763,374.111));
#2807=CARTESIAN_POINT('',(-22.0854218608797,-31.0915744295143,365.252938157437));
#2808=CARTESIAN_POINT('Origin',(-14.4852813633289,36.0203413479622,366.076997650273));
#2809=CARTESIAN_POINT('',(-15.899494925702,50.2663269231354,345.484477285054));
#2810=CARTESIAN_POINT('',(-15.899494925702,47.8530972237773,344.00924089107));
#2811=CARTESIAN_POINT('Origin',(-14.4852813633289,49.0597120734563,344.746859088062));
#2812=CARTESIAN_POINT('',(-15.899494925702,29.4515291624129,374.111));
#2813=CARTESIAN_POINT('',(-15.899494925702,34.8137264982831,365.339379453281));
#2814=CARTESIAN_POINT('',(-15.899494925702,32.7665886456142,374.111));
#2815=CARTESIAN_POINT('Origin',(-14.4852813633289,31.1090589040136,374.111));
#2816=CARTESIAN_POINT('',(-15.899494925702,37.2269561976413,366.814615847265));
#2817=CARTESIAN_POINT('Origin',(1.0909325909013E-8,21.248189295599,357.046603100217));
#2818=CARTESIAN_POINT('',(-1.41421355146372,35.4941748707723,336.454082734998));
#2819=CARTESIAN_POINT('',(1.09093669872649E-8,34.2875600210932,335.716464538006));
#2820=CARTESIAN_POINT('',(-1.41421355146378,12.474047590984,374.111));
#2821=CARTESIAN_POINT('',(-1.41421355146374,22.4548041452781,357.784221297209));
#2822=CARTESIAN_POINT('',(0.0950117975495457,10.7051592354166,374.111));
#2823=CARTESIAN_POINT('Origin',(1.09094876272869E-8,49.0597120734561,344.746859088062));
#2824=CARTESIAN_POINT('',(-1.41421355146346,62.6252492761401,353.039635441126));
#2825=CARTESIAN_POINT('',(-17.3137084880751,49.0597120734564,344.746859088062));
#2826=CARTESIAN_POINT('',(1.41421357328269,62.62524927614,353.039635441126));
#2827=CARTESIAN_POINT('Origin',(1.09096037759215E-8,61.418634426461,352.302017244134));
#2828=CARTESIAN_POINT('',(15.899494947521,50.266326923135,345.484477285054));
#2829=CARTESIAN_POINT('',(1.09096099321245E-8,63.8318641258191,353.777253638118));
#2830=CARTESIAN_POINT('',(15.899494947521,47.8530972237769,344.00924089107));
#2831=CARTESIAN_POINT('Origin',(14.4852813851479,49.059712073456,344.746859088062));
#2832=CARTESIAN_POINT('',(1.41421357328249,35.4941748707722,336.454082734998));
#2833=CARTESIAN_POINT('',(17.3137085098941,49.0597120734559,344.746859088062));
#2834=CARTESIAN_POINT('Origin',(1.09093989397735E-8,36.7007897204513,337.19170093199));
#2835=CARTESIAN_POINT('',(-1.79181655805747,37.981175563129,337.974416225923));
#2836=CARTESIAN_POINT('',(1.79181657987629,37.981175563129,337.974416225923));
#2837=CARTESIAN_POINT('Origin',(1.09094164303571E-8,39.4067932760239,338.845913512125));
#2838=CARTESIAN_POINT('',(4.97058361173692,40.8895914055965,339.75236587605));
#2839=CARTESIAN_POINT('',(1.79181657987629,37.981175563129,337.974416225923));
#2840=CARTESIAN_POINT('',(9.57579419062239,44.8187825958278,342.154327796332));
#2841=CARTESIAN_POINT('',(9.57579419062239,44.8187825958278,342.154327796332));
#2842=CARTESIAN_POINT('',(12.9846044920474,47.5309242456908,343.812292667468));
#2843=CARTESIAN_POINT('',(9.57579419062239,44.8187825958278,342.154327796332));
#2844=CARTESIAN_POINT('',(12.9846044920474,50.5884999012211,345.681425508656));
#2845=CARTESIAN_POINT('Origin',(11.3137085098943,49.059712073456,344.746859088062));
#2846=CARTESIAN_POINT('',(9.57579419062247,53.3006415510841,347.339390379792));
#2847=CARTESIAN_POINT('',(12.9846044920474,50.5884999012211,345.681425508656));
#2848=CARTESIAN_POINT('',(4.97058361173712,57.2298327413156,349.741352300074));
#2849=CARTESIAN_POINT('',(4.97058361173712,57.2298327413156,349.741352300074));
#2850=CARTESIAN_POINT('',(1.7918165798765,60.1382485837832,351.519301950201));
#2851=CARTESIAN_POINT('',(4.97058361173712,57.2298327413156,349.741352300074));
#2852=CARTESIAN_POINT('',(-1.7918165580573,60.1382485837832,351.519301950201));
#2853=CARTESIAN_POINT('Origin',(1.09096128088113E-8,58.7126308708884,350.647804663999));
#2854=CARTESIAN_POINT('',(-4.97058358991787,57.2298327413157,349.741352300074));
#2855=CARTESIAN_POINT('',(-1.7918165580573,60.1382485837832,351.519301950201));
#2856=CARTESIAN_POINT('',(-9.57579416880327,53.3006415510844,347.339390379792));
#2857=CARTESIAN_POINT('',(-4.97058358991787,57.2298327413157,349.741352300074));
#2858=CARTESIAN_POINT('',(-12.9846044702283,50.5884999012214,345.681425508656));
#2859=CARTESIAN_POINT('',(-9.57579416880327,53.3006415510844,347.339390379792));
#2860=CARTESIAN_POINT('',(-12.9846044702283,47.5309242456911,343.812292667468));
#2861=CARTESIAN_POINT('Origin',(-11.3137084880751,49.0597120734562,344.746859088062));
#2862=CARTESIAN_POINT('',(-9.57579416880336,44.8187825958281,342.154327796332));
#2863=CARTESIAN_POINT('',(-12.9846044702283,47.5309242456911,343.812292667468));
#2864=CARTESIAN_POINT('',(-4.97058358991807,40.8895914055966,339.75236587605));
#2865=CARTESIAN_POINT('',(-4.97058358991807,40.8895914055966,339.75236587605));
#2866=CARTESIAN_POINT('',(-4.97058358991807,40.8895914055966,339.75236587605));
#2867=CARTESIAN_POINT('Origin',(1.09093593880782E-8,23.6614189949571,358.521839494202));
#2868=CARTESIAN_POINT('',(1.41421357328241,12.474047590984,374.111));
#2869=CARTESIAN_POINT('Origin',(1.09093304816685E-8,14.1315773325846,374.111));
#2870=CARTESIAN_POINT('',(1.41421357328244,22.454804145278,357.784221297209));
#2871=CARTESIAN_POINT('Origin',(17.313708509894,36.0203413479617,366.076997650273));
#2872=CARTESIAN_POINT('',(15.8994949475209,29.4515291624125,374.111));
#2873=CARTESIAN_POINT('',(15.8994949475209,34.8137264982827,365.339379453281));
#2874=CARTESIAN_POINT('',(7.19895579431833,19.2540577209747,374.111));
#2875=CARTESIAN_POINT('Origin',(38.5481454254929,-5.53110608339172,366.155786543278));
#2876=CARTESIAN_POINT('',(36.4866108751054,-2.72500444035898,374.111));
#2877=CARTESIAN_POINT('Origin',(34.3365618307578,-3.09954716125679,374.111));
#2878=CARTESIAN_POINT('',(40.3036394497076,-4.92876691541005,366.901057136862));
#2879=CARTESIAN_POINT('Origin',(41.8211905734085,-24.319904262444,373.6314845144));
#2880=CARTESIAN_POINT('',(43.7173784783207,-23.7987947443564,374.111));
#2881=CARTESIAN_POINT('',(43.5766845976232,-23.7175650944623,374.376755107984));
#2882=CARTESIAN_POINT('',(42.2733013692056,-26.2308651497259,374.111));
#2883=CARTESIAN_POINT('Origin',(41.5673294339731,-24.1733374652542,374.111));
#2884=CARTESIAN_POINT('',(42.1407524987772,-26.1543380237034,374.361370088587));
#2885=CARTESIAN_POINT('Origin',(43.896246522992,-25.5519988557217,375.106640682171));
#2886=CARTESIAN_POINT('',(20.2518806875569,-30.0670394183195,374.111));
#2887=CARTESIAN_POINT('',(24.82158240636,-29.2709885003409,374.111));
#2888=CARTESIAN_POINT('',(24.1604778101675,-32.3236690192125,366.728094323958));
#2889=CARTESIAN_POINT('',(36.5879734992234,-33.0031047045746,359.579392672264));
#2890=CARTESIAN_POINT('Origin',(38.9800302113028,-32.5864037777565,359.579392672264));
#2891=CARTESIAN_POINT('Origin',(14.4852813851478,36.0203413479618,366.076997650273));
#2892=CARTESIAN_POINT('',(15.8994949475209,32.7665886456137,374.111));
#2893=CARTESIAN_POINT('',(15.8994949475209,37.2269561976408,366.814615847265));
#2894=CARTESIAN_POINT('Origin',(14.4852813851478,31.1090589040131,374.111));
#2895=CARTESIAN_POINT('Origin',(1.09095688538726E-8,50.7924934003249,375.107392200329));
#2896=CARTESIAN_POINT('',(1.41421357328266,49.7440702170426,374.111));
#2897=CARTESIAN_POINT('',(1.41421357328265,49.5858785506458,374.369774003337));
#2898=CARTESIAN_POINT('',(12.8405260715835,36.3518547082506,374.111));
#2899=CARTESIAN_POINT('',(10.279828113906,48.0238953874506,359.927125644196));
#2900=CARTESIAN_POINT('Origin',(8.65685426040167,49.9261027368905,359.927125644196));
#2901=CARTESIAN_POINT('Origin',(23.8409158847988,-30.4892352579532,365.998208749771));
#2902=CARTESIAN_POINT('',(17.3958597079769,-28.3840544547456,374.111));
#2903=CARTESIAN_POINT('Origin',(19.5459087523244,-28.0095117338478,374.111));
#2904=CARTESIAN_POINT('',(22.085421860584,-31.0915744259348,365.252938156186));
#2905=CARTESIAN_POINT('Origin',(-23.8409158850944,-30.4892352615327,365.998208751021));
#2906=CARTESIAN_POINT('',(-20.2518806885146,-30.0670394222813,374.111));
#2907=CARTESIAN_POINT('Origin',(-19.5459087532822,-28.0095117378096,374.111));
#2908=CARTESIAN_POINT('',(-24.1604778104631,-32.323669022792,366.728094325209));
#2909=CARTESIAN_POINT('Origin',(-41.8211905737042,-24.3199042660235,373.631484515651));
#2910=CARTESIAN_POINT('',(-42.2733013701634,-26.2308651536877,374.111));
#2911=CARTESIAN_POINT('',(-42.1407524990729,-26.1543380272828,374.361370089838));
#2912=CARTESIAN_POINT('',(-43.7173784792785,-23.7987947483181,374.111));
#2913=CARTESIAN_POINT('Origin',(-41.5673294349309,-24.173337469216,374.111));
#2914=CARTESIAN_POINT('',(-43.5766845979189,-23.7175650980418,374.376755109235));
#2915=CARTESIAN_POINT('Origin',(-43.8962465232876,-25.5519988593012,375.106640683422));
#2916=CARTESIAN_POINT('',(-36.4866108760632,-2.72500444432082,374.111));
#2917=CARTESIAN_POINT('',(-38.0407099314543,-7.25436555812399,374.111));
#2918=CARTESIAN_POINT('',(-40.3036394500033,-4.92876691898956,366.901057138113));
#2919=CARTESIAN_POINT('',(-46.7829890002208,-15.2642165450427,359.992139314094));
#2920=CARTESIAN_POINT('Origin',(-47.5943884467067,-17.6290086012026,359.992139314094));
#2921=CARTESIAN_POINT('Origin',(-38.5481454257885,-5.53110608697122,366.155786544529));
#2922=CARTESIAN_POINT('',(-33.6305898964831,-1.0420194807469,374.111));
#2923=CARTESIAN_POINT('Origin',(-34.3365618317156,-3.09954716521864,374.111));
#2924=CARTESIAN_POINT('',(-38.2285835004198,-3.69667232571187,365.425900970342));
#2925=CARTESIAN_POINT('Origin',(1.09095642242263E-8,48.3792637009668,373.632155806345));
#2926=CARTESIAN_POINT('',(-1.41421355146351,49.7440702170427,374.111));
#2927=CARTESIAN_POINT('',(-1.41421355146352,49.5858785506459,374.369774003337));
#2928=CARTESIAN_POINT('Origin',(1.0909563336323E-8,48.0865404754421,374.111));
#2929=CARTESIAN_POINT('Origin',(-17.3137084880751,36.0203413479622,366.076997650273));
#2930=CARTESIAN_POINT('',(-20.1344936290057,27.8029562119198,374.111));
#2931=CARTESIAN_POINT('',(-6.88874268533999,51.4604142483286,360.807207354892));
#2932=CARTESIAN_POINT('',(-6.88874268533818,51.4089163794506,360.891448895531));
#2933=CARTESIAN_POINT('',(-6.8887426853397,48.1876970997186,366.160802380632));
#2934=CARTESIAN_POINT('Origin',(-8.65668193844432,49.9262497443238,359.927215511611));
#2935=CARTESIAN_POINT('Origin',(0.,0.,384.111));
#2936=CARTESIAN_POINT('',(7.5,9.18485099360515E-16,384.111));
#2937=CARTESIAN_POINT('Origin',(0.,0.,384.111));
#2938=CARTESIAN_POINT('',(7.5,9.18485099360515E-16,374.111));
#2939=CARTESIAN_POINT('',(7.5,-9.18485099360515E-16,384.111));
#2940=CARTESIAN_POINT('Origin',(0.,0.,374.111));
#2941=CARTESIAN_POINT('Origin',(38.9711431702998,22.5,384.111));
#2942=CARTESIAN_POINT('',(40.1961431702998,20.3782377607281,384.111));
#2943=CARTESIAN_POINT('Origin',(38.9711431702998,22.5,384.111));
#2944=CARTESIAN_POINT('',(40.1961431702998,20.3782377607281,377.611));
#2945=CARTESIAN_POINT('',(40.1961431702998,20.3782377607281,384.111));
#2946=CARTESIAN_POINT('Origin',(38.9711431702998,22.5,377.611));
#2947=CARTESIAN_POINT('Origin',(38.9711431702998,22.5,377.611));
#2948=CARTESIAN_POINT('Origin',(38.9711431702997,-22.5,384.111));
#2949=CARTESIAN_POINT('',(37.7461431702997,-24.6217622392719,384.111));
#2950=CARTESIAN_POINT('Origin',(38.9711431702997,-22.5,384.111));
#2951=CARTESIAN_POINT('',(37.7461431702997,-24.6217622392719,377.611));
#2952=CARTESIAN_POINT('',(37.7461431702997,-24.6217622392719,384.111));
#2953=CARTESIAN_POINT('Origin',(38.9711431702997,-22.5,377.611));
#2954=CARTESIAN_POINT('Origin',(38.9711431702997,-22.5,377.611));
#2955=CARTESIAN_POINT('Origin',(-6.66133814775094E-15,-45.,384.111));
#2956=CARTESIAN_POINT('',(-2.45000000000001,-45.,384.111));
#2957=CARTESIAN_POINT('Origin',(-6.66133814775094E-15,-45.,384.111));
#2958=CARTESIAN_POINT('',(-2.45000000000001,-45.,377.611));
#2959=CARTESIAN_POINT('',(-2.45000000000001,-45.,384.111));
#2960=CARTESIAN_POINT('Origin',(-6.66133814775094E-15,-45.,377.611));
#2961=CARTESIAN_POINT('Origin',(-6.66133814775094E-15,-45.,377.611));
#2962=CARTESIAN_POINT('Origin',(-38.9711431702997,-22.5,384.111));
#2963=CARTESIAN_POINT('',(-40.1961431702997,-20.3782377607281,384.111));
#2964=CARTESIAN_POINT('Origin',(-38.9711431702997,-22.5,384.111));
#2965=CARTESIAN_POINT('',(-40.1961431702997,-20.3782377607281,377.611));
#2966=CARTESIAN_POINT('',(-40.1961431702997,-20.3782377607281,384.111));
#2967=CARTESIAN_POINT('Origin',(-38.9711431702997,-22.5,377.611));
#2968=CARTESIAN_POINT('Origin',(-38.9711431702997,-22.5,377.611));
#2969=CARTESIAN_POINT('Origin',(-38.9711431702997,22.5,384.111));
#2970=CARTESIAN_POINT('',(-37.7461431702997,24.6217622392719,384.111));
#2971=CARTESIAN_POINT('Origin',(-38.9711431702997,22.5,384.111));
#2972=CARTESIAN_POINT('',(-37.7461431702997,24.6217622392719,377.611));
#2973=CARTESIAN_POINT('',(-37.7461431702997,24.6217622392719,384.111));
#2974=CARTESIAN_POINT('Origin',(-38.9711431702997,22.5,377.611));
#2975=CARTESIAN_POINT('Origin',(-38.9711431702997,22.5,377.611));
#2976=CARTESIAN_POINT('Origin',(0.,45.,384.111));
#2977=CARTESIAN_POINT('',(2.45,45.,384.111));
#2978=CARTESIAN_POINT('Origin',(0.,45.,384.111));
#2979=CARTESIAN_POINT('',(2.45,45.,377.611));
#2980=CARTESIAN_POINT('',(2.45,45.,384.111));
#2981=CARTESIAN_POINT('Origin',(0.,45.,377.611));
#2982=CARTESIAN_POINT('Origin',(0.,45.,377.611));
#2983=CARTESIAN_POINT('Origin',(-47.5943884467067,-17.6290086012026,359.992139314094));
#2984=CARTESIAN_POINT('',(-45.0767789324257,-15.849645568703,359.267791539357));
#2985=CARTESIAN_POINT('',(-46.7829890002208,-15.2642165450426,359.992139314094));
#2986=CARTESIAN_POINT('Origin',(-45.8770191043234,-18.2182665573902,359.2630540244));
#2987=CARTESIAN_POINT('Origin',(-38.7530948856522,-32.5138518687542,359.861096511553));
#2988=CARTESIAN_POINT('',(-41.2164464953315,-32.0847312322539,359.861096511553));
#2989=CARTESIAN_POINT('Origin',(-38.7530948856522,-32.5138518687542,359.861096511553));
#2990=CARTESIAN_POINT('',(-40.9058498855611,-30.3017625433589,359.151687890357));
#2991=CARTESIAN_POINT('',(-41.2164464953315,-32.0847312322539,359.861096511553));
#2992=CARTESIAN_POINT('Origin',(-38.4404732881026,-30.7192588102035,359.147062779382));
#2993=CARTESIAN_POINT('Origin',(-8.65668193844428,49.9262497443237,359.927215511611));
#2994=CARTESIAN_POINT('',(-5.50507732611784,50.279863294891,360.085522331735));
#2995=CARTESIAN_POINT('',(-5.50507732611603,50.228365426013,360.169763872374));
#2996=CARTESIAN_POINT('Origin',(-7.27301657922219,48.7456987908861,359.205530488454));
#2997=CARTESIAN_POINT('',(-6.88874268533999,51.4604142483286,360.807207354892));
#2998=CARTESIAN_POINT('',(-6.88874268533818,51.4089163794506,360.891448895531));
#2999=CARTESIAN_POINT('Origin',(-6.88874268533968,51.4604142483289,360.807207354892));
#3000=CARTESIAN_POINT('',(-5.50507732611754,47.007146146281,365.439117357475));
#3001=CARTESIAN_POINT('Origin',(8.65685426040168,49.9261027368905,359.927125644196));
#3002=CARTESIAN_POINT('',(8.89616275468391,46.843344434013,359.205440621039));
#3003=CARTESIAN_POINT('',(10.279828113906,48.0238953874506,359.927125644196));
#3004=CARTESIAN_POINT('Origin',(7.27318890117955,48.7455517834529,359.205440621039));
#3005=CARTESIAN_POINT('Origin',(46.7458202931774,-17.5767886445495,361.948747035739));
#3006=CARTESIAN_POINT('',(44.861376084287,-17.1912703776818,360.833264120657));
#3007=CARTESIAN_POINT('',(45.0258752251551,-18.1669303750007,361.218568257517));
#3008=CARTESIAN_POINT('',(45.2367033808402,-19.4173721507139,361.712388225958));
#3009=CARTESIAN_POINT('',(46.5761665261696,-16.6028972851054,361.56125457398));
#3010=CARTESIAN_POINT('',(46.5761665261696,-16.6028972851054,361.56125457398));
#3011=CARTESIAN_POINT('',(46.7458202931774,-17.5767886445496,361.948747035739));
#3012=CARTESIAN_POINT('',(45.7213840882868,-11.6960493845789,359.608915071209));
#3013=CARTESIAN_POINT('',(46.7458202931774,-17.5767886445496,361.948747035739));
#3014=CARTESIAN_POINT('Origin',(47.7577502190554,-17.7230558039597,359.683349053805));
#3015=CARTESIAN_POINT('',(47.2193888439189,-19.4333560532647,357.075264755407));
#3016=CARTESIAN_POINT('Origin',(46.040382464103,-18.3123132154735,358.954264438032));
#3017=CARTESIAN_POINT('',(48.9393339119412,-18.8432143228135,357.80544353363));
#3018=CARTESIAN_POINT('Origin',(47.7577502190554,-17.7230558039597,359.683349053805));
#3019=CARTESIAN_POINT('',(48.9393339119412,-18.8432143228135,357.80544353363));
#3020=CARTESIAN_POINT('Origin',(48.7696801449335,-17.8693229633701,357.417951071871));
#3021=CARTESIAN_POINT('',(47.0548897030509,-18.4576960559465,356.689960618548));
#3022=CARTESIAN_POINT('',(47.3479699451028,-20.1959827525547,357.376438548454));
#3023=CARTESIAN_POINT('',(48.7696801449335,-17.8693229633701,357.417951071871));
#3024=CARTESIAN_POINT('',(47.8300708235467,-12.4755293831214,355.27186533822));
#3025=CARTESIAN_POINT('',(48.7696801449335,-17.8693229633701,357.417951071871));
#3026=CARTESIAN_POINT('Origin',(47.7577502190554,-17.7230558039597,359.683349053805));
#3027=CARTESIAN_POINT('Origin',(46.040382464103,-18.3123132154735,358.954264438032));
#3028=CARTESIAN_POINT('Origin',(47.7577502190554,-17.7230558039597,359.683349053805));
#3029=CARTESIAN_POINT('Origin',(38.9800302113028,-32.5864037777565,359.579392672264));
#3030=CARTESIAN_POINT('',(36.2734494750808,-31.1975908344583,358.861013761222));
#3031=CARTESIAN_POINT('',(36.5879734992234,-33.0031047045746,359.579392672264));
#3032=CARTESIAN_POINT('Origin',(38.6674725672702,-30.7921778420744,358.865505011154));
#3033=CARTESIAN_POINT('Origin',(0.,0.,384.111));
#3034=CARTESIAN_POINT('',(-62.5,-7.65404249467096E-15,384.111));
#3035=CARTESIAN_POINT('Origin',(0.,0.,384.111));
#3036=CARTESIAN_POINT('Origin',(0.,0.,374.111));
#3037=CARTESIAN_POINT('',(-62.5,-7.65404249467096E-15,374.111));
#3038=CARTESIAN_POINT('Origin',(0.,0.,374.111));
#3039=CARTESIAN_POINT('',(13.0840368297627,-15.817414763123,374.111));
#3040=CARTESIAN_POINT('',(34.3876894093403,3.39222034977587,374.111));
#3041=CARTESIAN_POINT('',(-20.3083228929079,-3.36278427686373,374.111));
#3042=CARTESIAN_POINT('',(-13.769070685481,-31.1963575203886,374.111));
#3043=CARTESIAN_POINT('Origin',(0.,0.,380.));
#3044=CARTESIAN_POINT('',(-62.5,7.65404249467096E-15,380.));
#3045=CARTESIAN_POINT('Origin',(1.09093201139387E-8,36.020341347962,366.076997650273));
#3046=CARTESIAN_POINT('',(-1.79181655805751,24.9418048376349,359.304554788134));
#3047=CARTESIAN_POINT('',(-4.97058358991811,27.8502206801024,361.082504438261));
#3048=CARTESIAN_POINT('',(-4.97058358991811,27.8502206801024,361.082504438261));
#3049=CARTESIAN_POINT('',(-9.5757941688034,31.7794118703339,363.484466358543));
#3050=CARTESIAN_POINT('',(-4.97058358991811,27.8502206801024,361.082504438261));
#3051=CARTESIAN_POINT('',(-12.9846044702284,34.4915535201969,365.14243122968));
#3052=CARTESIAN_POINT('',(-12.9846044702284,34.4915535201969,365.14243122968));
#3053=CARTESIAN_POINT('',(-12.9846044702283,37.5491291757273,367.011564070867));
#3054=CARTESIAN_POINT('Origin',(-11.3137084880751,36.0203413479621,366.076997650273));
#3055=CARTESIAN_POINT('',(-9.57579416880331,40.2612708255903,368.669528942003));
#3056=CARTESIAN_POINT('',(-9.57579416880331,40.2612708255903,368.669528942003));
#3057=CARTESIAN_POINT('',(-4.97058358991791,44.1904620158215,371.071490862285));
#3058=CARTESIAN_POINT('',(-4.97058358991791,44.1904620158215,371.071490862285));
#3059=CARTESIAN_POINT('',(-1.79181655805734,47.0988778582891,372.849440512412));
#3060=CARTESIAN_POINT('',(-1.79181655805734,47.0988778582891,372.849440512412));
#3061=CARTESIAN_POINT('',(1.79181657987646,47.098877858289,372.849440512412));
#3062=CARTESIAN_POINT('Origin',(1.09095717305594E-8,45.6732601453942,371.977943226211));
#3063=CARTESIAN_POINT('',(4.97058361173708,44.1904620158215,371.071490862285));
#3064=CARTESIAN_POINT('',(4.97058361173708,44.1904620158215,371.071490862285));
#3065=CARTESIAN_POINT('',(9.57579419062243,40.2612708255899,368.669528942003));
#3066=CARTESIAN_POINT('',(4.97058361173708,44.1904620158215,371.071490862285));
#3067=CARTESIAN_POINT('',(12.9846044920474,37.5491291757269,367.011564070867));
#3068=CARTESIAN_POINT('',(12.9846044920474,37.5491291757269,367.011564070867));
#3069=CARTESIAN_POINT('',(12.9846044920473,34.4915535201966,365.142431229679));
#3070=CARTESIAN_POINT('Origin',(11.3137085098942,36.0203413479618,366.076997650273));
#3071=CARTESIAN_POINT('',(9.57579419062235,31.7794118703336,363.484466358543));
#3072=CARTESIAN_POINT('',(9.57579419062235,31.7794118703336,363.484466358543));
#3073=CARTESIAN_POINT('',(4.97058361173688,27.8502206801023,361.082504438261));
#3074=CARTESIAN_POINT('',(9.57579419062235,31.7794118703336,363.484466358543));
#3075=CARTESIAN_POINT('',(1.79181657987625,24.9418048376348,359.304554788134));
#3076=CARTESIAN_POINT('',(1.79181657987625,24.9418048376348,359.304554788134));
#3077=CARTESIAN_POINT('Origin',(1.09093753521051E-8,26.3674225505297,360.176052074336));
#3078=CARTESIAN_POINT('Origin',(-4.97058358991811,27.8502206801024,361.082504438261));
#3079=CARTESIAN_POINT('',(-1.79181655805751,24.9418048376349,359.304554788134));
#3080=CARTESIAN_POINT('',(-4.97058358991811,27.8502206801024,361.082504438261));
#3081=CARTESIAN_POINT('Origin',(-9.5757941688034,31.7794118703339,363.484466358543));
#3082=CARTESIAN_POINT('',(-9.5757941688034,31.7794118703339,363.484466358543));
#3083=CARTESIAN_POINT('Origin',(-12.9846044702284,34.4915535201969,365.14243122968));
#3084=CARTESIAN_POINT('',(-12.9846044702284,34.4915535201969,365.14243122968));
#3085=CARTESIAN_POINT('Origin',(-11.3137084880751,36.0203413479621,366.076997650273));
#3086=CARTESIAN_POINT('',(-12.9846044702283,37.5491291757273,367.011564070867));
#3087=CARTESIAN_POINT('Origin',(-9.57579416880331,40.2612708255903,368.669528942003));
#3088=CARTESIAN_POINT('',(-9.57579416880331,40.2612708255903,368.669528942003));
#3089=CARTESIAN_POINT('Origin',(-4.97058358991791,44.1904620158215,371.071490862285));
#3090=CARTESIAN_POINT('',(-4.97058358991791,44.1904620158215,371.071490862285));
#3091=CARTESIAN_POINT('Origin',(-1.79181655805734,47.0988778582891,372.849440512412));
#3092=CARTESIAN_POINT('',(-1.79181655805734,47.0988778582891,372.849440512412));
#3093=CARTESIAN_POINT('Origin',(1.09095717305594E-8,45.6732601453942,371.977943226211));
#3094=CARTESIAN_POINT('',(1.79181657987646,47.098877858289,372.849440512412));
#3095=CARTESIAN_POINT('Origin',(4.97058361173708,44.1904620158215,371.071490862285));
#3096=CARTESIAN_POINT('',(4.97058361173708,44.1904620158215,371.071490862285));
#3097=CARTESIAN_POINT('Origin',(9.57579419062243,40.2612708255899,368.669528942003));
#3098=CARTESIAN_POINT('',(9.57579419062243,40.2612708255899,368.669528942003));
#3099=CARTESIAN_POINT('Origin',(12.9846044920474,37.5491291757269,367.011564070867));
#3100=CARTESIAN_POINT('',(12.9846044920474,37.5491291757269,367.011564070867));
#3101=CARTESIAN_POINT('Origin',(11.3137085098942,36.0203413479618,366.076997650273));
#3102=CARTESIAN_POINT('',(12.9846044920473,34.4915535201966,365.142431229679));
#3103=CARTESIAN_POINT('Origin',(9.57579419062235,31.7794118703336,363.484466358543));
#3104=CARTESIAN_POINT('',(9.57579419062235,31.7794118703336,363.484466358543));
#3105=CARTESIAN_POINT('Origin',(4.97058361173688,27.8502206801023,361.082504438261));
#3106=CARTESIAN_POINT('',(4.97058361173688,27.8502206801023,361.082504438261));
#3107=CARTESIAN_POINT('Origin',(1.79181657987625,24.9418048376348,359.304554788134));
#3108=CARTESIAN_POINT('',(1.79181657987625,24.9418048376348,359.304554788134));
#3109=CARTESIAN_POINT('Origin',(1.09093753521051E-8,26.3674225505297,360.176052074336));
#3110=CARTESIAN_POINT('Origin',(22.4049837859528,-32.9260081871942,365.982823730374));
#3111=CARTESIAN_POINT('Origin',(39.9840775243389,-3.0943331541507,366.171171562675));
#3112=CARTESIAN_POINT('Origin',(31.1945306551458,-18.0101706706725,366.076997646524));
#3113=CARTESIAN_POINT('',(26.7398995447655,-9.52302078729408,361.124515033476));
#3114=CARTESIAN_POINT('',(32.4621154262314,-7.5946466164198,363.564504257789));
#3115=CARTESIAN_POINT('',(26.7398995447655,-9.52302078729408,361.124515033476));
#3116=CARTESIAN_POINT('',(36.5296200164839,-6.06594602890214,365.250632496075));
#3117=CARTESIAN_POINT('',(36.5296200164839,-6.06594602890219,365.250632496075));
#3118=CARTESIAN_POINT('',(39.1486251592449,-7.64406857285463,367.119527294012));
#3119=CARTESIAN_POINT('Origin',(36.9840775243389,-8.29048557685736,366.171171562675));
#3120=CARTESIAN_POINT('',(39.7273591116364,-11.9724329216269,368.748906498056));
#3121=CARTESIAN_POINT('',(39.7273591116364,-11.9724329216269,368.748906498056));
#3122=CARTESIAN_POINT('',(40.7363401609772,-17.9567951663125,371.112229311006));
#3123=CARTESIAN_POINT('',(40.7363401609772,-17.9567951663125,371.112229311006));
#3124=CARTESIAN_POINT('',(41.6009149512581,-22.1888317811814,372.863492865233));
#3125=CARTESIAN_POINT('',(41.600914951258,-22.1888317811814,372.863492865233));
#3126=CARTESIAN_POINT('',(39.7670678076868,-25.267555755341,372.833663144353));
#3127=CARTESIAN_POINT('Origin',(39.4628604763239,-22.9923822282563,371.977191708053));
#3128=CARTESIAN_POINT('',(35.6491617655261,-26.4973205540508,371.029480259572));
#3129=CARTESIAN_POINT('',(35.6491617655261,-26.4973205540508,371.029480259572));
#3130=CARTESIAN_POINT('',(29.9269458840602,-28.425694724925,368.589491035259));
#3131=CARTESIAN_POINT('',(29.9269458840602,-28.425694724925,368.589491035259));
#3132=CARTESIAN_POINT('',(25.8594412938077,-29.9543953124428,366.903362796974));
#3133=CARTESIAN_POINT('',(25.8594412938078,-29.9543953124427,366.903362796974));
#3134=CARTESIAN_POINT('',(23.2404361510467,-28.3762727684902,365.034467999037));
#3135=CARTESIAN_POINT('Origin',(25.4049837859527,-27.7298557644876,365.982823730374));
#3136=CARTESIAN_POINT('',(22.6617021986553,-24.047908419718,363.405088794992));
#3137=CARTESIAN_POINT('',(22.6617021986553,-24.047908419718,363.405088794992));
#3138=CARTESIAN_POINT('',(21.6527211493144,-18.0635461750323,361.041765982043));
#3139=CARTESIAN_POINT('',(21.6527211493144,-18.0635461750323,361.041765982043));
#3140=CARTESIAN_POINT('',(20.7881463590335,-13.8315095601634,359.290502427815));
#3141=CARTESIAN_POINT('',(20.7881463590336,-13.8315095601634,359.290502427815));
#3142=CARTESIAN_POINT('',(22.6219935026047,-10.7527855860039,359.320332148696));
#3143=CARTESIAN_POINT('Origin',(22.9262008339678,-13.0279591130886,360.176803584996));
#3144=CARTESIAN_POINT('',(26.7398995447655,-9.52302078729408,361.124515033476));
#3145=CARTESIAN_POINT('Origin',(32.4621154262314,-7.59464661641979,363.564504257789));
#3146=CARTESIAN_POINT('',(26.7398995447655,-9.52302078729408,361.124515033476));
#3147=CARTESIAN_POINT('',(32.4621154262314,-7.5946466164198,363.564504257789));
#3148=CARTESIAN_POINT('Origin',(36.5296200164839,-6.06594602890219,365.250632496075));
#3149=CARTESIAN_POINT('',(36.5296200164839,-6.06594602890214,365.250632496075));
#3150=CARTESIAN_POINT('Origin',(36.9840775243389,-8.29048557685736,366.171171562675));
#3151=CARTESIAN_POINT('',(39.1486251592449,-7.64406857285463,367.119527294012));
#3152=CARTESIAN_POINT('Origin',(39.7273591116364,-11.9724329216269,368.748906498056));
#3153=CARTESIAN_POINT('',(39.7273591116364,-11.9724329216269,368.748906498056));
#3154=CARTESIAN_POINT('Origin',(40.7363401609772,-17.9567951663125,371.112229311006));
#3155=CARTESIAN_POINT('',(40.7363401609772,-17.9567951663125,371.112229311006));
#3156=CARTESIAN_POINT('Origin',(41.600914951258,-22.1888317811814,372.863492865233));
#3157=CARTESIAN_POINT('',(41.6009149512581,-22.1888317811814,372.863492865233));
#3158=CARTESIAN_POINT('Origin',(39.4628604763239,-22.9923822282563,371.977191708053));
#3159=CARTESIAN_POINT('',(39.7670678076868,-25.267555755341,372.833663144353));
#3160=CARTESIAN_POINT('Origin',(35.6491617655261,-26.4973205540508,371.029480259572));
#3161=CARTESIAN_POINT('',(35.6491617655261,-26.4973205540508,371.029480259572));
#3162=CARTESIAN_POINT('Origin',(29.9269458840602,-28.425694724925,368.589491035259));
#3163=CARTESIAN_POINT('',(29.9269458840602,-28.425694724925,368.589491035259));
#3164=CARTESIAN_POINT('Origin',(25.8594412938078,-29.9543953124427,366.903362796974));
#3165=CARTESIAN_POINT('',(25.8594412938077,-29.9543953124428,366.903362796974));
#3166=CARTESIAN_POINT('Origin',(25.4049837859527,-27.7298557644876,365.982823730374));
#3167=CARTESIAN_POINT('',(23.2404361510467,-28.3762727684902,365.034467999037));
#3168=CARTESIAN_POINT('Origin',(22.6617021986553,-24.047908419718,363.405088794992));
#3169=CARTESIAN_POINT('',(22.6617021986553,-24.047908419718,363.405088794992));
#3170=CARTESIAN_POINT('Origin',(21.6527211493144,-18.0635461750323,361.041765982043));
#3171=CARTESIAN_POINT('',(21.6527211493144,-18.0635461750323,361.041765982043));
#3172=CARTESIAN_POINT('Origin',(20.7881463590336,-13.8315095601634,359.290502427815));
#3173=CARTESIAN_POINT('',(20.7881463590335,-13.8315095601634,359.290502427815));
#3174=CARTESIAN_POINT('Origin',(22.9262008339678,-13.0279591130886,360.176803584996));
#3175=CARTESIAN_POINT('',(22.6219935026047,-10.7527855860039,359.320332148696));
#3176=CARTESIAN_POINT('Origin',(26.7398995447655,-9.52302078729408,361.124515033476));
#3177=CARTESIAN_POINT('Origin',(-39.9840775246345,-3.09433315773021,366.171171563926));
#3178=CARTESIAN_POINT('Origin',(-22.4049837862484,-32.9260081907737,365.982823731624));
#3179=CARTESIAN_POINT('Origin',(-31.1945306554414,-18.010170674252,366.076997647775));
#3180=CARTESIAN_POINT('',(-21.6527211496102,-18.0635461786119,361.041765983293));
#3181=CARTESIAN_POINT('',(-22.661702198951,-24.0479084232975,363.405088796243));
#3182=CARTESIAN_POINT('',(-21.6527211496102,-18.0635461786119,361.041765983293));
#3183=CARTESIAN_POINT('',(-23.2404361513425,-28.3762727720697,365.034468000287));
#3184=CARTESIAN_POINT('',(-23.2404361513425,-28.3762727720697,365.034468000287));
#3185=CARTESIAN_POINT('',(-25.8594412941035,-29.9543953160222,366.903362798225));
#3186=CARTESIAN_POINT('Origin',(-25.4049837862484,-27.7298557680671,365.982823731624));
#3187=CARTESIAN_POINT('',(-29.926945884356,-28.4256947285046,368.58949103651));
#3188=CARTESIAN_POINT('',(-29.926945884356,-28.4256947285046,368.58949103651));
#3189=CARTESIAN_POINT('',(-35.6491617658218,-26.4973205576303,371.029480260823));
#3190=CARTESIAN_POINT('',(-35.6491617658218,-26.4973205576303,371.029480260823));
#3191=CARTESIAN_POINT('',(-39.7670678079826,-25.2675557589205,372.833663145604));
#3192=CARTESIAN_POINT('',(-39.7670678079825,-25.2675557589205,372.833663145604));
#3193=CARTESIAN_POINT('',(-41.6009149515538,-22.188831784761,372.863492866484));
#3194=CARTESIAN_POINT('Origin',(-39.4628604766195,-22.9923822318358,371.977191709303));
#3195=CARTESIAN_POINT('',(-40.7363401612729,-17.956795169892,371.112229312257));
#3196=CARTESIAN_POINT('',(-40.7363401612729,-17.956795169892,371.112229312257));
#3197=CARTESIAN_POINT('',(-39.727359111932,-11.9724329252064,368.748906499307));
#3198=CARTESIAN_POINT('',(-39.727359111932,-11.9724329252064,368.748906499307));
#3199=CARTESIAN_POINT('',(-39.1486251595407,-7.64406857643412,367.119527295263));
#3200=CARTESIAN_POINT('',(-39.1486251595406,-7.64406857643412,367.119527295263));
#3201=CARTESIAN_POINT('',(-36.5296200167796,-6.06594603248169,365.250632497325));
#3202=CARTESIAN_POINT('Origin',(-36.9840775246347,-8.29048558043684,366.171171563926));
#3203=CARTESIAN_POINT('',(-32.4621154265271,-7.59464661999937,363.56450425904));
#3204=CARTESIAN_POINT('',(-32.4621154265271,-7.59464661999937,363.56450425904));
#3205=CARTESIAN_POINT('',(-26.7398995450612,-9.52302079087357,361.124515034727));
#3206=CARTESIAN_POINT('',(-26.7398995450612,-9.52302079087357,361.124515034727));
#3207=CARTESIAN_POINT('',(-22.6219935029004,-10.7527855895834,359.320332149947));
#3208=CARTESIAN_POINT('',(-22.6219935029004,-10.7527855895834,359.320332149947));
#3209=CARTESIAN_POINT('',(-20.7881463593293,-13.831509563743,359.290502429066));
#3210=CARTESIAN_POINT('Origin',(-22.9262008342634,-13.0279591166681,360.176803586247));
#3211=CARTESIAN_POINT('',(-21.6527211496102,-18.0635461786119,361.041765983293));
#3212=CARTESIAN_POINT('Origin',(-22.661702198951,-24.0479084232975,363.405088796243));
#3213=CARTESIAN_POINT('',(-21.6527211496102,-18.0635461786119,361.041765983293));
#3214=CARTESIAN_POINT('',(-22.661702198951,-24.0479084232975,363.405088796243));
#3215=CARTESIAN_POINT('Origin',(-23.2404361513425,-28.3762727720697,365.034468000287));
#3216=CARTESIAN_POINT('',(-23.2404361513425,-28.3762727720697,365.034468000287));
#3217=CARTESIAN_POINT('Origin',(-25.4049837862484,-27.7298557680671,365.982823731624));
#3218=CARTESIAN_POINT('',(-25.8594412941035,-29.9543953160222,366.903362798225));
#3219=CARTESIAN_POINT('Origin',(-29.926945884356,-28.4256947285046,368.58949103651));
#3220=CARTESIAN_POINT('',(-29.926945884356,-28.4256947285046,368.58949103651));
#3221=CARTESIAN_POINT('Origin',(-35.6491617658218,-26.4973205576303,371.029480260823));
#3222=CARTESIAN_POINT('',(-35.6491617658218,-26.4973205576303,371.029480260823));
#3223=CARTESIAN_POINT('Origin',(-39.7670678079825,-25.2675557589205,372.833663145604));
#3224=CARTESIAN_POINT('',(-39.7670678079826,-25.2675557589205,372.833663145604));
#3225=CARTESIAN_POINT('Origin',(-39.4628604766195,-22.9923822318358,371.977191709303));
#3226=CARTESIAN_POINT('',(-41.6009149515538,-22.188831784761,372.863492866484));
#3227=CARTESIAN_POINT('Origin',(-40.7363401612729,-17.956795169892,371.112229312257));
#3228=CARTESIAN_POINT('',(-40.7363401612729,-17.956795169892,371.112229312257));
#3229=CARTESIAN_POINT('Origin',(-39.727359111932,-11.9724329252064,368.748906499307));
#3230=CARTESIAN_POINT('',(-39.727359111932,-11.9724329252064,368.748906499307));
#3231=CARTESIAN_POINT('Origin',(-39.1486251595406,-7.64406857643413,367.119527295263));
#3232=CARTESIAN_POINT('',(-39.1486251595407,-7.64406857643412,367.119527295263));
#3233=CARTESIAN_POINT('Origin',(-36.9840775246347,-8.29048558043684,366.171171563926));
#3234=CARTESIAN_POINT('',(-36.5296200167796,-6.06594603248169,365.250632497325));
#3235=CARTESIAN_POINT('Origin',(-32.4621154265271,-7.59464661999937,363.56450425904));
#3236=CARTESIAN_POINT('',(-32.4621154265271,-7.59464661999937,363.56450425904));
#3237=CARTESIAN_POINT('Origin',(-26.7398995450612,-9.52302079087357,361.124515034727));
#3238=CARTESIAN_POINT('',(-26.7398995450612,-9.52302079087357,361.124515034727));
#3239=CARTESIAN_POINT('Origin',(-22.6219935029004,-10.7527855895834,359.320332149947));
#3240=CARTESIAN_POINT('',(-22.6219935029004,-10.7527855895834,359.320332149947));
#3241=CARTESIAN_POINT('Origin',(-22.9262008342634,-13.0279591166681,360.176803586247));
#3242=CARTESIAN_POINT('',(-20.7881463593293,-13.831509563743,359.290502429066));
#3243=CARTESIAN_POINT('Origin',(-21.6527211496102,-18.0635461786119,361.041765983293));
#3244=UNCERTAINTY_MEASURE_WITH_UNIT(LENGTH_MEASURE(0.01),#3248,
'DISTANCE_ACCURACY_VALUE',
'Maximum model space distance between geometric entities at asserted c
onnectivities');
#3245=UNCERTAINTY_MEASURE_WITH_UNIT(LENGTH_MEASURE(0.01),#3248,
'DISTANCE_ACCURACY_VALUE',
'Maximum model space distance between geometric entities at asserted c
onnectivities');
#3246=(
GEOMETRIC_REPRESENTATION_CONTEXT(3)
GLOBAL_UNCERTAINTY_ASSIGNED_CONTEXT((#3244))
GLOBAL_UNIT_ASSIGNED_CONTEXT((#3248,#3250,#3251))
REPRESENTATION_CONTEXT('','3D')
);
#3247=(
GEOMETRIC_REPRESENTATION_CONTEXT(3)
GLOBAL_UNCERTAINTY_ASSIGNED_CONTEXT((#3245))
GLOBAL_UNIT_ASSIGNED_CONTEXT((#3248,#3250,#3251))
REPRESENTATION_CONTEXT('','3D')
);
#3248=(
LENGTH_UNIT()
NAMED_UNIT(*)
SI_UNIT(.MILLI.,.METRE.)
);
#3249=(
LENGTH_UNIT()
NAMED_UNIT(*)
SI_UNIT($,.METRE.)
);
#3250=(
NAMED_UNIT(*)
PLANE_ANGLE_UNIT()
SI_UNIT($,.RADIAN.)
);
#3251=(
NAMED_UNIT(*)
SI_UNIT($,.STERADIAN.)
SOLID_ANGLE_UNIT()
);
#3252=SHAPE_DEFINITION_REPRESENTATION(#3253,#3254);
#3253=PRODUCT_DEFINITION_SHAPE('',$,#3256);
#3254=SHAPE_REPRESENTATION('',(#1948),#3246);
#3255=PRODUCT_DEFINITION_CONTEXT('part definition',#3260,'design');
#3256=PRODUCT_DEFINITION('2026-08-29-22-40-58-426','Top_Plate',#3257,#3255);
#3257=PRODUCT_DEFINITION_FORMATION('',$,#3262);
#3258=PRODUCT_RELATED_PRODUCT_CATEGORY('Top_Plate','Top_Plate',(#3262));
#3259=APPLICATION_PROTOCOL_DEFINITION('international standard',
'automotive_design',2009,#3260);
#3260=APPLICATION_CONTEXT(
'Core Data for Automotive Mechanical Design Process');
#3261=PRODUCT_CONTEXT('part definition',#3260,'mechanical');
#3262=PRODUCT('2026-08-29-22-40-58-426','Top_Plate',$,(#3261));
#3263=PRESENTATION_STYLE_ASSIGNMENT((#3265));
#3264=PRESENTATION_STYLE_ASSIGNMENT((#3266));
#3265=SURFACE_STYLE_USAGE(.BOTH.,#3267);
#3266=SURFACE_STYLE_USAGE(.BOTH.,#3268);
#3267=SURFACE_SIDE_STYLE('',(#3269));
#3268=SURFACE_SIDE_STYLE('',(#3270));
#3269=SURFACE_STYLE_FILL_AREA(#3271);
#3270=SURFACE_STYLE_FILL_AREA(#3272);
#3271=FILL_AREA_STYLE('Steel - Satin',(#3273));
#3272=FILL_AREA_STYLE('ABS (White) (1)',(#3274));
#3273=FILL_AREA_STYLE_COLOUR('Steel - Satin',#3275);
#3274=FILL_AREA_STYLE_COLOUR('ABS (White) (1)',#3276);
#3275=COLOUR_RGB('Steel - Satin',0.627450980392157,0.627450980392157,0.627450980392157);
#3276=COLOUR_RGB('ABS (White) (1)',0.0745098039215686,0.129411764705882,
0.501960784313725);
ENDSEC;
END-ISO-10303-21;
